{"type":"FeatureCollection","features":[{"type":"Feature","id":116,"geometry":{"type":"Polygon","coordinates":[[[-80.490028260168259,37.939298984376848],[-80.49007430065069,37.93928251273919],[-80.490192245929222,37.93925678995241],[-80.490435827270133,37.939305038433645],[-80.490638635984382,37.939368517480304],[-80.490875136200827,37.939458963466613],[-80.491224543323298,37.939549901737351],[-80.491495226927583,37.939595780354146],[-80.491799900021178,37.939623926254484],[-80.491980748270379,37.939597877585378],[-80.492184173320467,37.939571930582296],[-80.492353909948136,37.939519009172848],[-80.49247909832502,37.939376470226286],[-80.492649508259248,37.939225179023794],[-80.49277500627629,37.939037927156107],[-80.492844225096334,37.938823605672681],[-80.492936214734229,37.938582553547114],[-80.493005065202553,37.938421886906482],[-80.493120493534164,37.938055741804426],[-80.493223712079612,37.937823680396129],[-80.493304094399946,37.937627290084357],[-80.493373684294582,37.937359315077082],[-80.493375196477558,37.937312927636235],[-80.493387980611985,37.9369211914874],[-80.49342301606579,37.936751435446403],[-80.49345848890438,37.936519083903647],[-80.493529605946577,37.936428657954878],[-80.493549611169229,37.936403221298349],[-80.49365214663743,37.936269526116924],[-80.493958467921018,37.936056223910391],[-80.494151940025333,37.935833492309193],[-80.494187040161933,37.935654791866966],[-80.494183960622522,37.935637046625516],[-80.494165315491372,37.935529506422128],[-80.494042223322637,37.935368010199639],[-80.494024278672683,37.935342094821571],[-80.493874519743272,37.935125842065204],[-80.493740137112113,37.934964297857405],[-80.493639812013967,37.934776074019069],[-80.493607168335942,37.934597081284373],[-80.493620298111367,37.934328863896653],[-80.493712706501682,37.934025216265411],[-80.493930104699331,37.933605853966696],[-80.494089884252404,37.933356147803948],[-80.494317038313596,37.933160389360843],[-80.494577694759641,37.933018430066994],[-80.494838285610356,37.932885410721369],[-80.495076050292155,37.932788063315137],[-80.495302405218098,37.932708550820891],[-80.495551400158504,37.932620193230505],[-80.495777386445809,37.932594333938127],[-80.496161436191599,37.932569152898346],[-80.496376372471516,37.932507476475266],[-80.496512647226325,37.9323918047075],[-80.496649591111861,37.932177769550464],[-80.49675290866459,37.931927821751302],[-80.496833342808841,37.931722485490312],[-80.496947399602291,37.931553068789505],[-80.497117783327994,37.931401773431062],[-80.497559858131154,37.931144325852699],[-80.497922658778393,37.930922316976549],[-80.498172495611556,37.930708759793049],[-80.498275318611775,37.930530345827265],[-80.498275985966984,37.930431981646038],[-80.49822032641201,37.930315492050504],[-80.498120057979165,37.930118326786427],[-80.498008012633903,37.929992653968185],[-80.497986343847614,37.929858424909561],[-80.498156722648631,37.929707127965479],[-80.498452076026737,37.929440112103613],[-80.498668525054043,37.929154874110154],[-80.498851221317793,37.928851603110196],[-80.498942870600033,37.92865525836369],[-80.499001204576018,37.928378288088155],[-80.498991932894654,37.92812597232998],[-80.498991671260313,37.928118918601911],[-80.498869430377724,37.927832235909662],[-80.498747006034677,37.92757237927264],[-80.498735356598431,37.927487078183873],[-80.498693228880185,37.9271786782706],[-80.498695052594215,37.926910409057008],[-80.498741487305921,37.926722818009161],[-80.498889154919993,37.926589307511087],[-80.499160826070195,37.926483151624424],[-80.499601586961475,37.926413486547759],[-80.499940808316907,37.926334447559796],[-80.500144864606753,37.926210117697664],[-80.500281482601935,37.926040789785866],[-80.500418284892248,37.925844634605539],[-80.50064660620825,37.925470015957224],[-80.500805802245608,37.925300785014372],[-80.501032006079171,37.925239146836198],[-80.501348098788341,37.925240485751615],[-80.501619096402493,37.92523269292122],[-80.501855803123888,37.925287348220458],[-80.502070113899151,37.925315083098418],[-80.502296198474085,37.925271327242946],[-80.50246613491872,37.925182618626529],[-80.502602202419126,37.925093769317932],[-80.502705370385755,37.924861700538834],[-80.502751672041569,37.924691987103898],[-80.502843547652219,37.924459871371219],[-80.503037627752505,37.924138759082282],[-80.503118215100159,37.923906593636382],[-80.50315286410158,37.923790489310626],[-80.503131849541973,37.923557891233344],[-80.503076428072916,37.923405633364005],[-80.502971412681163,37.923313906884502],[-80.502952976184545,37.923297804921404],[-80.502750799357869,37.923144926061234],[-80.502672383206757,37.923055169266568],[-80.502678669750125,37.922994647840831],[-80.502684453771963,37.92293896784161],[-80.50278695610902,37.922805261453618],[-80.502934372334437,37.922707515223365],[-80.503104241880436,37.922627753388113],[-80.503296630703431,37.92255702358117],[-80.503602201308865,37.922442060452582],[-80.503907775520659,37.92232709654089],[-80.50413414783786,37.922238624239341],[-80.504417260792252,37.922105678179925],[-80.504847665997772,37.921892867531405],[-80.505142244731928,37.92173314184776],[-80.505425836449177,37.921528656963474],[-80.505618700267789,37.921386384233251],[-80.505868243105681,37.921208581332337],[-80.50612889158063,37.921057651511468],[-80.506502422767852,37.920907198125988],[-80.506751604662639,37.920783045841219],[-80.506955630752884,37.920658704752761],[-80.507103333321609,37.920516243946842],[-80.507206004424418,37.920355708215666],[-80.507286455125723,37.920141423524832],[-80.507333038048259,37.919926996093288],[-80.507458699652531,37.919703957883371],[-80.507572536727594,37.919561355620054],[-80.507912669307416,37.919339212305722],[-80.508150731672316,37.91918818528972],[-80.508433649474227,37.919082055654535],[-80.508592041513523,37.919029063089361],[-80.508784236189726,37.918985153144703],[-80.508841270759831,37.918895964770492],[-80.508877037022245,37.91860995309078],[-80.508935201971113,37.918350862777075],[-80.509049866300714,37.918083062783239],[-80.509142246306737,37.917770461009354],[-80.509154250872285,37.917663200253827],[-80.509155142267559,37.917529067917513],[-80.509143587260724,37.917472305767504],[-80.509133279461608,37.917421665903689],[-80.509010417355142,37.917224415219302],[-80.508910137386579,37.917027260436903],[-80.508866292771017,37.916830341090346],[-80.508839210735843,37.916461703117918],[-80.508824892136644,37.916266787058092],[-80.508825784091286,37.916132653795216],[-80.508872181513212,37.915945053656131],[-80.508998423709315,37.915632593180653],[-80.509272118264477,37.91521343299214],[-80.509522284535834,37.914937254645871],[-80.509783319882871,37.914723724970592],[-80.509919305643251,37.91464380657149],[-80.510088793294344,37.914617684269786],[-80.510506428829601,37.914619422010496],[-80.510766036565741,37.914620500564681],[-80.511048223936001,37.914621674158596],[-80.511330055247157,37.914676499689655],[-80.511544102500039,37.914739985889824],[-80.511724168043614,37.914821217823629],[-80.511927045519883,37.914866770786915],[-80.512254148026059,37.914903896542945],[-80.5127279850159,37.914941629902472],[-80.513145623684665,37.914943358295211],[-80.513416519111942,37.914944478600312],[-80.513574842138297,37.914900420720507],[-80.513699712061822,37.914793625855808],[-80.513779780010665,37.91463299167625],[-80.513780781799724,37.914480969862446],[-80.513787618017403,37.914378470376086],[-80.513790297695465,37.914338295400043],[-80.513793306484089,37.914293230454525],[-80.513896595928699,37.914034322950698],[-80.513999360845801,37.913855894334418],[-80.514170022674406,37.913650921567815],[-80.5142612027214,37.913517160848734],[-80.51431887428879,37.913329602263254],[-80.514331690194226,37.913097151598173],[-80.514332010976304,37.913048532544046],[-80.514333104599459,37.912882533771871],[-80.514278897922651,37.912542492863096],[-80.514257326473867,37.912390377826902],[-80.514257915584082,37.912300956426442],[-80.514263626061989,37.912295133290698],[-80.514371549421185,37.912185172661133],[-80.514620624233004,37.912069947429885],[-80.5149146187876,37.911990676531872],[-80.515050359183064,37.911946522646033],[-80.515175100020699,37.911857611821929],[-80.515266919168624,37.911625482799465],[-80.515381961644323,37.911295082814902],[-80.515473662127349,37.911080838428589],[-80.515587586499166,37.910920339567866],[-80.515746308766467,37.910813684462759],[-80.516006664923367,37.910698499965299],[-80.516312055430802,37.910601389791829],[-80.516515804355251,37.910512800382634],[-80.516663469271236,37.910370324369609],[-80.516766217770794,37.910191895831417],[-80.516858737225022,37.909852459164419],[-80.516883296764163,37.909548510492932],[-80.516885459154906,37.909217647298412],[-80.516921309556039,37.908913747634692],[-80.517013120622423,37.908681615273871],[-80.51716084044736,37.908530198849185],[-80.517307912490082,37.90847714703974],[-80.517454638456059,37.908477748688384],[-80.517725456539537,37.908487799553306],[-80.518018730104785,37.908515830680635],[-80.518165450481149,37.908516430519121],[-80.518301299177281,37.908454387055833],[-80.518607783297483,37.908187365670514],[-80.518937419361862,37.90783101057918],[-80.519085712190972,37.907590166519533],[-80.51916594074001,37.907402704700729],[-80.519166873004806,37.907259623201291],[-80.519145174215708,37.907125397313237],[-80.51913186935181,37.907077877982594],[-80.519090022631232,37.906928434292013],[-80.519045747966743,37.906794112528303],[-80.519046736311793,37.906642098495396],[-80.519086300717646,37.906528008210451],[-80.519127254931277,37.906409918226103],[-80.519320631116415,37.906178201551882],[-80.519536930835741,37.905892922135592],[-80.519662240738143,37.905714583895083],[-80.519731121481954,37.905536013470318],[-80.519754621456826,37.905393025804152],[-80.519744032743517,37.905285672410564],[-80.519722507830878,37.905124616589696],[-80.519712210935623,37.904972553750873],[-80.519712680718442,37.904900101321779],[-80.519713314137547,37.904802647586585],[-80.519726065376133,37.904766979423385],[-80.519770789350204,37.904641915901259],[-80.519873754665184,37.904427715552124],[-80.519998891547445,37.904276200592179],[-80.520169106804346,37.9041338164457],[-80.520361836393974,37.9040004619578],[-80.520498018518751,37.90388476393678],[-80.520645895588899,37.903706513802014],[-80.52081715659989,37.90340316401138],[-80.520897369313275,37.903215696284654],[-80.521034015103268,37.903028457249491],[-80.521193174911588,37.902850252305051],[-80.521318183700927,37.90271662431261],[-80.521397703971886,37.902636463647035],[-80.521466226730027,37.902511547565624],[-80.521524165167918,37.902279277263808],[-80.52157081307594,37.90204695652519],[-80.521684996089135,37.901841741840059],[-80.521866602630709,37.901681515200714],[-80.522093413011774,37.901512526444009],[-80.522433075402148,37.90134399427167],[-80.52263690694538,37.901237514435749],[-80.522841487359656,37.901014779820883],[-80.52292175571452,37.900818367268606],[-80.522962593943646,37.899736478164748],[-80.523013101160132,37.898905022981666],[-80.523048283877031,37.898699487583606],[-80.523140294625549,37.898431580957066],[-80.523449776357509,37.897690600148152],[-80.523690673706824,37.897083481108375],[-80.523816536848429,37.896815712648902],[-80.524112587717553,37.896405550220315],[-80.52427230008783,37.896137919881163],[-80.524341733724143,37.895869920931595],[-80.524383601080132,37.895554103925186],[-80.524457858736866,37.895360664450401],[-80.524571507898614,37.895235925067873],[-80.524752692807681,37.895138290814977],[-80.524945042353508,37.895058582198395],[-80.525182537693837,37.894979057182617],[-80.525499131245184,37.894881964291265],[-80.525815727372958,37.894784872357533],[-80.526121266306916,37.894651967022789],[-80.526245911797901,37.894571982786701],[-80.526404577810396,37.894465309046609],[-80.526687604987913,37.894323366265219],[-80.526936432109991,37.894234941469307],[-80.527252791455965,37.89417361363428],[-80.527648144743821,37.894112602858044],[-80.527964619474119,37.894033388197194],[-80.52820227612149,37.893927031449032],[-80.528417648560705,37.893775867908047],[-80.528611017047197,37.8935351934933],[-80.528645785790346,37.893392252436861],[-80.528704601870274,37.893016899581113],[-80.528705800225652,37.892829107939008],[-80.528684710644001,37.892596515416685],[-80.528652058738871,37.892408593632133],[-80.528596773736936,37.892229520281454],[-80.52849619050987,37.892077092633038],[-80.528436751582703,37.891997680825604],[-80.528395486762633,37.891942552494911],[-80.528271993837123,37.891843684492173],[-80.528148494377973,37.891744822641982],[-80.528013660938399,37.8916548552031],[-80.527766155281313,37.891537611197265],[-80.527496026369704,37.891429214948559],[-80.527180766778812,37.891320635012931],[-80.526933319658411,37.891194446801187],[-80.526674764578644,37.891041386236985],[-80.526588075164213,37.890959351092519],[-80.526551384301825,37.890924633299726],[-80.526540733714199,37.890826220872739],[-80.526586556586679,37.890719093784519],[-80.526688735866941,37.890621139582194],[-80.526937896098261,37.890479055383494],[-80.527141863852762,37.890345736322885],[-80.527334544763804,37.890212370683265],[-80.527561075286769,37.890079143282627],[-80.527798322233309,37.890035380839656],[-80.528023993958556,37.890036287671009],[-80.528429807490369,37.890100511989495],[-80.528734296359602,37.890128559445643],[-80.528880983880072,37.890129145699987],[-80.529095431333829,37.890121061963029],[-80.529445568118859,37.890068807751085],[-80.529649076279426,37.890007023122429],[-80.529999438409035,37.889918996488397],[-80.530248019517003,37.889866330760185],[-80.530497282830865,37.889706359417374],[-80.53060002558118,37.889518975297356],[-80.530624069105627,37.889286562037746],[-80.530591524924105,37.889080753915742],[-80.530525469559336,37.888821154167204],[-80.530526548386575,37.88865125087878],[-80.5305952708174,37.888490554622287],[-80.530742864318,37.888348062644567],[-80.530946590156802,37.888250508529524],[-80.531172655738814,37.888188810208504],[-80.531466649934814,37.888091609248619],[-80.531727470144958,37.887886968647635],[-80.531966229154776,37.887601756379468],[-80.532319184700867,37.88710236990616],[-80.532547108941998,37.886745572680525],[-80.532627561755689,37.886513386469922],[-80.532632958483248,37.886463095527205],[-80.532634494443755,37.886448770053796],[-80.532651540195062,37.886289912395355],[-80.532654082377817,37.88588750643099],[-80.532656230031151,37.885547696872138],[-80.532680831934144,37.885225860931989],[-80.532749999595453,37.884993626168367],[-80.532955749072642,37.884574140174067],[-80.533262587575322,37.884226597135978],[-80.533466577417443,37.884084322482337],[-80.533715307878865,37.884004826312577],[-80.533952697440924,37.8839342247175],[-80.53420164993517,37.883818954878073],[-80.534439994351075,37.883596333720284],[-80.534576849465608,37.883364369068907],[-80.53464617592897,37.883105304711478],[-80.53467015158536,37.882881833672251],[-80.534806948389246,37.882658810293321],[-80.535033724578312,37.882480854788383],[-80.535271898128528,37.882285057518054],[-80.535431254953082,37.882062121537331],[-80.535522635693951,37.881883627983179],[-80.535591512702268,37.881696105577184],[-80.535672288335007,37.881410260275715],[-80.535752886942049,37.881151246834833],[-80.535879015525339,37.88082980846611],[-80.536050831186913,37.880419122911057],[-80.536132499824632,37.879990200096167],[-80.536133734816602,37.879793469855706],[-80.536111897178117,37.879677124975537],[-80.536022819514884,37.879488981538536],[-80.535855123701509,37.879228279797317],[-80.535844044842761,37.879211057317107],[-80.535754684386561,37.879067620697079],[-80.535653652557343,37.878986737850688],[-80.535518884582757,37.878887840003735],[-80.535395289030788,37.878806867910285],[-80.535369263337344,37.878776204777523],[-80.535204897993239,37.878582549516487],[-80.535126430399714,37.878501758901294],[-80.535070870058874,37.878367398824672],[-80.535094667307973,37.878170754042607],[-80.535175213790197,37.877920680653986],[-80.535278100014708,37.877706463530593],[-80.535347307284653,37.877465286151711],[-80.535439468701838,37.877161602107677],[-80.53553157435185,37.876866857764092],[-80.535748960774839,37.876384814017683],[-80.535884789410318,37.87631381234214],[-80.536042844742155,37.876296547182307],[-80.536370120236143,37.876279951031613],[-80.536618316005871,37.876280929076664],[-80.536877570718559,37.876317718259408],[-80.537046402714012,37.876380980384319],[-80.537339055786489,37.876489442502695],[-80.53760925455353,37.876579930275767],[-80.537778313570811,37.876607422283769],[-80.537981550944394,37.876581390088539],[-80.538151223128111,37.876510518605208],[-80.538242087911541,37.8764125060559],[-80.538287883606401,37.876305372174613],[-80.53831145173622,37.876144497516798],[-80.538357585402835,37.875983712235879],[-80.538541099138357,37.875501531284151],[-80.538587230776713,37.875340742280301],[-80.53859951521936,37.875179824214101],[-80.538600574978972,37.875009919434689],[-80.538669549175339,37.874804507213476],[-80.538783866217258,37.874563502609369],[-80.5390675734306,37.874296338427982],[-80.539316594586552,37.874163170506357],[-80.539847379414454,37.873977665439469],[-80.539847983351251,37.873977455092628],[-80.540040042603948,37.873933492886295],[-80.540153299941196,37.873862393544158],[-80.540199093527292,37.873755259755029],[-80.540245772736014,37.87350505308617],[-80.540303291804946,37.873326423269873],[-80.540394488826536,37.873174753959375],[-80.540598600963477,37.873005640682109],[-80.541065471394177,37.872565957630123],[-80.54110924742551,37.872524731443377],[-80.541528918105769,37.872159716596464],[-80.541733194434485,37.871963773778305],[-80.541971643867825,37.871714308103471],[-80.542142350316567,37.871473522134082],[-80.542268324743418,37.871169962931958],[-80.542360450854233,37.870866269310206],[-80.542497370136601,37.87061640872308],[-80.542668184007795,37.870357735999427],[-80.542736861560613,37.870197036377228],[-80.54282876232098,37.86992911506718],[-80.542852816819703,37.869687757541371],[-80.542810240265084,37.869276230358835],[-80.542755495920844,37.869007741335693],[-80.542711531757703,37.868819774196211],[-80.542633229740588,37.868712157308636],[-80.542498750828713,37.868568551178107],[-80.542341654889839,37.868433802413293],[-80.542117429788973,37.868209364201491],[-80.541974050297483,37.86768118907856],[-80.541943362136777,37.867171340371677],[-80.541956195844364,37.866920997438022],[-80.542001978999863,37.866813865467314],[-80.54220651807195,37.866573209874353],[-80.542716833047976,37.866137000866004],[-80.543238030040655,37.865763433650841],[-80.543588815112699,37.865585942879996],[-80.543972996772268,37.865480118673837],[-80.544130861855606,37.865489675432293],[-80.544412915938679,37.865481820799225],[-80.54454877242614,37.865401864494643],[-80.544742399824472,37.865098563055511],[-80.545061373387284,37.864590064547912],[-80.545152929945885,37.864375793512366],[-80.545154029200759,37.864196947543228],[-80.545041892184273,37.864089203269444],[-80.544771892375024,37.863971903214818],[-80.544592132202695,37.863854952503921],[-80.544508721071097,37.863675877873128],[-80.544296998469022,37.863745080932866],[-80.544150195419618,37.863771340881655],[-80.543958332564657,37.863788484296549],[-80.54374401453417,37.863787654013095],[-80.543619942032009,37.863787171366411],[-80.543462242732062,37.86375078816593],[-80.543360890931424,37.863723567835635],[-80.543214365876196,37.863705112210702],[-80.543011331320059,37.863704327972819],[-80.542853414956554,37.863703713158991],[-80.542594091862156,37.863684822370466],[-80.542413674600439,37.863675179522261],[-80.542199302766818,37.863683288053565],[-80.5420297192655,37.863745225923559],[-80.541905201751163,37.863816280724791],[-80.541876950527026,37.86382800041887],[-80.541712948353577,37.863896020813051],[-80.541466500761686,37.863966003839927],[-80.539514508473388,37.863528014344567],[-80.536642433807188,37.862741623954989],[-80.536205496763841,37.862621367819258],[-80.53517445881819,37.862337599586802],[-80.533874293903921,37.861999345071325],[-80.530720898809093,37.861178871753893],[-80.530755475250757,37.861062756684241],[-80.530835672490085,37.860866336954416],[-80.531121052446395,37.860330917584079],[-80.531154360947042,37.860280920592125],[-80.531531011237746,37.859715504921013],[-80.53173307713466,37.859516168704658],[-80.531928265738159,37.859323606935831],[-80.532098582273235,37.859145431762599],[-80.532251016700585,37.859020582166288],[-80.53235935550903,37.858931845560363],[-80.532563447376504,37.858762745670944],[-80.53268825092043,37.858646986318782],[-80.532824220200993,37.858549157515277],[-80.532948851404569,37.858460228124208],[-80.5332432852843,37.858273596252729],[-80.533718800554453,37.857989313386504],[-80.534217041031098,37.857678294751146],[-80.534523477348031,37.857375458663775],[-80.5347397954923,37.857054373917393],[-80.534956397150665,37.85668858426078],[-80.535067935730694,37.856465252404995],[-80.535139152646877,37.856322659662858],[-80.535333697003367,37.855876292057218],[-80.53549287104029,37.855590470992631],[-80.535540086547968,37.855534949390304],[-80.536095408843536,37.85491348868262],[-80.536211581384137,37.854731532097141],[-80.536448512102609,37.854360436087212],[-80.53664253499123,37.853994552431004],[-80.536779720344896,37.853699985048578],[-80.536885171612326,37.853531398799632],[-80.537053138271716,37.853262866453086],[-80.537122253315815,37.853182623658824],[-80.53733715932934,37.852933103656156],[-80.53751872279858,37.852754964566465],[-80.537677676744238,37.852585675569905],[-80.537882579581066,37.852282431712283],[-80.537946911655368,37.852045948181846],[-80.537974921410836,37.851942973979099],[-80.537921324177262,37.851495633241328],[-80.537968725187937,37.851129167241901],[-80.53807239991194,37.85078081017064],[-80.538221074380715,37.850450518572067],[-80.538494132655899,37.850067049657476],[-80.538811970248759,37.849737417404071],[-80.539118021853042,37.849488222048663],[-80.539412796062862,37.849238980872201],[-80.539650787828535,37.849052113578225],[-80.539866338959584,37.848847274398715],[-80.540094110652717,37.848490458354533],[-80.540334708543227,37.847883298255709],[-80.54067785223053,37.847106625161949],[-80.540826785983057,37.846731613618488],[-80.541066933206523,37.846195989449491],[-80.541101594778638,37.846061984892444],[-80.541102480295237,37.84591890774788],[-80.541103921135218,37.845686400628111],[-80.54113947008895,37.845409319799039],[-80.541208518484837,37.845186021536463],[-80.541425378439257,37.844766559886821],[-80.541461953903664,37.844703578394665],[-80.541500279052983,37.844637571706905],[-80.54176733962457,37.844177677516548],[-80.542099394082115,37.843365181888423],[-80.542363010223482,37.842677619817977],[-80.542373107689642,37.842655679783945],[-80.542625905726524,37.842106314769175],[-80.542763042586941,37.841811735911321],[-80.542798470671528,37.841552535844059],[-80.542902333023861,37.841168402608233],[-80.542925603227076,37.841052238712358],[-80.542824777133134,37.840944535001078],[-80.542610809329531,37.840898991229373],[-80.542307067483989,37.840781555138122],[-80.542003550021647,37.840628356164387],[-80.541790245278577,37.8404754966243],[-80.541633371204014,37.840313918079111],[-80.541555214581777,37.840188416863],[-80.541443282663508,37.840053840413702],[-80.541128496084823,37.839900590792375],[-80.540678284754378,37.839764694162099],[-80.540475592194255,37.839719190489035],[-80.539687324611435,37.839546198532432],[-80.539023320560574,37.839337921185262],[-80.538505682933518,37.839165984830721],[-80.538134801410152,37.838967791717877],[-80.537831691842555,37.83875197786999],[-80.53755084741573,37.838583203380594],[-80.537517139415186,37.838562947522433],[-80.536797942707594,37.838166641746042],[-80.536089811222254,37.837806148955799],[-80.535055192215822,37.837363874859371],[-80.53485630048614,37.837313200317844],[-80.534627390642726,37.837254872798169],[-80.533951131994172,37.837207485659668],[-80.533813872619092,37.837195562503268],[-80.533196056602179,37.837141898520429],[-80.532418545135855,37.837058331020252],[-80.531948641028464,37.83697700968569],[-80.531202079919993,37.836847812197846],[-80.530469845637356,37.83673758284089],[-80.529996839542306,37.836646269291606],[-80.528262397569193,37.836326341281001],[-80.527890534362484,37.836289078298726],[-80.527495719856304,37.836314326882388],[-80.52672801294564,37.836463267854406],[-80.526377961288475,37.836542342883227],[-80.526164009771264,37.836496771122832],[-80.526075502274452,37.83643230680083],[-80.526040548636658,37.836406846611354],[-80.525940216989781,37.836227590954657],[-80.525896660981644,37.835985960762535],[-80.525842170838857,37.835690635292941],[-80.525803936701138,37.835550843581096],[-80.525709955095067,37.835207194942591],[-80.525618271798919,37.834996002625601],[-80.52547661194869,37.834669696660704],[-80.525220432774901,37.834176815191306],[-80.525163047131542,37.834059394005557],[-80.524953328054977,37.833630236915155],[-80.524774360987479,37.833405948212693],[-80.524696066958697,37.833307263530628],[-80.523463116647406,37.832166558521266],[-80.523092771214479,37.831896778847103],[-80.522766781567185,37.831743431155665],[-80.522406275702934,37.831697255940277],[-80.522045421882765,37.831704736681345],[-80.521751994565577,37.831748259438584],[-80.521266362866839,37.831871486257249],[-80.520769811919621,37.831941007269414],[-80.520431624764257,37.831930686130015],[-80.520217807253275,37.831867220370953],[-80.520101285768476,37.831783671191985],[-80.520004571784611,37.831714321612544],[-80.519870376150052,37.831543865460432],[-80.51980440647327,37.831284259560434],[-80.519750291700888,37.830935274169477],[-80.51969565796216,37.830666771628309],[-80.519673746174306,37.830568308996881],[-80.51957343660969,37.830389047891977],[-80.519529264447186,37.830245785936796],[-80.519553031535594,37.830058085420873],[-80.519632823807342,37.829924269187529],[-80.519747249947571,37.829665400607453],[-80.519771134460498,37.829459816747161],[-80.51972771371419,37.829200299952589],[-80.519646775081171,37.829034844786911],[-80.519583059295528,37.828904601826899],[-80.519482865894574,37.828707451906268],[-80.519427945810762,37.828483664593094],[-80.519407080116423,37.828224238768691],[-80.519407859267716,37.828104107444581],[-80.51940853123304,37.82800067692687],[-80.519398819469487,37.82775918486243],[-80.519366505749261,37.827526544242005],[-80.519266545674213,37.827293623915025],[-80.519132422224871,37.827114223430328],[-80.518964409727886,37.82694362717131],[-80.518796868242902,37.826701491219488],[-80.518741482543504,37.826549236685807],[-80.518679763393379,37.825636831186344],[-80.518707481419128,37.824841047248718],[-80.518733863127224,37.824250935559689],[-80.518769599559036,37.823955972257018],[-80.518770413644987,37.823830776540014],[-80.51861496202649,37.823463495073625],[-80.518359682883386,37.822926991806675],[-80.518359158313444,37.822925884656541],[-80.518264241746735,37.822732535199229],[-80.518170009761022,37.822540572871944],[-80.517991613165563,37.822235793488744],[-80.517713504097898,37.821662322739876],[-80.517379207508256,37.821061794507628],[-80.517279029219708,37.820864644360192],[-80.517133643172485,37.820685193489574],[-80.516898307603554,37.820469605079133],[-80.51668517100768,37.820307762242727],[-80.516603840281022,37.820255101166055],[-80.516393298368925,37.820118764693071],[-80.516022568122168,37.819920501439448],[-80.515640166810144,37.819784789485333],[-80.515235447870396,37.819613216872874],[-80.514876000864533,37.819414994641939],[-80.514460136704258,37.819225486972186],[-80.514111964355891,37.819027310684554],[-80.513887209782482,37.818919070715637],[-80.513595234681333,37.818747953191838],[-80.513415863468509,37.818595186646832],[-80.513337481508387,37.818514381280124],[-80.513219002804064,37.818376128324559],[-80.513214423846634,37.818370788068783],[-80.51311443531165,37.818146806727292],[-80.513081557794138,37.818003587895781],[-80.513039173383433,37.817592049468594],[-80.512962435763257,37.817260850530097],[-80.512818417769154,37.81687572099878],[-80.512741392471341,37.816589237384441],[-80.512709278256239,37.816329763394343],[-80.512700475733936,37.815954133047612],[-80.512737348557749,37.815489266334801],[-80.512864225781129,37.815051599317982],[-80.512956987439509,37.814658502376354],[-80.512983584375931,37.814041562658652],[-80.512986876286192,37.813540787460362],[-80.513023158582158,37.813165343346583],[-80.513024745627021,37.812923897824014],[-80.513003610147365,37.812709186765403],[-80.512916782788452,37.812199092440864],[-80.512863655773813,37.81170702389155],[-80.512798378498445,37.811349046214481],[-80.51276632150973,37.811080629446408],[-80.512790571383874,37.810821391965916],[-80.512939451236079,37.810464298961712],[-80.513054163568512,37.810160719554418],[-80.513112457192975,37.809865851452514],[-80.513126071861052,37.809774289455909],[-80.513129540012912,37.809750963438894],[-80.513206800397654,37.809231308249146],[-80.513254349510646,37.808855912142384],[-80.513279122871083,37.808516192230066],[-80.513371992279403,37.808105210223687],[-80.513476133025364,37.807694273762806],[-80.51352403054635,37.80726522471317],[-80.513495382066395,37.806478145188244],[-80.513441550821923,37.806093386383125],[-80.513365938824109,37.805592278264811],[-80.513401102287844,37.805386743281062],[-80.513469901030803,37.805208172938904],[-80.513527193933413,37.805065329003703],[-80.513595402161172,37.80497618069051],[-80.513731063769526,37.804914143740255],[-80.513866427540933,37.804896814976424],[-80.514103112595848,37.804897791444169],[-80.514384880977815,37.804898951484979],[-80.514599257363471,37.804864068234842],[-80.514802482055543,37.804811247623888],[-80.515119229652115,37.804633696342172],[-80.515278015415618,37.804482324608223],[-80.51541425452686,37.804330856307125],[-80.515448649883382,37.804241570513504],[-80.515495313541948,37.804000312673026],[-80.515519488364376,37.803750012290884],[-80.515486900960852,37.803562082690831],[-80.515399428322098,37.803150358647862],[-80.515356269904544,37.802855069874504],[-80.515380332436408,37.802622658255693],[-80.515529069532207,37.802283448260226],[-80.515643698753934,37.801988805622592],[-80.515713363563123,37.801676098691281],[-80.515730395725996,37.801519502587233],[-80.515749333691303,37.801345363954724],[-80.515717685438815,37.801014354850409],[-80.515652344828283,37.800665319757307],[-80.515618709682883,37.800495863599579],[-80.51557596147704,37.800280468810371],[-80.515487962898376,37.79994922606447],[-80.515411062138639,37.799644854654751],[-80.515425074473484,37.799224604940193],[-80.515495263173335,37.798831414712261],[-80.51565578505398,37.798411766444801],[-80.515861149623063,37.798028072616333],[-80.516065930925109,37.797733805179547],[-80.51621360282617,37.797555556925055],[-80.516497381129668,37.797243726516363],[-80.5168833395864,37.796816057678988],[-80.517235198527032,37.796432962859839],[-80.517394252010305,37.796236874950097],[-80.517553415283032,37.796022901605419],[-80.517633523886474,37.795835428374737],[-80.517691381604351,37.795603157048696],[-80.517726409549141,37.795415500982571],[-80.517852175644052,37.795138791559523],[-80.518056821409374,37.794862402881066],[-80.518294984232099,37.794630868643566],[-80.518624052664279,37.794283444932553],[-80.518760091983424,37.794158803721018],[-80.51885152263948,37.793962434804016],[-80.518897871677666,37.793765884430471],[-80.518898973456302,37.793595977778104],[-80.518888693556832,37.793443911214759],[-80.518935451469801,37.793184759927328],[-80.519151355598197,37.792908419705981],[-80.519343275295569,37.792855543113845],[-80.51950098231643,37.79286512833648],[-80.519782066244716,37.792964645551734],[-80.520040614011364,37.793064067587942],[-80.520568925155558,37.79327190384236],[-80.520872547989924,37.793371508369688],[-80.521153814545869,37.793444192747131],[-80.521390059489732,37.793507753438178],[-80.52155874782143,37.793562094696625],[-80.521885493410664,37.793572364860474],[-80.522336136176165,37.793592077532701],[-80.522763954474897,37.793656409307452],[-80.523011759257869,37.793675298493902],[-80.52331550540022,37.793757012460631],[-80.523562906426562,37.793838496002046],[-80.523773358666801,37.793931901876228],[-80.523989925114023,37.794028021598109],[-80.524315638828625,37.794199250998105],[-80.524708856090783,37.794388633903331],[-80.524851372151161,37.794460649587727],[-80.525012146751649,37.794541885244527],[-80.525248400852504,37.794605436439248],[-80.525394783694182,37.794623908279966],[-80.525575089943246,37.794624636285533],[-80.525789318366066,37.794607615788216],[-80.526048794091665,37.794563943918519],[-80.526297173794958,37.794493401961056],[-80.526612936900619,37.794458902490177],[-80.526826994696805,37.794468701616459],[-80.527164785329887,37.794514770147849],[-80.527412250135953,37.794587305737338],[-80.527817084838148,37.79472307147288],[-80.528221526388577,37.794921430488458],[-80.528603540462427,37.795101816315338],[-80.529839418515039,37.795696976503237],[-80.530524641344044,37.796048472371503],[-80.530759861864979,37.79622881325249],[-80.530782593398598,37.796246242359082],[-80.530949994495117,37.796506249341348],[-80.530971346334638,37.796694130256142],[-80.530958831676884,37.796890821873667],[-80.53092394952084,37.79706059682993],[-80.530877403944572,37.797292920652524],[-80.53088348315309,37.797321104598183],[-80.530910248297886,37.797445079589927],[-80.531055904438091,37.797579799238505],[-80.53125802406818,37.797696857706057],[-80.531516771060282,37.7977694277591],[-80.531775973524219,37.797770458197547],[-80.532170584726401,37.797745198250887],[-80.532396372417551,37.797683494800886],[-80.53259978812693,37.797594875465379],[-80.532758461238402,37.797452422238493],[-80.532928013869594,37.797372608154802],[-80.533334001412072,37.79732950463795],[-80.533705951145166,37.797322035440359],[-80.534034905449531,37.797339656140878],[-80.534246724096718,37.797351003037619],[-80.534865879741147,37.797460761343963],[-80.535300163672872,37.797524563023281],[-80.535428853122056,37.797543466366655],[-80.535789258787261,37.797580658340806],[-80.536036910201162,37.797626348959852],[-80.536329757338649,37.797654327668951],[-80.537152159617989,37.797702275666396],[-80.537782869899672,37.797767350777683],[-80.538244427648621,37.79784964802991],[-80.538671561884698,37.798030174455278],[-80.53906472194717,37.798237396719095],[-80.539368117259599,37.798381665993617],[-80.539581687592175,37.798471928276093],[-80.539975022341338,37.798652319680627],[-80.541077080688822,37.799041157842609],[-80.54150434043747,37.799203789719925],[-80.541695874137773,37.799213476905294],[-80.541737852842886,37.799209479738323],[-80.541966516545955,37.79918770183847],[-80.542135515918005,37.799124984699972],[-80.542181139927052,37.799108053270416],[-80.542373334390462,37.799010427914986],[-80.542509234817999,37.798903642621191],[-80.542656845884792,37.798725359953245],[-80.542917484769603,37.798493863166698],[-80.542985765315365,37.798386813137974],[-80.542997697459782,37.79827954540194],[-80.542975059160128,37.798252315420875],[-80.542930575289489,37.798198803097776],[-80.542739374773419,37.798135462205494],[-80.542593141368556,37.79809018126776],[-80.542446965597307,37.798035953931702],[-80.542211185602014,37.797891954419995],[-80.542110255278843,37.797811076666427],[-80.541987007594827,37.797694342525403],[-80.541898592784605,37.797584025860473],[-80.541886351638865,37.797568752366708],[-80.541696153771198,37.797344448937984],[-80.541528098249316,37.79718282130731],[-80.541202778263397,37.796940101887408],[-80.541139242537653,37.796891730590517],[-80.540978438674756,37.796769315937851],[-80.540844089801752,37.796625707924491],[-80.540766030631048,37.796491262021732],[-80.540766975134559,37.796339238368816],[-80.540768247220328,37.796133561666096],[-80.540757864545739,37.795990439392973],[-80.540679918066303,37.795838107282336],[-80.540601752660919,37.795721546518408],[-80.540396665816345,37.795552060297332],[-80.540242964024202,37.79542503777197],[-80.540119610094308,37.795326185108657],[-80.540007639053329,37.795209491982163],[-80.540008304421889,37.79510218141251],[-80.540088243370178,37.794932584054607],[-80.540303410507192,37.79476350984514],[-80.540461897785917,37.794647873013112],[-80.540710818018141,37.794487871634338],[-80.540993323641473,37.794363774640942],[-80.541332392302806,37.794204127621988],[-80.541558436900587,37.7940976942226],[-80.541728302772654,37.793964213356162],[-80.541853420336679,37.79377690208976],[-80.541887834135281,37.793678666450219],[-80.541900155815185,37.793508802164631],[-80.541890321178357,37.793276252728297],[-80.541925674434623,37.793025993295686],[-80.541994390623842,37.792847407188496],[-80.542199548574843,37.792472606917528],[-80.542245618730163,37.792311818335477],[-80.542257658957695,37.792186663493247],[-80.542258981869054,37.791972047577197],[-80.542271134632557,37.791829005671225],[-80.542384538213014,37.791713191912443],[-80.542497614001675,37.791651033839599],[-80.542870031634777,37.791563051833407],[-80.543163629578387,37.791465819307163],[-80.543265814050656,37.79134101653753],[-80.543265956927485,37.791317990299767],[-80.543266727959875,37.791192364419011],[-80.543266916122278,37.791162165692505],[-80.54321194965739,37.790938383244864],[-80.543179243402975,37.790759400407595],[-80.543191225553599,37.790643193461975],[-80.543260161189622,37.790428832387647],[-80.543351300071265,37.790268217110921],[-80.543499055640893,37.790063105995344],[-80.543680673410222,37.789849184792651],[-80.54373778163658,37.78972420518037],[-80.543738715262862,37.789572183975416],[-80.543739432370018,37.789455928817098],[-80.543695736448242,37.789232191075868],[-80.543651705125654,37.789062109108379],[-80.543596846717534,37.788820442382224],[-80.54357569064021,37.788596792785448],[-80.543577724660395,37.788265916103001],[-80.54357937473911,37.787997641477332],[-80.543648468279457,37.787756454832092],[-80.543739052030915,37.787685262834081],[-80.543919784994884,37.787614420658485],[-80.544190546858133,37.787561810424215],[-80.544585313789653,37.787500736088283],[-80.544833434281145,37.787465927067835],[-80.545070117318346,37.787457901018904],[-80.54534055248908,37.787458943989826],[-80.545509739077801,37.787432766369712],[-80.545634238218497,37.78734381711832],[-80.545748341262936,37.787111748315468],[-80.54580714167507,37.786709551102774],[-80.545842809035079,37.786405630655437],[-80.545901171716693,37.786074974495364],[-80.545969545752868,37.785950042530267],[-80.546105415803737,37.785843251758521],[-80.546612307752781,37.785872030119492],[-80.54691626476513,37.785917914524269],[-80.547176146489718,37.786007494000266],[-80.547231111673099,37.786026437275169],[-80.547612911262007,37.786242528725879],[-80.548146272171977,37.786626339355692],[-80.548162644168968,37.786638121047787],[-80.548477274907341,37.786782414661772],[-80.54874727273571,37.786854988262156],[-80.549039972669121,37.786900824981522],[-80.549287598111874,37.786946483151254],[-80.549727212120374,37.786921339932235],[-80.549963893034288,37.786913296826917],[-80.550121754426115,37.786896016677503],[-80.550291154859181,37.786834065183534],[-80.550404540586356,37.786718238980491],[-80.550642632028371,37.786477694666424],[-80.551073737109618,37.785996428304159],[-80.551969460713266,37.785078733317448],[-80.552264146230698,37.784793682919478],[-80.552366580401966,37.784624159608803],[-80.552458126070604,37.784391995732733],[-80.552492951616443,37.784222216381941],[-80.552493653726785,37.784105962775428],[-80.552471820399887,37.783989625377757],[-80.552427613544921,37.783846373507679],[-80.552383079863588,37.783756774833606],[-80.552316771800804,37.783541897873661],[-80.552329171059071,37.783354143108383],[-80.552363780631197,37.78322013709284],[-80.552454998728621,37.78304162728039],[-80.552534518677064,37.782934614055733],[-80.552704177512766,37.782827947498419],[-80.552907580024453,37.782730348894695],[-80.553065918792754,37.782632579014553],[-80.553292719827866,37.782391984494879],[-80.553758713914547,37.78172304360691],[-80.554089061442482,37.781125126834638],[-80.554328089380149,37.780723607640709],[-80.55446453055562,37.780518441323252],[-80.554611913931723,37.780366968889005],[-80.55490582201017,37.780207111478191],[-80.555267492276968,37.780020678699721],[-80.556013360380405,37.779647891061074],[-80.556397667218292,37.779443657943126],[-80.556669191785204,37.779256880511596],[-80.556884169991079,37.779105663990542],[-80.556986268867078,37.778989790603156],[-80.557077947389246,37.778730795655342],[-80.557169737635377,37.778453915303885],[-80.557226764312617,37.778337872296689],[-80.557328964842497,37.778204112333817],[-80.557499034707305,37.778025896422179],[-80.557646673345147,37.777829711211545],[-80.557783148717064,37.777615598171337],[-80.557930788084036,37.77741940718203],[-80.558043986547716,37.777330406696194],[-80.55845096875241,37.777099419580637],[-80.558494256215809,37.777065382188866],[-80.558733958814642,37.776876912360578],[-80.559118934275944,37.776556410864181],[-80.559327459030243,37.77632577577922],[-80.559425143312168,37.776217731468101],[-80.55969771372331,37.775852097839483],[-80.560084159992172,37.77528120260876],[-80.560220575188808,37.775076026570737],[-80.560414483904509,37.774674326989107],[-80.560562796231039,37.774361881289828],[-80.560790181262306,37.774013961328741],[-80.561051205152125,37.773692993946163],[-80.561334810698213,37.773363168049777],[-80.561731917814583,37.772890674865394],[-80.561936761964063,37.772542670546386],[-80.561994043749067,37.772381913435517],[-80.562005994381337,37.772265697706331],[-80.561927925308652,37.772131267003459],[-80.5618273740631,37.771987811573204],[-80.561771946356856,37.771835575581783],[-80.561761469919745,37.771701394305296],[-80.561762368320544,37.771549370465927],[-80.561808857708854,37.771308089147155],[-80.561979582185415,37.771013610557439],[-80.562104768929103,37.770799451142508],[-80.562184418777605,37.770665605653477],[-80.562410733028713,37.770496533286028],[-80.562636887094868,37.770354288532708],[-80.563123620849439,37.769962609827097],[-80.563259331742117,37.769873683126448],[-80.56345142385328,37.769776026768426],[-80.563778855214352,37.769652039804441],[-80.56400468906692,37.769563446715892],[-80.564185673614602,37.769438917596084],[-80.564367070451055,37.769242845731448],[-80.564644637974808,37.768977078403196],[-80.565278076883033,37.768538239254127],[-80.566107266830429,37.768016651799925],[-80.5664087117447,37.76783890715155],[-80.566559890573799,37.767672529976124],[-80.566651263907715,37.767458238486313],[-80.566727474286381,37.76726774007583],[-80.56680341287435,37.767124934819897],[-80.566924479043038,37.766970370907394],[-80.567105762885745,37.766792179176079],[-80.567331963880306,37.766638003693821],[-80.567482925305697,37.76650739695571],[-80.56770926687166,37.766329373243451],[-80.56790542818149,37.766175081036153],[-80.568101795552721,37.765985020388442],[-80.568478884186618,37.76571215730614],[-80.568689994832496,37.765569842064487],[-80.568960835531215,37.765487371721328],[-80.569381802767808,37.765417367568432],[-80.570374689623918,37.765146744217823],[-80.570826038181877,37.765017226955884],[-80.571217582888565,37.764839797045973],[-80.571790183071897,37.764519937526735],[-80.572046065945699,37.764425481247279],[-80.572181655331846,37.764354426782198],[-80.572302356796939,37.76425947461324],[-80.572830099323895,37.763903678298853],[-80.573116427232762,37.763737783250292],[-80.573492599409946,37.763619907839228],[-80.573748271768224,37.763561215959129],[-80.574048724231687,37.763550375127778],[-80.574304122582333,37.763539372595829],[-80.574785355177724,37.763433801472779],[-80.575221531423864,37.763328059676049],[-80.575657842683654,37.763198469618473],[-80.575973996611296,37.763068447471859],[-80.576696824039004,37.762737179892014],[-80.57699822459476,37.762559406821005],[-80.577209511381312,37.762381306113255],[-80.577435884970129,37.762191340956548],[-80.577572003084754,37.762024897206096],[-80.577753183827312,37.761858614755958],[-80.577934019322612,37.761751948622781],[-80.578219854804871,37.761669504278714],[-80.578805865338012,37.761623906745598],[-80.579286675233831,37.761589851653902],[-80.579902519732499,37.761580124968752],[-80.580217923857816,37.761581249755451],[-80.580488599363449,37.761522593937535],[-80.580669298934538,37.761439769343127],[-80.580880842850306,37.761213974033822],[-80.581137374186653,37.761000257297937],[-80.581513989081586,37.760798889134826],[-80.581965153355611,37.760693179997915],[-80.582460842697174,37.760683011853843],[-80.582761218863453,37.760684075679634],[-80.582971814863711,37.760625200516323],[-80.583423515555467,37.760424096400939],[-80.583830362156846,37.760187060537056],[-80.584222451298231,37.759902273289903],[-80.584494115748214,37.759664756306101],[-80.584796156297855,37.759367726926691],[-80.585248975044394,37.758963913482511],[-80.585716876917004,37.75854822860493],[-80.586259926921883,37.75812088028632],[-80.5866369755459,37.75783603476021],[-80.586923386561338,37.757646258095924],[-80.587209394047932,37.75752802259418],[-80.587736019473496,37.757351009531682],[-80.588277602165789,37.757185968136341],[-80.588698766494474,37.757068202890252],[-80.589720984822051,37.756892911243177],[-80.590262159587354,37.756799402573932],[-80.590637875607868,37.756753014760818],[-80.591013585493869,37.756706625727176],[-80.591524851768014,37.756589158487721],[-80.592607851780159,37.756282889370155],[-80.59322456631638,37.756106161265194],[-80.59379589562478,37.755988896840186],[-80.594202028097726,37.755871058254598],[-80.594578386628172,37.75570541879862],[-80.595120848659136,37.755373420456642],[-80.59549771742806,37.755112391993379],[-80.596025091075518,37.754792258535005],[-80.596235856699209,37.754697589361335],[-80.596431343075693,37.754650561846155],[-80.59703256731197,37.754557232105846],[-80.597318156981686,37.754510512955406],[-80.597679033576256,37.754428277562617],[-80.597859887091673,37.754309657080896],[-80.597966106302735,37.754107317519804],[-80.598012322766905,37.7538928469205],[-80.598013291581083,37.753713991848812],[-80.598014106700177,37.75356312320411],[-80.598014259227099,37.753535141274277],[-80.59813278579216,37.753356507725329],[-80.598404482129894,37.753161117712423],[-80.59912369954786,37.752622430259656],[-80.599372448089852,37.75244442034306],[-80.599689446632979,37.752141439016022],[-80.599984256034503,37.751775784656672],[-80.600165998782657,37.751490232323981],[-80.600359245689546,37.75116000408525],[-80.600428357916357,37.750874065750864],[-80.60046368598465,37.75058801554642],[-80.600476150733655,37.750364486489012],[-80.600476815833318,37.750240783091087],[-80.600478122033422,37.749997837754108],[-80.600495632797688,37.74987999596825],[-80.600536549228082,37.749604551572894],[-80.600629341161081,37.749104068465691],[-80.600790860400039,37.748389188679461],[-80.601008925627397,37.747629786264334],[-80.601101372391597,37.747191901043536],[-80.601126247532875,37.746753782557917],[-80.601132441180823,37.745600177108848],[-80.601090368096891,37.745045582824979],[-80.601138344245967,37.744500229855831],[-80.601253598630464,37.744008765645937],[-80.601391276576095,37.743535260278961],[-80.601414518075856,37.743401196645863],[-80.601415863101849,37.743150802600411],[-80.601382989577658,37.742980774747302],[-80.60132778610118,37.742774904117404],[-80.601216178350882,37.742586724908442],[-80.601172285070675,37.742371950422402],[-80.601162368314903,37.742121514627023],[-80.601220257577069,37.741826598056747],[-80.601323003299399,37.741567603118668],[-80.601493358419646,37.741299894636242],[-80.601810444125391,37.740970081085322],[-80.602025460248214,37.740774061672575],[-80.60224075776614,37.740524393279806],[-80.602365728845257,37.740319130002703],[-80.602422896741459,37.740158346303986],[-80.602446756992109,37.739908030744999],[-80.602527925386084,37.739470105752652],[-80.602654667023032,37.738933958329064],[-80.602757781405472,37.738603423296396],[-80.602951076082235,37.738255302455926],[-80.603211791644782,37.737934239778951],[-80.603732598631339,37.737408360705906],[-80.604015924443885,37.737069486305259],[-80.604186212971513,37.736810716403987],[-80.604243371878624,37.736649936188172],[-80.604255629885472,37.736462174561552],[-80.60425382128993,37.736427330475131],[-80.604245418853552,37.73626539725052],[-80.604134338208212,37.735978855359022],[-80.604034278481137,37.735737061505795],[-80.603877683543303,37.73553979233057],[-80.603676376947533,37.735279772887267],[-80.603629878183014,37.735175511681717],[-80.603520594601434,37.734930480336203],[-80.603443062279212,37.734688761713336],[-80.603455178841983,37.734527830286801],[-80.603558094942827,37.734233061813093],[-80.603717449649452,37.73391165412724],[-80.603797271714228,37.733724121379183],[-80.603968411733192,37.733304384071893],[-80.604374263614972,37.732340550666912],[-80.604410066832727,37.732272638761415],[-80.604568943679567,37.732040659535095],[-80.60488578702315,37.731746607175438],[-80.605236260360215,37.731479494530667],[-80.605767127074742,37.7311682721773],[-80.60617365866996,37.730946060747357],[-80.606535101688721,37.730732636766795],[-80.606986859821134,37.730474798920895],[-80.60755257077011,37.72995799838624],[-80.608027638840383,37.729548209217072],[-80.60849181771718,37.729066836454386],[-80.608775229828424,37.728701120520924],[-80.608911518494452,37.728477997840614],[-80.609025286503396,37.728254803007751],[-80.609206842370881,37.727987118888109],[-80.609342891254101,37.727808712391813],[-80.60960312207061,37.727568122618969],[-80.610157350551546,37.727087038556739],[-80.610463026378483,37.726766104141156],[-80.610757682439115,37.726400420410407],[-80.610927736844417,37.726177409475838],[-80.611097742333982,37.725963340187114],[-80.611245460340243,37.725704485930002],[-80.611460737645373,37.725445854155716],[-80.611732023236186,37.725241059738281],[-80.611935193107897,37.725143358781466],[-80.612160740295295,37.725072555483841],[-80.612488081516958,37.724912663046666],[-80.612792904849428,37.72475269303164],[-80.613210920514433,37.724476836880299],[-80.613470983217439,37.724263059520467],[-80.613866894042161,37.723906642717566],[-80.614274335708373,37.723496601764836],[-80.61454625183562,37.723166603963293],[-80.614648415255601,37.723005968097254],[-80.614796207604329,37.72272922352284],[-80.614965872275292,37.722577747268659],[-80.615180521580953,37.722435363285499],[-80.615428529308417,37.722373571764578],[-80.615620104600666,37.722338423752269],[-80.615957483252785,37.722411065236464],[-80.616261044384842,37.72249254226108],[-80.617160793255408,37.722674324229509],[-80.617734421207174,37.722783498567061],[-80.618330565655327,37.722892748421302],[-80.618645433551194,37.722965310239069],[-80.618903694183388,37.723100288136941],[-80.619049457986378,37.723217016962955],[-80.619195040253928,37.723369515100885],[-80.619306799151957,37.723530847710826],[-80.61936222169868,37.723700943103083],[-80.619473618862187,37.72393381453346],[-80.619630189981436,37.724140007209911],[-80.619798103089238,37.724328348510888],[-80.620022227568128,37.724534757599194],[-80.62025793059172,37.724678602771817],[-80.620504982360529,37.724804597165729],[-80.620786131814796,37.72486810445313],[-80.621360097394003,37.724914665066336],[-80.621686510920313,37.724933597129272],[-80.622170360143656,37.724988803940732],[-80.622417555788047,37.725087971291735],[-80.622641887169408,37.725212989814018],[-80.622675779635998,37.725231882857891],[-80.622804366029101,37.725325195948507],[-80.623034748977304,37.725492375537762],[-80.62307724218384,37.725527139496762],[-80.623550525069803,37.725914333259382],[-80.623824769344353,37.726161383646421],[-80.62390918420283,37.72623742574639],[-80.624005194720098,37.726314297937122],[-80.624042594219972,37.726344244831196],[-80.624088605921955,37.726381082781167],[-80.624279789906481,37.726468665813421],[-80.624324498847386,37.726489149445868],[-80.624594085195881,37.726615207970035],[-80.624841194759838,37.726732252284805],[-80.624942162764825,37.726804117291451],[-80.624982902631615,37.726849802670102],[-80.625110101029165,37.726992449260777],[-80.625356766701756,37.727198921646256],[-80.625592395076524,37.727360643626596],[-80.625827937907943,37.727540248090314],[-80.626029840063524,37.727692917371321],[-80.62628781260284,37.727890478894473],[-80.626545786508601,37.728088040755054],[-80.626725212128875,37.728231691060785],[-80.627017013680998,37.728420416025862],[-80.627353626939367,37.728653995850053],[-80.627499325306189,37.728788601695278],[-80.627624213774965,37.728919387600079],[-80.627644935789121,37.728941091206948],[-80.627745732735505,37.729048720607771],[-80.627823605866794,37.729236768733209],[-80.627867840695529,37.72939787902444],[-80.627900812757161,37.729558951041128],[-80.627900231037344,37.729675207729279],[-80.627921942504614,37.729836252300522],[-80.627986663444702,37.729970003426267],[-80.627999955656847,37.729997468235254],[-80.62812295964325,37.73016776901374],[-80.62831338819457,37.730365111155287],[-80.628414463254828,37.730468532547626],[-80.628515032779305,37.73057143489757],[-80.628722936133144,37.730817283144212],[-80.62875010056743,37.730849404544834],[-80.629041692201497,37.731082834988456],[-80.629106160657201,37.731125849047672],[-80.629176363808327,37.731172687412972],[-80.629381630802129,37.731381303207925],[-80.629467643821599,37.731468721049474],[-80.629646686874509,37.731692856806745],[-80.629781270149991,37.731800590573137],[-80.629949897183479,37.731854778702896],[-80.630012472654698,37.731883898683911],[-80.630298151982188,37.732016841094413],[-80.630724515174151,37.732322239031575],[-80.631117057430473,37.732636467140132],[-80.631464654729271,37.732932666607901],[-80.631491901223882,37.732960302626324],[-80.631632711897439,37.733103106311681],[-80.631912397195634,37.733470639480629],[-80.632079879074581,37.733757332493589],[-80.632270237692637,37.733972555665027],[-80.632284652057436,37.73398079999393],[-80.632427438942045,37.734062474630221],[-80.632607599580197,37.734063037168639],[-80.632677549015057,37.734059552508718],[-80.632776548695617,37.734054617942597],[-80.632923282896215,37.733983534001304],[-80.633070150346072,37.733885622317274],[-80.633228228995321,37.733796682881234],[-80.633724602397422,37.733610425915984],[-80.634344783142311,37.733433494813596],[-80.6347504541489,37.733372152653942],[-80.635347365823293,37.733347170870509],[-80.635932448866726,37.733438408910203],[-80.63634863639561,37.733529121338535],[-80.63679820668996,37.733700422695698],[-80.637191349284365,37.733898375754926],[-80.637494502466183,37.734078165782471],[-80.637786524134626,37.73423108924365],[-80.637977554816672,37.734312164507315],[-80.638191105411209,37.734393306781065],[-80.638264891148836,37.73441449086598],[-80.638505955899291,37.734483702319622],[-80.638933108842124,37.734637035455883],[-80.639315347640334,37.734763408861795],[-80.639375004605213,37.734776145054788],[-80.639697803306092,37.734845065096209],[-80.64018138811808,37.734971740010373],[-80.640631280904714,37.735080427019263],[-80.640991438124288,37.73511729808758],[-80.641149082921061,37.735117777198298],[-80.641273206473528,37.73506449634101],[-80.64169147386913,37.734725941429119],[-80.642030745320682,37.734422913376619],[-80.642301982515022,37.734218050463113],[-80.642482658597643,37.734111285753862],[-80.642843544652706,37.733996120340827],[-80.643193336466851,37.733845151098947],[-80.643509265019503,37.733711964331327],[-80.643746280844951,37.733596425977161],[-80.643972167641692,37.733454021040778],[-80.644254482699125,37.733284957986427],[-80.644468850878056,37.733196176900798],[-80.644885772640052,37.733134834671354],[-80.645234958942012,37.733109057181451],[-80.645505200800514,37.733109869266244],[-80.64582035310265,37.733137645464566],[-80.646315199875545,37.733264330889327],[-80.646607530783186,37.733354636345958],[-80.647012472114426,37.733445280139335],[-80.647225899532643,37.733553232787635],[-80.647382907234999,37.733687844278876],[-80.647539826164262,37.733840344822795],[-80.647753048207193,37.733993007102782],[-80.647966442727949,37.734109904874209],[-80.64831457514569,37.734307684658468],[-80.648618054073296,37.73442485087422],[-80.648899176545697,37.73450617156832],[-80.649146735241501,37.734542679596707],[-80.649506975214109,37.734561635371648],[-80.650115113724155,37.734545559668874],[-80.650531951098046,37.734502081359331],[-80.650802575038369,37.734422397588993],[-80.65092098909966,37.734361559954465],[-80.651005369222275,37.73431821443728],[-80.651062188766574,37.734289022831831],[-80.651209326793634,37.734128484963826],[-80.651379319014566,37.733896471697555],[-80.651537758824261,37.733727029274277],[-80.651741109663106,37.733584544606998],[-80.652012064944287,37.73343331620989],[-80.652407041299966,37.733246679288058],[-80.652734335290162,37.733086672363186],[-80.652971592178289,37.732917454731684],[-80.65320888400926,37.732739296457439],[-80.653401260681463,37.732534178552768],[-80.653785848854497,37.732159705942152],[-80.654102704863561,37.731820806990818],[-80.654442329378455,37.731428316104221],[-80.654691208409929,37.731178645910511],[-80.654973778797242,37.73094695882628],[-80.655267401040504,37.730760018214475],[-80.655481873221333,37.730644388420167],[-80.655684752601317,37.730600266320586],[-80.656208306109022,37.730606265835711],[-80.656384010214566,37.730618097889263],[-80.656483637309833,37.730644796233733],[-80.65656893753291,37.730690315732915],[-80.656601921008772,37.730747003452166],[-80.656601486571375,37.730841324278011],[-80.656536394434937,37.730936080453105],[-80.656468343215792,37.731043197781432],[-80.65646790713609,37.731137099479788],[-80.656500788173489,37.731331698992065],[-80.65658399816347,37.731600229557323],[-80.656700646854503,37.731942633761712],[-80.656790819211238,37.732227948212774],[-80.65689000892398,37.732693266696558],[-80.657032798980794,37.733471712993847],[-80.657076727289393,37.733713298132258],[-80.657119831073459,37.73413373922368],[-80.65717414764022,37.734563155843759],[-80.657207066282496,37.734751051995822],[-80.657240229038266,37.734885292869762],[-80.657318186345108,37.73507331542563],[-80.657396430198574,37.735198746134195],[-80.657429840737052,37.735279326288008],[-80.657473314740372,37.735619285171552],[-80.657516544250441,37.736012895668338],[-80.657583076907102,37.736236660271267],[-80.657694857294203,37.736415839627561],[-80.657862493368867,37.736693558074968],[-80.658063618155637,37.737033969632492],[-80.658209143185161,37.737222191124751],[-80.658287597447554,37.737302905214818],[-80.658388572328292,37.737383682716938],[-80.658501013612735,37.737419781260087],[-80.658759804359605,37.737465242805946],[-80.65893989623541,37.73748365263647],[-80.659074654520111,37.737564527293088],[-80.659186646594065,37.737698993727406],[-80.659264856502176,37.737833362406754],[-80.659286925101512,37.73793179964251],[-80.659286351302057,37.738056999402176],[-80.659273248269955,37.738459388330426],[-80.659215673814515,37.738736450872949],[-80.659202939232586,37.7390583532992],[-80.659177954852723,37.739594856643627],[-80.659199863256347,37.739729064325886],[-80.659266974694276,37.739827628149335],[-80.659311203032232,37.740006613297567],[-80.659332860217546,37.740194477951277],[-80.659352597092251,37.740802647796173],[-80.659295018792619,37.741079707549325],[-80.659169960508962,37.741338691662129],[-80.658965531178794,37.741713701698309],[-80.658817861101184,37.741990497774054],[-80.658760488504441,37.74222285025126],[-80.65874824164122,37.742437441131109],[-80.658747706767727,37.742553697050667],[-80.658634396260894,37.742705398218575],[-80.658408098100665,37.742937258444634],[-80.658261083599001,37.743070973858082],[-80.658069018487126,37.743204558405509],[-80.657933465768636,37.743293593703349],[-80.657764133305989,37.743382532571694],[-80.657639635652075,37.743516313472561],[-80.657616002235798,37.743757702659522],[-80.657659027548192,37.744196025820926],[-80.657669263050252,37.744419625655482],[-80.657623430662639,37.744589407648796],[-80.657532803362571,37.74470540178956],[-80.657408511430333,37.744794470073245],[-80.65727299852027,37.744874561748425],[-80.656923385889584,37.744980859130571],[-80.656663952787213,37.74506953049044],[-80.656235174857585,37.745247136971066],[-80.656032047682487,37.745335972938634],[-80.655839850739255,37.745496383138374],[-80.655726487229842,37.745657023304545],[-80.655658041499592,37.745844623425704],[-80.655589314403741,37.746094823295692],[-80.6555541580789,37.746389836848905],[-80.655552957267005,37.746649172424959],[-80.655608107852999,37.746899736019891],[-80.655742216671968,37.747123698686835],[-80.65580904244797,37.74728486593316],[-80.65585330703766,37.747454906603672],[-80.655863741120044,37.747633795030545],[-80.655795337558402,37.747812454148708],[-80.655658908070606,37.748089282364418],[-80.655590586485104,37.74825005480232],[-80.65549936885904,37.748491244949193],[-80.655476137982077,37.748643205249977],[-80.655406907731262,37.749000716004986],[-80.655406323760872,37.74912591546812],[-80.655428562039958,37.74918857836311],[-80.655484666469178,37.749233457071234],[-80.655788501897177,37.749288004230422],[-80.656159916779515,37.749342744167215],[-80.656396262509929,37.749379205172843],[-80.656621387190611,37.749406690074068],[-80.656812521131371,37.749478785774699],[-80.65704841704094,37.749613615606265],[-80.657306669621789,37.749784281729774],[-80.657564759683169,37.749990718572079],[-80.657834485643377,37.750116703069587],[-80.658059367357353,37.750197837652308],[-80.658250459046371,37.750278879243034],[-80.658407684099743,37.750377703748256],[-80.658576090135156,37.750494452620273],[-80.658686804995426,37.75063197376452],[-80.658773738505388,37.750586150684335],[-80.658917710198395,37.750506080956164],[-80.659299051591901,37.750238899312329],[-80.659519440962328,37.75007185920169],[-80.660053589968868,37.749637436723795],[-80.660545228545303,37.749263255565218],[-80.661096232352733,37.748835582675518],[-80.66140141389802,37.748595003939506],[-80.661528606244516,37.74848805575126],[-80.661588343390122,37.748354083134508],[-80.661768808463918,37.747677181709683],[-80.661890693231243,37.746879380330491],[-80.66189185159925,37.746624515106625],[-80.661883896027391,37.74651717603146],[-80.661833665844384,37.746436680612732],[-80.661816813571008,37.74640966822416],[-80.661715880416551,37.746315477648871],[-80.66155579362254,37.746227825709504],[-80.661437907885272,37.746147003339573],[-80.661391694197476,37.746100172938675],[-80.661311793769926,37.74601920358257],[-80.661219553492771,37.745871382579026],[-80.661161162031647,37.745710245291875],[-80.661136558051851,37.74554920240945],[-80.661137046198064,37.745441890245395],[-80.661196813261455,37.745301211981683],[-80.661281823859099,37.745180726509737],[-80.661366809293938,37.745066948562993],[-80.661468688509501,37.744953219074119],[-80.661537082531154,37.74477232483634],[-80.661589134244963,37.744470649314792],[-80.661657254989933,37.744350121368264],[-80.66177590230744,37.744263265873222],[-80.661919881054203,37.744176485620571],[-80.661996295433852,37.744089510560464],[-80.662039104941286,37.743962201233828],[-80.662065267897162,37.74378118195569],[-80.662066702263957,37.743465951116733],[-80.66205029762844,37.743358588673196],[-80.661958059143771,37.743210767288318],[-80.661882441174257,37.743123358878101],[-80.661744274421252,37.742967269300152],[-80.661739589256356,37.742961977692929],[-80.661655709331114,37.742834302142199],[-80.661643955469373,37.742798785020113],[-80.661622384767668,37.742733596020472],[-80.661614393718537,37.742632970729979],[-80.66164860478014,37.742539167941864],[-80.661835366672506,37.742331778902802],[-80.662004986706762,37.742178002629139],[-80.662284862150287,37.741923932475814],[-80.662420639583374,37.741783470348913],[-80.662446280721653,37.741716477037635],[-80.66244683009991,37.741595749638201],[-80.662421950499137,37.741495067903998],[-80.662363378139418,37.741374172968413],[-80.66233005210384,37.741273470622311],[-80.662288674571073,37.741085550040296],[-80.662239095606253,37.740843952715601],[-80.662205679675921,37.740763370365137],[-80.662146864371394,37.740696130540208],[-80.662096491159005,37.740628915787667],[-80.6620298286837,37.740546452547122],[-80.662004107985908,37.740514629593683],[-80.66197059528389,37.740454168094246],[-80.661973979116453,37.740411145796635],[-80.661979561409296,37.740340171575205],[-80.662030971101288,37.740179349392406],[-80.662107497480079,37.740065545646409],[-80.662277119700363,37.73991176711457],[-80.662531191908911,37.739758231041087],[-80.662725961260492,37.739644768051342],[-80.662980155533134,37.739464402477694],[-80.663353072507832,37.739177058182989],[-80.663505582627621,37.739070181760475],[-80.663607202960137,37.739010105491381],[-80.663725867494776,37.738916544820512],[-80.663862271281658,37.738635231587658],[-80.663913552144507,37.738501236134773],[-80.663922391457106,37.738414072445785],[-80.66390586505868,37.738333535090142],[-80.663830219383613,37.738252833650783],[-80.663720820327356,37.738165330908558],[-80.663586175011787,37.738057630300446],[-80.663443082712334,37.737949908124001],[-80.663342226443945,37.737842305505971],[-80.663249810998593,37.737734726013038],[-80.6631660558525,37.737580223808344],[-80.66311629166465,37.73737886769748],[-80.663074976155073,37.737177534806854],[-80.663084545791193,37.736929396350114],[-80.663093477064166,37.736822109949983],[-80.663221131711538,37.736607844561512],[-80.663289119898934,37.736514138590451],[-80.663306374259761,37.736433700318699],[-80.663264421920928,37.736373218645774],[-80.663196951502471,37.736352904673979],[-80.663139548584283,37.73635274064744],[-80.663053380093288,37.73635249256926],[-80.662901362629952,37.736352058840573],[-80.662622787596433,37.736324433879766],[-80.662487840443973,37.736283802441505],[-80.662361435381172,37.736223075905372],[-80.662277257222087,37.736162472925685],[-80.662167895823302,37.736068258452391],[-80.662067039397058,37.735960655618335],[-80.661999933324978,37.735859854444236],[-80.66193297878327,37.735725518907842],[-80.661823922387669,37.735564236370536],[-80.661714713899059,37.735436484446012],[-80.661597028174384,37.735315420261983],[-80.661370014411091,37.735093434058435],[-80.661243945049833,37.734958924678686],[-80.661202088043453,37.734878320416705],[-80.661192554623923,37.734826559566933],[-80.661177365112096,37.734744107606218],[-80.661169744519867,37.734562992034078],[-80.661178986164529,37.7343886334993],[-80.661214994699989,37.733899117334943],[-80.661233382475444,37.733570518455899],[-80.661225640738863,37.733416232302083],[-80.661142442551551,37.733140996516426],[-80.660983820820448,37.732738113258122],[-80.660883861088877,37.732436001956962],[-80.660817125758285,37.732254718023441],[-80.66074470581394,37.732068297248176],[-80.660733657209065,37.732039844803673],[-80.660675736513625,37.73177810664501],[-80.660676333613679,37.73177334575098],[-80.660699285290093,37.731591236465221],[-80.660779003321807,37.731394725085757],[-80.661097371954853,37.730715981430187],[-80.661188348874845,37.730519500305597],[-80.661302572261221,37.730162110621237],[-80.661578416707911,37.728928788051405],[-80.662098214462191,37.726041727026896],[-80.662099148930508,37.725836044831041],[-80.662099717730328,37.725710847478638],[-80.662077767389491,37.725585583773366],[-80.66198842917305,37.725424355855864],[-80.661797759613847,37.725262834506943],[-80.661663268011424,37.725128308431067],[-80.661596199253296,37.725020801988585],[-80.661518162357638,37.724850660459651],[-80.661473981535138,37.724662734646913],[-80.661430174287176,37.724571277249922],[-80.661418218706132,37.724546315778824],[-80.661317540611179,37.724402942522758],[-80.661239216473149,37.724295400826634],[-80.661070948999367,37.72416077429412],[-80.66093613344286,37.7240977866729],[-80.660812408096618,37.724070600021513],[-80.66063231189446,37.724061143250545],[-80.660418476880352,37.724042639736489],[-80.660159366270278,37.724077666812853],[-80.660001989842883,37.724023553362407],[-80.659945981084974,37.723960789158284],[-80.659901396977162,37.723862291374097],[-80.659821003864579,37.723792117244606],[-80.659805378475568,37.723778479222837],[-80.659778043951334,37.723754620594917],[-80.659620670744033,37.72370050934763],[-80.659474184593577,37.723726916159187],[-80.659316317887814,37.723780114334652],[-80.659113377274394,37.72384212946011],[-80.659012008766865,37.723850780186957],[-80.658798050577488,37.723859102317938],[-80.65835905095804,37.723839944983432],[-80.658032754306078,37.72379428584987],[-80.65767288768852,37.723703813441048],[-80.657492835154287,37.72368540271362],[-80.656704526916357,37.723727822917553],[-80.656220410008487,37.723726413092486],[-80.655927808605028,37.723698732347039],[-80.655196745351603,37.723535623706823],[-80.654791979013183,37.723418178636351],[-80.654443543049467,37.723291962434061],[-80.654263947312728,37.723175178044293],[-80.654039278370803,37.723067202295567],[-80.653904216599202,37.723057864694518],[-80.653622504823744,37.7231106934113],[-80.65323900412892,37.723261594874359],[-80.652923226468928,37.723376922565031],[-80.652630040754559,37.72347443452442],[-80.652348246324976,37.72354514590134],[-80.652156516380074,37.723616124178911],[-80.651975957698525,37.723705018374808],[-80.651806408397718,37.72384760177637],[-80.651704706339984,37.723927789057043],[-80.651558341559749,37.723927356548472],[-80.651434499935291,37.723926991355341],[-80.651288390136898,37.723872898694154],[-80.651086113880837,37.723791817910033],[-80.650962516346723,37.723737793273159],[-80.650827707931285,37.72367479502838],[-80.65070420158176,37.723602884434044],[-80.650547042053759,37.723504048630623],[-80.650333887337624,37.72334244299536],[-80.650210588881976,37.723225819408079],[-80.650096243225278,37.723103773733342],[-80.65007615840527,37.723082334613871],[-80.650047837095954,37.723063445235333],[-80.649941481606064,37.722992505003802],[-80.649795498765627,37.722911585534888],[-80.649604610592391,37.722803705292328],[-80.649447537374627,37.722686982314059],[-80.649404261200132,37.722649459316379],[-80.649312984012383,37.722570320707767],[-80.649189735134669,37.722444756816508],[-80.649145204986041,37.722337309446083],[-80.649145796668705,37.722212108587861],[-80.649180118126338,37.722095955589921],[-80.64923695865032,37.721979865976536],[-80.649271454201354,37.721827939740187],[-80.649249483262324,37.721711619232401],[-80.649193655160616,37.721613082136201],[-80.649048438712015,37.721371187647733],[-80.648981561526554,37.721227901746467],[-80.648925989650238,37.721075706489074],[-80.648892682420097,37.720977239909061],[-80.648893272233721,37.720852038117222],[-80.648893860879255,37.720726842628501],[-80.648916887273074,37.720619595415577],[-80.648996367818725,37.72047674525998],[-80.649087360501298,37.720280271416144],[-80.649133066991482,37.72013732062598],[-80.649202978681316,37.719636727904053],[-80.649238058966418,37.719359601576386],[-80.649205128206589,37.719180647513838],[-80.649126954745967,37.719046271017866],[-80.649003879619443,37.718884934545869],[-80.648903401950946,37.718705775663963],[-80.648859091133758,37.71855361475037],[-80.648894039852834,37.718303319745381],[-80.648906353974013,37.718079783570559],[-80.648895729203872,37.717945606234977],[-80.648851333274919,37.717811333723446],[-80.648762031883237,37.717650093952777],[-80.648627530873966,37.717524491358205],[-80.648571621066907,37.717443841438765],[-80.648583426842066,37.717327615993604],[-80.648697016540467,37.717113330027175],[-80.648855513101338,37.716925997650158],[-80.649036264224563,37.716792391935577],[-80.649194293118541,37.716703434175038],[-80.64946506535658,37.716579041310041],[-80.649638181912138,37.716472901602302],[-80.649769898551284,37.716392143576392],[-80.649865945555803,37.716281522991444],[-80.649917047976373,37.716222668320299],[-80.65005297785315,37.716044213879698],[-80.650246160456561,37.715660239461442],[-80.65051927833052,37.715035048124371],[-80.650758029755892,37.714534953469894],[-80.650939701417371,37.714204606165957],[-80.651042312480413,37.713927678940969],[-80.65109985549752,37.713659561246914],[-80.651146352836363,37.713346699466072],[-80.651147401026336,37.713123126815603],[-80.651125976976402,37.712890547372886],[-80.651093339077846,37.712648993540874],[-80.651083257306524,37.712398565251384],[-80.651095308755984,37.712228682199893],[-80.651163477158377,37.712094741676246],[-80.651265462563686,37.71195195633954],[-80.651356603970527,37.711719714289984],[-80.651391086885084,37.711567784409667],[-80.651394291185937,37.711409329245619],[-80.651232693346756,37.711200047413961],[-80.651120586385758,37.711101344576377],[-80.650941105657566,37.710966672903631],[-80.650806404265666,37.710885784359952],[-80.650559093601288,37.71081350947378],[-80.65024420092719,37.710749974806497],[-80.649974424400952,37.71066868905131],[-80.649805953277422,37.710587705415833],[-80.649727621557204,37.710489094350642],[-80.649717718904412,37.710457128099854],[-80.64970544376088,37.710417488986366],[-80.649706450648537,37.710202863628666],[-80.649696081432708,37.710015028953705],[-80.649697092879308,37.709800401792357],[-80.649697851725946,37.709639434571613],[-80.649630897179975,37.709514033640119],[-80.649602202872188,37.709492831101109],[-80.649485070776464,37.709406285122768],[-80.649305306643072,37.709334208385599],[-80.648979038257167,37.709297463698086],[-80.648382492637552,37.709286745909196],[-80.648101123005915,37.709276961678441],[-80.647876165248775,37.709240518968315],[-80.647550152110199,37.709150117601538],[-80.647336537406403,37.709095820868718],[-80.647251429368779,37.709010648341966],[-80.64724690823401,37.709006121854785],[-80.647247500540558,37.708880924336782],[-80.647236924604002,37.708737803797575],[-80.647215131244508,37.708585713901982],[-80.647182127417949,37.708424639341381],[-80.647137863940259,37.708263535577835],[-80.647093899767228,37.708039831683521],[-80.647083193597751,37.707923541527173],[-80.647106554315556,37.707744753225377],[-80.64720866861731,37.707575144479868],[-80.64734437712616,37.707441407228998],[-80.647479869951837,37.707352383282135],[-80.647750612026712,37.707227990398941],[-80.648010093600107,37.70710356417581],[-80.648134462472484,37.706987679955958],[-80.648191335169187,37.706862647622557],[-80.648248670319845,37.706639245405349],[-80.648260643798906,37.706487250066182],[-80.648216505905282,37.706299318916891],[-80.648161029923784,37.706129236316436],[-80.64803810377596,37.705941069962392],[-80.648002877515538,37.70589548185103],[-80.647892667410375,37.705752835355526],[-80.647713500565814,37.705555554983931],[-80.647534214422592,37.705385103895324],[-80.647298858056715,37.705169769797457],[-80.647159760923174,37.70502294505134],[-80.64705246261029,37.704909689857487],[-80.646873133692978,37.704748182431707],[-80.646761169525718,37.704622645880953],[-80.646660380045418,37.704515025116116],[-80.646642830735956,37.704508457705181],[-80.646491842629544,37.704451922510067],[-80.646233173139592,37.704406431683921],[-80.646007931051287,37.704432582897034],[-80.64584988539994,37.704530481375123],[-80.645725391688856,37.704673193679156],[-80.645397059046644,37.705074636548495],[-80.645091747577254,37.705368834415971],[-80.644910968997152,37.705511376404068],[-80.644437029824047,37.705760348680258],[-80.644132608538627,37.705866747236186],[-80.643907319652058,37.705901840886838],[-80.643670859066788,37.705919008931005],[-80.643513279499544,37.705918532613317],[-80.643367037090385,37.705900207975084],[-80.64323218166146,37.70585508139002],[-80.643097455012622,37.705783133241148],[-80.643007535808891,37.705756031118781],[-80.6429062330959,37.70575572616719],[-80.642759689586157,37.705799995479182],[-80.642398903218293,37.705924105673354],[-80.641947676883234,37.706128420871487],[-80.641552686474071,37.706341850107151],[-80.641327092179111,37.706439534397894],[-80.640921622248328,37.706491959198942],[-80.640426228049876,37.706517279402348],[-80.640178637227748,37.706507579290445],[-80.640009929005672,37.706480237124659],[-80.63989771541182,37.706408350458581],[-80.639729611309136,37.706255805009192],[-80.639505400974116,37.706067322094398],[-80.639325825746212,37.70595945870658],[-80.639101276125757,37.705842510787832],[-80.638662947159617,37.705707023302971],[-80.638033665749688,37.705490466534819],[-80.637752657945541,37.705409117428864],[-80.637617981002649,37.705328217472122],[-80.637539541442649,37.705256430548467],[-80.637438671690916,37.705166692203669],[-80.637169274922258,37.705013836088938],[-80.637034513244089,37.704950821208605],[-80.636730780942173,37.704914113825495],[-80.636449606582417,37.70486853131014],[-80.636090036370774,37.704742223675566],[-80.635910426723456,37.704643294370541],[-80.635798435247168,37.704526693069042],[-80.635781325042601,37.704471389546129],[-80.635754115705822,37.704383470815387],[-80.635664594866995,37.704275879095619],[-80.635634394115513,37.704257736625976],[-80.635529922262506,37.704194974958114],[-80.635282646601809,37.704122669032635],[-80.63500160884648,37.704050252674378],[-80.634619490911533,37.70393281465762],[-80.634372044730441,37.703896273804027],[-80.634146932060148,37.703895576449042],[-80.633674198776959,37.703894108722167],[-80.633359042904615,37.703893127380901],[-80.633201771748801,37.703830038124948],[-80.633112346846147,37.703704556954307],[-80.633051118103538,37.703578005254926],[-80.633034351953512,37.703543342875342],[-80.632911510219444,37.703346219817483],[-80.632743694385084,37.703140008144011],[-80.632620455724123,37.70302336697543],[-80.632485875871964,37.702924576338667],[-80.63232896315003,37.702789943891688],[-80.632138372890822,37.702637319260873],[-80.631932370015434,37.702382168487361],[-80.631646144827343,37.70202766181729],[-80.631639693162896,37.702015571939242],[-80.631579233176197,37.701902254289799],[-80.631523666793697,37.701758994360446],[-80.631457149536274,37.701553099127864],[-80.63137889814999,37.701445541147876],[-80.631244454559479,37.701319920482007],[-80.631147240760555,37.701255033347486],[-80.631109837573234,37.701230068443707],[-80.630997459791161,37.701193945694783],[-80.630817692604609,37.701130785549267],[-80.630649086599107,37.701085539796246],[-80.630458059059919,37.701022342027898],[-80.630244787889211,37.700905415255157],[-80.630188735006115,37.700860521731165],[-80.63017260515737,37.700812795232189],[-80.630155456906451,37.700762048781058],[-80.630201902727279,37.700476020901242],[-80.630180724049183,37.700207666033201],[-80.63012560478542,37.699974978529241],[-80.630059536208691,37.699679656476775],[-80.629993343905554,37.699411157606527],[-80.629859484314252,37.699169282541121],[-80.629851309981092,37.699161092621964],[-80.629725093012524,37.699034713657326],[-80.629590750071685,37.698891206266538],[-80.629456536647993,37.69872086919424],[-80.629415220950179,37.698666672088471],[-80.6293335330612,37.698559508411684],[-80.629188691820573,37.698263938167443],[-80.62909645922683,37.698115906336113],[-80.629088200303698,37.698102649712432],[-80.628965023651901,37.697977060935898],[-80.628785436390672,37.69787812439472],[-80.628549582637447,37.697779007645892],[-80.628426185385251,37.697698135371333],[-80.628353754538594,37.697603115872241],[-80.628303184564018,37.697536776207087],[-80.628247760528211,37.697366683356222],[-80.628248697101711,37.697178887553505],[-80.628249593577564,37.697000029223318],[-80.62818304826564,37.696803076733673],[-80.628082470409126,37.69665967134241],[-80.627925892774044,37.696462434702866],[-80.62785601100309,37.696400862333512],[-80.627845557762939,37.696391653786343],[-80.627813842334291,37.696363710649024],[-80.627644891163953,37.696390003611015],[-80.627611007537965,37.696422050720855],[-80.627475268700366,37.696550438510634],[-80.627271481047387,37.696791254093284],[-80.627135665528812,37.696942855035857],[-80.627044868070413,37.697094597307427],[-80.626965189352717,37.6972732046167],[-80.626772561977575,37.697531940628146],[-80.626625354794626,37.697710333936456],[-80.626399230027644,37.697915301572237],[-80.626038182202649,37.698093018228271],[-80.625745065119972,37.69819045869319],[-80.625305143904029,37.698385806947897],[-80.625022694018512,37.69859953862963],[-80.624796606066496,37.698795562957606],[-80.624660782980271,37.698947160053883],[-80.624626478240174,37.699054364257414],[-80.624693193012163,37.699215548970848],[-80.624827351296133,37.699394836064776],[-80.624904872372042,37.699645484212006],[-80.624903790962108,37.699860109355221],[-80.624823793149048,37.700101316054088],[-80.624744238810749,37.700253092226461],[-80.62460877368855,37.700333149007847],[-80.62437138360751,37.700538076770172],[-80.624258154843602,37.700671859310425],[-80.624223442412671,37.700859550920519],[-80.624233702257044,37.701056326140076],[-80.624265749137095,37.701173128986682],[-80.624277906246022,37.701217441099899],[-80.624468253375341,37.701414790880122],[-80.624613942077616,37.701540457749964],[-80.624793302622592,37.701684113992314],[-80.624860201476835,37.701809526210987],[-80.624833670884101,37.701871937378861],[-80.624814642564033,37.701916693708426],[-80.624656256717202,37.702077165523043],[-80.62442975108506,37.702353673811004],[-80.624214592939055,37.702612333607803],[-80.624078578733517,37.702799698616943],[-80.623953547153349,37.703040760109282],[-80.623771339639234,37.703460494572646],[-80.623622170150782,37.704023421300256],[-80.623519059586314,37.704380808548358],[-80.623360170182849,37.7046396454245],[-80.623190379215217,37.704826905040306],[-80.623054998063637,37.704889072419377],[-80.622908670055253,37.704888605439251],[-80.622717688208851,37.704816449606817],[-80.622470970889268,37.704636801730629],[-80.622100619616091,37.704420986061301],[-80.621741396682268,37.704232033926381],[-80.620696952123666,37.70377259022758],[-80.620258621491402,37.703645980072402],[-80.620078578134738,37.703636455293982],[-80.620021844586489,37.703725701585768],[-80.620010086737125,37.703824038502852],[-80.620008993319558,37.70403866337977],[-80.620018603245953,37.704360636034124],[-80.620006160472172,37.704593111216305],[-80.620027439374766,37.704834642567675],[-80.62005979169956,37.705111973469748],[-80.619991393599705,37.705281668218127],[-80.619866890396636,37.705415411867229],[-80.619686206485028,37.705531085486491],[-80.619415515703409,37.705637528046289],[-80.619200922027801,37.705779921350576],[-80.618997218408921,37.705993893424022],[-80.618758788126016,37.706395553977472],[-80.618611314982473,37.706618650150617],[-80.618474639782477,37.706931207417448],[-80.618450567609301,37.707235189552506],[-80.618483005560094,37.707494637756142],[-80.618581883547336,37.70796893183725],[-80.618590247107079,37.708022492470981],[-80.618626582823424,37.708255162988088],[-80.61863637549115,37.708317883945632],[-80.618634863230582,37.708612992416029],[-80.618588781276458,37.708818531285949],[-80.618475394182951,37.708979133795602],[-80.618328558236641,37.709077032383369],[-80.618114183117001,37.709174708447662],[-80.617922689967287,37.709200917041727],[-80.61766379113692,37.709200076890049],[-80.617427363832064,37.709208250274706],[-80.617247031422366,37.709252384473011],[-80.617122888116199,37.709314577840544],[-80.616953259421535,37.709466057732577],[-80.616806557825313,37.709572762638139],[-80.616659490258769,37.709679732961952],[-80.616376742086089,37.709938156455301],[-80.616195808862329,37.710098540542056],[-80.616127392756496,37.710268231916132],[-80.616126563524119,37.710429203027402],[-80.616132682572342,37.710462535179346],[-80.616159408662938,37.710608169744738],[-80.616170162502158,37.710706574929063],[-80.616135835440119,37.710813778140185],[-80.616033926302762,37.710929703358843],[-80.61581931086647,37.711072089360613],[-80.615446870973727,37.711258677959684],[-80.615187553384018,37.711338317879481],[-80.614984513594052,37.711418139212647],[-80.614725379024577,37.711462008562044],[-80.614455129754774,37.711479010231749],[-80.614241250333691,37.711478312455938],[-80.614106173141892,37.711477870431864],[-80.61391466703995,37.711504070644573],[-80.613689161618183,37.711574874988663],[-80.613486121855388,37.711654695535927],[-80.61315939920263,37.711707281033888],[-80.612967753769695,37.711760310911885],[-80.612820906270883,37.711858198922712],[-80.612561118199025,37.712027261362479],[-80.61227913790357,37.712133646641838],[-80.611760767077783,37.712239256682182],[-80.611366402278605,37.712309500411941],[-80.611005858858647,37.712370912327273],[-80.610769044352622,37.71245061673612],[-80.610475664765715,37.71258379171006],[-80.60982108129609,37.712903571118815],[-80.609279292016581,37.713179007596977],[-80.608816582817795,37.713401046070821],[-80.607913999232551,37.71378259079016],[-80.607361128119095,37.714022208700896],[-80.607124497905176,37.714066137138175],[-80.606685044228058,37.714145156077954],[-80.606189167224443,37.714250814769763],[-80.605783008227419,37.71441937315479],[-80.605319616867504,37.714766592748752],[-80.604686174220646,37.715336816716892],[-80.603951500988984,37.715888812138111],[-80.603341408206745,37.716298131775012],[-80.602641066027999,37.716742920484364],[-80.602110815950695,37.716955759074011],[-80.601919150390387,37.717008769927219],[-80.601603796472617,37.717034532741572],[-80.601378453268808,37.717069541153286],[-80.601242931344629,37.717149569642487],[-80.601027503596271,37.717435014213947],[-80.600767187214601,37.71769347655318],[-80.600315250092464,37.717996001905959],[-80.599830016846184,37.718208986365816],[-80.599333860137364,37.718359330882564],[-80.598792861808718,37.718473747921692],[-80.597811843862374,37.718765519856589],[-80.59702205671374,37.719084764505531],[-80.59655893386288,37.719369352058301],[-80.596139919383205,37.719824007104847],[-80.595754425492515,37.720323484994523],[-80.595584147130964,37.720582245294246],[-80.595481267499409,37.720868064615189],[-80.595231645080361,37.72122492294185],[-80.594824205629038,37.721617008495258],[-80.594247990583185,37.721990626817963],[-80.593604463458135,37.722319298147383],[-80.59283733337746,37.722602822484589],[-80.592454155883061,37.722673038593534],[-80.591834406776613,37.722769269833343],[-80.591274883545339,37.722827128039128],[-80.591248628206102,37.722829838333553],[-80.591202520152564,37.722839085606701],[-80.590854140375143,37.722908955684865],[-80.59059455933415,37.723024313040021],[-80.590300704756174,37.723228978543219],[-80.590040135965438,37.723523188682037],[-80.589938659521593,37.723549664645958],[-80.589713490848808,37.723548880322362],[-80.589420671830908,37.723565746807445],[-80.589240338882661,37.723600886865555],[-80.588721756190807,37.723724280324518],[-80.588485229431072,37.723741341754774],[-80.588237739845184,37.723704705749505],[-80.588139716277936,37.723639237088946],[-80.588103130431861,37.723614806801002],[-80.588036276727735,37.7234893726392],[-80.58802590742313,37.723328365791744],[-80.588027145706221,37.723104796061712],[-80.587994858396357,37.722836397954566],[-80.587872800979525,37.722514028262538],[-80.587750343568175,37.722263200740016],[-80.587747588345039,37.722259745333403],[-80.587571453205896,37.722039001861091],[-80.587501596857948,37.721953099871271],[-80.587403719629933,37.721832730383746],[-80.587261420197976,37.72167165821422],[-80.587213519993583,37.721617436137151],[-80.58700080945377,37.7214020609185],[-80.586799204796165,37.721213557637896],[-80.586559433649313,37.720912527411564],[-80.586542054549426,37.72089071023521],[-80.586351862092613,37.720675410995604],[-80.586273649493748,37.720567826368502],[-80.586251882695095,37.720433606393023],[-80.586230265208968,37.720272556233432],[-80.586185974447034,37.720138259889765],[-80.586148335883109,37.720060360376259],[-80.5861080646131,37.719977013901413],[-80.58604131475461,37.719833692977737],[-80.586029428629999,37.719765456838083],[-80.586019495407754,37.719708415726721],[-80.586020788170345,37.719475906724284],[-80.586078869386313,37.719154164723925],[-80.58620399767679,37.718922092210185],[-80.586351047635858,37.718797408486509],[-80.586599510441445,37.718655193383029],[-80.586870340113592,37.718539886839764],[-80.587208917802002,37.718389042314918],[-80.587514065541299,37.718175480868076],[-80.587672865227063,37.717961410484065],[-80.587753055916721,37.717711286841222],[-80.587777599513345,37.717344717165005],[-80.587689076864692,37.717067179112114],[-80.587577294992954,37.716923699689801],[-80.587307856723328,37.716788614978398],[-80.586824235847089,37.716706432563036],[-80.586542797871815,37.716705447725467],[-80.586317303073955,37.716767255719652],[-80.586080250655101,37.716882682335516],[-80.586061218862241,37.716889320491646],[-80.585877215813539,37.71695351310877],[-80.58571976222251,37.716926128321383],[-80.58550631855968,37.716844894974983],[-80.58528166652016,37.716754677042189],[-80.585124613653662,37.716655750000797],[-80.584967605414633,37.716547880836472],[-80.584743406405238,37.716377180332501],[-80.584586501436746,37.716251425979678],[-80.584384668129147,37.716107631606825],[-80.584126500679204,37.715972574851349],[-80.583845764743302,37.715846382645594],[-80.583564834065228,37.715755964577632],[-80.583317423612087,37.715710375569792],[-80.582923517997642,37.715691095912426],[-80.582551980268917,37.715698724858946],[-80.582236671350913,37.715715494860866],[-80.581966499233459,37.71571453902645],[-80.581662401816232,37.715740286610384],[-80.581189241621431,37.715801205759014],[-80.58044585991675,37.715870105579953],[-80.580254482494226,37.715869425291501],[-80.580131107258921,37.715788499243601],[-80.580030448999906,37.715671884807243],[-80.579986605955568,37.715543741922545],[-80.579886477259976,37.715251054911199],[-80.579809847589047,37.714866238529638],[-80.579743771025647,37.714606660413175],[-80.579699650230623,37.7144455323253],[-80.579588645656003,37.714167906184507],[-80.579489351600344,37.713809839436649],[-80.579433523232936,37.713729150832762],[-80.579387157555232,37.713691987729597],[-80.579321458942331,37.713639321291645],[-80.579186884154197,37.713549414906311],[-80.5790634093226,37.713486374216167],[-80.578816363586142,37.713378178053368],[-80.578535647658285,37.713251973264306],[-80.578423687627208,37.713144259994138],[-80.578379623499714,37.712974184102407],[-80.578375800792685,37.712928791278429],[-80.578369077052344,37.712848949242904],[-80.578404011079925,37.712643385732626],[-80.578494975003451,37.712482740109358],[-80.578631173200634,37.712286482373798],[-80.57873334582662,37.712134819588918],[-80.578733952221185,37.71202750784078],[-80.57858827729612,37.711910730362661],[-80.578584438240526,37.711908677836966],[-80.578318923155948,37.711766681498638],[-80.578128370948818,37.711622913105657],[-80.577952239736092,37.711481718842585],[-80.577926665290278,37.711461220324516],[-80.57780370464873,37.711308749470376],[-80.577714973648384,37.71107591519015],[-80.577682520824197,37.710843286035264],[-80.577683636235662,37.710646544510773],[-80.577650578032305,37.710521227102788],[-80.577561337364827,37.710377820641249],[-80.577460864657752,37.710302644063844],[-80.577393201735006,37.710252017309919],[-80.57715716936076,37.710188573815032],[-80.576752397648505,37.710106631971755],[-80.576538727865611,37.710070092844617],[-80.57635923629752,37.709962137716836],[-80.576213566890942,37.709845353697155],[-80.576133962885251,37.709725473905941],[-80.576129203574268,37.70971830205233],[-80.576124282246681,37.70971089256674],[-80.576125065270475,37.709697909945078],[-80.576136707999254,37.709505247808984],[-80.576239542684689,37.709237329856542],[-80.576421323953667,37.708942870106988],[-80.576648026218209,37.70866645732174],[-80.576807139364732,37.708398737281769],[-80.576864844492221,37.708148545403901],[-80.576866114492361,37.707924975410904],[-80.576861238471565,37.70781083439006],[-80.576856176831868,37.70769242851496],[-80.576778966834567,37.707414919836786],[-80.576668490943575,37.707047865436202],[-80.576590614091117,37.70688661390389],[-80.576411533878698,37.70670711281722],[-80.576187180424242,37.706572160949491],[-80.575884288316217,37.706392217566204],[-80.575491610715162,37.706167232555899],[-80.575278567528926,37.706023376690155],[-80.575020272392692,37.705862267249259],[-80.574975732063621,37.705834488186163],[-80.574729534086217,37.705583196889513],[-80.574696739667942,37.705413165489766],[-80.574698016055336,37.705189595455636],[-80.574710397161923,37.704992896227729],[-80.574745339627654,37.704787338982484],[-80.574746362635693,37.70460848384436],[-80.574713256351103,37.704492105612829],[-80.574669155666399,37.704330973677841],[-80.574647409752544,37.704196751328702],[-80.574637379485281,37.703982087054278],[-80.574593329227795,37.703812013173675],[-80.574504820335434,37.703543408683011],[-80.574416718850941,37.703203261677267],[-80.574339315638994,37.70296152158172],[-80.574287537897789,37.70217436239087],[-80.574278326080815,37.701816611318932],[-80.574223737584859,37.70152129822219],[-80.574168486744227,37.70134224068191],[-80.574169511011405,37.701163385452439],[-80.574215350188609,37.701020466722397],[-80.574283799522931,37.700859740915796],[-80.574329690580143,37.700707875722586],[-80.574285436052151,37.700573573773511],[-80.574241600543829,37.700534031004317],[-80.574195857849517,37.700492762496047],[-80.574005393478402,37.700340048185232],[-80.573893610599256,37.700205499398713],[-80.573849303687695,37.700080140081091],[-80.573849180383519,37.700076117001032],[-80.573839792654425,37.699776044833364],[-80.573841891552263,37.699409394175568],[-80.573979970054367,37.698882261846279],[-80.574072155440717,37.698506994469817],[-80.574197391444713,37.698257044686663],[-80.574378742272302,37.698034127207023],[-80.574593756136025,37.697829218682834],[-80.57473069796329,37.697498822650509],[-80.574879662490929,37.697034329319557],[-80.574971944230228,37.696641171850267],[-80.575007902781394,37.696256757003454],[-80.575068310312147,37.695532601627974],[-80.575138488775636,37.695067821162226],[-80.575184423148372,37.694907015333257],[-80.57554955167781,37.694031922257835],[-80.575755230484376,37.693487149116756],[-80.575892671736355,37.693067325917774],[-80.575950367566762,37.692817131981172],[-80.576053789118916,37.692441902130795],[-80.576123349740101,37.692084435566031],[-80.576091218475497,37.691798145672387],[-80.575981735907007,37.691261177964336],[-80.575938909739435,37.690876480958636],[-80.575939927100393,37.690697625361629],[-80.575963505948863,37.690509908780946],[-80.57607736654559,37.690277802629012],[-80.576281605069425,37.689983420963891],[-80.576474387350245,37.689724768018422],[-80.576611462656643,37.689367542543657],[-80.576726028770054,37.689010236996396],[-80.576851440583823,37.688724514320896],[-80.576988153228442,37.688429889021201],[-80.577248348021342,37.688189361641101],[-80.577452320165605,37.687939692828522],[-80.577599732156173,37.687743476447842],[-80.577668109889814,37.687591689222025],[-80.577942593286608,37.686814638703822],[-80.578125981566544,37.686225064915988],[-80.578228726667589,37.685966084069364],[-80.578467463615695,37.68553767918791],[-80.57864887043597,37.685296867819432],[-80.57885278727899,37.685056137448655],[-80.579135466244949,37.684815688719326],[-80.579215349073905,37.684619230079655],[-80.579226251174973,37.684501247636845],[-80.579239316069206,37.68435996986328],[-80.579240729388331,37.684109573085706],[-80.579208085205948,37.683912713799707],[-80.579142135984171,37.683635246671699],[-80.578953627312728,37.683142714921033],[-80.578753611324814,37.682694853231226],[-80.57842151069076,37.681727829226439],[-80.578333114699348,37.681441339192354],[-80.578277663614173,37.681298055258786],[-80.578210605010952,37.681217326437675],[-80.578087491655097,37.681100629470507],[-80.577952973408401,37.681010719728654],[-80.577931026425162,37.680912271535995],[-80.577974073435726,37.680837890775365],[-80.577987844412377,37.680814098900647],[-80.578101123092239,37.680680361542336],[-80.578259462596662,37.680537843094818],[-80.578372841604462,37.680386217974615],[-80.578475776583701,37.680091468820507],[-80.578544151029391,37.679939681758455],[-80.578646374329651,37.679770129538234],[-80.57877085727209,37.67964537636329],[-80.578884235007251,37.6794937498168],[-80.578986160478991,37.679377856181262],[-80.579144689642362,37.679199565976198],[-80.579314529497552,37.679012368363395],[-80.579506818269593,37.678834194467186],[-80.579654148215354,37.678646920597927],[-80.57986924363405,37.678415168311396],[-80.580084232346209,37.67820130490184],[-80.580276669434198,37.677996304764463],[-80.580378944398561,37.677817809027118],[-80.580470111497334,37.677612442792558],[-80.580527830982774,37.677353304753126],[-80.580597853129902,37.676906403186422],[-80.580644674704331,37.676584625989243],[-80.580749159770264,37.676012652474832],[-80.580818072408277,37.675762491630067],[-80.580931892668005,37.675530381779609],[-80.581000303602764,37.675369650251099],[-80.581193335114619,37.675057335112022],[-80.581307003510346,37.674852049822405],[-80.581477225238459,37.674593309609961],[-80.581613292898282,37.674405988654811],[-80.58174910772469,37.674263386317953],[-80.581794867427661,37.674129404865816],[-80.58181821948412,37.673977455171716],[-80.581819423995213,37.673762828401728],[-80.581821180560681,37.673449829287236],[-80.581844639469125,37.673280001087278],[-80.582015306029888,37.672940774264397],[-80.582049661888092,37.672833581375947],[-80.582050865688018,37.67261895365656],[-80.582052819570947,37.672270183024501],[-80.582055527988189,37.671787277583661],[-80.582089884390228,37.671680081959046],[-80.582169938800732,37.671447849281002],[-80.58228334939416,37.671287279892034],[-80.582464613138498,37.67106434572927],[-80.58261242101986,37.670787638253934],[-80.582703877028706,37.670528617299347],[-80.582682331889842,37.67035862510248],[-80.582581777036481,37.670233067609452],[-80.582578625408132,37.670230721098065],[-80.582424919825826,37.670116255555932],[-80.582155711971666,37.669972211699459],[-80.581897405550578,37.669890809864192],[-80.58154914727875,37.669800148032394],[-80.581346943674191,37.669745775846167],[-80.580819133529644,37.669573979825984],[-80.580212672574916,37.669384021772494],[-80.579999321506236,37.669311719716255],[-80.579707015335302,37.669274906317959],[-80.579482109672952,37.669256220401806],[-80.57920130911171,37.66917472976121],[-80.579055461785131,37.669102667710611],[-80.578864913174726,37.668976784026846],[-80.578641071541313,37.668770297331733],[-80.578428380241817,37.668581737948493],[-80.578239106006578,37.668232285347429],[-80.578105669204149,37.667954577410214],[-80.578039687015149,37.667686052788447],[-80.577834613090161,37.667168609875489],[-80.577773488875764,37.667014379101261],[-80.57775179827081,37.666871214545573],[-80.57775260888215,37.666728129634521],[-80.577832421469125,37.666540610480595],[-80.578013885865531,37.666281918730412],[-80.578150402364358,37.666014112980207],[-80.578207867498719,37.665799690789015],[-80.578243031662055,37.665549414833379],[-80.578179028174731,37.664932121117857],[-80.578158248336408,37.664627988585899],[-80.578136963681146,37.664413281108523],[-80.57809318218122,37.664198492251948],[-80.577982461477305,37.663885093059172],[-80.577870976387217,37.663705834050397],[-80.577748093742315,37.663553363280499],[-80.577719962534331,37.663534556258988],[-80.577546364896889,37.663418496118204],[-80.577232245685806,37.663265344245524],[-80.577030418218868,37.6631483592409],[-80.5768848847773,37.663022638193446],[-80.576818101179157,37.662897195913175],[-80.576811948930569,37.662835119599322],[-80.576807457595194,37.662789841123072],[-80.576766220619689,37.662127916414121],[-80.576745702240231,37.661779067381147],[-80.576701465801634,37.661644764664558],[-80.576567392769689,37.661483310316356],[-80.576555368905389,37.661469946313687],[-80.57642207113615,37.661321815420045],[-80.576220802575421,37.661106460138768],[-80.575952509630412,37.660810377904994],[-80.575739845445966,37.660621810885807],[-80.575538638447313,37.66039751339499],[-80.575356925279081,37.660197938169745],[-80.575326230058153,37.660164232174594],[-80.575169715658319,37.65999375145995],[-80.574999618859593,37.659875888454778],[-80.574923211483451,37.659822947181141],[-80.574732694589429,37.659697062221937],[-80.574497132799067,37.659579953924762],[-80.574251914673383,37.65944870439774],[-80.574227979423753,37.659435892945709],[-80.574176517880332,37.659406977102329],[-80.57400371922111,37.659309883202305],[-80.573858202896275,37.659184156629024],[-80.573816029045901,37.659090640282479],[-80.573813766410083,37.65908562428514],[-80.573668507681134,37.6589151813264],[-80.573613360369166,37.65888041125794],[-80.573511585882656,37.658816243165717],[-80.573377010845107,37.658744209377737],[-80.573276489473685,37.65861864660701],[-80.573269553574534,37.658575801746927],[-80.573254762014471,37.658484423971046],[-80.573267031080547,37.658305608137454],[-80.573347512095935,37.658001838946561],[-80.573461841783768,37.657680306870283],[-80.573530408899586,37.657492749679868],[-80.573509240586631,37.657260157254022],[-80.573454789526025,37.656946957848142],[-80.573388778912303,37.656687372244846],[-80.573357388494259,37.656275883413308],[-80.573381062203609,37.656070277765743],[-80.573484136968474,37.655748704850453],[-80.573586447100922,37.65556127406758],[-80.57366630789916,37.655364817192684],[-80.57368962479903,37.655221812487355],[-80.573612114317214,37.655006902484004],[-80.573512109043733,37.654791908393058],[-80.573428108979655,37.654661057780544],[-80.573333725404865,37.654514033822046],[-80.57327130977194,37.654343220181666],[-80.573189756264895,37.65412002097802],[-80.573168385117455,37.653923198979328],[-80.573169407779559,37.65374434052066],[-80.573204022007872,37.653592436390461],[-80.573272121887769,37.653485371403328],[-80.573396924219352,37.653298016659953],[-80.57353333182796,37.653048109494591],[-80.573715492399216,37.65266421702448],[-80.573829045492701,37.652476825647398],[-80.573942798991666,37.652253661714241],[-80.574056808326247,37.651985785058208],[-80.574204150408306,37.651789570422125],[-80.574328743317466,37.651637990643394],[-80.574543317264713,37.651486736186442],[-80.5746564561654,37.651370883403658],[-80.574679764172529,37.651227879267573],[-80.574659576615588,37.651181344353624],[-80.574602051970516,37.651048738611777],[-80.574576860180656,37.651003681856572],[-80.57450184379249,37.650869518564292],[-80.574438359145077,37.650797093355209],[-80.574289521108071,37.650627291516287],[-80.573932155893189,37.650178854248267],[-80.573641413811814,37.649882686150463],[-80.573417487836821,37.649703017054449],[-80.57328298154404,37.649622042071279],[-80.57309264692303,37.649469323965995],[-80.572925012651879,37.649280915455279],[-80.572768578737993,37.649101488532736],[-80.572578402517664,37.648921940953493],[-80.572332501363718,37.648652760358516],[-80.572164718067015,37.648491180323866],[-80.57185098179643,37.648284355979811],[-80.571581715523024,37.648167114900865],[-80.571278711962307,37.648049755112822],[-80.571054234830314,37.647968453283085],[-80.570739833644907,37.647877878079285],[-80.570571538393594,37.647805722817751],[-80.570425894491706,37.647706822388521],[-80.570325237136416,37.647608082933267],[-80.57025264338742,37.647419530890282],[-80.570226318603787,37.647690784473035],[-80.570225600562779,37.647815985755223],[-80.570157345813769,37.647949880440585],[-80.569987558031642,37.648137061651575],[-80.569615161367835,37.648350338236249],[-80.569276561656324,37.648554789457521],[-80.569006012200958,37.648661116370462],[-80.56883704479462,37.648705216991907],[-80.568656832211232,37.648749271747697],[-80.568487709194073,37.648820197801321],[-80.568205650360156,37.648971195211388],[-80.567325985443119,37.64937934699806],[-80.566762272175879,37.649609796984031],[-80.56639048974894,37.649715746041913],[-80.566086500773679,37.64976828580135],[-80.565715079997815,37.649811635290831],[-80.565523665318352,37.649846703638438],[-80.565320691437918,37.649935383876581],[-80.56492536818314,37.650220100174394],[-80.56440547878249,37.650647445178087],[-80.564224425092561,37.650834581765068],[-80.564065495284495,37.651084394063787],[-80.56400831610604,37.651245157004695],[-80.563961861462801,37.651495388388547],[-80.563915825990037,37.651674077687211],[-80.563858177596799,37.651915321863434],[-80.563654044888153,37.652200745882404],[-80.563540680649268,37.652352355860131],[-80.563190480624044,37.652610406638559],[-80.562976146036533,37.65271692773171],[-80.562840702142509,37.652796909826478],[-80.562570230841189,37.652885338711819],[-80.562288248549848,37.653018437764615],[-80.562085682329055,37.653035572088207],[-80.561860571052449,37.653061565390999],[-80.561747671453034,37.653132692299444],[-80.561465475297993,37.653301556313203],[-80.56110417812819,37.653532728590839],[-80.56081078363475,37.653692612604644],[-80.560179425212411,37.653940663278568],[-80.560055173663415,37.654029628735557],[-80.559829422979121,37.654162930662118],[-80.559535916522279,37.654340694468829],[-80.559208935405039,37.654473618070469],[-80.558921605556577,37.654599126816223],[-80.558904444882003,37.654606623958507],[-80.558882342394867,37.654635599486141],[-80.558786419961621,37.654761361112406],[-80.55876840996973,37.654784974553252],[-80.558759569619326,37.654936494845323],[-80.558755889460215,37.654999560185438],[-80.558777272335746,37.655187441651584],[-80.558864190682328,37.655706456768179],[-80.558885312873912,37.655939054298386],[-80.55883947406079,37.656081969057247],[-80.55870348919585,37.656251376657679],[-80.558522722974217,37.656384846992857],[-80.55826321825937,37.656518018611237],[-80.558015169706394,37.656615462164908],[-80.557654006085883,37.656819795016268],[-80.557484591259424,37.656935420198813],[-80.557224550574063,37.657158018030287],[-80.55698721686278,37.657344928345964],[-80.556580252516284,37.6576832316318],[-80.556354062243884,37.657888070442809],[-80.556117093322555,37.658012378985653],[-80.555947938603694,37.658083284943551],[-80.555294617435081,37.658232852912853],[-80.55504672395962,37.658303466110716],[-80.554911153527627,37.658401325501835],[-80.554628226358986,37.658686431611208],[-80.554447075113345,37.658882495504898],[-80.55427743455563,37.659033880149742],[-80.553588215659403,37.65954102220207],[-80.553350865242876,37.659727927723345],[-80.553090268667503,37.660039942845145],[-80.552863790071413,37.660289488980652],[-80.552693875908631,37.660485589997975],[-80.552284830669606,37.661163701527755],[-80.552079984538125,37.661556414215383],[-80.552045271996661,37.661717255395807],[-80.552089514294877,37.661842624223453],[-80.552223536938669,37.662004106061858],[-80.552267890512113,37.66211159185621],[-80.552244478856579,37.662263530227861],[-80.552175963530132,37.662433187052962],[-80.552096467219059,37.662558086919503],[-80.552005828801697,37.662665054720343],[-80.551993718366077,37.662808100115669],[-80.551969819910681,37.663040523045694],[-80.551889838745112,37.66324591099999],[-80.55178741543169,37.663442261561045],[-80.551651453651147,37.663602723198643],[-80.55150429901262,37.663754193666286],[-80.551310313160158,37.664209544689804],[-80.551206054001099,37.664709951983433],[-80.551204006773119,37.665049776990323],[-80.551325436548055,37.665434786025173],[-80.551470283184315,37.665667853212739],[-80.551503438400346,37.665766351805992],[-80.55146915308633,37.665855650014301],[-80.551356117654521,37.665944651405034],[-80.551141564021989,37.66607797708815],[-80.550938098982215,37.666238176408932],[-80.550745939146637,37.666389475395079],[-80.550338731643521,37.666754583708759],[-80.550146730052944,37.666879053193718],[-80.549863807424174,37.667155202514088],[-80.549750174971777,37.667342573446803],[-80.549704201124214,37.667503368969882],[-80.549702904398472,37.667717995955336],[-80.549701987022431,37.667870021337407],[-80.549644928086948,37.668003947201484],[-80.549520203492222,37.668164445524987],[-80.549407001170621,37.668280270757776],[-80.54903396376227,37.668573961575191],[-80.548525269992226,37.668974448402693],[-80.548072659860026,37.66940197248578],[-80.547936627154968,37.669571370587143],[-80.547913042555024,37.669750138111503],[-80.547919742099353,37.669848768774294],[-80.547923370753907,37.669902207422552],[-80.547956251885594,37.670045419235414],[-80.548044682727962,37.670305105105015],[-80.548111206231894,37.670466330031608],[-80.548222789773718,37.670618789899855],[-80.548319216535617,37.670899968719439],[-80.548333342847101,37.670941157867233],[-80.548344053709059,37.67103062827551],[-80.548343346846721,37.671146883145731],[-80.54832019630274,37.671254109938843],[-80.548285903447407,37.671343408896249],[-80.548138996561704,37.671450160715231],[-80.547812078332342,37.671556223246469],[-80.54763196338854,37.671573417726449],[-80.547384502641435,37.671563527130381],[-80.547215963148091,37.67152710902873],[-80.54709236648533,37.6714998063024],[-80.546890129652752,37.671454316207004],[-80.546710175691857,37.671444679010989],[-80.54651886225632,37.671452887527309],[-80.546079653987206,37.67152274044728],[-80.545820565993438,37.67157540121331],[-80.545234663052355,37.671716230222707],[-80.544941768222884,37.671777698119911],[-80.544738710216237,37.671866344772887],[-80.544557717079996,37.672026621393272],[-80.544421394844278,37.672240723035308],[-80.544352689444111,37.672437202401298],[-80.54429501235694,37.672669496432967],[-80.544271308591817,37.672866147798672],[-80.544213796122861,37.673071616037689],[-80.544122695795608,37.673250124446106],[-80.543974848842169,37.673508894290727],[-80.54373600483504,37.673928289076535],[-80.543429052199542,37.67444578934785],[-80.543224069789204,37.674847426246458],[-80.543133237916891,37.674981219756489],[-80.543053768877328,37.675097172075098],[-80.542850096058402,37.675284180840052],[-80.542702898047224,37.67543564245554],[-80.542555042867008,37.675694415776292],[-80.542384734388577,37.675944155154667],[-80.542079141390019,37.67623808689099],[-80.541999499931848,37.676380862348267],[-80.541942255572707,37.676541613477696],[-80.541963712756242,37.676711609662426],[-80.541973918523411,37.676881567551582],[-80.541995380382971,37.677051567344705],[-80.541994940606529,37.677123107077968],[-80.541915186899615,37.677283771659056],[-80.541632087412694,37.677577788614116],[-80.541405736964407,37.67779153839497],[-80.541269782698592,37.67794303644844],[-80.541178943489712,37.678076830138117],[-80.541178450101299,37.678157313562856],[-80.541222851010886,37.678255860369021],[-80.541357095967967,37.678381579319286],[-80.541434867088839,37.67854285692038],[-80.541479104596263,37.678668229332693],[-80.541500616310245,37.678829284538722],[-80.54149934594021,37.679034965343973],[-80.541442104053701,37.679195719765261],[-80.541306144990159,37.679347219602114],[-80.541158938042699,37.679498674615537],[-80.540966776861552,37.679641015970276],[-80.540740748973917,37.679801106651112],[-80.540627402674389,37.679934807711213],[-80.540604127891839,37.680059917435123],[-80.5406145492517,37.68019410412672],[-80.540829343306527,37.680471748567435],[-80.54087130317869,37.680525990923741],[-80.54094740217262,37.680606188402692],[-80.541050178620921,37.680714488616452],[-80.541161650356827,37.680884838690609],[-80.541363138317038,37.681055538752901],[-80.541609365140488,37.681271124722699],[-80.541900377559145,37.681522657092572],[-80.542179919885939,37.681809915355693],[-80.542459406033529,37.68210611574068],[-80.542660685188693,37.682312583897961],[-80.542884354707169,37.682537021811854],[-80.543090121585138,37.682669164809305],[-80.543276648834976,37.682788944186584],[-80.543669821021325,37.682897784099019],[-80.544096858806085,37.682988863998041],[-80.544299015694335,37.683052246386339],[-80.544602172513933,37.683160731728321],[-80.544860046085347,37.68331375748761],[-80.54513955080499,37.683609951560193],[-80.545564472404379,37.684049792634646],[-80.546045164846149,37.684570333924093],[-80.546245694498879,37.684901992439961],[-80.546347933019703,37.685143299865409],[-80.54638990546151,37.685242377898469],[-80.546444808931213,37.685466163341708],[-80.546432522592326,37.685636031414148],[-80.546397840611021,37.685787923722685],[-80.546261064466918,37.686073571946991],[-80.546056988926594,37.686323188940243],[-80.545875689397164,37.68652818005183],[-80.545649269024551,37.68675088035026],[-80.545479819540205,37.686857540734884],[-80.545333204256892,37.686910633588688],[-80.545096458908162,37.686981261025991],[-80.544893357189267,37.687069906538852],[-80.544678678466411,37.687212164122279],[-80.54439599044845,37.68743464741533],[-80.54418097794003,37.68763055900412],[-80.544044846861425,37.687808890099582],[-80.543953236036344,37.688067882028953],[-80.543907018511703,37.688264446629205],[-80.543950606390766,37.688497130540142],[-80.544016865310638,37.688703077592741],[-80.544016261893447,37.688801445568238],[-80.543981244884904,37.689006995579952],[-80.543980533029128,37.689123249131988],[-80.544035866607146,37.689275494100585],[-80.544050061701483,37.689330993424022],[-80.544090820587783,37.689490337671799],[-80.544291028468265,37.689875653297463],[-80.544491566567373,37.690207318154009],[-80.544714937060249,37.690485409211384],[-80.544893350681889,37.690754384246958],[-80.544949995428155,37.690985272167943],[-80.544959230510003,37.691022929325769],[-80.544968792440514,37.691300193746684],[-80.544989496567609,37.691595388943739],[-80.544965950874925,37.691765215935234],[-80.544942677211964,37.691890324476617],[-80.54491902315786,37.692078034320438],[-80.544929401382092,37.692221161410394],[-80.54495103458737,37.692364333730595],[-80.544995229095662,37.692498645595677],[-80.545016918290059,37.692632873315404],[-80.545038662210914,37.692758156441357],[-80.545065851910849,37.692884164508861],[-80.545071491640783,37.692910314017247],[-80.54516037575668,37.693098456177012],[-80.545282581905198,37.693358270719081],[-80.545328499205269,37.69349465943764],[-80.545382065884397,37.693653768603596],[-80.545436968860159,37.693877554204505],[-80.545457951796891,37.694128038910321],[-80.545445825362847,37.694271077356994],[-80.545377479433583,37.694404954273061],[-80.545230194856259,37.694565360225525],[-80.544924476648461,37.694868240747944],[-80.544754573522269,37.695046442077533],[-80.544596086781084,37.695197860072945],[-80.544505340459239,37.695313766665841],[-80.544515613407484,37.695474777486098],[-80.54457106207694,37.695609135616799],[-80.544615147215026,37.695761336718441],[-80.544647924631548,37.695922434421945],[-80.544702993345084,37.696119389242781],[-80.544791937208458,37.696298590629269],[-80.544914530951488,37.69649580959647],[-80.545003689840541,37.696639238784783],[-80.545036632403935,37.6967735089301],[-80.545013526792928,37.696871795365951],[-80.544933977791771,37.696996685741453],[-80.544786688236485,37.697157087429147],[-80.544684959795418,37.697228240383019],[-80.544413538258254,37.697441820150672],[-80.54433421223122,37.697530940817536],[-80.544254826705526,37.69762900869371],[-80.544153425656532,37.69764650271663],[-80.54390538805346,37.697717087492776],[-80.543679750775979,37.697805643505966],[-80.54340871269774,37.697956624205489],[-80.543193884163941,37.698116761423286],[-80.543091716105138,37.698259452468925],[-80.543034567697489,37.698402319698168],[-80.543033580803012,37.69856328601886],[-80.543054548883831,37.698813768174716],[-80.543064377700048,37.699046323884915],[-80.543052242368375,37.699189361917874],[-80.542983345342577,37.699412666826703],[-80.54289242772488,37.699555399463804],[-80.542824074511046,37.699689279233851],[-80.542766647585907,37.699876856529258],[-80.542731620466796,37.700082406624581],[-80.542697140231311,37.700198529890372],[-80.542639713687521,37.700386111614051],[-80.542570972336065,37.700582586984652],[-80.54250217904864,37.700788006891315],[-80.542478350919794,37.70100254060555],[-80.542499764224999,37.701181481527847],[-80.542542971285059,37.701476764852707],[-80.542598091047225,37.701664779487494],[-80.542597048130986,37.701834690279512],[-80.542573272566813,37.702040285704761],[-80.542493440173942,37.702209890805776],[-80.542379900937277,37.702370422055168],[-80.542221335251924,37.702530779290768],[-80.541780512742676,37.7028331238294],[-80.541452565948035,37.703082250543218],[-80.541271546622539,37.703233574369726],[-80.541124178203518,37.703402914832509],[-80.540965169808061,37.703634812436952],[-80.540817249351335,37.703893578322173],[-80.540725492058769,37.704170451439957],[-80.540667673371019,37.704420626857221],[-80.540609294402998,37.704760228008489],[-80.540608413530265,37.704903313991593],[-80.540629875174162,37.705073308734249],[-80.540662871981709,37.70519864074069],[-80.540662320109362,37.705288063835887],[-80.54060537549735,37.705395158585816],[-80.540503579972423,37.705475246900818],[-80.540277637793764,37.705608508096226],[-80.540006449230276,37.705777367846601],[-80.539757717027101,37.705955253991284],[-80.539588000714204,37.706097676277729],[-80.539485700591598,37.706258249389847],[-80.539337273792867,37.706597499856066],[-80.53918906143619,37.706900979061821],[-80.539120530849431,37.707061682001807],[-80.538938609503717,37.707356086125294],[-80.538733949366957,37.707686171076006],[-80.538473009927344,37.708016034463952],[-80.538020323702199,37.708407750497749],[-80.537737309218883,37.708665984657316],[-80.537431837992855,37.708915187953551],[-80.537160413010355,37.709119806551456],[-80.536923082708185,37.709270904224503],[-80.53667416554633,37.709475610982977],[-80.536481531382663,37.709680542989993],[-80.536345060215936,37.709903577872375],[-80.536208535894275,37.710135555343456],[-80.536105778032876,37.710367665504094],[-80.536071003780251,37.710528501163473],[-80.536058468307061,37.710734137342108],[-80.536023973706207,37.710850258350085],[-80.535887835890406,37.711019639777575],[-80.535751976440253,37.711144302807504],[-80.535514246062547,37.71135799674299],[-80.535400958003919,37.711473804411732],[-80.535343667115043,37.711634551091556],[-80.535274510553165,37.711893622666267],[-80.53522886910072,37.711991815353258],[-80.535001611209907,37.712330748269807],[-80.534865187728514,37.712544836737543],[-80.534807622094931,37.712750297749857],[-80.534750387111643,37.712902099556892],[-80.534670805802932,37.713026984253545],[-80.534534604957656,37.713205304946989],[-80.534466113203834,37.713357063963024],[-80.534397509254575,37.713526707511583],[-80.534294070426114,37.713866129666847],[-80.534236775260922,37.714026874814245],[-80.534156748497324,37.714223300150167],[-80.533952105171863,37.714544434318597],[-80.53382659669245,37.714812223283872],[-80.533769358076597,37.714964025439066],[-80.533768350537315,37.715124992898943],[-80.533789912424112,37.715277107546783],[-80.533822897508898,37.71540243938383],[-80.533900185909175,37.715644202107981],[-80.533943761022584,37.715876886748362],[-80.533953837489832,37.716064725969723],[-80.533952943463959,37.71620781064204],[-80.533895816041223,37.716341729150457],[-80.533793490522342,37.716502294170681],[-80.53363471240408,37.716689464668406],[-80.533476266530457,37.716822980329582],[-80.533264698651266,37.716965589870888],[-80.533159714301249,37.71703635551571],[-80.53296744030267,37.717178680381814],[-80.532960817133443,37.71718541769372],[-80.532774828590163,37.717374662218042],[-80.532660904535433,37.717588840679142],[-80.532478876522404,37.717892172197985],[-80.532150043481153,37.718266469065782],[-80.531855601721659,37.718542531781267],[-80.531062833774811,37.719290580968675],[-80.530836663465564,37.719450651546516],[-80.530632782329405,37.719646581323978],[-80.530428445124457,37.719914051619789],[-80.530235593716,37.720145800022202],[-80.529997765486698,37.720368423144947],[-80.529692333169663,37.72059971905297],[-80.529488728662727,37.720750935864068],[-80.529126548581061,37.721053546468099],[-80.528820484243269,37.72138320906739],[-80.528582028933641,37.721704198269045],[-80.528411455741761,37.72197180085017],[-80.528162244431442,37.722212261427984],[-80.527890855376683,37.722398974983008],[-80.527563231058991,37.722576522319343],[-80.527405217428694,37.722638484194981],[-80.527066898832231,37.722726557824515],[-80.526502450577965,37.722965748009123],[-80.526163677119925,37.723125358051966],[-80.525926683244634,37.72321383560184],[-80.525723345657312,37.723320330358227],[-80.525486009485363,37.723462461493099],[-80.524503272276107,37.723968244120655],[-80.524175122692824,37.724226262699723],[-80.52411095460846,37.724331906604633],[-80.523947547731325,37.724600945654004],[-80.523810783406475,37.72485973586528],[-80.523775400651644,37.725109991649482],[-80.523796488973417,37.725333648522025],[-80.523802796029656,37.725346752213959],[-80.52380757217486,37.725356685172159],[-80.523870470024846,37.725487424835769],[-80.523980140287037,37.725606706423456],[-80.524018797446914,37.725688921772267],[-80.524023827392384,37.726013298013463],[-80.524023843390296,37.726014344515413],[-80.523959449917854,37.726056527861253],[-80.523845003409505,37.726126803382272],[-80.523687348868336,37.726223169707154],[-80.523403698533386,37.72641965573802],[-80.523154858581208,37.726597507306622],[-80.522973683855611,37.726757742687646],[-80.522812084478517,37.726940260238692],[-80.522792221398561,37.726962697611249],[-80.522644422589963,37.727185669028714],[-80.522521581715282,37.727403472201196],[-80.522428033565802,37.727569334342519],[-80.522212274265144,37.727854632199744],[-80.522098820731102,37.727988316343868],[-80.521962506930578,37.728175560776499],[-80.521780635690433,37.728443107549346],[-80.521655862552166,37.728585689163936],[-80.521395233912514,37.728843970979014],[-80.521134373104232,37.729138024792178],[-80.521040707538589,37.729240242834841],[-80.520930268037333,37.7293607688188],[-80.520805837510792,37.729449687894508],[-80.520613737199128,37.729556222040692],[-80.520410667554557,37.729617996585333],[-80.520083747299822,37.729679266635245],[-80.519779398594693,37.72973168479654],[-80.519621766549847,37.729731040745165],[-80.519430185078349,37.72975709138845],[-80.519238199927386,37.729845736985872],[-80.519113767678917,37.729934659661218],[-80.518977788750192,37.730068240727483],[-80.518853414809286,37.730148221331582],[-80.518672739677783,37.730227970130485],[-80.518481158913005,37.730254013819668],[-80.518323702938829,37.730226545366165],[-80.518132582226528,37.730181050532636],[-80.518000476387869,37.730097732016361],[-80.517975589176814,37.73008203555861],[-80.517695324661105,37.729893090391123],[-80.51769091496665,37.729889553582922],[-80.5171688638912,37.729470620234935],[-80.51716007883411,37.729461420497429],[-80.516954244740916,37.729245896424047],[-80.516911644157616,37.729201282102359],[-80.516843355642081,37.729108855433616],[-80.516699576342077,37.728914242659954],[-80.516487395015091,37.728645086422368],[-80.516264538828494,37.728286456668194],[-80.516120268347194,37.727963925308899],[-80.515976577745974,37.727551964102375],[-80.515898754798314,37.727399616479161],[-80.515810197097466,37.727166741010535],[-80.515688908931551,37.726772755483594],[-80.515612022672315,37.726477327250144],[-80.515535190725615,37.726172956241335],[-80.51546897738973,37.725966998401603],[-80.515336612351476,37.725546139007925],[-80.515237499244833,37.725205904411723],[-80.515126836861569,37.724910334195606],[-80.514999637465166,37.724610601115167],[-80.51499377352873,37.724596787633367],[-80.514804711113086,37.72423829755877],[-80.514704612496956,37.724050084742387],[-80.514627085255128,37.723853024534371],[-80.51451619264337,37.723593224497684],[-80.514404719243387,37.723422850445793],[-80.514349676559391,37.723353748116018],[-80.514226044978827,37.723198542664313],[-80.514047257200758,37.722992120919265],[-80.513902067930346,37.722812666259479],[-80.513822784532636,37.72277890560018],[-80.513711202875356,37.722731391752887],[-80.513553589200185,37.722730741506012],[-80.51322727453973,37.722702564880258],[-80.512979652625177,37.722692600148534],[-80.512765802428831,37.722682776280251],[-80.512518415103287,37.722637037086955],[-80.512349955960161,37.722573742510903],[-80.512215150282941,37.722528469217465],[-80.512125728851842,37.722429726856838],[-80.511992096960796,37.722205603872155],[-80.511958546711057,37.722143216823703],[-80.511847501066029,37.721936719728077],[-80.5118262006946,37.721902437984923],[-80.511713815581217,37.721721540034366],[-80.511591027692916,37.721560057569157],[-80.511434359708119,37.721416324962114],[-80.511244026359392,37.72125456579672],[-80.511008728148823,37.721083673279807],[-80.510706288577467,37.720849905566453],[-80.510538423469896,37.7206971796424],[-80.510359117620453,37.7205712356891],[-80.510258387500329,37.720481388767986],[-80.510157711977868,37.720382598143345],[-80.510132398084508,37.720279257950459],[-80.510124822456561,37.720248320052448],[-80.510103896600185,37.720006775449825],[-80.510105311145026,37.71979215249862],[-80.510118393504783,37.719514979220982],[-80.510143676894856,37.719094770420547],[-80.510144641936421,37.718948042363607],[-80.510145384565419,37.718835434831782],[-80.510138526557057,37.718777902715651],[-80.510124045647601,37.718656488172947],[-80.510086305499613,37.718556097719592],[-80.510046599490366,37.718450479510722],[-80.509890464421289,37.718226260509482],[-80.50968912631437,37.718028682148834],[-80.509476469304985,37.717839997490557],[-80.509353700525438,37.717678517207055],[-80.509275782206345,37.717544047816276],[-80.509270746077092,37.717499587928046],[-80.509254506970748,37.717356159187844],[-80.509312091145844,37.717159655843481],[-80.509448241536163,37.716999250279656],[-80.509696670153517,37.71688402898323],[-80.509900420539935,37.716714960148089],[-80.510048827414764,37.716402577407884],[-80.510208489266134,37.716090238514781],[-80.510356362741391,37.715858342378574],[-80.510560818143432,37.715581961696202],[-80.510809708436625,37.715395194522614],[-80.510990528584429,37.715288630150432],[-80.511442104093931,37.715093758278144],[-80.51164532071914,37.715005172500682],[-80.511837217602505,37.714925483353625],[-80.511939353471135,37.71480070488721],[-80.511974002536874,37.71466670404547],[-80.511918423068906,37.714559158550806],[-80.511728049603406,37.714406345515741],[-80.511437188751358,37.714127909971047],[-80.511336873659772,37.713975467652276],[-80.511237384800879,37.713697825530886],[-80.511227771490709,37.713447386601359],[-80.511184098300475,37.713241518516952],[-80.511095393235863,37.713035464584571],[-80.510939208519503,37.712820191341223],[-80.510918516345541,37.712794810701673],[-80.510727036878023,37.712559967185435],[-80.510491823692533,37.712380132667818],[-80.51018883445775,37.712235788849618],[-80.509975908422362,37.712112649148025],[-80.509908478842789,37.71207365062525],[-80.509785891835008,37.711885342549564],[-80.509686352549167,37.711616643593864],[-80.509654527156471,37.711321397310968],[-80.509622111586495,37.711115572704514],[-80.509556043196497,37.710891727596355],[-80.509478546359588,37.710694663768059],[-80.509389910229615,37.710479664012922],[-80.509267329396337,37.710291354482884],[-80.509155829807071,37.710129918924729],[-80.509134320834718,37.709977800903921],[-80.509169206242831,37.709808033543034],[-80.509147522657983,37.709682740960034],[-80.50902417445667,37.709610686419822],[-80.508866466095583,37.709627917307905],[-80.508640220204938,37.709796885452164],[-80.508379908607935,37.710010428608115],[-80.508018229379374,37.710232491197978],[-80.507769938782175,37.710329831015926],[-80.507608116854058,37.710378816583983],[-80.507420282262956,37.710435679905345],[-80.507081700118832,37.7105684083282],[-80.506934778612901,37.710657222661844],[-80.506798811276056,37.710790796509826],[-80.506662249436701,37.711013798163393],[-80.506633691731921,37.711113425695622],[-80.506570063211285,37.711335356070727],[-80.506569461974351,37.711426368533104],[-80.506568286498819,37.711603636369219],[-80.506488066430904,37.71181792610551],[-80.506363296939469,37.711960491044209],[-80.506137275654723,37.712093687014516],[-80.505998819669287,37.712127782776413],[-80.505971235493291,37.712134577661324],[-80.505923037931368,37.712146444446461],[-80.505731438994616,37.712181415897966],[-80.505574086673789,37.712144984327978],[-80.505394571999872,37.712054802760171],[-80.505170511160713,37.711892892145173],[-80.504935136281773,37.711739872043225],[-80.50456492055774,37.711550519430801],[-80.504205840817704,37.711379092983478],[-80.503992862392948,37.711244054687903],[-80.50374664944664,37.711028390441406],[-80.503511458086948,37.710848542104202],[-80.503310216475541,37.710642010159994],[-80.503131426986371,37.71044451273881],[-80.503008562361401,37.710300910324939],[-80.502873963845872,37.710228801047201],[-80.502626681664651,37.710174097721762],[-80.502368027181063,37.71013723719841],[-80.502188347461072,37.710073879813123],[-80.501974955245529,37.710001435901617],[-80.50168318438422,37.709866060581476],[-80.501279281712257,37.709667608700471],[-80.500998714349379,37.709541222931733],[-80.50071814795669,37.709414834696794],[-80.500594630705606,37.709369596805708],[-80.50045961718925,37.709360080098193],[-80.500290293150798,37.709430908930848],[-80.500120971091278,37.709501733020318],[-80.499973794085292,37.70962630671044],[-80.49983727871323,37.709840355889611],[-80.499723033781336,37.710090271215201],[-80.49963207927992,37.71022402956411],[-80.49950753889047,37.710330816412814],[-80.499360907477879,37.710374906848742],[-80.499102010961053,37.71037380814802],[-80.498528176706444,37.710335596180443],[-80.498247128092117,37.710280742761043],[-80.497819752929828,37.710225266425638],[-80.497471049268555,37.710188011590617],[-80.497122103129669,37.710186522898383],[-80.496626825622258,37.710184408524391],[-80.496390441605868,37.710183400883977],[-80.496232971469382,37.710164841360864],[-80.495929479788799,37.71010094357446],[-80.495704533168379,37.710073152795673],[-80.495535749807388,37.710063487807197],[-80.49534415043243,37.710098440586741],[-80.495174699741185,37.710187144703468],[-80.495027696330837,37.710284885865796],[-80.494824839714809,37.710319787780705],[-80.494610851320417,37.710336756627612],[-80.494442006773454,37.710336031860827],[-80.493574783195442,37.71040385282658],[-80.492977587059784,37.710490713019581],[-80.492616955302765,37.710551763197252],[-80.492222250653981,37.710657379384415],[-80.491985314719514,37.710736845283471],[-80.491669466139783,37.710833853701132],[-80.491500313849528,37.710877839945098],[-80.491263808952056,37.710894706497001],[-80.490971140235274,37.71089344150478],[-80.490824868763525,37.710883867860538],[-80.490656511630377,37.710811595273057],[-80.490466254090265,37.710649805511594],[-80.490096877707316,37.710344151023222],[-80.489839699408975,37.710092636797619],[-80.489725589572444,37.709949273906155],[-80.489661131186296,37.709868292043545],[-80.489595373925454,37.709608663617253],[-80.489551635570905,37.709420675890009],[-80.489329087925796,37.709044112724463],[-80.48912789306361,37.708837554135954],[-80.48874696551438,37.708576560981761],[-80.488556783833502,37.708405822779],[-80.488389294029787,37.708208354774669],[-80.488154823250042,37.707930107391626],[-80.487965071853552,37.707696770318066],[-80.487774764343911,37.707543909892493],[-80.487516373039853,37.707471246145509],[-80.487279567841199,37.707532820009966],[-80.487064166061813,37.707755452462841],[-80.486949572287259,37.708050066826672],[-80.48680084027265,37.708398193794977],[-80.486675481707181,37.70862121918681],[-80.486482586240754,37.708843948505262],[-80.486312942835099,37.708959466092999],[-80.485612652619366,37.709305186275991],[-80.484867205654339,37.709668589973397],[-80.484166968680455,37.710005352462538],[-80.483918277272338,37.710156294296482],[-80.483714356724079,37.710343205249259],[-80.48352145020273,37.710565928668814],[-80.483441910007386,37.710672892882819],[-80.483294771839994,37.710788509170158],[-80.483079965336572,37.710921710901602],[-80.482888048563183,37.711001354048356],[-80.482685308870302,37.711018350568978],[-80.482404270928427,37.710963460363111],[-80.481965518780882,37.71092575982864],[-80.481582803867084,37.710924076758083],[-80.48117726079245,37.710967006725866],[-80.480715498131403,37.711000746556614],[-80.480703100284956,37.711000692852913],[-80.480479112109109,37.710999706997605],[-80.48020896106658,37.710998515407766],[-80.480028984980251,37.710979835027935],[-80.47988302288816,37.710925535348018],[-80.47971517778933,37.710781708561889],[-80.47957299064538,37.710627679128464],[-80.479458222139286,37.71050334575402],[-80.479178315195654,37.710287481624249],[-80.47898745920871,37.71021509571986],[-80.478695045438087,37.710178031403835],[-80.478424770969056,37.710194720180553],[-80.478255674088146,37.710229745607265],[-80.477398309761725,37.710494234176608],[-80.47718375182761,37.71059165175847],[-80.476912465225155,37.710751420598967],[-80.476697843012929,37.710857782651807],[-80.476539935188072,37.710901795508725],[-80.476314747755382,37.710909739362798],[-80.475774313893069,37.710925221784457],[-80.475594020637956,37.710951252456333],[-80.475334304574162,37.711066350778403],[-80.475006289004725,37.711288466055272],[-80.474746067007928,37.711475104362457],[-80.474474588196344,37.711661695516241],[-80.47436107671497,37.711795332746561],[-80.474349121800387,37.711893648210754],[-80.474347479335478,37.712126152881886],[-80.4744019952321,37.712376800101111],[-80.474467830315774,37.712618549390925],[-80.474455054287006,37.712833120329307],[-80.474386190362992,37.713020610600694],[-80.474216203937431,37.713180827394524],[-80.47400112271643,37.713349778489636],[-80.473763784212679,37.713482862590539],[-80.473661647526981,37.713598665787202],[-80.473649255339566,37.713759581573775],[-80.473693017978718,37.713938633922709],[-80.473714831589916,37.714037101824765],[-80.473713886191348,37.714171240787415],[-80.473600176275099,37.714331703340086],[-80.473419183544721,37.714456095336182],[-80.473193284077269,37.714562399624846],[-80.472933932874938,37.71462384285195],[-80.472641123578057,37.714640416658909],[-80.472303540678496,37.71462102300471],[-80.471876477347109,37.714520735748245],[-80.471303323376176,37.714384025578397],[-80.471022346176326,37.714320166493863],[-80.47051654868298,37.714210583504808],[-80.4702690914269,37.714182640403408],[-80.469931451023044,37.714172179037135],[-80.469593551177354,37.714197489088875],[-80.469288788783345,37.714312376711376],[-80.469164257589881,37.714410186584438],[-80.469084313217962,37.714570798569845],[-80.469015493406062,37.714749344668036],[-80.46901377027163,37.714990793477249],[-80.469056693966351,37.715286099157943],[-80.469099359310533,37.715617178991245],[-80.469120405009207,37.715822955852261],[-80.46909693447121,37.715956994183152],[-80.46902837204523,37.716099771468258],[-80.468982703506981,37.716188996025657],[-80.46885766256041,37.716358344003638],[-80.468664886478891,37.716554219000223],[-80.468414603929958,37.716919746513931],[-80.468277473255512,37.717205299259],[-80.468219459027225,37.717446493155805],[-80.468115972448885,37.717750084196929],[-80.467842785263358,37.718169166452746],[-80.467490862252347,37.718578944089352],[-80.467286750528743,37.718783706655515],[-80.466958489233093,37.71903262314585],[-80.466686252418256,37.719317563868799],[-80.466492948703319,37.719584974410068],[-80.466412219744825,37.719852896891453],[-80.466340697483943,37.720407024727159],[-80.466315614201008,37.720764624634022],[-80.466313563415582,37.721050784474627],[-80.466344900709046,37.721390756599341],[-80.46634310434986,37.721641145862868],[-80.466308173969111,37.721801959482981],[-80.466194178444994,37.72199818770946],[-80.466396813756759,37.722199092351048],[-80.46653127079901,37.722289129199098],[-80.466721824694019,37.722406248432343],[-80.466890054985129,37.722496435836277],[-80.467047157800152,37.722568693157854],[-80.467170934570888,37.722578194678498],[-80.467294770894014,37.722578751611934],[-80.467531449254977,37.722544050045435],[-80.467712029255594,37.722482268658098],[-80.467870475237433,37.722366725034668],[-80.468051434872308,37.722251283684386],[-80.468209303255946,37.722216228722409],[-80.468603720403394,37.722164346073455],[-80.468851590059742,37.722138636118942],[-80.469178011653113,37.722149046554826],[-80.469357950292022,37.72217668449283],[-80.469526374604413,37.722240044750677],[-80.469750705580651,37.722357309282216],[-80.469974657187976,37.722528231033202],[-80.470141937331462,37.722752555208615],[-80.47029808526753,37.72295894147139],[-80.470498888909077,37.723219186547517],[-80.470756110953786,37.723461797819354],[-80.470957677412997,37.723614732245949],[-80.471136921991061,37.723740734716088],[-80.471327547077891,37.723848903905051],[-80.471484657160374,37.723921149041381],[-80.471686862691172,37.723984657652977],[-80.471821771683494,37.724012088228818],[-80.472181977435497,37.724022646234424],[-80.472373435165139,37.724014556753296],[-80.472520109151276,37.723970501205152],[-80.472802899936084,37.723783968381866],[-80.473040399935428,37.723633001424766],[-80.473322807074851,37.723500122267581],[-80.473627351449167,37.723420993413157],[-80.473931703142426,37.723368695289579],[-80.474280900584404,37.723343426950969],[-80.474483551555153,37.723344330481062],[-80.474652172471835,37.723380851018142],[-80.47482028727164,37.723488914264188],[-80.474943622512725,37.723561004336233],[-80.475134634765681,37.723615514265276],[-80.475269547793403,37.723642943620739],[-80.475618615484379,37.723635556596115],[-80.476001212120323,37.723664084767762],[-80.47631625386407,37.723692311628085],[-80.476619726167144,37.723765202713956],[-80.476765895076184,37.723792682132256],[-80.477080624449982,37.723865621093928],[-80.477237364270778,37.723991513588246],[-80.477270385554576,37.724098975114721],[-80.477269567397741,37.724215226808852],[-80.477233967925201,37.724474413770466],[-80.477221137979043,37.724697927282719],[-80.477152330259329,37.724876477009339],[-80.477004209702542,37.725126220045532],[-80.476833257369037,37.725420574373032],[-80.476742056379038,37.725581141312041],[-80.476740858719282,37.725751048821543],[-80.476761742744088,37.725983655693668],[-80.476825644658803,37.726502620653484],[-80.476877722321987,37.727102022956309],[-80.476908040884993,37.727594012690965],[-80.47680394481533,37.727987034687906],[-80.476734753141571,37.728219241670907],[-80.476392449267763,37.728861606457109],[-80.476254630366341,37.729245532457696],[-80.476241044068132,37.729576357310933],[-80.476183719745208,37.731319951235676],[-80.476213907969779,37.731829827839974],[-80.476279073716853,37.732169943559185],[-80.476311277196459,37.732393658539202],[-80.476310079400093,37.732563564943909],[-80.476330524012383,37.732858768253664],[-80.476329704102895,37.732975023362314],[-80.476306240786258,37.733109059190696],[-80.476237926781423,37.733216070611135],[-80.476101673991778,37.733376434825111],[-80.475965609675342,37.733509973685869],[-80.475705435488621,37.733678728477656],[-80.47545607957305,37.733910136603306],[-80.475285855595715,37.73409717559975],[-80.475036115875341,37.734382234951987],[-80.474878038614904,37.734444128514681],[-80.474708567825445,37.734523859613319],[-80.474493681609772,37.734657044558631],[-80.474233436824264,37.734834740442238],[-80.47406358945527,37.734968124567047],[-80.473983757270872,37.735110853068008],[-80.473948837859581,37.735271666864399],[-80.473947256002532,37.73549523247835],[-80.473923975104242,37.735602440755891],[-80.473821494829764,37.73576295656629],[-80.473775760944932,37.735861119872133],[-80.473763990859325,37.735932613280262],[-80.473785562047993,37.736066848661096],[-80.473840787706962,37.73621912367863],[-80.473918724159375,37.736344669508675],[-80.473951619364598,37.736470016089633],[-80.473927767474777,37.736657711552084],[-80.47383597657165,37.736898755781802],[-80.473676878838234,37.737103731405256],[-80.473483675259999,37.737353266282611],[-80.473381131657533,37.737522721569242],[-80.473232464756634,37.737843996396968],[-80.473117515037771,37.738174368239989],[-80.473139023391212,37.738317549913496],[-80.473138262856182,37.738424860438393],[-80.473137374436973,37.738550054390849],[-80.473102764993939,37.738666156512828],[-80.473067970951647,37.738809086501227],[-80.473032986607663,37.738978842525675],[-80.473009768888659,37.739077110637787],[-80.473020143275363,37.739202356731077],[-80.473075622046125,37.739318859755286],[-80.473119266306753,37.739515796858463],[-80.473095604826241,37.739676662394864],[-80.473015703371999,37.739828331794826],[-80.472879116571022,37.740033407755703],[-80.47284451054712,37.740149509784757],[-80.472821036260726,37.740283545583651],[-80.472876325273944,37.740426874727461],[-80.473021701263491,37.740570612945454],[-80.473200987638506,37.740696613139256],[-80.473447395116978,37.740885513210237],[-80.473750493602338,37.741021009392583],[-80.473963755406771,37.741120331411345],[-80.474097934780289,37.74125507182309],[-80.474164805515613,37.741353739334805],[-80.474430264515462,37.742034578989234],[-80.474664093298742,37.742411219437692],[-80.475175855208818,37.743298835108007],[-80.475285941800649,37.743657038334142],[-80.475306445747094,37.743943296833159],[-80.475303607142266,37.744345711732493],[-80.475301774063055,37.744605044786027],[-80.475367009258534,37.744936218615237],[-80.475432621457145,37.745213736713822],[-80.47559725516426,37.745822581469113],[-80.475740995107898,37.746207712960462],[-80.475863141418657,37.746404730306843],[-80.476262852029393,37.747041905705657],[-80.476474687749118,37.747346905076938],[-80.476686268810539,37.747687668174642],[-80.476808830698914,37.747876011154396],[-80.476863691086393,37.748081938406422],[-80.476884519111223,37.748323489744571],[-80.476927926717494,37.748556193884241],[-80.477016638698629,37.748753330186069],[-80.47718375006464,37.749013409912742],[-80.477218328061454,37.74904889860062],[-80.477385021198728,37.749219988050605],[-80.477552570451891,37.749417469874665],[-80.477742328803245,37.749659766105843],[-80.477785998953067,37.749730093936435],[-80.477864834867916,37.749857051482977],[-80.477931087689214,37.750045141977353],[-80.477902700786032,37.750168825003811],[-80.477896232207883,37.750197018446535],[-80.47787269964283,37.750340000373889],[-80.477894158745002,37.750492119084726],[-80.477983189672798,37.750644540694083],[-80.478095182333632,37.750734463716761],[-80.478274570152209,37.750851518146703],[-80.478566074397676,37.751040604246228],[-80.478756343126506,37.751211360684657],[-80.478846304138116,37.751295637935243],[-80.478890616534159,37.751337150318626],[-80.479046972245499,37.751525643005401],[-80.479147145212977,37.751695998736452],[-80.479246442337924,37.751991549982122],[-80.479281022629479,37.752075479435405],[-80.47932396099273,37.75217969031992],[-80.47940211339845,37.752278406370422],[-80.479513924560038,37.752395157683416],[-80.479670916017312,37.752494218088557],[-80.479838978354834,37.752620157596908],[-80.480051969740288,37.752764186256663],[-80.480231547568962,37.752854405374634],[-80.48037746113009,37.752926590938465],[-80.480590830699271,37.75301695848718],[-80.480837732753045,37.753143245795812],[-80.481062367560128,37.753233663916106],[-80.481343064509801,37.753360100764844],[-80.481601048219858,37.753513258479693],[-80.481937561014789,37.753711479759204],[-80.482430945939029,37.754026646546151],[-80.48275595345325,37.754260585584476],[-80.483058562357215,37.754476538817187],[-80.483249222265414,37.754593631486621],[-80.483462536812524,37.754692940981712],[-80.483675848571181,37.754792243769316],[-80.483877528358661,37.754945156123682],[-80.484000556220124,37.755070893358507],[-80.484134218871148,37.755286102214242],[-80.484301367388198,37.755546177249826],[-80.484300668921136,37.755647291290849],[-80.48430037650165,37.755689254489468],[-80.484209459541304,37.755805114970762],[-80.48407368205612,37.755893950366513],[-80.483689987453872,37.755999581023261],[-80.483430124338113,37.756114697935978],[-80.483305107779103,37.756275121732045],[-80.483258312604406,37.756525312659242],[-80.483256879698232,37.756730990773242],[-80.483255946671406,37.756865128049263],[-80.483254518281996,37.757070806171228],[-80.483150475932888,37.757454890957376],[-80.482990296514146,37.757811900741345],[-80.482704661711679,37.75839192706659],[-80.482476337078907,37.758829119217836],[-80.482269913003037,37.759355837639731],[-80.482119746721594,37.759891743043362],[-80.48205825055156,37.760633722180991],[-80.482133045267986,37.761215331200852],[-80.482242755802773,37.76163612546511],[-80.482286440204319,37.761833061424142],[-80.482262227611002,37.762074409837233],[-80.482147965030848,37.762306418800833],[-80.481988832606234,37.762511402717401],[-80.481490587869288,37.762884809369005],[-80.480822931607747,37.763320065024558],[-80.480449266518434,37.7635956453272],[-80.480143314484437,37.763853636510618],[-80.479792050348422,37.764147198333873],[-80.4795309653841,37.764432210927254],[-80.479258232967723,37.764770832247656],[-80.479008156372529,37.765091667344855],[-80.478837299581301,37.765359193274193],[-80.478666323928863,37.765644606844141],[-80.4784387681037,37.765965540296662],[-80.478346768267215,37.76623341714857],[-80.478333180338524,37.766564235672675],[-80.478407951270782,37.767145848103439],[-80.478440237907805,37.767360616951471],[-80.478393418926842,37.767610808008037],[-80.478267181593708,37.767941133183029],[-80.477959880383779,37.768386910689941],[-80.477595999664317,37.768868207072238],[-80.477390961029172,37.7691892353984],[-80.477253322908538,37.769537395431122],[-80.477115368673012,37.769930260945543],[-80.477023231898499,37.770216020758127],[-80.476863750917019,37.770465710116106],[-80.476602251774366,37.770804375611711],[-80.476329674955664,37.771116160908406],[-80.475627172097006,37.77168537143757],[-80.475095223663686,37.772031771651058],[-80.474812190181282,37.772227254197269],[-80.474698710907248,37.772343000946208],[-80.474539408491637,37.772565859274479],[-80.474334156338401,37.772913713215694],[-80.474186496382728,37.773082964972204],[-80.473983207443169,37.773153599581484],[-80.473746433788961,37.773179371855882],[-80.473397322233154,37.773159927432651],[-80.473046534871713,37.77308864975727],[-80.472722325606938,37.77302276807049],[-80.471734851684033,37.772707155471842],[-80.471408111185355,37.772471370815019],[-80.471060847715208,37.772192586916503],[-80.470680048027702,37.771877881752552],[-80.470456711537366,37.771599654466193],[-80.46999858649329,37.771069970239864],[-80.46964077644617,37.77069276241717],[-80.469450285474267,37.770548824698842],[-80.469212369958086,37.770492576563925],[-80.469180363650011,37.770485006455196],[-80.46879733934496,37.77048328047151],[-80.468458543814336,37.770598009828532],[-80.4680177234155,37.770801701671708],[-80.467712337350093,37.77097023859865],[-80.467327898142699,37.77116524325384],[-80.467124605828019,37.771235865132489],[-80.466910561104399,37.771234897017109],[-80.466628923744125,37.771233622590685],[-80.466346833114457,37.771294942684769],[-80.466075759527129,37.7713920852214],[-80.465793346146825,37.77149811857339],[-80.465398409566561,37.77158575601517],[-80.46501486322218,37.771655558143067],[-80.464665434520995,37.77168079887366],[-80.464102221204371,37.77166929333184],[-80.463595658358102,37.771613337756712],[-80.462965630127741,37.771494208442242],[-80.462460298357485,37.771268333170866],[-80.46218066785228,37.77098983616704],[-80.461985632497573,37.770656660705562],[-80.461902465183286,37.770514598721185],[-80.461647255310069,37.769976865684406],[-80.461368474822464,37.76958211354151],[-80.461055966276206,37.769178260917272],[-80.460866834451267,37.769017443841513],[-80.460675291934393,37.768854577553185],[-80.460282700049078,37.768620269592567],[-80.459844986005763,37.768394694553216],[-80.459631858477209,37.768268518418402],[-80.459474996865154,37.768151542846205],[-80.459362802224007,37.76808843091203],[-80.459205027423721,37.768096648919062],[-80.459024004559012,37.768203132266507],[-80.458764123848965,37.768309251371186],[-80.458447858072219,37.768424051839204],[-80.458142980192648,37.768521022621364],[-80.457849828303551,37.768555446601937],[-80.457455093265253,37.768616226252426],[-80.45722920408177,37.768695671696506],[-80.456991722204791,37.768819779341158],[-80.456833028727672,37.768953189833766],[-80.456763738518717,37.769185378219895],[-80.456739700918391,37.769390950240393],[-80.456771335800966,37.769686205590048],[-80.456802384409812,37.770061946554243],[-80.456822365216709,37.770410806125454],[-80.456797611118915,37.770714747034724],[-80.456739646645275,37.770938049199373],[-80.456591561570178,37.771160933071052],[-80.456398410766198,37.771383612467282],[-80.45614938783585,37.771543432864839],[-80.455866964540249,37.771649441430114],[-80.455506011932926,37.771710370452645],[-80.455009931498054,37.771761738760539],[-80.454739424787448,37.771778370373724],[-80.454569915040565,37.77184912775698],[-80.454478674769121,37.772000732862502],[-80.454466227531654,37.772161642832572],[-80.454464979128716,37.772331552894613],[-80.454497200776515,37.772546327610463],[-80.454507281716317,37.772707343659526],[-80.454506361928949,37.772832535603683],[-80.454471643359227,37.772957575585103],[-80.454414790596587,37.773028853312844],[-80.45429014406136,37.773126645603568],[-80.454063779760574,37.773268683464316],[-80.453893800999637,37.773402035764647],[-80.453757561650136,37.773544487063603],[-80.453711246503545,37.773714187251898],[-80.453710737745254,37.773783485155882],[-80.453709862486022,37.773901975099562],[-80.453787409891362,37.774081191409671],[-80.453865085836895,37.774242520775736],[-80.454032828463838,37.77441321026717],[-80.4542567675811,37.774602042775768],[-80.454332905967661,37.774704114104544],[-80.454357173370155,37.774736653062568],[-80.454446254507658,37.774880147362545],[-80.454534936065201,37.775077300388084],[-80.454634029215129,37.775390753937138],[-80.45467679516058,37.775703946727127],[-80.454675545971398,37.775873853082352],[-80.454606244537501,37.776106045243779],[-80.454458202629425,37.776319983549939],[-80.454118635383594,37.776533038151676],[-80.453767673822284,37.776763925517301],[-80.453405502685555,37.776985809777074],[-80.452884614127456,37.777341104014873],[-80.452669497373265,37.777483190369864],[-80.452442652670413,37.777687816266734],[-80.452309779207539,37.777850499666215],[-80.452260737777436,37.777910538952824],[-80.452135488429292,37.778088812459188],[-80.452020974780595,37.778338676622468],[-80.451940126190095,37.778606582917142],[-80.451939682706765,37.778666649800805],[-80.451938014562884,37.778892741060339],[-80.451968488659205,37.779038111452024],[-80.451992432715471,37.779152336317438],[-80.452021917151995,37.779205823990011],[-80.452125851181819,37.779394409621396],[-80.452202806405424,37.779654105044202],[-80.452200956274126,37.779904494836053],[-80.452142447014907,37.78019933264315],[-80.452005725015923,37.780404378375252],[-80.451767535215041,37.780617899213958],[-80.451405145476315,37.780866606378957],[-80.451066076560778,37.781008111610852],[-80.450670476833906,37.781176179907284],[-80.450331406264624,37.781317682099669],[-80.45008247275652,37.781459604022359],[-80.44991253877339,37.781584010398568],[-80.449787405554375,37.781744395246122],[-80.449718812465676,37.7818782146377],[-80.449717285307486,37.782083891641122],[-80.44971403659595,37.782522071396606],[-80.449700253201186,37.78286182902697],[-80.449596126840603,37.783227994029637],[-80.449458793988043,37.783513522841865],[-80.449015652132417,37.784012239706783],[-80.448414424249165,37.784554934412846],[-80.447835460224326,37.785133502501658],[-80.44751770220212,37.785436064392002],[-80.447256948891663,37.785649463726763],[-80.446939587247144,37.785898375261716],[-80.446780441287757,37.786085423754713],[-80.446643961329684,37.786254697343558],[-80.446518346244531,37.786477672415671],[-80.446471875038171,37.786665250611506],[-80.44641420232405,37.786843835136473],[-80.446277187463934,37.787084645604587],[-80.446095500083445,37.787271586281577],[-80.445936815231988,37.787396040523674],[-80.445675648503823,37.787663093917665],[-80.445233789914141,37.787982952061299],[-80.444792327839821,37.788249152587625],[-80.444565895698432,37.788391171316803],[-80.44439620665338,37.788479798501925],[-80.444248783507874,37.78860429722458],[-80.44412369760866,37.788755735902754],[-80.444009342310892,37.788978765798007],[-80.443883780494431,37.789192798059837],[-80.44374742566086,37.789344181324928],[-80.443487047872267,37.789503917888204],[-80.442932152525145,37.789867949128762],[-80.441968699593545,37.790614576162795],[-80.441753118574752,37.790810296750522],[-80.441469320248146,37.791086173451966],[-80.441117367967763,37.791433269557153],[-80.440878979951833,37.791664651552601],[-80.440584109743597,37.79191364959614],[-80.440300641244335,37.792144813629967],[-80.440005832428795,37.792384864973116],[-80.439812917173668,37.792562802231068],[-80.439693614834169,37.792696336477995],[-80.439653804124262,37.792740899034797],[-80.439585245404047,37.792865772248454],[-80.439572962183661,37.792999855028931],[-80.439605351545111,37.793187805338796],[-80.439681866778486,37.793501163891065],[-80.439735577916338,37.793850184260556],[-80.439766820064335,37.794190155840184],[-80.439754200407208,37.794368951036411],[-80.439695628521918,37.794663779650861],[-80.439615267396618,37.794892194254977],[-80.439591973732973,37.794958396486265],[-80.43935316408286,37.795243425516084],[-80.43916043801903,37.795394534982492],[-80.438764058167138,37.795651989583256],[-80.43843664198252,37.795730911914028],[-80.438313570103688,37.795737836742965],[-80.43799694187777,37.79575564635195],[-80.437636665573294,37.795709208662316],[-80.437299136283855,37.795636056420634],[-80.437017679157975,37.795598941480293],[-80.436566911627764,37.795596790189869],[-80.436149954284929,37.795594791783074],[-80.435755396057971,37.795610788387812],[-80.435722011895137,37.795610627594804],[-80.435327170538429,37.79560873580531],[-80.435079043389209,37.795634378295169],[-80.434864177860007,37.795731713215794],[-80.434739470682317,37.795829488461649],[-80.434580335013237,37.796007579947577],[-80.434443537338396,37.796212603241607],[-80.434407411158304,37.796516484117468],[-80.434416706814616,37.796775865429296],[-80.434479616242669,37.797393214251485],[-80.434521083779842,37.797867375297351],[-80.43451903869871,37.79813564670917],[-80.434494316717121,37.798421694853126],[-80.434425265589866,37.798609158508597],[-80.434288192050303,37.798849954080694],[-80.434025847772844,37.799260056342845],[-80.433855028094342,37.799491749158747],[-80.433605662960389,37.799678344733458],[-80.433311486761596,37.799828956654629],[-80.433028716027835,37.799961735333405],[-80.432756939527664,37.800130340143745],[-80.432496435194935,37.80029899681616],[-80.432110249127504,37.800690614246669],[-80.431644138161403,37.801215986684575],[-80.431165791357003,37.801866494495719],[-80.430664691823068,37.802543718676716],[-80.429721632462147,37.803531794151283],[-80.429505847267365,37.803745376261965],[-80.42924490308404,37.803967681067661],[-80.428961630768669,37.804163043285264],[-80.428542764193281,37.804402467371546],[-80.428338860688768,37.804535617157704],[-80.428112070389957,37.804713369407899],[-80.427986925322372,37.804864789159332],[-80.427884108493004,37.805043142861784],[-80.427758615117838,37.805239273687178],[-80.427633530655882,37.805381747851058],[-80.427474779422965,37.805506176298543],[-80.427203315357005,37.805630052929303],[-80.427033772331129,37.805691826113197],[-80.426920305435829,37.805789644795453],[-80.426806698879844,37.805905346449329],[-80.426647530321105,37.806083426624738],[-80.426544433071655,37.806297550671637],[-80.426485932507831,37.806574486709813],[-80.426471689939135,37.80695895156132],[-80.426468717077412,37.807343473958298],[-80.426455855231566,37.80754909528607],[-80.426409940906083,37.807656184191238],[-80.426296263770013,37.807780825036723],[-80.42618293107121,37.807860758956338],[-80.425968159134385,37.807940196701132],[-80.425640950160115,37.807983312976965],[-80.425201104400912,37.808016939618803],[-80.424885172599915,37.808060112422986],[-80.424647783627435,37.808148379207211],[-80.424489226260121,37.808245976149195],[-80.424284750606674,37.808450658202318],[-80.424136351065883,37.808691383338846],[-80.424044377484464,37.808923445901371],[-80.423941408795756,37.809119679901109],[-80.423827653471349,37.809253265213385],[-80.423680156642561,37.809377739858959],[-80.423453688004145,37.809510769702705],[-80.423295193429539,37.809599422531782],[-80.423103095336145,37.809661079551844],[-80.422787429265341,37.809668478692451],[-80.422392865749316,37.809675487448004],[-80.422009644417315,37.809673605955858],[-80.421761537947958,37.809690272984895],[-80.421535903246593,37.809715992618365],[-80.421423050939538,37.809733324840558],[-80.421118726794035,37.809731832438899],[-80.420870616559938,37.809748495768709],[-80.420655976727659,37.809810037063556],[-80.420238381212542,37.809879527446832],[-80.419832260613532,37.809922240934632],[-80.419482363470735,37.809983114752903],[-80.419222349095264,37.810080202706033],[-80.418984742483929,37.810195286151874],[-80.418758405482833,37.810310423819779],[-80.418644637894758,37.810444004002569],[-80.41856391534877,37.810676114975408],[-80.418539061480175,37.810971100172182],[-80.418514553519017,37.811221373198428],[-80.418467711365025,37.811444707638856],[-80.418421574894367,37.811578620530405],[-80.417933668502471,37.811987575393765],[-80.417673087745371,37.812156197421771],[-80.41742440995003,37.812244397313968],[-80.417130785093534,37.812314485138522],[-80.416915921531853,37.812402846756974],[-80.416722967885491,37.812571802292673],[-80.416574110989131,37.812866172873257],[-80.416504581876808,37.813107282319855],[-80.416480560066205,37.8132949587444],[-80.416400739229729,37.81341081928641],[-80.416197286667426,37.813481352366367],[-80.415937186456802,37.813587373494485],[-80.415755850704102,37.813711670264766],[-80.415608331480854,37.813836135425454],[-80.415472009846908,37.813969601433392],[-80.415358867621507,37.814022698333943],[-80.415189647257932,37.814039739354612],[-80.414998309485654,37.814003020907023],[-80.414728490225855,37.813912252932447],[-80.414446973575721,37.813875083690661],[-80.414176375895636,37.813882682810785],[-80.413736558922594,37.813907322050234],[-80.413510979529008,37.813924083750834],[-80.413330630732105,37.81392318837166],[-80.413161765223663,37.813895515320326],[-80.412914703936266,37.813778030079781],[-80.412555915737727,37.813534789371822],[-80.412236334716667,37.813389376363759],[-80.412039256737813,37.813299703345038],[-80.411724997016648,37.813128222679694],[-80.411490344791915,37.812867713066389],[-80.411301423910132,37.812526945736252],[-80.411102797874079,37.811989394098745],[-80.411070758524488,37.811765667434962],[-80.411072321213808,37.811568935255536],[-80.411164909031413,37.811265350302243],[-80.411234386058496,37.811033186493425],[-80.41123551994167,37.81089010875781],[-80.411202981271401,37.810728977176332],[-80.411080559398513,37.81053162787785],[-80.410845141629366,37.810369482639651],[-80.410620640913407,37.810252106302499],[-80.410438068072139,37.810206149866012],[-80.410294411333624,37.810169985990512],[-80.410012628881759,37.810168575929836],[-80.40978698780863,37.810194273004626],[-80.409617205364313,37.810282848999712],[-80.409311169851975,37.810495941261884],[-80.409117346617649,37.810772192311759],[-80.409037092895105,37.8109416987161],[-80.40893415307545,37.811128976766248],[-80.408752525393496,37.811289035096195],[-80.408491855158303,37.81146657908873],[-80.40816383812944,37.811608014883802],[-80.407971653405511,37.81167859128017],[-80.407711695421455,37.811766713045451],[-80.407384389237933,37.811818721665105],[-80.40710252690711,37.811826244282301],[-80.406820740588131,37.811824827446905],[-80.406562139584921,37.811743038245282],[-80.406405265842167,37.811625993681915],[-80.406191751396946,37.811544431759152],[-80.405932935955121,37.811489472901734],[-80.405628533758033,37.811496882827882],[-80.405436348123132,37.81156745237314],[-80.405164466872904,37.81173598870992],[-80.404892512597826,37.811913468608893],[-80.404677062592867,37.812073350622683],[-80.404518254255748,37.812197743921153],[-80.404393549118339,37.812286539285445],[-80.404246441587162,37.812357338392658],[-80.404099478676073,37.812410250715487],[-80.403840159643877,37.812417882259453],[-80.403625853438939,37.812434681191341],[-80.403377230365848,37.812513907073622],[-80.403026656658298,37.812655213337678],[-80.402732008466415,37.812850459606189],[-80.40231214391288,37.813197094100431],[-80.402175873011998,37.813321598548043],[-80.402107450606422,37.813419622554484],[-80.4020955983504,37.813491102684857],[-80.402105936171594,37.813607408351942],[-80.402183826817208,37.813733003238632],[-80.402261575833208,37.813876478368847],[-80.402283038349111,37.81401072688795],[-80.402213967636897,37.814189229794614],[-80.402043157286982,37.814402989078694],[-80.401928924019586,37.814590201689235],[-80.401893738115334,37.814759934566446],[-80.401892479484403,37.814915797353194],[-80.401892357853384,37.814930732279237],[-80.401892078742435,37.814965608704519],[-80.401980667768839,37.815162799193047],[-80.402057766425429,37.815386755953405],[-80.402067597253435,37.815565657421395],[-80.402032266915498,37.815753274193263],[-80.401940570359457,37.815940606578245],[-80.401792086748586,37.816181300738464],[-80.401768167510625,37.816351094351937],[-80.401799822043373,37.816619530608506],[-80.401797656010331,37.816887802302233],[-80.401750329019549,37.817164784675121],[-80.401668536746371,37.817522075845346],[-80.401530306269592,37.817888020245995],[-80.401449307500926,37.818146948555409],[-80.401390635727239,37.818432815822121],[-80.401378566380501,37.81853112477522],[-80.401298573044556,37.818664855005956],[-80.401128692244555,37.81876236079227],[-80.40072179320606,37.818894431693714],[-80.400303041168286,37.819097983755263],[-80.39930677421944,37.819620520571362],[-80.399012375040812,37.819779987445408],[-80.398740308474316,37.819966393123629],[-80.398592743832737,37.820090836471643],[-80.398592504902012,37.820091157017636],[-80.398387654931042,37.820358070729917],[-80.397976677138942,37.820990897960485],[-80.397630855383611,37.821511245067029],[-80.397618213698166,37.821530266448832],[-80.397508743811713,37.82169497792755],[-80.397496817560111,37.821775398042043],[-80.397571078988165,37.82234810916934],[-80.397691230922987,37.822822682871589],[-80.397767818990076,37.82310923783924],[-80.397777564105624,37.823297088016879],[-80.397766898656727,37.823357567810064],[-80.397730293806163,37.823565122350651],[-80.39762730529597,37.823752392419706],[-80.397411077963739,37.824001679609772],[-80.397082039759454,37.824259336225502],[-80.396515526904253,37.824605195607056],[-80.396266564018759,37.824720176281339],[-80.396040582666757,37.824781614213308],[-80.395622443153584,37.824904667740441],[-80.395215284052213,37.825063542616682],[-80.394909945817062,37.825178229111224],[-80.394695601993533,37.825195013234634],[-80.39442591495802,37.82508631316206],[-80.394134118904617,37.824923845906454],[-80.393942537792697,37.824913919329674],[-80.393694159798372,37.824957354725285],[-80.393219133525122,37.825142702427463],[-80.392540301992923,37.825434312831177],[-80.392132469913321,37.825673659085098],[-80.391780860783925,37.825931178830878],[-80.391530267426177,37.826242879442539],[-80.391427331826193,37.826421199672154],[-80.391347098375078,37.826581750748474],[-80.391187648704232,37.826777667773619],[-80.39087021703601,37.826990649503799],[-80.390654615951817,37.827159442656253],[-80.390495093075003,37.827364298367321],[-80.390380074634152,37.82764092699761],[-80.390310366767423,37.827890959152072],[-80.390218263021666,37.828122990736333],[-80.390115398625511,37.828292366476028],[-80.389978493758122,37.82848839672117],[-80.389853593029954,37.828595063451914],[-80.389525837834967,37.828691730636024],[-80.388972592749269,37.828787234500048],[-80.388497825428118,37.828936795129458],[-80.388168957109329,37.829167595527387],[-80.387941552155596,37.829398921410963],[-80.387736400041248,37.829666132548326],[-80.387553721286125,37.829942405610495],[-80.387415546286533,37.830290452597517],[-80.387317553081573,37.830826050593693],[-80.387293183744646,37.831507338661964],[-80.387286720739084,37.832291443996105],[-80.387189547638471,37.83262330195496],[-80.387127540601469,37.832849523560185],[-80.38706543676939,37.833087672459577],[-80.387033199765867,37.833349822530238],[-80.387076722261511,37.833540824174932],[-80.387120141770893,37.83374375129884],[-80.387133499010176,37.833946521065094],[-80.387103872290183,37.834120747311438],[-80.38703459320719,37.834317123984412],[-80.386953448916017,37.834584981536466],[-80.386951522624074,37.834817478710413],[-80.386994255278196,37.835103864671552],[-80.387071554914655,37.835301006890958],[-80.387115098699866,37.835489027966872],[-80.387091144751906,37.835658813224001],[-80.387033508273177,37.835810536822571],[-80.386930259064641,37.83602462380675],[-80.386758613478946,37.83632777726659],[-80.386586969854008,37.836630934071295],[-80.38645983072459,37.837005859718133],[-80.386319933026897,37.837559575798679],[-80.386192714486029,37.837943446997869],[-80.386089088123526,37.838202240265346],[-80.385951779910428,37.838442977787423],[-80.385791768798057,37.838701479463481],[-80.385710538566585,37.838978278197452],[-80.385674561562851,37.839237426596263],[-80.385684136111834,37.839443153596534],[-80.385716480336598,37.839622177523083],[-80.38572852887124,37.839640206015346],[-80.385794445113007,37.839738837665571],[-80.38594006668356,37.83985584874825],[-80.386119364811108,37.839990922432982],[-80.386377448151421,37.840144291810645],[-80.386635461918317,37.840306602974806],[-80.386792208146375,37.840441559074435],[-80.386970997953057,37.840639228714906],[-80.387118428096159,37.840851261158839],[-80.387127007819046,37.840863604970636],[-80.387204091652237,37.841087573051041],[-80.387235992929504,37.841320246896849],[-80.387345352637197,37.841732175273577],[-80.387410716860671,37.842009736693797],[-80.387544771097964,37.842162457350504],[-80.387670963107567,37.842232447979164],[-80.387870302019294,37.84234300142657],[-80.388241157962113,37.842496952830189],[-80.388848082734285,37.842741557338805],[-80.389252623194722,37.842913568494147],[-80.389398333607062,37.843021632125627],[-80.389622533621505,37.843183764098576],[-80.389700729330116,37.843273595582573],[-80.389735904828228,37.843373701541616],[-80.389744803460559,37.843399016538186],[-80.389744135699942,37.843479500183619],[-80.389708686242315,37.843676053417241],[-80.389594008405837,37.843907965931642],[-80.389218497325828,37.844317379081552],[-80.388798239955889,37.84468184701722],[-80.388389698275432,37.844992718013657],[-80.38795904768881,37.845249817314176],[-80.387732406428412,37.845382778885721],[-80.387652579589172,37.84548967630942],[-80.387651914117953,37.845570151807003],[-80.387651250872437,37.845650632722894],[-80.387683232677901,37.845874363992365],[-80.387726194637168,37.846133922259853],[-80.387736437504685,37.846259173404171],[-80.387735401262873,37.846384362297421],[-80.387711296961342,37.846572034695875],[-80.387619303281994,37.846786179472495],[-80.387391842921588,37.847017501325155],[-80.38705168597842,37.84723929798308],[-80.38666671845489,37.847425089444833],[-80.386360609949719,37.847620230595048],[-80.386342297422999,37.847648805536281],[-80.386280634997078,37.847745011668252],[-80.386211860523773,37.847878790161928],[-80.386188269590164,37.848003866842959],[-80.386187156520933,37.848137999781628],[-80.386191360203,37.848337995918094],[-80.38619524616189,37.848522572747676],[-80.386193687171101,37.848710358660817],[-80.386193671279514,37.848712275643791],[-80.386192205707104,37.848889202270442],[-80.386179817593899,37.849023275516217],[-80.386138088625188,37.849107649530417],[-80.386122468402135,37.849139234385618],[-80.386031066889245,37.849281839281524],[-80.385781259347056,37.849486215966813],[-80.385531304279056,37.849708475839471],[-80.385405845951468,37.849877732414193],[-80.385257311314206,37.850109462771243],[-80.385074272555755,37.850421496140946],[-80.38487987920216,37.850742418899252],[-80.384833436145215,37.850903141246974],[-80.384832171887581,37.851055160507187],[-80.38487609016353,37.851198471294673],[-80.385010160054776,37.851351194722078],[-80.385144451003598,37.851477092859774],[-80.385266868465848,37.85167446773179],[-80.385366957208035,37.851844902342869],[-80.385399898430492,37.851952385739139],[-80.385341952937466,37.852139876309344],[-80.38517070703989,37.852389375095299],[-80.384806998092458,37.852727294320651],[-80.384489289608467,37.852958143218373],[-80.384250524632023,37.853189404078094],[-80.384056865490393,37.853420896783433],[-80.383839608292291,37.853777461583398],[-80.383610105217514,37.854250219559098],[-80.383449159586661,37.854616024628982],[-80.38336797911326,37.854883876681143],[-80.383262900553419,37.855312571931734],[-80.383248196276512,37.855723853267264],[-80.383279123407092,37.856072774750622],[-80.383310870271615,37.856323334523765],[-80.38336585034412,37.856493531748718],[-80.383398712728919,37.856609957893845],[-80.383363985738328,37.856717088304009],[-80.3832992685807,37.85681247994269],[-80.3832612186728,37.856868573083752],[-80.38322633668102,37.856993584406936],[-80.383281086691554,37.857190609413372],[-80.383414267784019,37.857450643929752],[-80.383547453204372,37.857710679211294],[-80.383681304011986,37.857890231831384],[-80.383815457814322,37.858034011529028],[-80.383938105549689,37.858204567044226],[-80.383974597025173,37.858255979675675],[-80.384027292122113,37.858330226745245],[-80.384071143083574,37.858482480902573],[-80.384012888936283,37.85870573971269],[-80.383795393455273,37.859089130868796],[-80.383453528877041,37.85950764297273],[-80.383146319326642,37.859827969681852],[-80.382827083617713,37.860237654853201],[-80.382701226902327,37.860451620390002],[-80.38257529375349,37.860674523557101],[-80.382448838649552,37.860960024417324],[-80.382322454937523,37.861236580113768],[-80.382240965362513,37.86154020105473],[-80.382214899802079,37.861960363074814],[-80.382212659251124,37.862228630820816],[-80.382211839266716,37.862326995095266],[-80.382250943679779,37.862409227405458],[-80.382267264377973,37.862443538925646],[-80.382491878794553,37.862560969267363],[-80.382931172482728,37.862634811972612],[-80.383742606313263,37.862719545861701],[-80.384351684802141,37.86272273305368],[-80.384520950992965,37.862714677103988],[-80.384667948983534,37.862670733817062],[-80.384950898317896,37.862555955537118],[-80.386455561474406,37.862018308483286],[-80.387099880522157,37.861851757706006],[-80.387574489210976,37.861746913263161],[-80.387935421418419,37.861748790937092],[-80.388296206958103,37.861768553911524],[-80.388532919920422,37.861787664303847],[-80.388735353188437,37.861860259573369],[-80.388903656021597,37.861968441785073],[-80.389128205884461,37.862094803656944],[-80.389262892146775,37.862175982893383],[-80.389465104753256,37.862275403813513],[-80.389588512351736,37.862356527798802],[-80.389723419669679,37.862410881408536],[-80.390015868476169,37.862510761842081],[-80.390241158658768,37.862547702205326],[-80.390500213568828,37.862593756004031],[-80.39082657477789,37.862684870892444],[-80.391118439838124,37.862856291539437],[-80.391522582609966,37.863090886922954],[-80.391679388933412,37.863225835604574],[-80.391824479960306,37.863414377854092],[-80.391935876646215,37.863584864157701],[-80.392059139977334,37.863683867466769],[-80.39219405494336,37.863738220991138],[-80.392351966378982,37.863739036953596],[-80.392487608963108,37.863703965275768],[-80.392771286398855,37.863499748731314],[-80.39307788109474,37.863250938012037],[-80.393361551742018,37.863046721785885],[-80.393690338539798,37.862842731787097],[-80.394097929345747,37.86265703898426],[-80.394734289007431,37.862543063815089],[-80.395580889212155,37.862466930398213],[-80.396393654269815,37.862390613832112],[-80.397343002085051,37.862162968750781],[-80.39781832982311,37.861968663393661],[-80.39829452862628,37.861667052812649],[-80.399304756372075,37.860885259843506],[-80.399851077543261,37.860279950030574],[-80.402753180936301,37.857075371663171],[-80.403207204876594,37.856719967625196],[-80.403728457253706,37.856418562047075],[-80.404713341836739,37.85596747036135],[-80.40565195126409,37.855659220891617],[-80.406329861103686,37.855510619308255],[-80.406713321941098,37.855512552898333],[-80.407141247051655,37.855595188914542],[-80.407636488849803,37.855722879150157],[-80.407861483835589,37.855795551508763],[-80.408289267802431,37.855896069851433],[-80.40876202939279,37.856014699691258],[-80.409381406423464,37.856134059523903],[-80.409572924582449,37.856161848097081],[-80.41005081078039,37.856223742691867],[-80.41014754780042,37.856236268692193],[-80.410157037542433,37.856236683959764],[-80.410609818265129,37.856256467060824],[-80.410790342327758,37.856248431427836],[-80.411028254723021,37.856115482065867],[-80.411413918680964,37.855840188538792],[-80.411753903574279,37.855636208054044],[-80.412185177186274,37.855298544490722],[-80.412503024470013,37.855040795077379],[-80.412707874434631,37.854809307570314],[-80.412867324351168,37.854613364145088],[-80.412947762082808,37.854425972915799],[-80.412971737802522,37.854247237455468],[-80.41292797372077,37.854077112389774],[-80.412839520758041,37.853853105541894],[-80.412795399688804,37.853766602214556],[-80.412606301814449,37.853395868926818],[-80.41242812924024,37.853108817024882],[-80.41235566999292,37.852970598787579],[-80.412305914963056,37.852875696771115],[-80.412251373353371,37.852642920489117],[-80.412275066162906,37.852499953634698],[-80.412365925718191,37.852419926333532],[-80.412580416938113,37.852394168402689],[-80.412715751306166,37.852394844345191],[-80.413234526292513,37.852397431429686],[-80.413866219353864,37.852382692027795],[-80.414508910607267,37.852403773851513],[-80.414914627871113,37.85244155766555],[-80.415207283028423,37.85251455308304],[-80.415443129047375,37.85264092021982],[-80.415645000916697,37.852785004608677],[-80.41610541332453,37.853037682527038],[-80.416554836205862,37.853254531561873],[-80.416925387019958,37.853462048356512],[-80.417127618350023,37.853561416641838],[-80.417319202172308,37.853580252034867],[-80.417578242283923,37.853626244398825],[-80.417639033390458,37.853666188782981],[-80.41770166338658,37.853707338255404],[-80.417836155269455,37.85381531754151],[-80.417880004207191,37.853976502144782],[-80.417911446782398,37.8542807050991],[-80.4179081762029,37.854696787043792],[-80.417907438852765,37.854790414122526],[-80.417938669738135,37.855121447703681],[-80.417971167636381,37.855291514328805],[-80.418060128793201,37.855452921804172],[-80.418350555131269,37.85581206044337],[-80.418585851744353,37.856009957482065],[-80.418832780213876,37.856163202445686],[-80.419136383921085,37.856280953866282],[-80.419406291106853,37.856380657460122],[-80.419789124261186,37.856463027016247],[-80.420081944907409,37.856518123940795],[-80.420273253651388,37.856572722203502],[-80.42036588875952,37.856618547009141],[-80.420419316517069,37.856644981063312],[-80.420486215299945,37.856743680972173],[-80.420462116812843,37.856940300043114],[-80.420356971776329,37.857404794940607],[-80.420321596294201,37.857601360247799],[-80.42031991668361,37.857815974128023],[-80.420341281341578,37.857968101632572],[-80.420396692391208,37.858093571323238],[-80.420429270571162,37.858254697605091],[-80.420394312714407,37.858397609655263],[-80.420257216167613,37.858620498647383],[-80.419642489136308,37.859341825471084],[-80.41949501795655,37.859448405499791],[-80.419212210065751,37.859554321473439],[-80.418861793098301,37.859650964906294],[-80.418488606508305,37.859774316628318],[-80.418306946600012,37.859925444297978],[-80.418203962658851,37.860112729441582],[-80.418191065679949,37.860318346858733],[-80.418231824001381,37.860872988252773],[-80.418250870131288,37.861320211762397],[-80.418225357034729,37.861695676219128],[-80.41821267812783,37.861773733720817],[-80.418154239811344,37.862133513258627],[-80.418072400295131,37.862499752070022],[-80.418000855941031,37.862991246606441],[-80.417998630671164,37.863274057064366],[-80.417997618725877,37.863402585470702],[-80.417997484749705,37.863420054694799],[-80.417996143008594,37.86359037201612],[-80.418028435754835,37.863787271766867],[-80.418084514927685,37.863977740223532],[-80.418094355552924,37.864011159465569],[-80.418160765577056,37.864172457912204],[-80.418192569169861,37.864431948614779],[-80.41813391946792,37.864717823098623],[-80.418042625442794,37.864851510454777],[-80.417838046387388,37.865047235592023],[-80.417645163771255,37.865189362978043],[-80.417531171213056,37.865340823931923],[-80.41742824572232,37.865519166696167],[-80.41740434944434,37.865688957748091],[-80.417413656913226,37.865939398188551],[-80.417501067401957,37.866058901278713],[-80.417525256251452,37.866091975141032],[-80.417637353238874,37.866181955628512],[-80.417828335545536,37.866281266072612],[-80.418098069706673,37.866407795313563],[-80.418412923796225,37.866534545017444],[-80.418884993953228,37.866751502229135],[-80.419233406978165,37.866914185219919],[-80.419491797870748,37.867049599806926],[-80.419761390648716,37.867194009015982],[-80.420019781212375,37.86732942334379],[-80.420245033997432,37.867375246159327],[-80.420425231903749,37.867411901376649],[-80.420695323578983,37.867493715696618],[-80.420813800813079,37.867604675242603],[-80.420829703582356,37.867619570824907],[-80.420896127280145,37.867780866826415],[-80.420887400669571,37.867814359431414],[-80.420870546138275,37.867879078113155],[-80.420861236734083,37.86791483371421],[-80.420667094314027,37.868217925435587],[-80.420495722204237,37.868494302638432],[-80.420403654861857,37.86872635657425],[-80.420403092189019,37.868797895288957],[-80.420402043730476,37.868932027704979],[-80.420400643873023,37.869110871813497],[-80.420421942722982,37.869271944089768],[-80.42049922608652,37.869486947133666],[-80.420554575764157,37.869621356213727],[-80.420677848003962,37.86990139152617],[-80.420787332652566,37.870150116259978],[-80.420931602913001,37.870454876258655],[-80.42100569891889,37.870774005587101],[-80.421018907712337,37.870830894704419],[-80.421061720175587,37.871126209249262],[-80.421059970773456,37.871349765896845],[-80.421047080527046,37.87155537968485],[-80.420988924608565,37.871778658023665],[-80.420930841714679,37.871992996706425],[-80.420861828742417,37.872162566381],[-80.420826167009395,37.872394899744087],[-80.420831294855631,37.872557277606255],[-80.420835205509363,37.872681100956093],[-80.420845156337847,37.872851063525175],[-80.420911374634812,37.873039184616246],[-80.421054569373908,37.873211759183462],[-80.421090189374681,37.873254683804873],[-80.421212736177594,37.873452023457212],[-80.42132407816456,37.873640362521883],[-80.421424138392354,37.873828650541689],[-80.421556435588002,37.874222773049155],[-80.42162132620544,37.874580795350916],[-80.421697496466834,37.874938873905549],[-80.421773180440397,37.875359545131602],[-80.421771572711293,37.875565218783613],[-80.421747680592219,37.875735007768093],[-80.421701436260676,37.875877863429388],[-80.421677758132873,37.876020829020874],[-80.421710133337385,37.876208783326319],[-80.421833179300236,37.876343523281086],[-80.421956227941692,37.876478268526562],[-80.422258732312287,37.876748030043387],[-80.422550093432164,37.876999854378802],[-80.422691491657062,37.877125947165851],[-80.422751763737807,37.877179694156183],[-80.422933440844176,37.877317816373449],[-80.422964859627257,37.877341706944364],[-80.423098983351508,37.877503328781671],[-80.423187910959086,37.877673673508731],[-80.423287773274893,37.877888782392226],[-80.423342716933959,37.878076846759136],[-80.423374818342126,37.878300570807916],[-80.42341785329684,37.878569056341078],[-80.423426767365825,37.878873146331287],[-80.423448215886069,37.879016335018413],[-80.423479899793705,37.879293708479977],[-80.423469032634912,37.879450352088455],[-80.423454476670059,37.879660232571418],[-80.4235092849094,37.879866177881766],[-80.423575719463997,37.880027468540852],[-80.423710059486439,37.880162264481427],[-80.42384453589078,37.88027917829946],[-80.42413668443433,37.880432628604524],[-80.424777884154381,37.880677214514392],[-80.425081595336735,37.880794952801146],[-80.425340459911027,37.880876698019648],[-80.425599184993871,37.880976330932612],[-80.425801362888521,37.881093571920928],[-80.426082096526983,37.881264847962854],[-80.426272917482422,37.881390974541382],[-80.426440700340081,37.881579586348629],[-80.426619618668809,37.881786136585283],[-80.426754034478378,37.881911986741031],[-80.426793064583691,37.881954285381092],[-80.426977809284168,37.88215452731805],[-80.427123232891816,37.882316198595994],[-80.427148418312569,37.882331364699297],[-80.427302922298949,37.88242438669544],[-80.427471460279634,37.882514630446003],[-80.427718981838453,37.882605260643906],[-80.428304629267885,37.882742245275267],[-80.428687749196754,37.88280670205809],[-80.428878996370713,37.882879170469273],[-80.42913766313913,37.882987736191041],[-80.429396261673617,37.883105243681591],[-80.429553388906555,37.883213316282742],[-80.429687949105514,37.883321278447418],[-80.429844941615585,37.88344723443852],[-80.42997964279833,37.883537311617054],[-80.430272090326781,37.883654981077754],[-80.430609537493211,37.883790754608974],[-80.430823422217159,37.883854385784737],[-80.431071362958875,37.883891354064481],[-80.431465912699707,37.883937972624331],[-80.431736278646611,37.8839929331387],[-80.431938682947219,37.884083336675751],[-80.432051301987912,37.88411070625871],[-80.432164127098744,37.884111250529656],[-80.432220816546945,37.884075755995795],[-80.432448046313354,37.883871173976381],[-80.432550549036492,37.883746469862075],[-80.432641976830126,37.883594886078868],[-80.432756381066454,37.883389758726381],[-80.433054318140861,37.882792041447843],[-80.433397176891745,37.882221365764181],[-80.433603474212532,37.881802060176732],[-80.433843006898655,37.881463392667349],[-80.434206840912964,37.881098498599798],[-80.434411152967613,37.88093851405646],[-80.434603769463479,37.880832127216948],[-80.434852454872086,37.880770723501193],[-80.435010949255059,37.8806999428718],[-80.43528247373844,37.880602874453373],[-80.435577170361682,37.880425440550951],[-80.435849441130003,37.880230008581769],[-80.436155757964855,37.880007908311157],[-80.436461530111643,37.879857350529413],[-80.436790206802954,37.879662186344795],[-80.43705050776741,37.879556118342897],[-80.437400862460038,37.879477313585859],[-80.438033260404353,37.879399849944235],[-80.438563918662439,37.879348723977088],[-80.438880151137056,37.879305521879459],[-80.43912909920212,37.879208340530766],[-80.439491338628429,37.879049098453798],[-80.439989293980574,37.878845787522152],[-80.440272493182775,37.87869511059143],[-80.44063459126285,37.878553750553586],[-80.440940283092516,37.878412120647106],[-80.441223002419108,37.87832403608062],[-80.441426411512424,37.878280290662545],[-80.44164076586992,37.878281305694301],[-80.441990229364805,37.878318735130684],[-80.442181545743367,37.878382238736286],[-80.442587218435122,37.878446758955661],[-80.442958913721228,37.878529001473375],[-80.443195423086863,37.878583772778171],[-80.443397491570551,37.878718870303778],[-80.443543009656025,37.878871581052778],[-80.443643467646794,37.879015138707601],[-80.443789457552967,37.879105253526212],[-80.443958220353096,37.87916864678742],[-80.444093333302831,37.879205058288058],[-80.444095712042667,37.879205827512102],[-80.444205880102047,37.87924135949492],[-80.444329581486016,37.87929559950355],[-80.4444190965648,37.879394386941414],[-80.444421786022446,37.879397087304255],[-80.444508679003818,37.879484237357296],[-80.444688385100832,37.879592395501923],[-80.444913086981913,37.879718652697782],[-80.445238247513345,37.879988462146386],[-80.445496393463273,37.880168531889531],[-80.44568711452537,37.880312506593143],[-80.44586689359987,37.880411726008745],[-80.445956882144941,37.880447915753791],[-80.446126112950694,37.880448714773813],[-80.44643093221471,37.880423319552918],[-80.446724330723271,37.880415757027215],[-80.446994968752222,37.88043491218783],[-80.447197777682959,37.88047163810522],[-80.447378025807112,37.880508255969296],[-80.447512874637695,37.880580425812134],[-80.447669757340037,37.880724243006632],[-80.447682292411699,37.880738497258811],[-80.447804007055154,37.880876897410587],[-80.447971771632353,37.881074420405014],[-80.44807224347997,37.881217974327896],[-80.448138536168187,37.881406080429784],[-80.448216110463605,37.881594235762478],[-80.448282602828769,37.881755516482023],[-80.448349093219335,37.881916795348637],[-80.448357003049921,37.881927189226168],[-80.448472001887751,37.882078337601733],[-80.448595104299486,37.882213051701726],[-80.448864284430428,37.882428935525567],[-80.449077518614885,37.882581953691997],[-80.449118507327412,37.882623062616467],[-80.449167111721323,37.882671798791243],[-80.449189008507403,37.882761328000733],[-80.449188278123842,37.882859694914181],[-80.449142080923693,37.88300255795258],[-80.449062101140299,37.883136322000539],[-80.448823505529958,37.883358770205156],[-80.448585305140128,37.883527564621481],[-80.448312989830896,37.883731969373372],[-80.448100795139311,37.883905394752716],[-80.448051886754016,37.883945366924138],[-80.447994672019206,37.884052409831767],[-80.447993872143726,37.884159716354652],[-80.448060035954526,37.884365708057153],[-80.448125456964618,37.884670059320285],[-80.44815213340479,37.884847721923286],[-80.44815770506527,37.884884832820909],[-80.448179071948758,37.88504590017147],[-80.448155168031008,37.885224638845088],[-80.448086138949193,37.88540316595477],[-80.448040270547878,37.885501322082831],[-80.447915094086724,37.885643814224622],[-80.44775586313753,37.885812978094556],[-80.447608250829475,37.885937479306662],[-80.447543399512284,37.886060230877099],[-80.447528132541265,37.886089128720108],[-80.447470651510528,37.886231937150448],[-80.447467804106438,37.886282742520066],[-80.447457629907248,37.886464384535337],[-80.447489140638751,37.886777523145703],[-80.44752191884335,37.886920758782345],[-80.447543286031234,37.887081823488053],[-80.44758681324015,37.887296650889631],[-80.447586014947021,37.887403958257764],[-80.447573857460412,37.88752015408474],[-80.447516307381505,37.887671909349642],[-80.447413691713251,37.887814507674747],[-80.447378903754682,37.887939539906462],[-80.447378452029682,37.887999978749932],[-80.447377968070796,37.888064730146638],[-80.447433721187778,37.888154417630652],[-80.447647165711871,37.888280615776345],[-80.447984394811584,37.888452108299425],[-80.448680492325664,37.888920386416274],[-80.449214225659034,37.88929655441266],[-80.449274656620005,37.88933914581694],[-80.449421331199261,37.889442519361715],[-80.449567688363786,37.889487915331522],[-80.449815654399359,37.889524846102688],[-80.450041056904354,37.889561669137024],[-80.450480582391336,37.889635262159288],[-80.450987675458293,37.889727054920108],[-80.451291668728231,37.889817898066504],[-80.451460057505329,37.889934937506936],[-80.451595128696695,37.889980279268549],[-80.451741681549592,37.889998844552288],[-80.452080520883555,37.889955709771513],[-80.452465090506578,37.889832303636467],[-80.452827019746266,37.889717730965181],[-80.453098751871494,37.889593800902112],[-80.453257384902031,37.88950511292736],[-80.453483910580616,37.889389910153589],[-80.453698692883918,37.889337250210907],[-80.454026575862343,37.889249343823671],[-80.454229874630087,37.889223461254609],[-80.454398992644855,37.889242132352834],[-80.454680551851865,37.889314976543581],[-80.454871908861335,37.889378458814228],[-80.455018002249048,37.889459618367468],[-80.455109376642866,37.889519576524783],[-80.455141527572394,37.889540676888771],[-80.455241957697808,37.889693166137754],[-80.455350316960249,37.889893869905414],[-80.455353277807689,37.889899357180219],[-80.455453645273778,37.890060786816463],[-80.45553197256406,37.890150575795033],[-80.455666783346857,37.890231682353551],[-80.455813074463521,37.890286016534596],[-80.456038219235325,37.890358597570973],[-80.456421141995236,37.890458732155274],[-80.456826496240595,37.890576857039861],[-80.457085821469107,37.890604880455697],[-80.457412984242808,37.890615333375379],[-80.457728861083794,37.89062573069252],[-80.457864264184494,37.890626355267997],[-80.457999472917237,37.890653803188187],[-80.458190438489325,37.890770940576047],[-80.458370457563007,37.890843306743569],[-80.458460531598192,37.890870547354226],[-80.458573171049039,37.890897895292298],[-80.458708377131899,37.890925343288274],[-80.458933463575136,37.891006862093121],[-80.459214968656653,37.891088639670009],[-80.459451209273013,37.891188093159585],[-80.459675966024349,37.891314321462964],[-80.459855853801571,37.891404571893212],[-80.460182235933104,37.891522322837055],[-80.460497725574712,37.891586367858821],[-80.460655306964739,37.891640742364764],[-80.46083474134096,37.891793590589842],[-80.461149317966544,37.891982822503984],[-80.46137388915291,37.892135873811064],[-80.461733151293288,37.89238791088745],[-80.461912976840182,37.892487102356412],[-80.462036385858241,37.892586033030064],[-80.462182491233861,37.892667184646022],[-80.46250144763377,37.892847240626352],[-80.463319893803458,37.892588590360084],[-80.463647451188393,37.892545369075826],[-80.463941031935548,37.89251988109384],[-80.464200624981061,37.892512117605982],[-80.464606716711288,37.89253185245849],[-80.464967222701148,37.892613976486317],[-80.465338753818443,37.892731914746371],[-80.465755354607737,37.892859003566322],[-80.466014504482629,37.892913836339929],[-80.466251404746586,37.892923849820562],[-80.466793163794009,37.89290841974826],[-80.467267224576815,37.892892683523911],[-80.467741151881611,37.892894827416157],[-80.468180775348614,37.892959411290143],[-80.468530198491905,37.893014646344113],[-80.468901736296544,37.89313257340276],[-80.469397080594291,37.893295773464743],[-80.469802152070798,37.893458564874308],[-80.470150809708002,37.893621102775832],[-80.470375658669667,37.893738367520093],[-80.470557856926575,37.893843898904223],[-80.470577939744402,37.893855531236802],[-80.470595650655497,37.893864701371228],[-80.470926468442869,37.894035948889439],[-80.471297949003301,37.894162816207306],[-80.471849664709055,37.894335199997755],[-80.47276222532436,37.894544969572358],[-80.473877647425311,37.894791414135724],[-80.474880430795594,37.89501051139451],[-80.475353803329398,37.895093104395166],[-80.475816268349206,37.895121992725521],[-80.476120948760496,37.895123348215272],[-80.47676415745552,37.895126209093142],[-80.477373517262777,37.895128917977516],[-80.478039041459922,37.895167638029314],[-80.478659055573004,37.895259811472677],[-80.479098071789991,37.895413779498575],[-80.479469073234952,37.895612156670843],[-80.479805909296971,37.895855097729694],[-80.48006381448468,37.896088742930729],[-80.480219038248578,37.896257637480872],[-80.480377396070068,37.896429947152548],[-80.480422381424688,37.896478031624284],[-80.480881435287515,37.896968724770659],[-80.481036426334796,37.897158169469499],[-80.481116402581421,37.897255920668286],[-80.481216523661402,37.897462043274622],[-80.4811926335354,37.897649732136529],[-80.481089876655361,37.897819186202923],[-80.48098712383748,37.897988641993955],[-80.480922767851965,37.898196040356069],[-80.480917840701323,37.898211899471747],[-80.480927433453175,37.898453392786578],[-80.481005111060227,37.898641533036262],[-80.481109343379273,37.89876370003239],[-80.481150619427851,37.898812080610327],[-80.481340709747286,37.89906331202215],[-80.48154145468736,37.899404012165256],[-80.481820069431819,37.899906023593196],[-80.481954067981178,37.900222115771932],[-80.482108717710986,37.900586929886188],[-80.482269267673374,37.900993320383392],[-80.482275051394481,37.901007962142053],[-80.482368768730637,37.901149631752389],[-80.482464896110713,37.90129495672381],[-80.482789861033524,37.901627261705862],[-80.483148865227591,37.901932884575253],[-80.483451569373415,37.902220376667472],[-80.483652585826476,37.902525304541584],[-80.483808521327703,37.902821094412133],[-80.483929728863671,37.903241925399989],[-80.484070572757787,37.904083142645646],[-80.484195878368752,37.904545913206867],[-80.484213603236114,37.904611381681434],[-80.484345978250474,37.905050148177352],[-80.484397526614686,37.905150922533764],[-80.484423918673215,37.905202510231327],[-80.484547253237693,37.90531930222263],[-80.484873109864509,37.905526411660688],[-80.485086546590566,37.905670425352071],[-80.485288449953373,37.905850161538005],[-80.48530926483302,37.905903002680844],[-80.485366079453513,37.906047236665266],[-80.485398322211751,37.906279883017469],[-80.485374377305135,37.906476514884183],[-80.485271868905485,37.906610204620605],[-80.485146911030967,37.906725910760336],[-80.484954358432645,37.906823438391832],[-80.484739236134331,37.906920862395665],[-80.484569069175379,37.907045312638871],[-80.484421104499177,37.907223517601238],[-80.484386059770259,37.907393269947029],[-80.484385527747605,37.907469181907949],[-80.484384624457022,37.907598947331884],[-80.484405636137495,37.907822602035807],[-80.484539575227473,37.908037808700321],[-80.484645362992964,37.90817926695312],[-80.48474085890544,37.908306966848578],[-80.484897618924165,37.908486503300722],[-80.485020777213578,37.908630123728003],[-80.485120858562155,37.908845181562711],[-80.485153533287715,37.909015235728262],[-80.485141061516146,37.909185089693658],[-80.485039110974412,37.909238298660668],[-80.484767796563844,37.909299709797054],[-80.484496354650304,37.909379004142309],[-80.483942315264215,37.909519656738496],[-80.483342434424529,37.909758473709964],[-80.482968852092412,37.909917797216643],[-80.48266285686131,37.910095304626758],[-80.482469799043344,37.910264364346588],[-80.482265131052728,37.910478085898461],[-80.48213959775407,37.910674269112164],[-80.481945840612028,37.910941694865549],[-80.481706625090141,37.911253627920189],[-80.481479066556318,37.911511962270531],[-80.481138326453248,37.911814504157789],[-80.480843102162041,37.912063597172597],[-80.480627458509659,37.912232552354084],[-80.480468242768723,37.912401758938998],[-80.480308400643992,37.912660385347138],[-80.480114256302841,37.912981460295136],[-80.479886246143494,37.913302383440886],[-80.479612900201857,37.913649936297205],[-80.479214755400079,37.91408636091095],[-80.478850470595333,37.914522929566154],[-80.47857729890768,37.91484365277681],[-80.478246558032012,37.915325083983575],[-80.477994439333159,37.915860517873725],[-80.477866551130262,37.91638756065074],[-80.477704349226855,37.916977050299977],[-80.477703245456595,37.917132979991294],[-80.477703207618902,37.917138009041004],[-80.477792498992969,37.917281484716369],[-80.477949581373551,37.917416320222856],[-80.478376559683468,37.917695431506559],[-80.478511130049952,37.917821225647721],[-80.478791685259637,37.918054976047031],[-80.479161916040354,37.91837854359521],[-80.479442285197749,37.91863912040828],[-80.479622073465535,37.918756167033159],[-80.479813214542347,37.918864323635596],[-80.479981716920562,37.918981321627115],[-80.480052268238509,37.919080405177802],[-80.480071141957993,37.919106912677826],[-80.480115031163706,37.91928595739887],[-80.480113080944477,37.919563165847549],[-80.480111507243478,37.919786721964812],[-80.480075941535119,37.920028014968182],[-80.480006765831689,37.920233384422509],[-80.479915829331077,37.920322409784532],[-80.479779615432037,37.920429118393564],[-80.479450367392474,37.920695936884236],[-80.479347508519922,37.920874333546749],[-80.479289617285019,37.921079756070711],[-80.479265591258866,37.921285324806171],[-80.479286782255045,37.921482155486991],[-80.479318011226084,37.921540783061729],[-80.479387054061206,37.921670395199293],[-80.479532856628992,37.921805177726],[-80.479690078906728,37.9219221235033],[-80.479869685402591,37.922065998589872],[-80.480004455112294,37.922164963960562],[-80.480172902351356,37.922290899512618],[-80.480307609947118,37.922398806887244],[-80.480339912961625,37.922430443407251],[-80.480408513633591,37.922497623135854],[-80.480452598897656,37.922649837017488],[-80.480451593402648,37.922792914601445],[-80.480450460932289,37.922953876873535],[-80.480460576677203,37.923012301865079],[-80.480483004950045,37.923141813888222],[-80.480583282047164,37.923330048961901],[-80.480728713917429,37.923518481397068],[-80.480775000585794,37.923605370148529],[-80.4807955633445,37.923643973104703],[-80.480783458225716,37.92376017292176],[-80.480703305235963,37.923920782897966],[-80.480475894688695,37.924152287412959],[-80.480327755057971,37.924348366555435],[-80.480236123713212,37.924535756079216],[-80.480195324432472,37.924723203325406],[-80.480189455757113,37.924750172011848],[-80.480199483526135,37.924929067867104],[-80.480243004369484,37.925161764681825],[-80.480309603829397,37.925323023314611],[-80.480454413045095,37.925600883111677],[-80.480543844525911,37.925726470111442],[-80.480599281712301,37.92586979765742],[-80.480590989872752,37.925914021719294],[-80.480575823753654,37.925994889019186],[-80.480450953542388,37.926092705723576],[-80.480179447463797,37.92617198760945],[-80.479738542239275,37.926259464494834],[-80.479195839850831,37.926373317112528],[-80.478834146716068,37.926434313276005],[-80.478585723718709,37.926442158144305],[-80.478246980696483,37.926449595761667],[-80.477941922595079,37.926484016013362],[-80.47769299333774,37.926563392300245],[-80.477477801503326,37.926660806709251],[-80.477261787223028,37.9268744693142],[-80.477158473341945,37.927115456541216],[-80.477123213119768,37.927312033877065],[-80.477122198728821,37.927455111261452],[-80.477165834503168,37.927669922563688],[-80.477243531220935,37.927858064513714],[-80.477377613871113,37.928055394950384],[-80.477453330240152,37.928167367900123],[-80.477589899380391,37.928369323742956],[-80.477701844044276,37.9285039590035],[-80.477892439329295,37.928692600640879],[-80.478105418479188,37.92890816458322],[-80.47827349965354,37.929087760424167],[-80.478520481107694,37.929285590024257],[-80.478756551783007,37.929429717784323],[-80.478981522948814,37.929546966277186],[-80.479172755061498,37.929646179785834],[-80.479510184246195,37.92982652325643],[-80.47966735582439,37.929952414049744],[-80.480027053570879,37.930177566674736],[-80.480341782746223,37.930375692679853],[-80.480623334723475,37.930475302651274],[-80.481029009253533,37.930584402037084],[-80.481197982294148,37.930638800108326],[-80.48125217083593,37.93066222472644],[-80.481490640245411,37.930765286616158],[-80.481659231617925,37.930873340735147],[-80.48186150859037,37.931008369881837],[-80.481973465031189,37.931143002005662],[-80.482051052141216,37.931349020955771],[-80.482226922850927,37.932029427247322],[-80.482370685111619,37.932459297926755],[-80.482369368343328,37.93264708338652],[-80.482274403089605,37.933308414355302],[-80.482182012561296,37.933603108574381],[-80.482100785089145,37.933915738858687],[-80.48207669838429,37.934130253680664],[-80.482075567851766,37.934291216579538],[-80.482130454196309,37.934515020677438],[-80.482331862822406,37.93477523986504],[-80.482477760248173,37.934901076342911],[-80.482646427416555,37.935000185826624],[-80.482803929738211,37.935081359877408],[-80.482893504079911,37.93518906395088],[-80.483027802877501,37.935359562714311],[-80.483173323546637,37.93553905231709],[-80.483218179840435,37.935600739895015],[-80.483251608271274,37.935646706526086],[-80.483397759319743,37.935736774339404],[-80.483532748552662,37.935808906863862],[-80.483701668274009,37.935872246408778],[-80.483837154908485,37.935872840806127],[-80.484040574697389,37.935846901513386],[-80.484255720164995,37.935758418611648],[-80.484584646402325,37.935545244443098],[-80.484947445048917,37.935332211300569],[-80.48533287611501,37.935110333408467],[-80.485570728318379,37.935004063976642],[-80.485830720461848,37.934960487270793],[-80.486022410584354,37.934997093355982],[-80.486213726276972,37.935087355856936],[-80.486371168253854,37.935177468390613],[-80.486596481212885,37.935249992541415],[-80.486822291989014,37.935250977554901],[-80.487138804208655,37.935198702731618],[-80.487365048445852,37.93513709032208],[-80.487556984717131,37.935137926344034],[-80.487692159770518,37.935183226189935],[-80.487773531791788,37.935243736208271],[-80.487849423321279,37.935300164704358],[-80.487938753766144,37.935443635233817],[-80.487993594436901,37.935676378115765],[-80.488014748124854,37.935882146567621],[-80.488022686785101,37.935955799457517],[-80.488035967357831,37.936078973586454],[-80.488090931673938,37.936293833523685],[-80.488191615483785,37.936428409723504],[-80.488314823923716,37.936572027295732],[-80.488449321463975,37.93671569111158],[-80.488662665433864,37.936886525255169],[-80.488898286046094,37.937102169712013],[-80.489055305677851,37.937254876865495],[-80.489167099011738,37.937416325575292],[-80.489357126761234,37.937694367606845],[-80.489703930315926,37.938160882260625],[-80.489809850440167,37.938292092707016],[-80.4898270816185,37.938313440582085],[-80.489950045778784,37.938492822173501],[-80.490005636445261,37.938618260511909],[-80.490038398912262,37.938779367605846],[-80.490027086231393,37.93907920769928],[-80.490024574301628,37.939145949996735],[-80.490028260168259,37.939298984376848]]]},"properties":{"FID":116,"OBJECTID":117,"HUC_8":"05050003","HUC_10":"0505000309","HUC_12":"050500030903","ACRES":60549,"NCONTRB_A":0,"HU_10_GNIS":" ","HU_12_GNIS":" ","HU_10_DS":"0505000402","HU_10_NAME":"Wolf Creek-Greenbrier River","HU_10_MOD":"KA","HU_10_TYPE":"S","HU_12_DS":"050500030905","HU_12_NAME":"Milligan Creek-Greenbrier River","HU_12_MOD":"KA","HU_12_TYPE":"S","META_ID":"WV01","STATES":"WV","Area":0,"GlobalID":"{1D2CA7B2-2520-4848-B164-ADB397DA333E}","Shape_Leng":135320.431255,"Shape_Area":244855760.102}}]}