{"type":"FeatureCollection","features":[{"type":"Feature","id":19,"geometry":{"type":"Polygon","coordinates":[[[-79.626436547425101,38.66281897363843],[-79.62650120302672,38.662879267975946],[-79.626606019654432,38.662963949012799],[-79.626742607218858,38.662977475793447],[-79.626926616062832,38.662896188038317],[-79.627127876379973,38.662707809399969],[-79.627392214380109,38.662400959273718],[-79.627656098509902,38.662117947110701],[-79.628042948202193,38.661764850549758],[-79.628490152061687,38.661436300778142],[-79.628737463612822,38.661224616287669],[-79.62893803255335,38.661071993099689],[-79.629324869178433,38.660718890201728],[-79.629573311599799,38.660447614529133],[-79.629789531517204,38.660271330200693],[-79.629897072783081,38.660212980274181],[-79.630249416392076,38.660074057385359],[-79.630722687008443,38.659972306175483],[-79.631119264698526,38.659905422211189],[-79.631430863107369,38.659909069808251],[-79.631438484683372,38.659909157192359],[-79.631740457137468,38.660019979115368],[-79.631770311613053,38.660038374441079],[-79.632056050632585,38.66021441335225],[-79.63238751753228,38.66037326465905],[-79.632779571286306,38.660544745297791],[-79.633292774037898,38.660741485275992],[-79.633519660868572,38.660803740888426],[-79.633868603824268,38.660843582445303],[-79.634126341293523,38.66088235781951],[-79.634444881202143,38.660921838076746],[-79.634763196216838,38.660973241316952],[-79.635111011833246,38.661072669550322],[-79.63544362407842,38.66117192207026],[-79.635806415188867,38.661283446743248],[-79.635971367226048,38.661404581399836],[-79.635973459495816,38.661407340736226],[-79.636090035250973,38.661560939266387],[-79.636086870880675,38.661727802716335],[-79.636018830004133,38.662108490543908],[-79.63588840196978,38.662571896296342],[-79.635681285045294,38.663070170439802],[-79.635459410485581,38.663544429843434],[-79.635301061748692,38.663876380935022],[-79.635265907452919,38.664126315719244],[-79.635273419498702,38.664531726681943],[-79.635313591773922,38.664818303627271],[-79.635355350387414,38.66502145163669],[-79.635366028115328,38.665260003741516],[-79.635361728171944,38.665486454600845],[-79.635308207075255,38.665903068930412],[-79.635209977530579,38.66627148533869],[-79.635051845352024,38.666591513764651],[-79.634864665716307,38.666839673839462],[-79.6346463990713,38.667123235627983],[-79.633903097770883,38.667829828369356],[-79.633297056618616,38.668514181002685],[-79.632536028401631,38.669351689076059],[-79.632103773783598,38.66969235051296],[-79.631501784497317,38.670162152069445],[-79.630900694189464,38.670584283992788],[-79.630113072991676,38.67121880301567],[-79.629339275852857,38.671925012055652],[-79.628796699244219,38.672467025457514],[-79.628393675049921,38.672867620687512],[-79.628190797379759,38.673139428412824],[-79.628018551344255,38.67339967411047],[-79.627937302945526,38.67367290918137],[-79.627870117298272,38.67400591436104],[-79.627863515490034,38.67435155230244],[-79.627793139119234,38.674851417123847],[-79.627727544718567,38.67510099359184],[-79.627631996347574,38.675326373714078],[-79.62749060691074,38.675563142157351],[-79.627227358885563,38.675810394671259],[-79.626839511945406,38.676211161411089],[-79.626590319656373,38.676518187132544],[-79.626464357498634,38.676743210807061],[-79.626384461521255,38.676944931604162],[-79.626349954346836,38.677159108352221],[-79.626373527457986,38.677517021467473],[-79.626415951697425,38.677684415073458],[-79.626600925864935,38.67808288138648],[-79.626649657371686,38.678187853029968],[-79.62690153060359,38.678536525101251],[-79.627125045545171,38.678777573568965],[-79.627349473853258,38.678970950035428],[-79.627679197602035,38.679225161551507],[-79.628071111241155,38.679408580152646],[-79.628524071064234,38.679580787012441],[-79.62899269719199,38.679729339164119],[-79.629355343218975,38.679852800700964],[-79.629702102591125,38.680011840731282],[-79.630033885945807,38.680158782359811],[-79.630486177161302,38.680366743207927],[-79.630756914625579,38.680524891552231],[-79.63116472857493,38.68067271663957],[-79.631723689592135,38.680869998527996],[-79.632146259864925,38.68104183853135],[-79.632387953581301,38.681128114514685],[-79.632598108130964,38.681273626322387],[-79.633079462610311,38.68155344050259],[-79.633364735387318,38.681747516734752],[-79.633575573804322,38.681857270809189],[-79.633832479651602,38.68194371797928],[-79.634075538096852,38.681958480281118],[-79.634669911097333,38.681893896515561],[-79.635279488397941,38.681829484465226],[-79.635904042457042,38.68177716587072],[-79.636421709134325,38.681747436908189],[-79.636772113395878,38.681715760307107],[-79.637182658810275,38.681720547582621],[-79.637668553647856,38.681761970783938],[-79.638003074460727,38.681765869432461],[-79.638490325354539,38.681735779729514],[-79.639115102511198,38.681671526420615],[-79.639572395704207,38.68161723967664],[-79.639938905921085,38.681538056811732],[-79.640198751257287,38.681469550786083],[-79.640552983325861,38.681235244347263],[-79.641030890765094,38.680895086666602],[-79.641354933795071,38.680648505853163],[-79.641615901283529,38.680520406291258],[-79.641814697400122,38.680463105761824],[-79.642119703802109,38.680418964727117],[-79.642515262997222,38.680411634557551],[-79.642879740199675,38.680439709043455],[-79.643394688920964,38.680552974540099],[-79.643742382752677,38.680664298906443],[-79.64411959038145,38.680823650425417],[-79.644661812185689,38.681104122052638],[-79.645115845817386,38.68140668607019],[-79.645262609248078,38.681504486518229],[-79.645756750124335,38.681915529279408],[-79.646071124806156,38.682181438890154],[-79.646185364737292,38.682290490676834],[-79.646235466591008,38.682338316033508],[-79.646415463610495,38.682471533892745],[-79.646641077694028,38.68260527944733],[-79.646988343535682,38.682740429540239],[-79.647427063614572,38.682864718166051],[-79.647896649641154,38.68296551727974],[-79.648473122214895,38.683043706992855],[-79.649322629037329,38.683160815604779],[-79.649641056300268,38.683212177453967],[-79.650156482991974,38.683301579448269],[-79.650504879678522,38.683377126088935],[-79.650716191861463,38.683463012801333],[-79.650956578765829,38.683620763523322],[-79.651211272822223,38.68382636114773],[-79.651390612896435,38.683995325140998],[-79.651660518734843,38.684201100836233],[-79.65193042153993,38.684406874975217],[-79.652190949796534,38.6845439167313],[-79.652231640241169,38.684565324384756],[-79.652457047292515,38.684710973830647],[-79.652712870636364,38.684856975108268],[-79.65292263109491,38.685026289967077],[-79.653220278251666,38.685375433250442],[-79.653412370721668,38.685675676981575],[-79.653664179662641,38.686036212281188],[-79.653805133128415,38.686230495680796],[-79.653812443728327,38.686240579678],[-79.653822010709774,38.686249709223034],[-79.653966220260983,38.686387339870258],[-79.653976815182801,38.686397448147488],[-79.654014044205255,38.686419656092149],[-79.654608567086797,38.686774280006567],[-79.655735457398805,38.687514430300396],[-79.656081649553286,38.687709150890832],[-79.656352025316622,38.687891075524469],[-79.656652819256664,38.688073349904087],[-79.656877134220935,38.688278587124515],[-79.657117760143137,38.688472790381851],[-79.657131864013138,38.688484173220651],[-79.657356848896583,38.688653651398532],[-79.657777969290336,38.688908836141813],[-79.657972992038992,38.689054128022924],[-79.658213854415962,38.689188025478352],[-79.658454943777727,38.689310003104858],[-79.658742320293456,38.689396749886008],[-79.659121588882158,38.689486403406349],[-79.659166343848753,38.68949697954119],[-79.659727011646098,38.689610701369212],[-79.66004391455283,38.689745465760183],[-79.660422539664637,38.689833251375561],[-79.660756433359012,38.689872840180193],[-79.661025101964668,38.689875917112751],[-79.661227861315979,38.689878238809428],[-79.661623474793828,38.689870849432999],[-79.661651619141821,38.68986645686784],[-79.662050610351656,38.68980420790075],[-79.662435010525158,38.689582102399058],[-79.663002782004853,38.689314410124211],[-79.663494736475087,38.689033923826507],[-79.663801985064524,38.688870537992948],[-79.664095130370924,38.688647382276699],[-79.66440415005512,38.688388647593385],[-79.664545885282038,38.688127999813531],[-79.664610482657963,38.687926077956817],[-79.664800053975924,38.687546762050061],[-79.664850550075485,38.687285071062774],[-79.664929904674338,38.687107158692797],[-79.665086847589649,38.686846682908715],[-79.665380204212624,38.686611609683872],[-79.665810416393782,38.686378095517831],[-79.666284919370725,38.686216611250273],[-79.666728785285969,38.686066694962648],[-79.667125928177256,38.685975851469266],[-79.667629728282279,38.68587430182054],[-79.668056837259556,38.68580764140637],[-79.668636233640356,38.685730792396292],[-79.668941028397128,38.685698498287394],[-79.66971964591734,38.685540460503205],[-79.670223001743366,38.685462739391681],[-79.670559751231011,38.685347356127565],[-79.670880627328074,38.685267554636972],[-79.671095722186109,38.685150786944661],[-79.671494618170755,38.684964582665351],[-79.672001131156819,38.684602322466013],[-79.672003255213568,38.684600798445828],[-79.672297682873904,38.684306113515483],[-79.672514753596772,38.684082076022726],[-79.672945149369227,38.683836610864432],[-79.673390312344381,38.683615160967967],[-79.673696410843604,38.683511340968181],[-79.674063553942929,38.683396293111187],[-79.674431138024929,38.683257406955669],[-79.675012043197114,38.683097092152764],[-79.675516259255573,38.682971667230724],[-79.67594312589523,38.682916896132589],[-79.676415604410963,38.682862641566722],[-79.676858114574415,38.682784199341633],[-79.677328806985997,38.682717971856199],[-79.677407062411149,38.6827069593555],[-79.677621263957334,38.68263785547439],[-79.677927572918236,38.682522106519784],[-79.678218897986184,38.68239426811197],[-79.678449395101524,38.682265739726844],[-79.678558905663095,38.682100082291143],[-79.678684933099944,38.681863078625483],[-79.678781648125451,38.681566138244222],[-79.678785373083187,38.681363519346078],[-79.678995540329637,38.680686384300493],[-79.679123540376324,38.680342111764972],[-79.67922046695243,38.680033255838104],[-79.679255478150964,38.67978330501699],[-79.679260296964912,38.679521092992381],[-79.679250134505153,38.679246787066084],[-79.679210872166919,38.678900629572453],[-79.679139445487522,38.678649475592003],[-79.678977009733373,38.678385373305908],[-79.678662089663121,38.678143389162479],[-79.678346733249825,38.677925242307751],[-79.678153015719985,38.677708471450728],[-79.677975823137018,38.67742035699424],[-79.67790396348542,38.677193042209545],[-79.677850163136952,38.676810953873364],[-79.677870850037834,38.676513154362198],[-79.677926334434972,38.675977324742995],[-79.677978525360103,38.675620278608918],[-79.678045919839704,38.675263403395604],[-79.678160677283685,38.674811692991099],[-79.67821023655506,38.674597669084044],[-79.678334721413776,38.674444098318418],[-79.67862732751523,38.674244746453915],[-79.678950557719148,38.674033815098859],[-79.679166699848963,38.673857439320287],[-79.679429767610387,38.673610059290887],[-79.67955643338523,38.673337302683585],[-79.679667900283462,38.673064373419109],[-79.679703561598203,38.672778664407616],[-79.679708598826849,38.672504533425027],[-79.679707419578804,38.67239346172682],[-79.679703030688245,38.671979932501657],[-79.679688810000485,38.671801436730767],[-79.679665957590316,38.671514585822081],[-79.679568508838528,38.671024711610258],[-79.679404903857517,38.669997634533779],[-79.679340491186665,38.669365081696931],[-79.679329578376112,38.668303962497795],[-79.679398927824479,38.667839819952036],[-79.679464997715613,38.667554455039031],[-79.679606639066023,38.667293782834797],[-79.679632583685347,38.667159680608442],[-79.679700509079751,38.666954245447549],[-79.679703278644354,38.66680339530641],[-79.679672874669194,38.666712527713976],[-79.679547280024153,38.666565258425599],[-79.679408674162673,38.666427903243537],[-79.679278953369263,38.666315462772594],[-79.679238190961726,38.666280127632248],[-79.679086855215473,38.666137598172561],[-79.678961907200971,38.665955135451313],[-79.678876557307802,38.665712762848031],[-79.678828299680845,38.665546253080251],[-79.678818302665576,38.665396204003166],[-79.678818245274527,38.665395261669389],[-79.678846853589789,38.665234647660533],[-79.678921280368726,38.665024258005069],[-79.679078808473264,38.664829892820947],[-79.679254831994285,38.664675971041781],[-79.679468878400158,38.664547628089394],[-79.67968877865404,38.664449526217091],[-79.679935368505582,38.664366529924344],[-79.680668124914831,38.664207902065812],[-79.68106447155121,38.664152769759816],[-79.681171976342796,38.664141038216364],[-79.681460600314622,38.664109546650899],[-79.68185606830744,38.664102085294729],[-79.682129487429464,38.664117088671397],[-79.682782082321822,38.664184045328597],[-79.683540874041014,38.66426411852207],[-79.683951326580171,38.664268735363052],[-79.684361127083193,38.664309110376315],[-79.684816532475708,38.66434999591818],[-79.685180513854974,38.664401777511067],[-79.685503313831958,38.664445768884434],[-79.685847880791414,38.66449272448866],[-79.686093375728618,38.664529947620899],[-79.686272450099779,38.664557101000334],[-79.686297764100232,38.664559727404274],[-79.686530452489691,38.664583842936516],[-79.68671305897152,38.664625101129644],[-79.6868635926769,38.664659110648884],[-79.687544858394276,38.664821734326239],[-79.688135349178722,38.664959493601742],[-79.689196462276954,38.665138289041373],[-79.690380502597321,38.665246926581595],[-79.691170588747084,38.665279613612249],[-79.6917484927191,38.665274155880319],[-79.692523373301512,38.665306667281328],[-79.693024834851016,38.665324192652164],[-79.693556048783535,38.665377812506989],[-79.693873784105421,38.665464812940371],[-79.694296422226799,38.665636429816779],[-79.694689302645159,38.665771949674969],[-79.694962295413021,38.665810762378328],[-79.695159924201604,38.665812965739491],[-79.695387962005,38.665815509794889],[-79.695678106244387,38.665747219343039],[-79.695967387499678,38.665726598534768],[-79.696316391919169,38.665766255611388],[-79.696649552040071,38.665841495742413],[-79.696940739426807,38.665932202957421],[-79.696967075020538,38.665940407457356],[-79.697222706423844,38.66609822999807],[-79.697416883991764,38.666291134504384],[-79.69760976577993,38.666555551904779],[-79.697695584121874,38.666854538380079],[-79.697779888232304,38.667236957585239],[-79.69779328149329,38.66731872617445],[-79.697834653895967,38.667571364229914],[-79.697847450983417,38.667639032411053],[-79.697931791779936,38.668085063032457],[-79.698016100691675,38.668467482962384],[-79.698065152625276,38.668606657924528],[-79.698117340338186,38.668754721427803],[-79.698341068606737,38.66899563781859],[-79.698625179754984,38.669261067972428],[-79.698835006316671,38.669430300199593],[-79.699072646661293,38.669742894894398],[-79.699159879747967,38.669884659541324],[-79.699249912418978,38.670030979861316],[-79.699366145414103,38.670330305100819],[-79.699408090792488,38.670533433314056],[-79.69940334583562,38.6707956496465],[-79.699369488232193,38.670986015484708],[-79.699305435988933,38.671164121656822],[-79.699271794843767,38.671342565138993],[-79.699189622314407,38.672521859584847],[-79.699165360103976,38.673022283689846],[-79.699201476866079,38.673547221603876],[-79.699300357240929,38.67396556576881],[-79.699430077006127,38.674360413294039],[-79.699567989484095,38.674637753691854],[-79.699620830449206,38.674744011943403],[-79.699929340487088,38.675343507546671],[-79.700014556679704,38.675448519713321],[-79.700241733702924,38.675728462806333],[-79.700567398404331,38.676220852875247],[-79.700818119847426,38.676652805707796],[-79.701137822941021,38.677182519603662],[-79.701202028213856,38.677288898841262],[-79.701304154944026,38.677528457916416],[-79.701344812361626,38.677803099394126],[-79.701368764224569,38.678161004871789],[-79.70142182567524,38.678590761114961],[-79.701446210058762,38.678924827327407],[-79.70151749311627,38.679187884966666],[-79.70160506556455,38.679391519707046],[-79.70197830800214,38.679777145852405],[-79.70236783843194,38.68010333883025],[-79.70289228386217,38.680538324253426],[-79.703942486105049,38.68133677508898],[-79.704995071534796,38.682004107199816],[-79.705626852042428,38.68239258193438],[-79.707100305989229,38.683338741133909],[-79.707326043653467,38.683472372534865],[-79.707483850896068,38.683592537661553],[-79.70759611036469,38.683678020061677],[-79.707864677981831,38.683967099011248],[-79.708147386897195,38.684315938176447],[-79.708474852175357,38.684712957200283],[-79.708789047318007,38.685002539773159],[-79.70913558890453,38.68518518508904],[-79.709404279193663,38.685294216212931],[-79.709467780047575,38.685319984802135],[-79.710072832556847,38.685505481035918],[-79.710330278395361,38.685567926238363],[-79.711013081241276,38.685658903611369],[-79.711559244401954,38.685736449492488],[-79.711968757815342,38.685800569286755],[-79.712317654884075,38.6858520954395],[-79.712515345845162,38.685854273187132],[-79.712743873689888,38.685832946066988],[-79.71301973048692,38.685716770597189],[-79.713267723771523,38.685618406063149],[-79.713341420557839,38.685589177697096],[-79.713601854445301,38.685484750433041],[-79.713861224045232,38.685439918200693],[-79.71416557040655,38.685431344195159],[-79.714408876390877,38.685434017620373],[-79.714621347462739,38.685460196505346],[-79.714833386522571,38.685510210665164],[-79.714850660785871,38.685514586288065],[-79.715030220430521,38.685560062760509],[-79.715288522587883,38.685574820254658],[-79.715577878331587,38.685554157670104],[-79.715943477288391,38.68552240692101],[-79.716059805029857,38.685502709473148],[-79.716340126688479,38.685455236178576],[-79.716507450588367,38.68542318574103],[-79.716752201707166,38.685376310460271],[-79.717272423808424,38.685203196309395],[-79.717732025868415,38.685017498486552],[-79.718283506461049,38.684797039025398],[-79.718605396020322,38.684657512610301],[-79.719018949612504,38.6844951454664],[-79.719356041609672,38.684355780794519],[-79.719648790344948,38.684144405644147],[-79.719847434169807,38.683992992869882],[-79.719941745150436,38.683921109983721],[-79.720233217677546,38.683781242443601],[-79.720455752991441,38.683692960471092],[-79.720554883291783,38.683653628347649],[-79.7209523730006,38.683538766574856],[-79.721412169682907,38.683341130612632],[-79.721627604451513,38.683200431718987],[-79.721798055339036,38.683023477363903],[-79.721970413671599,38.682739250832803],[-79.722128196197204,38.682419096880629],[-79.72228703939345,38.682039350483798],[-79.722416319462951,38.681611597268954],[-79.722621623786182,38.681184673458766],[-79.722996097800475,38.680652302157945],[-79.723324101558731,38.680167113950915],[-79.72365146687703,38.679717676660438],[-79.723898141334544,38.679529629868171],[-79.724296236740273,38.67937899789942],[-79.724876793305782,38.67923035069321],[-79.725349853930823,38.67914013545635],[-79.725821646280508,38.679121438460307],[-79.726293646350783,38.67909081618572],[-79.726902712121941,38.67904976406944],[-79.72737471254608,38.679019136526065],[-79.727771318587827,38.678951924358081],[-79.728076274321836,38.678907558077697],[-79.72822980058416,38.678825777226287],[-79.728443945328067,38.678756578264689],[-79.728582057060621,38.678686554068022],[-79.728750580046963,38.67861685310195],[-79.728963878017481,38.678595330308482],[-79.729222368499535,38.678598139605604],[-79.729602080812398,38.678626109385682],[-79.729905765488439,38.678653251310685],[-79.730179464844085,38.678656224578624],[-79.730483991170999,38.678635685098449],[-79.730712913887146,38.678590483761397],[-79.731064322601696,38.678498931124423],[-79.731461555108339,38.678395947076893],[-79.731980637387451,38.678282363660664],[-79.732773442505263,38.678146442346701],[-79.733066027036642,38.678169872850354],[-79.733098977056315,38.678174544471261],[-79.733521133992852,38.678234411019943],[-79.734036643418051,38.678323438212054],[-79.734581724671003,38.678460474907247],[-79.734930190395545,38.678535770213614],[-79.73516309928533,38.678595054939471],[-79.736823949202588,38.678949646702392],[-79.737429652518145,38.67909924522791],[-79.737808112886142,38.67919870081257],[-79.738353214174296,38.679335719300504],[-79.738550258058694,38.679373606650394],[-79.738715632590797,38.679482683447304],[-79.739016607996788,38.679664747358643],[-79.739173729972762,38.679802369049639],[-79.739361106555549,38.679966494718919],[-79.739599592003486,38.680243257087703],[-79.739807870295706,38.680507769598435],[-79.739985325351952,38.680795792798257],[-79.740250465628094,38.681287422453643],[-79.740528930156017,38.681886490654961],[-79.740762407976689,38.6824493058093],[-79.74096777709218,38.682880682618645],[-79.741124568768569,38.683200605278216],[-79.741173353931103,38.683300144657224],[-79.741441018063838,38.683648740550126],[-79.741489232278838,38.683697762240193],[-79.741705044058179,38.683917170316818],[-79.741784710622923,38.683998158419982],[-79.7421138296489,38.684311654203057],[-79.742443786128419,38.684577472625172],[-79.742803110593499,38.684903209740582],[-79.743087663428724,38.685156615254947],[-79.743342216167733,38.685385859013699],[-79.743348529880137,38.685393510830124],[-79.7435805204654,38.685674527899948],[-79.743697803551981,38.685926137241594],[-79.743738834665706,38.686188844806033],[-79.743720086513136,38.686391307155127],[-79.743639463778962,38.686652708570222],[-79.743558216105782,38.686949869298772],[-79.743461969188516,38.687234947642025],[-79.743305934639451,38.687459774094144],[-79.743058445454054,38.687695540211159],[-79.742765960122284,38.68789505771138],[-79.742534929087256,38.688059473768973],[-79.742198066792653,38.688186984915788],[-79.741877251384196,38.688266983230179],[-79.741632469282465,38.688347798024658],[-79.740911448941461,38.68869767563352],[-79.740237303895469,38.688976524308281],[-79.739547312933382,38.689290967015815],[-79.739009603936339,38.689595117798227],[-79.738715214824722,38.689901898149273],[-79.738543114588509,38.690174231006203],[-79.737840958710265,38.691179964302684],[-79.737777403063646,38.691334257280161],[-79.737774890580667,38.691477283565185],[-79.737802582121006,38.691632559713312],[-79.737951312598241,38.691824905687085],[-79.738080638231537,38.692011046796814],[-79.738084837031522,38.692017085561133],[-79.7384285519054,38.692366514109075],[-79.73881781722389,38.69269707207912],[-79.738983097382587,38.69283742673106],[-79.739053434426751,38.692946280927217],[-79.739145998849054,38.693089531389319],[-79.739210185752114,38.693215096502499],[-79.739293059727643,38.693377226566703],[-79.739288247301914,38.69365136301964],[-79.739222808017018,38.693912927343405],[-79.739035073779462,38.694208933446482],[-79.738725666091455,38.694503631300563],[-79.738401256751004,38.694786239022626],[-79.738093310079094,38.694997502233313],[-79.737784525976679,38.69525643640889],[-79.737521149454338,38.695527781145735],[-79.737334663639828,38.69575227029997],[-79.737315260867604,38.69599048833625],[-79.737265235216825,38.696240293149771],[-79.737319784418716,38.696598520867035],[-79.737419752781619,38.69696916461546],[-79.737533672899289,38.697411479230759],[-79.737649268341201,38.697758443863044],[-79.737748401813207,38.69817675997944],[-79.737948140874522,38.698929956462052],[-79.737974996128187,38.699132905980903],[-79.737986224022819,38.699359534422101],[-79.73798098657025,38.69965750903711],[-79.737869280008468,38.69995433617629],[-79.737741943686629,38.700274834850049],[-79.737600443019943,38.700535576733799],[-79.737457686079239,38.700867829652417],[-79.737220727373909,38.701365963055942],[-79.737125482888729,38.701591436077372],[-79.737101846137875,38.701732139692467],[-79.737091498525274,38.701793732144395],[-79.737088353505072,38.701972520022487],[-79.737186860781932,38.702168887599179],[-79.737220634676959,38.702236216514748],[-79.737336027280648,38.702595098323791],[-79.7373914181061,38.70290565128029],[-79.737444086670607,38.703371150822306],[-79.737465708315938,38.70387207562613],[-79.737459836627906,38.704205810916243],[-79.737349070744315,38.705313287905078],[-79.737333426813734,38.705634380104399],[-79.737325268750823,38.70580180361857],[-79.73727019990281,38.706337664143341],[-79.737107785893386,38.707105940542952],[-79.737104247142881,38.707122676003912],[-79.737022736232674,38.707431746429663],[-79.736849955370857,38.707739833422899],[-79.736509215842702,38.708081871065218],[-79.736000730574034,38.708445930973859],[-79.735321335891697,38.709010806441675],[-79.734642766498155,38.709527997052909],[-79.734149680040645,38.7098802960897],[-79.734122001183835,38.710006309894013],[-79.734100050442137,38.710106266396913],[-79.734126478802523,38.710333054821582],[-79.734213970935087,38.710548583306576],[-79.734436478502872,38.7108728666391],[-79.735050095708687,38.711451729940009],[-79.735840602236408,38.712354372811113],[-79.736152089134094,38.71281074769405],[-79.73631397113158,38.713122450040281],[-79.736443331984105,38.713553013199011],[-79.736451616923716,38.713946502639544],[-79.736491589950248,38.714268807207155],[-79.736476278338586,38.714409414714524],[-79.736455288308775,38.714602211161043],[-79.736601333054807,38.714949506891621],[-79.736809911720272,38.715202107770835],[-79.737454219184272,38.715769365315531],[-79.738173555837193,38.716397034517314],[-79.738591779306603,38.716842636449229],[-79.738626253825998,38.716892868030158],[-79.738740143346675,38.717058817338582],[-79.739066461823569,38.717539189191385],[-79.739227267429342,38.717744296278049],[-79.73934924046857,38.71789987543535],[-79.739573889459336,38.718104958594935],[-79.73990607690267,38.718251593379549],[-79.740450640156951,38.718436278805463],[-79.740829729224501,38.718511890792783],[-79.741194653286755,38.718527743688597],[-79.741727762648154,38.718497721524031],[-79.742138748138245,38.718490220593281],[-79.742427812004706,38.718493331404119],[-79.742974883872321,38.71853497835977],[-79.743385659627435,38.718539394562342],[-79.743750583525568,38.718555235874121],[-79.744038604606715,38.718617940454351],[-79.744262023421911,38.718748042621783],[-79.74430974268391,38.718775829747059],[-79.744625485181203,38.718993800058257],[-79.744805828044392,38.719145938965291],[-79.744940389806999,38.719259450212874],[-79.745150049273974,38.719452437127551],[-79.745314695598324,38.719609184561676],[-79.745572501809519,38.719659637319168],[-79.745785500119808,38.719661919100368],[-79.746120415707651,38.71965359165457],[-79.746745236502619,38.719600685440604],[-79.747157061878426,38.719545493414955],[-79.747491769969827,38.719549079981682],[-79.747537443786669,38.719565322911187],[-79.747733740754001,38.7196351233356],[-79.747989677088071,38.719792837688615],[-79.748244991792021,38.71998631254975],[-79.748438535971857,38.720188176522115],[-79.748499060419618,38.72025130174935],[-79.748679345895326,38.720384365252329],[-79.748858590554718,38.720577019993968],[-79.749144342129156,38.720770821345567],[-79.749476146593821,38.720941266197194],[-79.749763140652448,38.721063550201549],[-79.750080365812437,38.721198076010452],[-79.750322964778974,38.721248354829676],[-79.750595374633946,38.721334712271599],[-79.750866535330275,38.721492588472842],[-79.751062043865829,38.72162581098079],[-79.75121170132546,38.721770465344214],[-79.751299462128756,38.721974063728744],[-79.751326986705266,38.72214125453344],[-79.751352228298359,38.722439555422682],[-79.751302850402595,38.722653612663791],[-79.75121837351503,38.722923533656292],[-79.751206166270137,38.722962530384343],[-79.751033822680185,38.723246800244077],[-79.750876695962802,38.72353122972477],[-79.750655999787554,38.723969958878911],[-79.750499286276963,38.724230550083888],[-79.750419682281347,38.724432356410098],[-79.750411584999682,38.724897200408584],[-79.750418592640173,38.725058940956757],[-79.750422438792839,38.725147664191539],[-79.750510201179864,38.72535126488706],[-79.750688010893711,38.725627353383736],[-79.750882076108155,38.725844010890832],[-79.751166605499222,38.72610931520169],[-79.751361295882319,38.726290214501091],[-79.751527006304784,38.726387355629797],[-79.75185967295522,38.726510118702798],[-79.752405570973963,38.726623237501101],[-79.753178671384816,38.726798381737026],[-79.75361826898434,38.726898440876965],[-79.754376777454539,38.727037659336972],[-79.754726116206783,38.727077143582321],[-79.754968450013536,38.727207457508193],[-79.755042754424849,38.727247412943868],[-79.755192636018208,38.727380143516335],[-79.755295839368017,38.727571984904493],[-79.755293150560746,38.727726931010373],[-79.755229593098704,38.727881230767835],[-79.755074127210136,38.728070313094541],[-79.754842164175614,38.728282427921521],[-79.754563516385574,38.728553645692116],[-79.754300704516041,38.728789270150529],[-79.754236319302422,38.728991245645126],[-79.754247186740983,38.729241706430919],[-79.754363326838188,38.729564818109282],[-79.754479881925178,38.729864091063753],[-79.754491787472972,38.730054957564654],[-79.754487647807551,38.730293335527826],[-79.754420986974935,38.730626419358487],[-79.754263854241927,38.73091085657498],[-79.754184043441555,38.731124587721432],[-79.754194911937702,38.731375050239116],[-79.754251847521502,38.731602160689839],[-79.754413223420372,38.731949595505782],[-79.754516016957382,38.732165273406473],[-79.754542930200842,38.732368219892635],[-79.754524401583879,38.732558762942766],[-79.754506495016656,38.732713548549704],[-79.754457326783481,38.732915686157071],[-79.754376274292014,38.733200932241701],[-79.754312506130702,38.733367149227249],[-79.754339008572586,38.733593931643128],[-79.754398011829139,38.733701853473555],[-79.754424162612366,38.733722901385967],[-79.754518092476417,38.733798502321036],[-79.754684446438901,38.733859883585509],[-79.754956702336742,38.733958153114493],[-79.755291062617559,38.733985556136147],[-79.755853688813517,38.734015386217393],[-79.756340638071705,38.734020566343361],[-79.756736701921199,38.734000942006517],[-79.757072928250423,38.733921067595219],[-79.757409772261155,38.73380543651529],[-79.757883774259952,38.733679342765633],[-79.758264002251366,38.733695301817505],[-79.758550858343767,38.733829481263903],[-79.758745998427244,38.733986530932214],[-79.758879859747964,38.734166769052003],[-79.759000163725332,38.734451414940729],[-79.759011453906183,38.73447811995625],[-79.759140983284951,38.734908659324418],[-79.759225484366453,38.735302956502657],[-79.759280082265889,38.735557738599674],[-79.759281813091718,38.735565824791124],[-79.759328766904531,38.735632246260685],[-79.759400672051854,38.735733980194759],[-79.759551607855343,38.735807107467139],[-79.759736924214948,38.735829856702772],[-79.759870559863643,38.735846256775552],[-79.760159697927747,38.735849324922086],[-79.760449449583163,38.735816632996475],[-79.760648515604984,38.735747216603038],[-79.761000373084954,38.735643655461104],[-79.76130555029232,38.735599204757172],[-79.76158008418065,38.735566353256658],[-79.761854207497009,38.735557332563218],[-79.762265492830139,38.735537847159108],[-79.76263153835508,38.735494038400716],[-79.763028430606838,38.735426709211637],[-79.763349643000836,38.73533473951656],[-79.76373213828785,38.735219575884898],[-79.764175705912919,38.735093130234034],[-79.764559020055486,38.734930286493913],[-79.765400906129216,38.734653070735767],[-79.76607334274054,38.734493274449434],[-79.766576337781473,38.734450897074744],[-79.767047873272901,38.734467793718196],[-79.767272255375104,38.734525323009578],[-79.767290326017232,38.734529955256626],[-79.767365183850103,38.734602272852008],[-79.767378969229696,38.734685866560113],[-79.767361086268934,38.734840653592542],[-79.767296326562374,38.735066475345306],[-79.767262814991938,38.735244941457793],[-79.767336447629546,38.735388774315126],[-79.767667954924349,38.735583005848056],[-79.768195659856502,38.735874678980487],[-79.769115342602831,38.736385060779341],[-79.769690147441011,38.736593772135002],[-79.770235945434862,38.736718728975212],[-79.770629567275989,38.736842079259127],[-79.771083448538633,38.737001828571188],[-79.771400167618907,38.737172058273551],[-79.771792160743104,38.737390756932541],[-79.77261936296911,38.737971665869672],[-79.773432376578114,38.738492814780145],[-79.774200966745482,38.738941962224999],[-79.774406620147289,38.739069691342252],[-79.77472810894092,38.73926936057245],[-79.775030035792426,38.7394155841993],[-79.775498758143669,38.739599311397868],[-79.775652360241921,38.739664696175808],[-79.775785873327393,38.739721529482807],[-79.776135696358139,38.739737115724004],[-79.776563240757042,38.739658143252612],[-79.777098535737551,38.739508768406097],[-79.777788245163649,38.739229871411531],[-79.778477544301495,38.738974809945894],[-79.779182868548489,38.738672226582963],[-79.779536134213672,38.738485177739037],[-79.779843341729745,38.738321484659615],[-79.780242868664459,38.738099152441976],[-79.780566508237015,38.737864106995389],[-79.781167517357162,38.737429289590324],[-79.781445691946573,38.737181841983229],[-79.78160152042993,38.736968886192024],[-79.781743340713277,38.736684253241783],[-79.781822874039449,38.736482419395834],[-79.78184598976928,38.736017732123209],[-79.78185246913641,38.735636319861634],[-79.781770676508771,38.735075170602578],[-79.781742671645134,38.734931823119105],[-79.781640403989812,38.734680408311164],[-79.781598801139637,38.734441552241393],[-79.781617461017632,38.734239086628101],[-79.781742642223008,38.734037724926921],[-79.781914488507326,38.733777252991089],[-79.782194067517921,38.733446368634617],[-79.782303827316724,38.733256773912643],[-79.782352919921365,38.733054623349013],[-79.782403828935244,38.732745200147583],[-79.782470971838563,38.732376338785336],[-79.782616018577684,38.731901001674807],[-79.782713791612593,38.731520538921515],[-79.782855801849593,38.731223987875659],[-79.783075516040199,38.730832873312821],[-79.783247546063336,38.730560476428984],[-79.783310639499248,38.730429997599188],[-79.783375347868642,38.730204166845603],[-79.783517149363149,38.729919532013497],[-79.783658546577627,38.729658735860227],[-79.783922479555116,38.729351528180594],[-79.784295548290501,38.728890478955726],[-79.784681614680593,38.728560699218519],[-79.785113324266973,38.728231390736688],[-79.785514392848668,38.727913683375043],[-79.785900240913733,38.727595815618116],[-79.786332140723317,38.727254586098475],[-79.786671329895725,38.726995838566452],[-79.786980076072126,38.726736776832446],[-79.787304651685815,38.726442111575416],[-79.787645441625173,38.72608800805267],[-79.788635554764028,38.725132651449272],[-79.789300888042987,38.724483871663537],[-79.789964599693491,38.723930442712771],[-79.791137430148098,38.722965033360275],[-79.792231949616337,38.722129933283007],[-79.792524643360579,38.721918375957394],[-79.792771691605125,38.721706342012602],[-79.792912237479186,38.721493210582956],[-79.792961688994225,38.721267215529728],[-79.793031975915994,38.720707643459825],[-79.793089846317045,38.719981042973494],[-79.793124687951632,38.719719134504949],[-79.793130903132536,38.719349637730964],[-79.793114108087238,38.718538817493922],[-79.79305906660899,38.718192530486654],[-79.793018032998219,38.717917915682527],[-79.792977608052141,38.717607544677016],[-79.792968804581747,38.717225972503009],[-79.79298903289957,38.716928150607039],[-79.793038683384566,38.716690238967637],[-79.793210645306004,38.716417821158913],[-79.793335559026914,38.716228371651887],[-79.793521332672455,38.716039549186867],[-79.793721516165689,38.715898556895439],[-79.793937309360118,38.715733887544751],[-79.794260600827542,38.715510718192995],[-79.794783266569979,38.715194230841412],[-79.79587382480085,38.71458555798619],[-79.796764391563414,38.714105952688911],[-79.797808875073372,38.71352063674059],[-79.798055880743647,38.713308589736108],[-79.798426179374303,38.71300244305619],[-79.798810497519256,38.712767966027378],[-79.798995248161219,38.712638730689868],[-79.79925606050756,38.712510276277001],[-79.799455821878496,38.712393112799077],[-79.799655584840664,38.712275952594531],[-79.799794691441306,38.712146242818129],[-79.799951006522051,38.711897501730256],[-79.800247025064635,38.711483294586124],[-79.801211117711219,38.710241444447561],[-79.801476099415666,38.709862680985708],[-79.801586764952162,38.709613468674092],[-79.801605758265836,38.709387157104665],[-79.801609936291314,38.709136851373593],[-79.8015686763068,38.708874156929284],[-79.801558839945741,38.708552183348296],[-79.801518972321034,38.708206057809797],[-79.801523153892418,38.707955753873293],[-79.801596139826941,38.70722930114254],[-79.801662759102996,38.706884261630002],[-79.80168533045881,38.706443405000925],[-79.801597843827111,38.706216001914058],[-79.801493320983312,38.70603709096688],[-79.801464717935261,38.7059881336125],[-79.801255145286731,38.705783322777926],[-79.800953699854972,38.705613335559477],[-79.800454307542665,38.705453233488839],[-79.799879065461425,38.705280430492905],[-79.799409901959663,38.70513256082122],[-79.799077846758053,38.704974172909246],[-79.798761798455899,38.704768263011267],[-79.798598265628328,38.704540079948551],[-79.798521232716169,38.70425058364124],[-79.798512381207061,38.704217316391031],[-79.798440318710263,38.703978150983865],[-79.798414484248042,38.70370369626454],[-79.798359224844447,38.703369328841958],[-79.798350997929987,38.702951997588045],[-79.79846266382286,38.702643191557677],[-79.798900330570021,38.701944333033062],[-79.799430249518892,38.701186807938988],[-79.799848302015562,38.700750012422269],[-79.800143078414337,38.700407316937223],[-79.800668795036003,38.699900092599329],[-79.80097896717686,38.699545635276905],[-79.801588877273048,38.698550494108602],[-79.802165367384291,38.69773383096652],[-79.803178839782674,38.696254041153175],[-79.80366323940811,38.695484109452636],[-79.804335697257486,38.694382300417722],[-79.804645038046402,38.694075508112803],[-79.804830918444907,38.693874748196073],[-79.8051232590947,38.693675071421787],[-79.805461425898415,38.693463943593024],[-79.805783590403905,38.693300336956383],[-79.806257841079756,38.693138276783479],[-79.806915976665607,38.692894645515068],[-79.807298574856304,38.692755494540357],[-79.807697366101806,38.692556898798088],[-79.808050532009901,38.692357836590951],[-79.80835766935337,38.692182147496723],[-79.809063202532812,38.69183169275037],[-79.809232274387966,38.691726123954417],[-79.80929705884617,38.691488353624564],[-79.80924116481205,38.691189751144726],[-79.809153473764809,38.690974274923676],[-79.809113380599683,38.690640066110312],[-79.809166121580105,38.690211435918478],[-79.809218660872588,38.689794721201288],[-79.809196545665174,38.689293801455079],[-79.809189044516444,38.688828790465131],[-79.809089899962814,38.688386690316698],[-79.809035393389479,38.68800465247768],[-79.808998659395755,38.687467817376536],[-79.808970421906508,38.687336393016132],[-79.808821704329574,38.687132215135257],[-79.808642769427166,38.686915808910129],[-79.808283324435564,38.686578346446254],[-79.808073585993426,38.686385467807675],[-79.80792388618292,38.686240887452158],[-79.807846537757555,38.686115587332985],[-79.80783501109201,38.686096921629129],[-79.807794139528696,38.685810390801727],[-79.807797300777011,38.685620047035755],[-79.807800669675956,38.685417050653889],[-79.807852616881959,38.685036098313532],[-79.807903978174863,38.684690903548287],[-79.807908131664931,38.684440599797561],[-79.807882661723127,38.684142301130358],[-79.80788958308132,38.683725124254273],[-79.807925336369337,38.683403612686966],[-79.808050154301114,38.683214143092258],[-79.80835844278505,38.682966936219927],[-79.808804379977772,38.68267344504256],[-79.809112858834254,38.682414315963456],[-79.809314493746072,38.68217794240752],[-79.809425285806597,38.681916799419355],[-79.809507044775344,38.681571912295169],[-79.8095892002098,38.681203184907808],[-79.809810185960728,38.680716658417936],[-79.809905174444012,38.680491117671167],[-79.810152419022998,38.680255206707599],[-79.810352860221329,38.680090347242199],[-79.810567920181271,38.679961399749011],[-79.810996058507172,38.679822696426889],[-79.81142478556319,38.679648233870132],[-79.812008329613491,38.679308444704539],[-79.812469630697677,38.679003173114694],[-79.812794274221332,38.678684592068457],[-79.81344196992211,38.678142784370046],[-79.813766996493243,38.67780035927661],[-79.81423083738953,38.677340127766918],[-79.814479633514736,38.677008850649152],[-79.814698211219735,38.676665345469054],[-79.814793570737166,38.676415965402086],[-79.814828899069198,38.67611828477196],[-79.814833224953901,38.675856057200697],[-79.814793898186309,38.675474175879017],[-79.81477056526677,38.675044771721211],[-79.814730452907682,38.674710562765966],[-79.814738317367201,38.674233788932959],[-79.814760597639747,38.673804846074347],[-79.814797494768683,38.673411810494571],[-79.814863030096518,38.673126362464487],[-79.814958385240502,38.672876978439128],[-79.815037750389095,38.672675119927518],[-79.815255328188357,38.672391209391456],[-79.815532547197904,38.672179430787622],[-79.815780140561259,38.671919666595386],[-79.815952492181324,38.671611457865822],[-79.816126611616383,38.671195971146439],[-79.816316330143394,38.670756798642614],[-79.816520065637349,38.670389300453479],[-79.816833368507218,38.669832158904313],[-79.81700708822413,38.669440511833542],[-79.817289583566421,38.668906905182993],[-79.817725090621067,38.668315237590143],[-79.81808124321951,38.667925431965244],[-79.818451811553089,38.667583455820932],[-79.818806779111668,38.667265163386851],[-79.819070331000006,38.666957868049558],[-79.819302491007093,38.666709858700905],[-79.819551031378083,38.666390489432331],[-79.81978632222328,38.665951773429043],[-79.819976190299514,38.66550067646331],[-79.820119084030409,38.665132552198926],[-79.820295315522287,38.664585946153686],[-79.820408190466637,38.664193677061192],[-79.82055264354544,38.663730198770082],[-79.820617563189344,38.663480501725424],[-79.820759660395197,38.663160058002966],[-79.820963550976003,38.662780627161503],[-79.821134491906008,38.662555843742155],[-79.821366240586983,38.662331671964438],[-79.821567584634465,38.662107194265495],[-79.821722932710685,38.661906095344314],[-79.821772052698392,38.661692003051733],[-79.821791356568184,38.661441847497983],[-79.82178596082268,38.661285979620587],[-79.821781036464202,38.661143709372013],[-79.821771110543438,38.660821729980029],[-79.821794904111457,38.660297423426741],[-79.821875211849488,38.660035963759022],[-79.821927459216539,38.659631157235367],[-79.82204226710401,38.659119695695942],[-79.82207911138174,38.658726658770178],[-79.822083604514233,38.658452512246768],[-79.822074067828595,38.658106692320544],[-79.822018141799646,38.657808092934651],[-79.82195854421785,38.657548853749923],[-79.821932983156003,38.657437670576975],[-79.821830481821735,38.657198210982529],[-79.821730124881242,38.656827636255592],[-79.821644193251061,38.656504891827865],[-79.82170968439425,38.65621943577456],[-79.821850987438111,38.655946664605487],[-79.822036434350679,38.655776659442004],[-79.82208251800688,38.655734410102461],[-79.822235696209091,38.655664426825069],[-79.822323673635438,38.655648801876147],[-79.822616892901351,38.655596733462062],[-79.823119503443081,38.655542185455403],[-79.823606909074201,38.655487481454813],[-79.824216315633578,38.655410157562024],[-79.82461232033917,38.655366452680077],[-79.825222500278358,38.65524144800964],[-79.825787077269325,38.655115978729647],[-79.826122471260945,38.655059741649261],[-79.826627017109089,38.654885981587853],[-79.827085957495115,38.654711764710612],[-79.8274234876951,38.654524402243055],[-79.827699824088171,38.654360276137744],[-79.828100288448496,38.654042407477633],[-79.828655666568892,38.653547270600043],[-79.829117699652429,38.653182329800259],[-79.829318606584209,38.65298167812157],[-79.829504889623664,38.652745108685451],[-79.829691369852256,38.652496626835458],[-79.829893624964654,38.652212534123393],[-79.83001891559384,38.651987280336662],[-79.830174987426815,38.651738492592074],[-79.830332228154816,38.651418183190522],[-79.830566619183514,38.651027122610557],[-79.830846617416611,38.650636511090255],[-79.831125450326795,38.650317419450218],[-79.831526646802686,38.649951859885121],[-79.83189550889881,38.64970519611262],[-79.832327296275253,38.649328019723271],[-79.832714833636544,38.648866949255854],[-79.832995193731435,38.64845249606401],[-79.833168575776355,38.648072739831775],[-79.833313491933438,38.647573483723363],[-79.833334106104303,38.647239890326382],[-79.833308345236873,38.646953515947047],[-79.833221404333329,38.64669037569783],[-79.83313329938666,38.646498754256484],[-79.83307501722237,38.646343194160487],[-79.832898237376114,38.645995704678917],[-79.832705872451001,38.645671905596856],[-79.832425025425991,38.645180323930518],[-79.832277289653859,38.644916576989033],[-79.832220364904515,38.644677579088096],[-79.832194416762562,38.64440312650833],[-79.832215807601884,38.644021853902572],[-79.832301473710444,38.643426632251462],[-79.832439697193223,38.642402766291134],[-79.832506290686794,38.642045786377309],[-79.832512094189056,38.641688197893998],[-79.832439005958136,38.641508647900565],[-79.832305317975724,38.641316568034661],[-79.832096416748399,38.641076056376072],[-79.831886737234669,38.640883216395714],[-79.831571452681217,38.640641636913806],[-79.831271561443842,38.640388290875556],[-79.831031881631674,38.640171311513875],[-79.830733154139253,38.639846444269438],[-79.830421557901488,38.63937839098196],[-79.830128846044431,38.638684015407947],[-79.829957912532251,38.637978943060482],[-79.829916195204447,38.637740094143965],[-79.829920071372257,38.637501705765459],[-79.8300005148797,38.637228313861677],[-79.830188307045049,38.636896390665527],[-79.830513836139573,38.636506234937407],[-79.830823587401412,38.636151688119064],[-79.831255877848463,38.635738756391966],[-79.831765303574116,38.635255064532977],[-79.83232070773353,38.634747985787335],[-79.833230061905667,38.633970240185874],[-79.833463615743341,38.633626842900924],[-79.833620215024169,38.633342288096088],[-79.833856464006104,38.632832020087811],[-79.83412175106352,38.632405489326331],[-79.834325092048928,38.63204987134867],[-79.83451226784311,38.631753699479816],[-79.834606150410863,38.631587732564519],[-79.83476409240528,38.631219742854704],[-79.834859509194104,38.630958419454252],[-79.835060723741051,38.630733914431325],[-79.835260390584935,38.630604764287931],[-79.835581622265593,38.630476824754503],[-79.835826299145793,38.630383886525323],[-79.836101171332771,38.630303174035305],[-79.836300064327403,38.630221700624304],[-79.836485305021043,38.630044721324261],[-79.836747291323945,38.629820817724386],[-79.837254327402206,38.629480134199831],[-79.837759631173583,38.629246726852116],[-79.83818818707671,38.629060238675166],[-79.838660208823043,38.6290053187235],[-79.839176854541918,38.629010448150112],[-79.839419596745813,38.629036696511818],[-79.839677153537735,38.629086937589179],[-79.84052406902218,38.629345687154732],[-79.841219226306663,38.629591007074183],[-79.841446394508125,38.62964094055588],[-79.841734916656534,38.629655717050035],[-79.842110329194867,38.629659432432987],[-79.842160395153698,38.629659927954904],[-79.842646464846553,38.629676662602911],[-79.843570717489357,38.629852703166321],[-79.844070073821328,38.629988773048758],[-79.84458404665385,38.630160754596517],[-79.845233640654442,38.630405595321093],[-79.8457187607208,38.630481913661527],[-79.846068072085089,38.630497281970101],[-79.846282724613616,38.63038018564832],[-79.846486378674342,38.630000704632685],[-79.846522678887311,38.629924032961938],[-79.846800989666818,38.629336198465701],[-79.847038088874797,38.628766303638663],[-79.847244029270612,38.628243789326355],[-79.847294769342355,38.627922404795996],[-79.847283388194057,38.627683861190079],[-79.847125978356644,38.62707431410012],[-79.847080745736378,38.626924415771498],[-79.847068250823597,38.626883001816502],[-79.846954519513787,38.626393096580209],[-79.84689927489066,38.626046829304514],[-79.84690729570616,38.625546203484262],[-79.846955150568462,38.624954553659535],[-79.846964140431723,38.6248433940194],[-79.846970058226788,38.624473888571615],[-79.847024805006328,38.623902192278116],[-79.84703282322927,38.623401563537357],[-79.847002127333923,38.622471384344216],[-79.846973384245786,38.622274481114232],[-79.846906270107311,38.621814754067145],[-79.846807929296943,38.621313080460411],[-79.846707680601497,38.62093060424391],[-79.84656319125348,38.620464239536282],[-79.846417172619326,38.620093230445192],[-79.846302878886931,38.619639087163307],[-79.846171295895331,38.619315905534705],[-79.845947786186741,38.619039506082196],[-79.845574448773547,38.618630492918157],[-79.845170729565979,38.61822117687543],[-79.844710064289515,38.617572864424993],[-79.844263262003082,38.617008140249645],[-79.843937243529268,38.616492293345182],[-79.843719302144351,38.615870216850055],[-79.84366618741474,38.615392831771644],[-79.843669631151954,38.615178275755312],[-79.843796337835386,38.614857650963593],[-79.843878424665974,38.614476967448887],[-79.84415973451182,38.613990966076628],[-79.844487376922629,38.613457733361116],[-79.844531449725864,38.613351779211094],[-79.844645416716105,38.613077806486494],[-79.84463539078223,38.612755824058851],[-79.844518630678408,38.612456633044594],[-79.844324957767341,38.612216288215897],[-79.844056478836762,38.611903676679873],[-79.843742617617238,38.611578691974572],[-79.843618155775971,38.611458459952246],[-79.843144130966607,38.611000543671111],[-79.842919700715811,38.610783733347311],[-79.842726422863677,38.610519547012998],[-79.842386978710792,38.609896270268663],[-79.842322337132572,38.60974740603946],[-79.842225811741187,38.609525106570729],[-79.842169834455049,38.609226515472621],[-79.842157516046768,38.609047569273848],[-79.842190776460427,38.608869077698728],[-79.842381112739659,38.608370253966214],[-79.84252358133817,38.608014015645416],[-79.842633744988476,38.607776676821629],[-79.842866975994923,38.607445178534235],[-79.84306770864869,38.60724449545431],[-79.843499368406611,38.60685535345926],[-79.843792202150979,38.606595972452141],[-79.844039273305768,38.606348059982174],[-79.844301339687576,38.60611221736896],[-79.844548980903994,38.605828546149503],[-79.845306501811663,38.605013439226418],[-79.845863096612845,38.604410927884146],[-79.846218394570997,38.604044864155021],[-79.846711731871622,38.603596705667236],[-79.847113734295831,38.603159569263802],[-79.847689107645422,38.602330727337062],[-79.848016480742402,38.601809399309232],[-79.848222334394251,38.601286878727315],[-79.848385280479476,38.600597033110624],[-79.848514032030764,38.600145280556752],[-79.848750062571384,38.599634975410986],[-79.848943955489958,38.599265818884803],[-79.849095049581265,38.599079541806965],[-79.84917622151832,38.59899093005216],[-79.849394668414632,38.598867900312996],[-79.849888798261802,38.598604522302608],[-79.850337359067808,38.598340697176248],[-79.850671717240417,38.598093626719141],[-79.850926895712831,38.59781001535503],[-79.851090083743912,38.597579147951571],[-79.851230629718088,38.597339114040352],[-79.851267372340416,38.597178533432704],[-79.851328464494415,38.596919838604812],[-79.851400944394726,38.596661256411188],[-79.851567835605735,38.59619795300042],[-79.851744403500646,38.595842036992458],[-79.851931364179407,38.595548814363966],[-79.852060659983223,38.595299724069221],[-79.852247332010933,38.595024382441011],[-79.852490675994233,38.594767473413022],[-79.852756946643041,38.594501847341533],[-79.853000426971676,38.59423599906026],[-79.853197778404763,38.594005463353859],[-79.85329260423255,38.593773918164672],[-79.853308831185515,38.593470079597601],[-79.853278495623002,38.593228370175716],[-79.853278699440594,38.593215703691492],[-79.85328034578076,38.59311215151773],[-79.853294724837042,38.592924526198154],[-79.853410341048303,38.592818366282785],[-79.853560413325013,38.59269466033026],[-79.853802178516432,38.592536088059269],[-79.854125107832729,38.592288892629107],[-79.854413715283869,38.592050309699516],[-79.854670566466311,38.591659409622572],[-79.85483443606681,38.591383836810969],[-79.854975386531237,38.591116979891233],[-79.85538577566011,38.590521201498476],[-79.854828412413809,38.590328717564951],[-79.85464888730138,38.590223530131773],[-79.854455935444861,38.590110482653259],[-79.853835568137285,38.589719936074403],[-79.853508943895235,38.589484264651432],[-79.85332925723597,38.589321562568628],[-79.853164023301559,38.589085982754959],[-79.853136677933975,38.588894966487914],[-79.853139200391766,38.588736485484247],[-79.853139522413642,38.588716172014443],[-79.853144454654981,38.588697427584947],[-79.853236527345445,38.588347550180963],[-79.853408130648489,38.588063113691184],[-79.85343419831743,38.588041834099194],[-79.853638971954467,38.587874632291566],[-79.853992058516084,38.587639655570527],[-79.854094088440888,38.58758020763787],[-79.85431401295132,38.58745206682692],[-79.854620211151072,38.587300080965356],[-79.855232601331267,38.586996112150693],[-79.855554737863187,38.586796594876432],[-79.855724061442871,38.586655189790406],[-79.855971400376589,38.586383411330758],[-79.856080923575576,38.586181815712251],[-79.856130642078369,38.585920024646029],[-79.85616385127814,38.585741527662101],[-79.856183578454093,38.585455599630272],[-79.856219810612728,38.585086384616737],[-79.856256422839024,38.584693329499018],[-79.856325299555323,38.584181371631296],[-79.856390769774052,38.583883970862651],[-79.856457939709287,38.583479292757033],[-79.85648157182446,38.583215008924263],[-79.85651333155549,38.582859910795072],[-79.856499748642463,38.58269441883261],[-79.856462418113239,38.582239490049808],[-79.856454982142012,38.581750629078108],[-79.856460839934186,38.581381117847869],[-79.856422469849178,38.58092771798318],[-79.856340427124181,38.580354683120994],[-79.856315544038907,38.580008709802371],[-79.856258770700336,38.579757801819504],[-79.856187573665053,38.579459067029049],[-79.855981978204795,38.57901595747439],[-79.855879083982558,38.578800361886998],[-79.855596244751752,38.578439947540467],[-79.855417432680625,38.578223610062381],[-79.855193824783257,38.577959146520406],[-79.855014820105978,38.577754727992691],[-79.854987291007063,38.577575631454977],[-79.855006452051853,38.577325462976319],[-79.855046280550681,38.57672977628058],[-79.855084408755488,38.576241362379612],[-79.855108138644482,38.576150096955253],[-79.855294672127343,38.575432745590156],[-79.855693189967099,38.574244480514004],[-79.855802417991285,38.573925874998238],[-79.85586834585834,38.573733562866764],[-79.856088294976274,38.573270767659167],[-79.856290978620876,38.572938942979633],[-79.856508082255374,38.572654943764434],[-79.856800350159375,38.572419365987884],[-79.85724615523317,38.572077995271592],[-79.857445994593746,38.571924963615515],[-79.857525112360975,38.571838542245843],[-79.857554170381945,38.571806803109851],[-79.857647913022006,38.571640815757604],[-79.857662777166226,38.57151034826316],[-79.857665549192063,38.57148600340053],[-79.857592082523553,38.571330307244814],[-79.857488069078926,38.571186233425195],[-79.857278521409484,38.570993437902054],[-79.857159132545107,38.570861134238392],[-79.857115468314021,38.570741493184286],[-79.857042955947918,38.57052619594397],[-79.857047677520356,38.570228201704673],[-79.857051643610674,38.569977885053866],[-79.857116906493331,38.569692402540667],[-79.857181792316524,38.569430759236539],[-79.857261108540484,38.569216944464891],[-79.857370971588594,38.568991508175742],[-79.857556757684122,38.568766806563268],[-79.857804399611339,38.568471183953889],[-79.858037613971291,38.568127734129604],[-79.858209908804895,38.567795606511062],[-79.858368150211618,38.567391812677286],[-79.858464526657272,38.567058946810199],[-79.858592018698147,38.566678697465392],[-79.858688580480504,38.566333912592889],[-79.858846253642383,38.565965877782567],[-79.859095010286879,38.565598731500287],[-79.859358007476189,38.565291333543591],[-79.859803944234287,38.564938027658776],[-79.860125967213307,38.564738497143082],[-79.860323253211575,38.564595801449386],[-79.860402446563768,38.564538517804131],[-79.860522656322772,38.56447285969189],[-79.860724094269443,38.564362825827082],[-79.860954644425718,38.564186242867969],[-79.860998661052093,38.564108286245052],[-79.861015608981461,38.56407827301836],[-79.861048368926035,38.564020255010114],[-79.861051943935891,38.563793777956242],[-79.860948870284986,38.563590106966338],[-79.86080006436228,38.563397912277281],[-79.860575161176811,38.563216896326139],[-79.860305464318586,38.562987759652138],[-79.860020967835609,38.562734635244716],[-79.859811252318181,38.562553766646225],[-79.859513084053972,38.562205132317864],[-79.859320244976615,38.561917135683771],[-79.859217368392066,38.561701543580099],[-79.859116566667765,38.561354830718457],[-79.859105904032205,38.561068607434372],[-79.859096192932583,38.560722785057415],[-79.859131263912644,38.560425086016153],[-79.8591652074238,38.560198901304922],[-79.859260061145804,38.559961396817812],[-79.85947805717025,38.559617789727078],[-79.859756591117119,38.559286698836814],[-79.859957708452129,38.559050222523602],[-79.860204369610955,38.558814192042888],[-79.860558043441941,38.558531514995209],[-79.860942827965559,38.558201454508691],[-79.861220409229389,38.557929957306492],[-79.861390214601812,38.557752783996754],[-79.861560966219372,38.557516008533703],[-79.861655431230716,38.557302338450846],[-79.861751025968388,38.557017147561886],[-79.861818702191485,38.556576706501062],[-79.861823589684235,38.556266790479],[-79.861863724326895,38.555647251776655],[-79.861915091972222,38.555278180102157],[-79.861934593627751,38.555004169704958],[-79.861939104440538,38.554718093843398],[-79.861993853848546,38.554134461535],[-79.862086293335167,38.553086254922427],[-79.862122474997719,38.552717031756984],[-79.862187514949824,38.552443466548482],[-79.862314774145261,38.552075132125026],[-79.86247389294941,38.551611732339857],[-79.86277263086464,38.550958940956434],[-79.863308512941487,38.549998035407519],[-79.863500310785298,38.549612629975243],[-79.863563793593912,38.549458518898192],[-79.863646809522066,38.549256959991602],[-79.863865568454472,38.548786313927991],[-79.864063287483759,38.548431141358805],[-79.864340523440106,38.547971524275113],[-79.864525667568188,38.547782574134899],[-79.864812998297808,38.547531031112179],[-79.865060598341799,38.547231415184413],[-79.865310699945411,38.546772865401543],[-79.865458605057938,38.546376909995224],[-79.86558627551446,38.545980756482145],[-79.865714939798806,38.545521031551921],[-79.865904069361548,38.545077787893781],[-79.86613391255402,38.544619042561145],[-79.866240092222085,38.544302157490485],[-79.866266814267178,38.543889131477187],[-79.866355996811052,38.543365439667546],[-79.866461924014303,38.543064448447211],[-79.866751224405334,38.542685753977146],[-79.867041022785713,38.542275270409895],[-79.867515430431169,38.541707621579867],[-79.867929627015812,38.541107594428333],[-79.868504209999614,38.540604490998845],[-79.86945176888598,38.540031468078219],[-79.870171983676087,38.539597317645317],[-79.870999359449229,38.539104588463047],[-79.871748791328798,38.538742236482967],[-79.872054745819327,38.538590203664477],[-79.872481365592634,38.538487016612528],[-79.873241308354537,38.538422805697742],[-79.873363096941972,38.538400133796628],[-79.87342290412758,38.538360035130594],[-79.873485808229617,38.538317862907789],[-79.873442324568259,38.538186303848498],[-79.873309266401222,38.537958510360255],[-79.873087199953218,38.537598722938128],[-79.872969695544441,38.537347236572614],[-79.872780774272201,38.536808937168793],[-79.872431803811892,38.535827995953802],[-79.872321087064449,38.535449037357047],[-79.872316537767503,38.535433467312636],[-79.872274172210766,38.535230390132966],[-79.872188514545684,38.534883838157718],[-79.872148946172672,38.534501961851234],[-79.872153415580016,38.534215880392075],[-79.872158252535144,38.533905962052813],[-79.872146985703608,38.533655499946171],[-79.87213966927699,38.533606203142973],[-79.872106893420863,38.533385399431069],[-79.872092052082493,38.53328539618154],[-79.87197716390493,38.532867027600133],[-79.871950909942782,38.532604498577037],[-79.871970550277709,38.532318565915119],[-79.872026617339969,38.532167246590546],[-79.87204977948997,38.532104735795428],[-79.872204321363753,38.531927399397873],[-79.872217911648178,38.531916984836137],[-79.872557627591064,38.531656603649147],[-79.872895204114258,38.531421417358011],[-79.873248325121821,38.531162537449518],[-79.873434886923476,38.530878214364414],[-79.873513736094424,38.530688222638737],[-79.873548359502465,38.530414355307833],[-79.873584285925048,38.530057050441542],[-79.873588002025443,38.529818650399619],[-79.873699427463762,38.529485916736931],[-79.873857679306923,38.529070176084112],[-79.874124566736967,38.528500496813493],[-79.87435849794187,38.528097407386149],[-79.874453070417303,38.527871804071566],[-79.874550431032645,38.527467401216612],[-79.874632429730667,38.527074770361892],[-79.874838976743888,38.52648067056834],[-79.875042550775177,38.526077286944776],[-79.875229830786239,38.525745279449097],[-79.875462265880358,38.525437544875246],[-79.875801654754468,38.525083152293362],[-79.876064059101964,38.524799550072125],[-79.876374024261438,38.524385261813649],[-79.876636794439179,38.524077817701141],[-79.877051855771541,38.523736068934639],[-79.877681555571257,38.523253313681145],[-79.878248897103845,38.522877257194885],[-79.87874091673612,38.52246470555864],[-79.879249029210385,38.521992697909958],[-79.879618917152754,38.521626666011031],[-79.880065400875168,38.521213674702899],[-79.88071023921745,38.520731050220355],[-79.881170222794651,38.520425481536812],[-79.881768790264118,38.519990093497732],[-79.882598990882656,38.519294634408446],[-79.882860430634153,38.519070616081322],[-79.883091703835277,38.518834384201597],[-79.883151938362559,38.518654401876191],[-79.883171245977479,38.518596711913972],[-79.883161416889422,38.518250884672341],[-79.883076275338368,38.517868576044336],[-79.883004284749973,38.517617533065483],[-79.882888250349339,38.517270693455103],[-79.882831244060966,38.517031714005903],[-79.88276183471595,38.516613792194619],[-79.88273720327507,38.516243977675963],[-79.882732138860973,38.516196062719075],[-79.882684255496102,38.515742761637554],[-79.882666437900994,38.5149319073982],[-79.882658823544446,38.514443043620595],[-79.882731853703305,38.513644983986289],[-79.882884425091376,38.512609241011134],[-79.883002596836533,38.511835453906897],[-79.883118186405554,38.511228546285722],[-79.883284811969631,38.51026447054344],[-79.883351385808453,38.509883610209791],[-79.883483429079462,38.509193403094315],[-79.883533726074873,38.508883917071053],[-79.883553128919687,38.508609902209507],[-79.883576032422056,38.508109403689183],[-79.88358247367843,38.507692200396917],[-79.883560417944864,38.507155511007731],[-79.883517592252943,38.505998687588331],[-79.883524770686051,38.505533808302211],[-79.883543803128688,38.505283631196427],[-79.883639975322723,38.50495073722827],[-79.883873958462658,38.504535706269479],[-79.884121272061435,38.504240015369874],[-79.884383565404207,38.503956391861209],[-79.884783669176173,38.503590627944909],[-79.88518450515501,38.50317718037298],[-79.885449363731695,38.502726674199138],[-79.885576594872333,38.502346388414345],[-79.885708787374668,38.501644259327676],[-79.885932535984722,38.500907236132328],[-79.886336100280005,38.500314982152652],[-79.88666106484024,38.499900808509224],[-79.887091105145842,38.499559165949542],[-79.887489155880175,38.499324509910068],[-79.888054236148847,38.49907952142847],[-79.888450813201999,38.498940223892191],[-79.88883276886726,38.498765023152316],[-79.889229527006449,38.498613800327298],[-79.889626466476201,38.498450658926423],[-79.889993433983918,38.49826339060202],[-79.890170094222427,38.498105320867694],[-79.890178012294712,38.498098231565834],[-79.890545888595966,38.497851360076055],[-79.89095816819993,38.497676439583934],[-79.89117180502835,38.497595008340632],[-79.891520852594297,38.497586393757913],[-79.892021219602526,38.497603047750765],[-79.892369718416248,38.497630187677139],[-79.892582690677074,38.497641177488951],[-79.893218588772115,38.4976739808966],[-79.894052284349073,38.497717624661519],[-79.894613691478767,38.497711002517853],[-79.895129590242277,38.4977039447378],[-79.895721147695696,38.497709525181428],[-79.896070746074642,38.497665132776049],[-79.896375924709332,38.497548792637296],[-79.896834241483077,38.497338518440159],[-79.8971872919156,38.497067642942511],[-79.897648873515521,38.496642802017362],[-79.898111535810486,38.496146438560139],[-79.898589725683706,38.495626376824859],[-79.899113229411597,38.49511866248325],[-79.899607115387511,38.494562978098422],[-79.900101724499848,38.493959608987772],[-79.900433653131032,38.493490031039592],[-79.90052030309549,38.493367448288126],[-79.900891922772146,38.492870218600274],[-79.901327828900222,38.492135155681702],[-79.901777934613207,38.491191809928239],[-79.901797858281455,38.491150051485853],[-79.90192787812785,38.49057902157881],[-79.90196291397649,38.490269381288876],[-79.901936198540781,38.490030694738493],[-79.901834561000641,38.489731697335102],[-79.901730747098725,38.489575739460498],[-79.901526694549347,38.489328844438312],[-79.901373266499562,38.489143200228533],[-79.901136938871801,38.488723717447535],[-79.90105010681809,38.488448701580552],[-79.901024845765633,38.488114651439652],[-79.901026437798436,38.488009765759131],[-79.901032990085469,38.487578244497286],[-79.901040053569517,38.487113360110953],[-79.901043855719877,38.486863035226534],[-79.901002885116824,38.486564604417687],[-79.900886083535639,38.486265463775943],[-79.900809657541643,38.486126767268409],[-79.900635146743838,38.485810078624418],[-79.900310381358778,38.485222854990731],[-79.899300337383977,38.483818513669654],[-79.899108084852728,38.483494817825814],[-79.898843454765782,38.482943925691693],[-79.898684075933772,38.482453629255559],[-79.898538234370264,38.48207075681826],[-79.89840846382819,38.481628428729223],[-79.898368232363907,38.48128231793941],[-79.898335804018203,38.480423638191795],[-79.898374189661979,38.480118917111163],[-79.898404807802919,38.479875878882098],[-79.898469635229176,38.479602287999342],[-79.89879715925224,38.479009274409016],[-79.899126124885981,38.478320898048537],[-79.899347665515037,38.477714966672842],[-79.899353151103043,38.477697251485942],[-79.899443366506361,38.477405896557201],[-79.899525343735434,38.477001323866588],[-79.899530679430796,38.476987277761054],[-79.899651729017435,38.476668700237305],[-79.899745793011135,38.476466910571446],[-79.899961347601661,38.476254341983754],[-79.900282316962986,38.47609045133715],[-79.900709618916892,38.475915632498221],[-79.901121387744553,38.475764514256134],[-79.902142951974696,38.475404513944447],[-79.903027857698177,38.475055146569623],[-79.903852639215884,38.474669451003521],[-79.904618383309042,38.474175892236154],[-79.905416789456467,38.473527655038353],[-79.90593935953018,38.473067583476045],[-79.906246406288062,38.472820091550993],[-79.906751285315181,38.472526756771359],[-79.907035903051423,38.472319770494735],[-79.907042619856611,38.47231488118512],[-79.907242798064743,38.472114080699377],[-79.907331765464235,38.471931899035503],[-79.907399283161396,38.47179364529952],[-79.907480312918025,38.471448667000352],[-79.907580102868224,38.470865428454459],[-79.907695234451893,38.470270403899804],[-79.907888152518694,38.469544969172148],[-79.908217164590383,38.468844644199081],[-79.908481032574429,38.468441755914654],[-79.908804109703823,38.468134799524393],[-79.909171411060271,38.467911705182637],[-79.909644843353419,38.467689595810064],[-79.909965754131278,38.467525677513258],[-79.910532663578749,38.467137528422285],[-79.910962933933845,38.46676002800389],[-79.911563023094303,38.466181432887723],[-79.911980983451926,38.465613063009691],[-79.912260697027477,38.465162630586789],[-79.912447287498239,38.464854392748173],[-79.912574666396935,38.464450232012126],[-79.912674224323908,38.463878905045981],[-79.912709378727527,38.463557340123927],[-79.912745070829999,38.463200015870392],[-79.912778255947515,38.463009569858791],[-79.912872084810942,38.462819691148241],[-79.913117523373117,38.462631218223393],[-79.91349958294721,38.46243209027363],[-79.914064648100577,38.462163127281187],[-79.914462224051505,38.461940292008492],[-79.914874956837323,38.461717601172907],[-79.91521152889986,38.461518047089193],[-79.915487637146754,38.461306008728322],[-79.915763382285903,38.461117808914601],[-79.916008270002948,38.460965092626793],[-79.916160766564076,38.460906893148916],[-79.916449352499484,38.460873795809853],[-79.91697961537956,38.460902545549317],[-79.91770589784106,38.461004630904796],[-79.918476416290929,38.461190576867033],[-79.918989742769298,38.461338380365518],[-79.919276014477333,38.461460240043884],[-79.91966841401856,38.461583077809301],[-79.919850346769294,38.461584755494883],[-79.920017824366951,38.461538612668484],[-79.920054710744964,38.46144949055325],[-79.920096470811828,38.461348587136811],[-79.920054190311461,38.461133600604214],[-79.919951442947138,38.460906136635067],[-79.919773424613723,38.460642216877446],[-79.919508898008189,38.46007944457012],[-79.919318926028609,38.459600813444148],[-79.919205293391144,38.459087123786098],[-79.919231836379836,38.458324367008764],[-79.919345776682647,38.457745810691762],[-79.919373170937064,38.457606683746171],[-79.919379482511218,38.457574649943219],[-79.919553532570347,38.457087454600114],[-79.919975108077651,38.456268729470395],[-79.920271852257116,38.455687288166935],[-79.920625093586793,38.455203052742235],[-79.92064331227877,38.45517807217859],[-79.920689868202558,38.455131340383275],[-79.920843404914052,38.454977240313404],[-79.92107574943013,38.454843530582458],[-79.921149254814537,38.454801229185342],[-79.921440119402419,38.454613156625314],[-79.921868306363208,38.45436673388653],[-79.922203937021933,38.454226762000843],[-79.922510667040925,38.453991144763997],[-79.922650466848538,38.453765911655836],[-79.922745144929436,38.453516423551228],[-79.922811454594267,38.45313553335469],[-79.922826166225789,38.452146146222326],[-79.922893713541868,38.4516818113173],[-79.923035101204391,38.451349297258744],[-79.923531868083799,38.450567014637613],[-79.924152365386092,38.449618961287584],[-79.924196776713629,38.44955110349197],[-79.924471379257696,38.449131527983589],[-79.924726311380908,38.448742005991654],[-79.925036723723053,38.448256052941183],[-79.925465743391158,38.447950018000547],[-79.92600050816641,38.447668792627255],[-79.926580216216195,38.447423746394186],[-79.927234470269596,38.447262832301298],[-79.927978257930434,38.447198105329676],[-79.928871859434651,38.44725397379981],[-79.929461954783648,38.447330895284281],[-79.930035666204049,38.447491122025639],[-79.930518778339874,38.447626674502011],[-79.930909190989212,38.447880597803476],[-79.931133217287879,38.448109159269073],[-79.931462996672224,38.448362529336372],[-79.932004645811048,38.448641674520069],[-79.932291771145486,38.448703897774919],[-79.932746163725426,38.448731882462972],[-79.933132346129582,38.448735400708514],[-79.933170589696502,38.448735748961141],[-79.933443609070281,38.44872631478475],[-79.933793122899942,38.448669883627119],[-79.934157967078889,38.448601671817308],[-79.934583972373943,38.448498248836792],[-79.934919025084554,38.448393996577167],[-79.935376393468019,38.448219325131511],[-79.935864075150789,38.448044927221474],[-79.936320739154084,38.447917931885144],[-79.936783899442418,38.44780379685411],[-79.937020628709561,38.447745454679051],[-79.938055208465684,38.447492558564385],[-79.938953015076933,38.447262251013299],[-79.93953145403718,38.447100579619224],[-79.939988103636324,38.446973571569274],[-79.940459913762197,38.446846698834968],[-79.941236613776155,38.446603361081472],[-79.941517229405719,38.446518014809271],[-79.942835475218345,38.446117074823192],[-79.943581674789698,38.445885365275544],[-79.944160268871173,38.445711750474992],[-79.944647566033424,38.445561154938119],[-79.94466982915587,38.445555542825623],[-79.945286611598434,38.44540000265286],[-79.945880002516901,38.445250357900122],[-79.946396917634445,38.445147709602992],[-79.946882820589266,38.445092469252884],[-79.947702698709307,38.445004457115253],[-79.948355509470247,38.444938789639473],[-79.948902039429683,38.444884084171939],[-79.949494210543534,38.444817862692211],[-79.949859196617126,38.444737682118493],[-79.950193867710894,38.444657228772172],[-79.95049839546418,38.444564579044744],[-79.951068094507534,38.444396985538177],[-79.951880760022021,38.444157909042133],[-79.951914235188625,38.444148062940414],[-79.952554107621339,38.443927267384602],[-79.953145223322778,38.443653337547346],[-79.953210345352119,38.443623160980891],[-79.953411851813271,38.443535412905284],[-79.95398834622236,38.443284371684875],[-79.95479785921296,38.442862403823284],[-79.955516425150748,38.442439621351838],[-79.955913762544398,38.44221664574782],[-79.956296808476381,38.441933931505929],[-79.956941110296526,38.441403177735801],[-79.957478796116519,38.440907239861332],[-79.958077787292069,38.440364159166364],[-79.958477509483842,38.439974286845612],[-79.958891522713486,38.439644148292786],[-79.959289525990556,38.439373479637453],[-79.959931907105073,38.438973838233792],[-79.960359868157184,38.438727270935189],[-79.96062043034064,38.438526909880061],[-79.960729424810538,38.438325203925324],[-79.960916084293501,38.43799304208347],[-79.961334860292325,38.437329122201987],[-79.961658942284828,38.436926648070276],[-79.962413516291022,38.436098791173961],[-79.962872064088046,38.435655712477306],[-79.962889738777903,38.435638636386599],[-79.963489408204396,38.435059180034578],[-79.963919894268301,38.434633791526998],[-79.964227768120509,38.434302702157659],[-79.964398565955932,38.434018082430569],[-79.964525081679099,38.433649615559609],[-79.964604570439178,38.433276952486075],[-79.96460630649257,38.433268830085446],[-79.964686165074625,38.432983407149635],[-79.964782715415296,38.432590832373968],[-79.964939198667224,38.432246477886132],[-79.965171114943956,38.431926630356593],[-79.965314189556693,38.431749780899395],[-79.96544883263752,38.431583346664603],[-79.965759408414954,38.431061517479669],[-79.96599369620057,38.430574781554824],[-79.966057204230225,38.430372669733607],[-79.96607085807868,38.430267607816475],[-79.966108278698925,38.429979696860379],[-79.966224046770762,38.429301161417285],[-79.966557405328203,38.428243040501535],[-79.966762562305234,38.42767259287082],[-79.966998530138952,38.427066651782511],[-79.967185805532893,38.426686797051957],[-79.967283247373075,38.426314895457004],[-79.967297994722898,38.426258591962224],[-79.96735058575814,38.425758333113336],[-79.967409796066278,38.424793170273709],[-79.967355462430547,38.424351576504669],[-79.967312652127475,38.424156505020399],[-79.967255845220365,38.423897660836623],[-79.967146197992136,38.423595165805963],[-79.967095439254138,38.423455132002957],[-79.967006561503226,38.423311285354423],[-79.966843443425148,38.42305948197393],[-79.966650024642576,38.422807413867133],[-79.96641148927813,38.422531105586174],[-79.966248203904712,38.422291222649228],[-79.966227454537815,38.422240361111044],[-79.966145702713078,38.422039957516105],[-79.96610381525403,38.421789225291072],[-79.966094396201186,38.421724009484549],[-79.966062434466664,38.421502731029662],[-79.965879049632818,38.420547348599804],[-79.965808214942058,38.420200983154274],[-79.965784314553389,38.420131124534869],[-79.965677288608674,38.419818324382597],[-79.965662150928125,38.4197913235448],[-79.965529505807879,38.41955473618787],[-79.96539602919421,38.419350882528725],[-79.965301659380088,38.419247719907631],[-79.96518712968907,38.419122518982441],[-79.964978914209183,38.418846472742771],[-79.964861608267313,38.418571231899804],[-79.964804574243743,38.418320360799122],[-79.964773860508416,38.41810767316813],[-79.964763204822262,38.418033867854476],[-79.964736811383034,38.417759429053781],[-79.964711441256568,38.417413467170327],[-79.964669049549741,38.417198491824628],[-79.964610316695428,38.417066830563357],[-79.964560107579914,38.416943743726193],[-79.964507828182562,38.416815563960583],[-79.964390020051681,38.416576081946559],[-79.96428923389081,38.416205606983638],[-79.964276871944122,38.416131580153618],[-79.964247352300745,38.415954876659569],[-79.964193896752292,38.415453675715817],[-79.964201726458938,38.414905333425132],[-79.964224199647504,38.414392884327079],[-79.96440056106205,38.413714883528826],[-79.964605690114709,38.413144435226151],[-79.964854903002177,38.412669759019266],[-79.965134249095144,38.412207265695997],[-79.96550602422964,38.411638291575883],[-79.96566274102527,38.411369025023262],[-79.965754547427707,38.411211285701469],[-79.965818471573726,38.410986626398056],[-79.965866206916374,38.410818848082862],[-79.9658868206958,38.410727835561865],[-79.96596322491655,38.410390507382189],[-79.966077261352083,38.409831175088073],[-79.966106050747101,38.409729985368827],[-79.966188914530449,38.409438736095019],[-79.966318943713347,38.409185675375809],[-79.966329171228793,38.409165761798114],[-79.966642753631831,38.408736521288468],[-79.966761857845015,38.408573478532105],[-79.967057514106045,38.408027668939184],[-79.967258874982008,38.407719468113974],[-79.967382444566809,38.407553646000061],[-79.967400002726293,38.40753702949219],[-79.967582104254959,38.407364656602056],[-79.967709527768875,38.407266607195183],[-79.967827208765158,38.407176059892841],[-79.967936139997889,38.406974343473436],[-79.968107194436513,38.406665879619474],[-79.968263090274874,38.406357276638808],[-79.968278521163057,38.406271705349084],[-79.96831243934453,38.406083503030047],[-79.968316284353904,38.406024436586733],[-79.968331825392696,38.405785621844728],[-79.968279025355997,38.405236742707622],[-79.968141436133564,38.404257923355615],[-79.968000282529417,38.403529433076493],[-79.967884857958936,38.403123067613734],[-79.967767736881328,38.402835905164267],[-79.967635298780735,38.40256052776693],[-79.967607223339783,38.40249862254943],[-79.967385575992324,38.402009913222457],[-79.96731373241775,38.401735074703502],[-79.967308548258927,38.401449417081942],[-79.967381351902475,38.40126356266223],[-79.967618786323158,38.400657414732819],[-79.967899082841228,38.40012339321094],[-79.968255115269372,38.399590029566482],[-79.968779798920693,38.398915089477804],[-79.969164083419273,38.398525039782619],[-79.969562152785542,38.398230490658484],[-79.970158158406107,38.397866142641057],[-79.971012511278943,38.397444453078428],[-79.971636909575139,38.397081726413788],[-79.971699892273648,38.397045133533304],[-79.971871444038001,38.396924120988196],[-79.972067144800462,38.396786069298976],[-79.972358996456663,38.396502499886694],[-79.972712618517136,38.396136015020829],[-79.97296003364383,38.395780520365818],[-79.973130361534558,38.395519727859572],[-79.973344616172398,38.395366616228138],[-79.973512244746985,38.395296551097012],[-79.973998134097044,38.395217351090544],[-79.974575072039954,38.39512702373937],[-79.975287656078677,38.395085567208135],[-79.976591818683616,38.39498966180787],[-79.977486163756964,38.394949780605394],[-79.978896685865564,38.394830934394506],[-79.979245576099245,38.394798205777974],[-79.979563996792308,38.394777135480979],[-79.980019747080746,38.394685724318258],[-79.980399762293686,38.394593655283742],[-79.980689563238784,38.394453108282136],[-79.981040626075668,38.394265409047968],[-79.981046422222491,38.394261274280602],[-79.981204222346761,38.39414880957515],[-79.981453769957184,38.393970947288281],[-79.981683482648876,38.393794109824569],[-79.981852605540482,38.393616748303089],[-79.982129925070922,38.393285339282826],[-79.982542564609858,38.393026636800158],[-79.983108337394725,38.392650039461365],[-79.983429084629151,38.392462067219512],[-79.983520463505513,38.392427090309639],[-79.983611509585032,38.392415960616717],[-79.983702394532116,38.392416748685349],[-79.983767396613416,38.392469046385564],[-79.983807252170109,38.392501109554345],[-79.983956881813313,38.392633551583998],[-79.984121158016876,38.392801886165408],[-79.98430108178917,38.39293458851207],[-79.984571724144942,38.39307999757159],[-79.984932911047252,38.39325003674815],[-79.985292325801382,38.393363635541213],[-79.985475861897285,38.393421645529919],[-79.985829499119802,38.393486715492976],[-79.986019812053968,38.393521727950706],[-79.986242145942569,38.393605738461105],[-79.986245849052082,38.393607141209969],[-79.986562603436667,38.393705255871417],[-79.987000531864908,38.393804419707187],[-79.987454272135508,38.39385602806906],[-79.987726251786512,38.393906067757236],[-79.988164015853854,38.394017145066648],[-79.988541524254018,38.394103857818259],[-79.989266088939019,38.39428893812164],[-79.99012681163758,38.394487112712781],[-79.990414277474841,38.394513433033097],[-79.991200762736867,38.394603660166453],[-79.991532840866299,38.3946899731882],[-79.991803665506609,38.394823446144763],[-79.992039949942821,38.394902401830208],[-79.992060009753772,38.394909103509129],[-79.992229561243164,38.394903894393018],[-79.992363116769667,38.394899788658869],[-79.992416376707368,38.39488695115913],[-79.992697507732217,38.39481920666438],[-79.992849313122463,38.394796667320968],[-79.993231132088098,38.394573428984366],[-79.993629415286648,38.394254950738826],[-79.994166004145342,38.39379459748762],[-79.994900974960274,38.393228640160451],[-79.995222524485513,38.39298102997757],[-79.995528920720432,38.392733292636436],[-79.995697350412243,38.392603590943224],[-79.996035191238519,38.39227266986456],[-79.996295980273757,38.392036458146002],[-79.996478724780232,38.391966493010621],[-79.996707900883209,38.391825387054972],[-79.996891966680565,38.391660054308026],[-79.997106484166395,38.39148305897092],[-79.997306845656595,38.391234408649709],[-79.997491732822539,38.391009464107405],[-79.997662292038086,38.390724796006054],[-79.997818361008569,38.390392308738363],[-79.997942163530467,38.390202615101487],[-79.998172973705962,38.389942300663705],[-79.998587344324406,38.389552409968928],[-79.998832474005283,38.389351828081431],[-79.9991693017149,38.389092420701864],[-79.999536748066731,38.388809425260561],[-79.999797346624604,38.3885851312277],[-79.999966415714326,38.388407742659858],[-80.00027409061579,38.388064620595451],[-80.000429158240621,38.387803656416978],[-80.000583895403352,38.387566536717635],[-80.000815671831276,38.387234691558589],[-80.001061609741612,38.38697450015384],[-80.001399732187139,38.386619717916773],[-80.001600881423144,38.386311454114846],[-80.001724997017448,38.386097913209369],[-80.001788359746996,38.385895774971381],[-80.001821438874103,38.385693382416527],[-80.001787803372295,38.385502867289702],[-80.001779277608563,38.385454581437394],[-80.001631596079775,38.385179113156319],[-80.001440609594525,38.384748292966734],[-80.001401002994072,38.384657142624384],[-80.001279556655319,38.384377658134852],[-80.00119101502105,38.384173901388877],[-80.001146557514446,38.383978723847555],[-80.001076744056974,38.383672197919978],[-80.000963785306979,38.383075128859183],[-80.000937356219353,38.382875930503602],[-80.000881440441674,38.382454474840742],[-80.000804186580496,38.381464279461738],[-80.000839723776565,38.38108307303559],[-80.000893871733126,38.380886148404137],[-80.000967271057476,38.380619197871852],[-80.001109308208768,38.380203132985692],[-80.001173818101847,38.379917548128404],[-80.001257899129754,38.379310234876542],[-80.001594926088757,38.377930137754419],[-80.001617406903179,38.377871287993187],[-80.001799166599469,38.377395381787572],[-80.002019203486412,38.376813068359574],[-80.002474566103928,38.375636651762669],[-80.002696715970302,38.374899368128226],[-80.002808770939708,38.374459200736197],[-80.002860744904751,38.373982758915524],[-80.002838640755741,38.373386460763349],[-80.002829548733075,38.372945263583013],[-80.002790685033816,38.372522992484654],[-80.002790016576554,38.372515730327656],[-80.002704561680488,38.372121568733007],[-80.002485772202917,38.371511678571565],[-80.002482746303897,38.371506783634345],[-80.002416487052812,38.371399580681661],[-80.00230798906756,38.371224034312441],[-80.001965615364171,38.370791922979613],[-80.001340948666467,38.369963973277251],[-80.000983279901831,38.369543647139388],[-80.000671857331213,38.369064108663167],[-80.000539191783872,38.368800690243965],[-80.00053604921429,38.368797886850672],[-80.000404554740342,38.368680320593107],[-80.000164090874748,38.368547126291816],[-79.999591662118604,38.368327645213192],[-79.99892871379862,38.368083543542276],[-79.998476439436487,38.367936612240698],[-79.998129992682095,38.367802505628283],[-79.997980221367129,38.367682005668861],[-79.997891178745661,38.367550100838201],[-79.997894136665721,38.367335529318574],[-79.99798893454026,38.367050208107983],[-79.998236452421111,38.366670813201509],[-79.998650197842252,38.366316681648421],[-79.999092410376875,38.366093935419549],[-79.999426171999261,38.366049095545627],[-79.99962251509173,38.36608654070573],[-80.00005881822905,38.366292937749364],[-80.000735745544432,38.36662060888159],[-80.001458269640239,38.366936740691358],[-80.002032780099725,38.367105120539215],[-80.002212393039486,38.36715776282098],[-80.002816083655375,38.367305964153502],[-80.00325437008685,38.367369303125287],[-80.003783334449366,38.367445330336444],[-80.004492701079315,38.367618265900617],[-80.005186595414642,38.367814912595847],[-80.005834745616255,38.368035010387409],[-80.006572444493315,38.368351241266822],[-80.007114289987129,38.368594271542761],[-80.007506022816059,38.368740657081574],[-80.00812324991287,38.369008168464717],[-80.009281366131177,38.369590224418467],[-80.009762174502427,38.369868496268595],[-80.010152455796316,38.370122160531729],[-80.010497314259112,38.370375435609162],[-80.010691725109766,38.370555909068685],[-80.01090095661084,38.370760351247228],[-80.011124518895102,38.371024526631999],[-80.011302010040183,38.37133599923569],[-80.01147917599485,38.371671314617728],[-80.011625573800146,38.37204213360689],[-80.011742657848174,38.372341177813276],[-80.01187424132705,38.372688026684841],[-80.012007440212813,38.372915671758498],[-80.012093908251757,38.373035286972808],[-80.012111493082557,38.373059617101497],[-80.012205484485534,38.373130765927755],[-80.012366327502349,38.373252518023612],[-80.012666427728206,38.373457719832096],[-80.012861178312704,38.373614352146063],[-80.013341053364698,38.373964132540429],[-80.013878115599283,38.374326122080383],[-80.013896325241689,38.374338391911209],[-80.014301299106194,38.374627928332664],[-80.014901687437245,38.375026408086903],[-80.015231922952466,38.375243780365928],[-80.016042709967735,38.375763244183723],[-80.016942431615249,38.376426512153309],[-80.017377077613602,38.376763976563659],[-80.017377269786991,38.37676415751357],[-80.018229458032806,38.377569904431979],[-80.018977303527549,38.378267650693168],[-80.019216385900478,38.378508092874362],[-80.019426145773352,38.378676758249739],[-80.019590955966436,38.378809282252469],[-80.019771394252516,38.37890616803228],[-80.020057682798665,38.379015860431636],[-80.020509592337177,38.379198468970223],[-80.020795880829553,38.379308164077855],[-80.021201715473907,38.379538073933901],[-80.021547621799726,38.379719793329087],[-80.021848256399494,38.37988921016148],[-80.022208665769881,38.380118738390259],[-80.0225830985231,38.380431836368757],[-80.022882777393562,38.380672778125579],[-80.023166029194769,38.381008961744236],[-80.02334487935849,38.381225051393564],[-80.023524365973699,38.381393454511404],[-80.024169490905038,38.3818518685664],[-80.024484161717211,38.3821048530165],[-80.024603750998665,38.382226712742501],[-80.024708292806764,38.382333241187148],[-80.024819112981476,38.382472137032337],[-80.024842350738297,38.382501266107887],[-80.024992036192131,38.38263365399721],[-80.025292854316561,38.382791144254654],[-80.025789115094128,38.383057556992469],[-80.026225113718382,38.383299625771144],[-80.026356158416945,38.383347523588377],[-80.026441735156965,38.383378801296963],[-80.026692371285819,38.383470416060369],[-80.027069556735469,38.383580844289646],[-80.027839873676101,38.383742225738885],[-80.028685436363233,38.383939986221542],[-80.029304311597528,38.384100099484002],[-80.029606097572454,38.384186056599198],[-80.029757389002867,38.384199231842885],[-80.030000667618665,38.384129709702876],[-80.030152117064986,38.384130963756157],[-80.030302772944665,38.384191821891982],[-80.030543976534901,38.384277272713199],[-80.03078582400066,38.384315035903718],[-80.031073103988774,38.384353181355337],[-80.031315584545553,38.384343264337488],[-80.031619279294532,38.384286160977339],[-80.031967617058996,38.384289039061869],[-80.032255533115816,38.384279492603341],[-80.032482869602632,38.384269447239376],[-80.032891786869811,38.384272822576243],[-80.033286192935208,38.384228387048417],[-80.033634685819976,38.384219336761412],[-80.033705703521363,38.38421606957715],[-80.033835784023211,38.384210087211265],[-80.034074214364523,38.384199116345108],[-80.034377751399717,38.384153928315833],[-80.034575425743597,38.384095945668726],[-80.034743131549718,38.384013873729863],[-80.035093845295847,38.383837926783336],[-80.035445663320161,38.383578534806219],[-80.035644446787941,38.383437101901642],[-80.035812149857065,38.383355030190394],[-80.036009666159885,38.383308963091068],[-80.036358157861031,38.383299907374223],[-80.03673677844597,38.383303022006437],[-80.037161466551694,38.383258819526809],[-80.037541513435826,38.383154641703726],[-80.037643727990982,38.383128752165966],[-80.037997438071784,38.383039163377212],[-80.038285666665161,38.38300576244643],[-80.038444760247472,38.383001105234875],[-80.038603864081381,38.38299645059486],[-80.039043066503467,38.383000051013681],[-80.03937656847657,38.382978937824632],[-80.039937713567255,38.382923926852996],[-80.040165357883453,38.382890023278478],[-80.040620809075151,38.382810295932607],[-80.041243946770649,38.382648484439493],[-80.04170033794766,38.382497228564887],[-80.041989820840897,38.382368450943261],[-80.042355804251571,38.382180684880517],[-80.042660745700303,38.382028191469956],[-80.042904314837116,38.381934798985498],[-80.043301526893075,38.381675757387924],[-80.043515439008644,38.38153443265405],[-80.043973542336374,38.381252038854733],[-80.044217583528621,38.38112288324325],[-80.0445823004369,38.381030481260012],[-80.045097994384349,38.380975068706071],[-80.045416032598183,38.380977659918528],[-80.045840078298752,38.380981111380493],[-80.046088769644598,38.381006661274832],[-80.046218219346812,38.381019959245911],[-80.046565913581418,38.381070475759635],[-80.046737033039776,38.38111109587669],[-80.047033987371634,38.381181580871868],[-80.047547963433118,38.38125728926385],[-80.047910650095901,38.381319850124704],[-80.048197928253231,38.381357945476339],[-80.048409636545685,38.381383510088327],[-80.048818696723174,38.381374909829304],[-80.049151880264759,38.381377611101541],[-80.049636819213859,38.381357701438944],[-80.050076166737654,38.381349341433101],[-80.050273199081985,38.381339013217293],[-80.050546582084749,38.381281617762589],[-80.050852279617203,38.381069496277448],[-80.051448674054257,38.380633199362137],[-80.051898739350293,38.380265993543148],[-80.052494780550447,38.379779690483574],[-80.054377283614343,38.378266360454184],[-80.054846412709352,38.377918541105565],[-80.055136942279518,38.377706283197796],[-80.055289617462449,38.377612135708787],[-80.05558013879245,38.377399876612905],[-80.055886115189907,38.377163899910954],[-80.056207072512933,38.376939959619364],[-80.056542710147298,38.376751908961168],[-80.056923932122288,38.376552298424549],[-80.057076141824936,38.37649390999669],[-80.057410848263416,38.376377380580152],[-80.057699657536048,38.376296246456278],[-80.05812568556,38.376144682929016],[-80.058354539296587,38.376015375539303],[-80.059255878902022,38.375414581500209],[-80.059897606909971,38.37497860539672],[-80.06008025355294,38.37490853777792],[-80.060841419441942,38.374604660844874],[-80.061297415887594,38.374477168009633],[-80.061829579193812,38.374314520469895],[-80.062179564994707,38.374186174846805],[-80.062501109800422,38.373914535415132],[-80.063205065959195,38.373347897064534],[-80.063784803643102,38.373018705885812],[-80.064485211813079,38.372726240931094],[-80.064790216796055,38.372561765047799],[-80.065125660021636,38.372385609056053],[-80.065339651508637,38.372232325228019],[-80.065599990508105,38.372007879981894],[-80.065921969278435,38.371700465589633],[-80.066151714559439,38.37149962029973],[-80.066457782861463,38.37125169056614],[-80.066731728221441,38.371146572420017],[-80.067247949080397,38.371043379712155],[-80.067505984191286,38.370997743375924],[-80.067764476670646,38.370916345775406],[-80.067978614668391,38.370751134361853],[-80.068101435326312,38.370620967337949],[-80.068123857988695,38.370495508537246],[-80.068150375992559,38.37034714390122],[-80.06800415245209,38.369940629253982],[-80.067901213259873,38.369701362709755],[-80.067517005389973,38.368959134094219],[-80.06715971500266,38.368479400728326],[-80.06701596190733,38.368284608443197],[-80.066832256702881,38.368035671667933],[-80.066623794425084,38.367759803233248],[-80.066295728753133,38.367363756018541],[-80.066117856281224,38.367064283487544],[-80.066000862867199,38.366741453401872],[-80.065973951059121,38.366478947552878],[-80.065978237758017,38.366145161536075],[-80.06592073964174,38.365906258778622],[-80.065772079404752,38.365690472789638],[-80.065370624186286,38.365115007270568],[-80.064703845153829,38.363977075668195],[-80.064198258086208,38.363257709704726],[-80.063856466984717,38.362754245650521],[-80.063543888497833,38.362334471029378],[-80.063337759180996,38.361879780773528],[-80.063177359306877,38.361401609620501],[-80.063106110931486,38.361055293335831],[-80.06310887681289,38.360840716542995],[-80.063127247184667,38.360590494647724],[-80.063132008147988,38.360220946072324],[-80.063106644044666,38.359839230179752],[-80.063050233328681,38.359516877374546],[-80.063008654342482,38.359218490793239],[-80.062968149111072,38.358836655608989],[-80.063017876512859,38.358503231595733],[-80.063127234154678,38.358241814637893],[-80.063284468520507,38.357790027906859],[-80.063350555066577,38.357361353331733],[-80.063386364449002,38.356932436822525],[-80.063437313653068,38.356503646614009],[-80.063455675768807,38.35625342440995],[-80.063550966330169,38.355908443677706],[-80.06359991765342,38.355634619787679],[-80.063633111943545,38.35540836281983],[-80.063669686140443,38.354919840913404],[-80.063659921007584,38.354502485850787],[-80.063587756263246,38.354227697315238],[-80.06351575131913,38.353940987926748],[-80.063444047192817,38.353630435833772],[-80.06347939300791,38.353237286050486],[-80.06357421632849,38.352928065803198],[-80.063713689923091,38.352678812403767],[-80.063867223065046,38.35251312652403],[-80.064081466980042,38.352336002075759],[-80.064477217440242,38.352172249451478],[-80.064978626432847,38.352033182260385],[-80.065298221054405,38.351904585750233],[-80.06566445598996,38.351680980678054],[-80.066137730015669,38.3513747724393],[-80.066520935514745,38.351008235713671],[-80.066921721691216,38.350451079744261],[-80.067490856184818,38.349752192668973],[-80.067904622837617,38.34936204651359],[-80.068332459231016,38.349055468870347],[-80.068866867180674,38.348702046720526],[-80.06925004130882,38.348335500527632],[-80.069526792848066,38.348003871248089],[-80.069560272078633,38.347753772088673],[-80.069671268131401,38.34736121564481],[-80.069965894341919,38.346815129375941],[-80.070458062819412,38.346210995276216],[-80.071041808630895,38.345547974068829],[-80.071611930958639,38.344765620072614],[-80.072012491011449,38.344220364275579],[-80.072354474111776,38.343519657210578],[-80.072558398610326,38.342960926928434],[-80.072717058413247,38.342389908970802],[-80.072816021016578,38.34206104606217],[-80.072906748873038,38.34175953004555],[-80.073081306798542,38.341129026608321],[-80.073130053551552,38.340867121941237],[-80.073163364724536,38.340628942161182],[-80.073167922904858,38.340271306798677],[-80.073157345136707,38.339913556287506],[-80.073087132553169,38.339483797211344],[-80.073030083757118,38.339209133185179],[-80.072937990278419,38.3389452823657],[-80.07291325257988,38.338874387739082],[-80.072855134402872,38.338683172643051],[-80.072722411897246,38.338407907399713],[-80.072545949041611,38.338001153713364],[-80.072354352771072,38.33759428183135],[-80.072192120275915,38.337259174639094],[-80.072091800783383,38.336817256293543],[-80.071944854888457,38.336470348474094],[-80.07176718746679,38.336158962731687],[-80.071423186920597,38.335834334900738],[-80.071064659921007,38.33546190702279],[-80.070810866725026,38.335185682205854],[-80.070617764464473,38.334898016628685],[-80.070484594395637,38.334658516067336],[-80.070367326050146,38.334359529912938],[-80.070326639841497,38.333989614454715],[-80.070363308842772,38.333489167981973],[-80.070523339913365,38.332810867450959],[-80.070711803459645,38.332275857407019],[-80.070928250200268,38.331919904172693],[-80.07097593807201,38.331741448295404],[-80.070918292739492,38.331514465829194],[-80.070741704857411,38.331119630224258],[-80.070623981782404,38.330856406948648],[-80.070566489264593,38.33061750787499],[-80.07060117389338,38.330272032963222],[-80.07063631257823,38.329890799739402],[-80.070826906419086,38.329188893573324],[-80.070892614734845,38.328784053631345],[-80.070910943355557,38.328533833188594],[-80.070914442863184,38.328259650086899],[-80.070842583636875,38.327961021163674],[-80.070650714384172,38.327577983586856],[-80.070487753246184,38.327302481218396],[-80.070265167813034,38.326954971337592],[-80.070146841331152,38.326739432095408],[-80.070037576889717,38.326472283681426],[-80.070000079921783,38.326380598924224],[-80.069979200986978,38.326207657473851],[-80.069945336152998,38.325927117348101],[-80.069964733566678,38.32559344506177],[-80.070088542518093,38.325379823869952],[-80.070198582951761,38.325058796843813],[-80.070216459346014,38.324844335585205],[-80.070251292286315,38.324486942180421],[-80.070228642914969,38.323890646643733],[-80.070201422753726,38.3236519835339],[-80.070101739397955,38.323162378209958],[-80.070149726582542,38.32296007867825],[-80.070228583623646,38.322710337087784],[-80.070260679960384,38.322567525829214],[-80.070294295500645,38.322305499764248],[-80.070314600150624,38.321900302436738],[-80.070290884766976,38.321387454122309],[-80.070264733365207,38.321065341681965],[-80.070269150271542,38.320719630862051],[-80.070303827151065,38.320374158996515],[-80.070352119717512,38.320148016501349],[-80.070437516608436,38.319385665979134],[-80.070490981266715,38.318754206775836],[-80.070479047651148,38.318503744333015],[-80.070437763732244,38.318181514548982],[-80.070425370295837,38.3179668112843],[-80.07045821938155,38.317764391447568],[-80.070552966116637,38.317455162757369],[-80.070525291384897,38.317252263232341],[-80.0704228760017,38.3169772411201],[-80.070259780737572,38.316713654651998],[-80.070112581111346,38.316390588613729],[-80.069951166935098,38.315995867718783],[-80.069878858912176,38.31573300598842],[-80.0698752952771,38.315508493506393],[-80.070070862485792,38.3152926895348],[-80.070360629849418,38.315116151592278],[-80.070589268072794,38.31498681896889],[-80.070998714296707,38.314918528959886],[-80.07136307212609,38.314826035312755],[-80.071727576445781,38.31472162133015],[-80.072077562734833,38.314569396400977],[-80.072382603648265,38.314381052980131],[-80.072703085105672,38.314168987407974],[-80.073099822735969,38.313909830450363],[-80.073511230504266,38.313686556300361],[-80.074042772040642,38.313535763952252],[-80.074528310953212,38.313432296661489],[-80.075088902287163,38.313377104276086],[-80.075528592661612,38.313309037763595],[-80.076104461598888,38.313242042370433],[-80.076530079597319,38.313090402474167],[-80.076925286533012,38.312950446557316],[-80.077396897098893,38.312751476777173],[-80.07797502223967,38.312505652877903],[-80.078309700594346,38.312365216415969],[-80.078629700167198,38.312188895369545],[-80.079010372529581,38.312001129503145],[-80.079528869521681,38.311683294798023],[-80.080258879501528,38.311390961791631],[-80.080623208406649,38.31129843894896],[-80.081092695545749,38.311266355146714],[-80.081486227645414,38.311257512715656],[-80.082757310433522,38.311255536716729],[-80.083423179287024,38.311248819913473],[-80.084029138670545,38.311193940980722],[-80.084620108040426,38.311127019748859],[-80.085498403170263,38.311074261907301],[-80.086149152029932,38.311067409022442],[-80.086497889079624,38.311010514734306],[-80.086816966207593,38.310905699774665],[-80.087030277498869,38.310788135847005],[-80.087259623604709,38.310599164131126],[-80.087490159104448,38.310314820161842],[-80.08759920395768,38.310065299063595],[-80.087647135556878,38.309862993026684],[-80.087726070512417,38.309601315391809],[-80.08785054049099,38.309328067825703],[-80.08808121885626,38.309031802433168],[-80.088420038367616,38.308557543398599],[-80.088649523035514,38.308356642328327],[-80.08898386046387,38.308240018640937],[-80.089347864823878,38.308171311268282],[-80.089635324585529,38.308173542712332],[-80.089997538146861,38.308247885656712],[-80.09034432980441,38.308345960367156],[-80.090706243863082,38.308444142276933],[-80.091144258899675,38.308507149815355],[-80.091628107827958,38.308534742323864],[-80.092112850088228,38.308490803022714],[-80.09256837058075,38.308363185737797],[-80.09276668788948,38.308233573958844],[-80.092951360133654,38.30798462721998],[-80.093030275014982,38.307722950184072],[-80.093185277047084,38.307426086660037],[-80.093354075682939,38.307236633779645],[-80.093690332803632,38.306965017532576],[-80.094086663044791,38.306729634461249],[-80.094437598192599,38.306493896868261],[-80.094711701021026,38.306352946394355],[-80.094969934350985,38.306271481995211],[-80.095228165991514,38.306190015208173],[-80.095593043924111,38.306049763721731],[-80.095943228770707,38.30587362675147],[-80.096141980616551,38.305708244108985],[-80.096325896320934,38.305518904230446],[-80.0964642713177,38.305341133656704],[-80.096678592803741,38.305140101614008],[-80.096876747374139,38.305022402782704],[-80.097226335379887,38.304893949717069],[-80.097681824738643,38.304766307599429],[-80.098199452801467,38.304507998152395],[-80.098519516809048,38.304319699601713],[-80.098993080623956,38.303953748129004],[-80.099558887221363,38.303469271794178],[-80.10007988612216,38.302936760079746],[-80.100310197619933,38.302664315188139],[-80.10069488647737,38.302142680851617],[-80.101062671740465,38.30176398484015],[-80.101337921879846,38.301527645243645],[-80.101611257651186,38.301446282642885],[-80.101928362079008,38.301496400611164],[-80.102093753477632,38.301568220388482],[-80.102124001315858,38.301581354658282],[-80.102258684874698,38.301701608506662],[-80.102377211344248,38.301905195823672],[-80.10256932594497,38.302276260561101],[-80.102956055763528,38.302815725249175],[-80.103179165040459,38.303127413148673],[-80.103551510141202,38.30360715753153],[-80.103894480916992,38.304015138574989],[-80.10411617981201,38.304264793010006],[-80.104342188387832,38.304519295134909],[-80.104644521471016,38.304752479864561],[-80.104716888291122,38.30480829398094],[-80.105077493579742,38.30501372686274],[-80.105328870197326,38.305061025279748],[-80.10560583114875,38.305113136081012],[-80.106014166943936,38.305128171149207],[-80.10606782478348,38.305128579191781],[-80.10615091091465,38.305129214172119],[-80.106331873441533,38.305130593036971],[-80.106725664552243,38.305097823289074],[-80.107255471008443,38.30507801061097],[-80.107678640177568,38.305117001698008],[-80.108011038651952,38.305155295619514],[-80.108479164109966,38.305230385995308],[-80.108795703091104,38.305328172693606],[-80.109278810032762,38.30541530042305],[-80.109626046983195,38.305477545966305],[-80.109974016372121,38.30548018680814],[-80.110305983224308,38.305554238483666],[-80.110473388230361,38.305678376527204],[-80.110500914128139,38.305698788763699],[-80.110694389022413,38.305962547045588],[-80.111022134269462,38.306382313188401],[-80.111365455556779,38.306766433396952],[-80.111694370407946,38.307090826155438],[-80.111919130402384,38.307271366587322],[-80.112219104001184,38.307488237996708],[-80.112489109098817,38.307681038378192],[-80.112803923722026,38.30792187130367],[-80.113444337037961,38.308761279533726],[-80.113683075353421,38.309037295349178],[-80.113847323329281,38.309217372103966],[-80.11405609649654,38.309469320862995],[-80.114310405264803,38.309709686390875],[-80.114670481248766,38.309962779159818],[-80.115090352400273,38.310275928463959],[-80.115584719409739,38.310685017419864],[-80.11676004466382,38.31146191537632],[-80.117374419556455,38.311868015278606],[-80.118207230139802,38.312459618863564],[-80.119673270122192,38.313380699290228],[-80.121033612363277,38.314161952150712],[-80.1211557026744,38.314232069679207],[-80.121425909584403,38.314348559388698],[-80.121648935037513,38.314444705262105],[-80.121803023481448,38.314511130633932],[-80.122496458884214,38.31473092656087],[-80.123129092711622,38.314974102836949],[-80.123761867353792,38.315205360871687],[-80.124288733039705,38.315435818485987],[-80.124544529974983,38.315556951863051],[-80.124921518935324,38.31566706766052],[-80.125269395186777,38.315681587543963],[-80.125753163150705,38.315720958386386],[-80.126207101150641,38.315724341112094],[-80.126827483691756,38.315728962234687],[-80.12752351687314,38.31573414014585],[-80.128521752657349,38.315777329071572],[-80.128899746373534,38.315803981465102],[-80.129184600661389,38.315814895332551],[-80.129412283103079,38.315821958626955],[-80.129478012037922,38.315534062419694],[-80.129647304256409,38.315296869355237],[-80.129939212909846,38.314929442350575],[-80.130215704130066,38.314585744660704],[-80.130415254298029,38.314348775712041],[-80.130615230204896,38.314076042947974],[-80.130770237428251,38.313767209050191],[-80.13081790974735,38.313576804333344],[-80.130991461434263,38.312981975450121],[-80.131179003760664,38.312482621238146],[-80.131393820838682,38.312233844082158],[-80.13165359727472,38.312021163301566],[-80.131867269724737,38.311867754458561],[-80.132110920874055,38.31173841417359],[-80.132384550885675,38.311633135954374],[-80.132901254068813,38.311446197017439],[-80.13343308582543,38.311259372064988],[-80.133797632218929,38.311142837272456],[-80.134284211147801,38.31094375021236],[-80.134725821317289,38.310708559135008],[-80.134969604068701,38.310567290699112],[-80.135259200439847,38.310390589265751],[-80.135412061330257,38.310260569049539],[-80.135504256034494,38.310142026430817],[-80.135614271318104,38.309797087526825],[-80.136160229528613,38.308418111482894],[-80.136315202012781,38.308109269548062],[-80.136439346618346,38.307847890216912],[-80.136563921172424,38.307550749939132],[-80.136627121604619,38.307324688408848],[-80.136783364882874,38.306908553313555],[-80.137031364169616,38.306409639297719],[-80.137232001530492,38.306077290217111],[-80.137586046604767,38.305567229060927],[-80.137941776459186,38.304914114207278],[-80.1380968759551,38.304593344768698],[-80.13810082608677,38.304259547744202],[-80.138013580156979,38.303960848164436],[-80.137777021840364,38.303494136214894],[-80.137658108704144,38.303314422282121],[-80.137388761160608,38.303062074955932],[-80.137226297966833,38.302727052184366],[-80.137154608190954,38.302392696026445],[-80.137173974117218,38.302035166954703],[-80.137344765730177,38.301666827532365],[-80.137653962736465,38.301108746921315],[-80.137809337234458,38.300764138780515],[-80.137919184391095,38.300431118964887],[-80.13792313589154,38.300097321726923],[-80.137926517621395,38.299811567925488],[-80.13792652185515,38.299811210172273],[-80.137839847188687,38.29946482100123],[-80.137781593048018,38.299273631580306],[-80.137664945586963,38.298903181966161],[-80.137531475872336,38.298675674530415],[-80.137407527181068,38.298384740582485],[-80.137398996235802,38.298364718526884],[-80.137191870334661,38.297969755843518],[-80.137014997763785,38.297575015348812],[-80.136913200435004,38.297228512337931],[-80.13685664640667,38.296894270687979],[-80.136799245372231,38.296631557131875],[-80.136727425209955,38.296309120792728],[-80.136653763340618,38.296141669047827],[-80.136444667117686,38.295913599185077],[-80.136205605629797,38.295661469214785],[-80.136162211060878,38.295624222157954],[-80.135771299791401,38.295288678039803],[-80.135472156676812,38.295000334473663],[-80.135248788502551,38.294700625603333],[-80.13524729514296,38.294692811826764],[-80.135191815927371,38.29440214761258],[-80.13519563875758,38.294080267880183],[-80.135213879340782,38.293818110169511],[-80.135218548628245,38.293424704947398],[-80.135206674288924,38.293150402050877],[-80.135179818641078,38.292864067348027],[-80.135093302772788,38.292505755661175],[-80.135000425881188,38.292072448748478],[-80.134949968622067,38.291837043654326],[-80.134915780953918,38.291603793465839],[-80.134866000445058,38.291264146362302],[-80.134797449269328,38.290667519958696],[-80.134744448361204,38.290035239583844],[-80.134747704056593,38.289761047187703],[-80.134856415336458,38.289523402003312],[-80.135040187660508,38.289333996490491],[-80.135164021712868,38.289096460694999],[-80.135303833684631,38.288787509873266],[-80.135536375430959,38.288312325158707],[-80.135752654365149,38.287932402723101],[-80.135922004116225,38.287683275485797],[-80.136166979616974,38.287434709379959],[-80.136350603061601,38.287257223776926],[-80.136732832176165,38.286914290501166],[-80.137130466191181,38.286547617509903],[-80.137436776617307,38.286227963478588],[-80.137788607914914,38.285896723617782],[-80.138033284447289,38.285671995821957],[-80.138536638477149,38.285318016909542],[-80.13906925232169,38.285047710913673],[-80.139509983922011,38.284872108539339],[-80.140074109439269,38.284494727712151],[-80.140486271023036,38.284175838634994],[-80.140883167398727,38.283868764872643],[-80.141219423616946,38.283573165432202],[-80.141509877203859,38.283312994867401],[-80.141615984786554,38.283209351103842],[-80.141711723843201,38.283115820611044],[-80.141800612812304,38.28302898558092],[-80.142061098889897,38.282744751640173],[-80.14236555156576,38.282580063985819],[-80.142654036268695,38.28248679250504],[-80.143002179304105,38.282465488881847],[-80.143455912186283,38.282468804238817],[-80.144105139479834,38.282568921539379],[-80.144573296645987,38.282631950100402],[-80.144951130068847,38.282658548092002],[-80.145314670246407,38.282613509771295],[-80.145814896906899,38.282521771068204],[-80.146134321417264,38.282369104869865],[-80.146455005576371,38.282109142825597],[-80.146715606475396,38.281812976061637],[-80.146915155794105,38.281564056612886],[-80.147160351081922,38.281291624065283],[-80.147374182394202,38.281114341320418],[-80.14778531977322,38.280878878338633],[-80.148287060325316,38.280655994862947],[-80.148681813107501,38.280527713924371],[-80.149000813413238,38.280410805385856],[-80.149248182201148,38.280239541974588],[-80.149290533439668,38.28021022225046],[-80.14951989507,38.279997281273666],[-80.149872054026943,38.279630239954756],[-80.150132495460056,38.27934598470673],[-80.150421790167201,38.279181165200065],[-80.150725237121875,38.27909990704957],[-80.150777361427558,38.279093043020502],[-80.150982757640165,38.27906600312722],[-80.151179366414169,38.279067426637326],[-80.151496545727994,38.279105487839239],[-80.151934440666835,38.279168264515398],[-80.152432280608096,38.279279166300185],[-80.152718245664431,38.279400458341328],[-80.153018362319884,38.279605304280906],[-80.153302674961139,38.279869648652678],[-80.153616951072934,38.280158057584238],[-80.153871291469216,38.280398342467599],[-80.154261472503052,38.280663450690966],[-80.154606421859143,38.280916306703219],[-80.154952201642217,38.281097636653001],[-80.155448398673414,38.281351580411389],[-80.155915179410542,38.281533774903764],[-80.156487968855274,38.281704809286175],[-80.157767745829617,38.282214746999841],[-80.158068445965128,38.282371898674967],[-80.158248287793469,38.282516257511908],[-80.158502788244675,38.282744608517824],[-80.158697889166234,38.282877155626437],[-80.159060053055356,38.282951289489034],[-80.159860146995555,38.283088164260647],[-80.160675225341208,38.283237071186797],[-80.161248038555684,38.283408082553706],[-80.16148893454158,38.283505185563513],[-80.161925086614687,38.283722903249959],[-80.162180148700202,38.283903562960532],[-80.162586599315844,38.284073382331677],[-80.162977789250277,38.284255008300654],[-80.163234231320885,38.284316451783923],[-80.163319731842549,38.284320804362181],[-80.163371012452941,38.284323419523894],[-80.163506340089398,38.284330311852777],[-80.163718225088502,38.284319902842071],[-80.163976443457202,38.284226361302288],[-80.164280168215541,38.284121220173176],[-80.164720836309101,38.283945524099167],[-80.164890301835626,38.283883114938469],[-80.165070208949302,38.283816865826424],[-80.165375725610488,38.283775323148063],[-80.165403499234742,38.283771544530694],[-80.165752048887825,38.283714413009946],[-80.166100329815734,38.283681122222795],[-80.166691149939638,38.283601860615804],[-80.167342188586034,38.283546873428236],[-80.167794855931334,38.283561240656191],[-80.167826045083189,38.283562227933238],[-80.168400238433648,38.283613988599662],[-80.168778493746544,38.283604747806685],[-80.169232642111893,38.283572196845832],[-80.169778354053236,38.283468758351589],[-80.170142962944141,38.283420094368367],[-80.170202524835148,38.283412146895685],[-80.170505560234474,38.283366601587844],[-80.171173082385323,38.283192481288204],[-80.171673954149171,38.283041027965858],[-80.172083677197534,38.282924694388711],[-80.172417366600058,38.282843589043274],[-80.172856786922637,38.282775152329208],[-80.173144288077268,38.282765259356722],[-80.174144402973141,38.282605387072266],[-80.174659176413542,38.282561322206348],[-80.174917351096454,38.282534101610473],[-80.1749771961981,38.28252779302602],[-80.175294812236757,38.282530024341931],[-80.175551387150762,38.282579516862569],[-80.175837944904103,38.282653064955859],[-80.175967048006171,38.282686199613863],[-80.176411062190127,38.282800158158288],[-80.176833609912762,38.282886580698865],[-80.177211451471422,38.282913074887581],[-80.177392811845749,38.282926271669496],[-80.177575116167247,38.282856016876096],[-80.177668015522912,38.282665907640293],[-80.177639245232911,38.282534556148633],[-80.17762544894137,38.282512306436708],[-80.17753525712746,38.282366914061313],[-80.177446933028946,38.282151688887069],[-80.177375480340331,38.281781591095452],[-80.177444455554664,38.281030959627735],[-80.177801187950848,38.280246573554678],[-80.178093650831514,38.279795571486268],[-80.178323734271416,38.279511043203058],[-80.17856880975404,38.279238543525686],[-80.178843452288206,38.279025860009405],[-80.178890510787554,38.278992458303335],[-80.179026413287161,38.278895994108709],[-80.179361284580892,38.278707576314382],[-80.179803497368894,38.278388760775897],[-80.180383556933904,38.277915914725725],[-80.180780523367304,38.277584857915798],[-80.181115918597598,38.277348750325856],[-80.181403051112923,38.277091314583323],[-80.181406208615655,38.277088483332832],[-80.181528668684635,38.276958189507653],[-80.181591704059542,38.276732101614606],[-80.181594512107992,38.276481747142533],[-80.181521707317827,38.276230865203345],[-80.181372884293651,38.276015223389301],[-80.181328137536298,38.27593282390503],[-80.181002438695259,38.27533305783286],[-80.180707745061454,38.274639495930359],[-80.180575662628257,38.274280897615611],[-80.180459365962818,38.273862798695056],[-80.180403166328404,38.273480886422519],[-80.180361687569189,38.273134845709976],[-80.180303870460151,38.272895990830889],[-80.180215818317663,38.272656924667018],[-80.180053894892865,38.272262352899972],[-80.179891705080507,38.271891619172777],[-80.17982871335245,38.271675492832877],[-80.179731528421016,38.27134206439252],[-80.179674258004766,38.27105552276123],[-80.179545269529626,38.270422730320512],[-80.1794884565345,38.270268479222338],[-80.179413195517085,38.270064131461083],[-80.179251146653499,38.26968147900849],[-80.179163712713759,38.269504615350755],[-80.179044136245167,38.269262742044205],[-80.17883619195355,38.268927454471431],[-80.178702244350646,38.268735760573364],[-80.17858449540968,38.26844879586762],[-80.178583984794344,38.268442369248731],[-80.178558010222972,38.268114778866824],[-80.178670302828095,38.267543287604063],[-80.179012369225845,38.266711103738011],[-80.179403145794566,38.265581197363076],[-80.17962315074152,38.264843541789517],[-80.179721653145776,38.264152725727143],[-80.179795273894086,38.262984833772627],[-80.179787260753528,38.262352883650493],[-80.179744846224253,38.262090289281929],[-80.179657210509347,38.261815460008897],[-80.179601020915314,38.261433548512358],[-80.179569869079231,38.260169541207596],[-80.179561321436651,38.259585279145973],[-80.179566550323798,38.259120335051321],[-80.17958703018499,38.2586435797039],[-80.179683517393059,38.25813158321899],[-80.179731551394411,38.257893468344044],[-80.179735305573544,38.257559665994812],[-80.179767822391071,38.257357209672271],[-80.179847038638471,38.257035854389073],[-80.179895342749376,38.256773897476833],[-80.179897888848302,38.256547388716108],[-80.17987046520453,38.256296822174804],[-80.17984183446768,38.256153551092645],[-80.179797552358139,38.256057861833412],[-80.179659218584376,38.255946833179891],[-80.179632717461558,38.255925561861574],[-80.179482869011082,38.255805288804908],[-80.179167244423866,38.255636166648671],[-80.178912102958691,38.255467468670709],[-80.178701779693426,38.255346766945387],[-80.178415728435795,38.255237461534037],[-80.178099439601098,38.255127947250855],[-80.177783152901796,38.255018429428382],[-80.177481445930155,38.254956699674587],[-80.177134656059636,38.254870809210338],[-80.176787866971623,38.254784922234983],[-80.176320664234709,38.254650495161911],[-80.17628643240289,38.25463805674525],[-80.176019498595082,38.254541076029035],[-80.175712970232823,38.254456131881184],[-80.175401522910789,38.254369821253988],[-80.175115342335374,38.254272430165194],[-80.174829435613034,38.254151194690941],[-80.174528410307815,38.254029853073632],[-80.174257492409168,38.253920644002264],[-80.173940542048626,38.25387072296035],[-80.17366853986438,38.253856883753286],[-80.173245490528046,38.253830060184484],[-80.172958645157308,38.253792268241938],[-80.17259688090644,38.253694340107096],[-80.172355798130226,38.253621104083621],[-80.172129427187954,38.253583740226951],[-80.171751595061281,38.253569151724697],[-80.171403873410483,38.2535666987784],[-80.171040892403312,38.253576056660691],[-80.170737841347091,38.253633528163263],[-80.170540625951006,38.253691747013633],[-80.170373100089279,38.253797867554738],[-80.170236089634287,38.253880353514845],[-80.169977852733226,38.25398583113207],[-80.169568970581466,38.25404255008857],[-80.169130397484949,38.254051367984651],[-80.168752564848148,38.254036770715274],[-80.16851121322766,38.253987371411377],[-80.168460867478601,38.253965250898013],[-80.168345722042631,38.253914660956013],[-80.168135424411943,38.253793945040414],[-80.167895158220134,38.253649172443261],[-80.167610082219255,38.253456391198895],[-80.167415175113319,38.253311939357879],[-80.167145492036383,38.253095419687106],[-80.166635959522708,38.252698357415099],[-80.166350756641691,38.25251749636648],[-80.166049343820958,38.252431894657335],[-80.165660472437864,38.252379772880538],[-80.165203947138792,38.252318580754128],[-80.164660514640218,38.252243179520967],[-80.164343713970283,38.252181311312292],[-80.164072815133849,38.252072078921721],[-80.163636303184219,38.251902054815787],[-80.16321545574894,38.25168444686976],[-80.162554364156961,38.251322054964966],[-80.162439952608736,38.251250564084437],[-80.162284157781727,38.251153213429582],[-80.161969415300931,38.250912514606675],[-80.161824842136994,38.250751608622231],[-80.161775345618835,38.250696520761821],[-80.161658376150072,38.250349932410685],[-80.161542640526051,38.249896048838011],[-80.161425393670527,38.249573304752147],[-80.161262662230584,38.249262155111801],[-80.161040286442329,38.248879044705184],[-80.160787539208002,38.248507639032951],[-80.160370425278586,38.247968142098088],[-80.160057075937004,38.247608221776815],[-80.159683951626931,38.247188266214287],[-80.159355492174271,38.246828233101596],[-80.159072114847248,38.246492375849073],[-80.158848244081909,38.246240395559191],[-80.158715489340082,38.245953301873186],[-80.158568995659252,38.245546885898868],[-80.158438717397047,38.245045207097732],[-80.158299529171629,38.244420782554016],[-80.158294975381025,38.244400358675861],[-80.158269135942817,38.244308241634158],[-80.158164288462615,38.243934440952543],[-80.158142111890612,38.243837862929965],[-80.158106712191724,38.243683658252522],[-80.158083900005323,38.243622285793656],[-80.157969185930739,38.243313645119777],[-80.157960083040891,38.243289159188542],[-80.157708468649886,38.242822374981309],[-80.157415779979232,38.242319238925774],[-80.15697964914385,38.241316944082804],[-80.156936642593877,38.241191135287465],[-80.156701813687704,38.240504214207277],[-80.156514675207944,38.239692136373392],[-80.156288397307776,38.238343264522044],[-80.156206935069989,38.237543867070379],[-80.15618731349727,38.236625689410573],[-80.15624406887305,38.236178535545186],[-80.156253839943048,38.236101573106183],[-80.156286685469595,38.235875282212731],[-80.156305519509814,38.235553506126358],[-80.156294123321501,38.235231516311906],[-80.156328073733491,38.234909850654546],[-80.156544770150063,38.23447027549097],[-80.156558651313148,38.234451511584204],[-80.156667617716451,38.234304241301722],[-80.156834837932152,38.234221986951702],[-80.1571701063761,38.23398594285986],[-80.157316005766447,38.233923375304173],[-80.157580255558102,38.233810049911611],[-80.157883508763149,38.23372876586204],[-80.158308082915681,38.233612589382318],[-80.158551837558207,38.233447419284886],[-80.15934491859781,38.232833127504982],[-80.160305883286696,38.232076964575981],[-80.160748436295876,38.231710532175804],[-80.161113637476063,38.231498535425807],[-80.161387465660042,38.231345498459184],[-80.1619660366472,38.230980032252155],[-80.162665641963898,38.230603502483341],[-80.162945702491243,38.230456187655932],[-80.163045810056687,38.230403528802356],[-80.163578609885022,38.230073494410775],[-80.164157295201008,38.229696096547528],[-80.164386316111987,38.229495041985786],[-80.164590648172478,38.229286887976244],[-80.164676879491694,38.22919904938383],[-80.16478485915556,38.22900905401341],[-80.164794025584357,38.228984578690174],[-80.164852948003329,38.228827285940184],[-80.164878400994084,38.228759345609404],[-80.16488815816821,38.228688798084484],[-80.164894873893786,38.228640237008015],[-80.164902158763425,38.228633725165665],[-80.165093393021465,38.228462810588006],[-80.165382859532869,38.228262183963601],[-80.165748028922195,38.22805017501102],[-80.166857821364829,38.227485773449622],[-80.167116918733981,38.227296849311365],[-80.167436738777482,38.227084516824235],[-80.167665881760527,38.226871532356022],[-80.16783470269381,38.226646200966698],[-80.168140492576157,38.226338382377634],[-80.168536818432358,38.226043126748934],[-80.169129745107554,38.225737336493744],[-80.169677733791715,38.225395457186991],[-80.170058799318056,38.225112014385033],[-80.170287925017163,38.22489902544519],[-80.170440813138555,38.224745114728101],[-80.170487505106763,38.224626217886623],[-80.170489462921253,38.224454022297685],[-80.170489672082383,38.224435604373262],[-80.170490079740375,38.224399707533799],[-80.170387135251559,38.224148604786443],[-80.170150076084838,38.223729640037384],[-80.169987765783006,38.223382735172784],[-80.169990884832856,38.223108538979069],[-80.170099648389751,38.222847010374075],[-80.170330798910442,38.222455199304271],[-80.1707426170735,38.222124274548641],[-80.171534656549483,38.221581430799546],[-80.172051972938775,38.221275094360443],[-80.172600860639363,38.220849750333187],[-80.173058397505471,38.220483373167525],[-80.173180929321347,38.220366547810038],[-80.173455618039199,38.220104648848462],[-80.173898973735135,38.219654710587349],[-80.174173811159207,38.219406272670781],[-80.174402100753881,38.219264804940742],[-80.174444680483631,38.219246992313444],[-80.174766524604237,38.219112371481664],[-80.175070095081935,38.218995283725761],[-80.175192202396204,38.218888837251669],[-80.175285426054586,38.218662963438874],[-80.175534065629293,38.218056655410443],[-80.175699138527477,38.217623409828718],[-80.175783242369405,38.217402660824526],[-80.175990039275902,38.216486073712716],[-80.176283919195299,38.215262989711917],[-80.176517044596011,38.213974102908821],[-80.176642499584261,38.213569612799809],[-80.176872912402885,38.213237394981313],[-80.1770867341355,38.213036209025873],[-80.177437088316353,38.212788290597771],[-80.177938805392444,38.212517582694936],[-80.178288481647968,38.212329270048031],[-80.178668241590543,38.212153089278893],[-80.179472145767676,38.211884488669376],[-80.18053331690966,38.211581913183942],[-80.180912131163041,38.211489175614616],[-80.181442710336881,38.211337883839988],[-80.181806948829092,38.211197352842319],[-80.182292464609503,38.211021897309024],[-80.182551061173911,38.210868702906993],[-80.182810192155856,38.210667823652649],[-80.183206509005288,38.210360593668966],[-80.183557359099581,38.210064967658042],[-80.183846967019292,38.209840453120492],[-80.184044856380709,38.209710679092119],[-80.184303047757751,38.209593245301427],[-80.184787879822096,38.209477386840845],[-80.185120819819161,38.209432008622812],[-80.185514464180969,38.209363206646827],[-80.186089811678045,38.209259893221819],[-80.186392666642661,38.209202378537434],[-80.186681068472083,38.209085152462279],[-80.1868485988293,38.208967084875802],[-80.18697212757256,38.208729489553207],[-80.187036410701936,38.208384176298964],[-80.187025280027697,38.20802642189917],[-80.187013487531388,38.207728275184479],[-80.187047685646959,38.207370833754517],[-80.18714403845523,38.206858824393805],[-80.18721004122321,38.206358532645638],[-80.187258151947987,38.206108487740821],[-80.187260275196735,38.205917743054485],[-80.187262793866267,38.205691229206614],[-80.187295263026741,38.20548876852186],[-80.187372791943162,38.205310467368683],[-80.187495117676207,38.205180163358534],[-80.18754283126674,38.204965889232113],[-80.187560589748401,38.204727555638222],[-80.187521093327078,38.204202684828985],[-80.1874683468683,38.203510808625964],[-80.187345891210541,38.202293853974467],[-80.187261739443485,38.201709061405793],[-80.187137925425176,38.201274848658301],[-80.187141844791725,38.201243340593805],[-80.187303848263326,38.201377558730492],[-80.187469103710413,38.201462159890518],[-80.187755489621637,38.201523757604001],[-80.188102174010211,38.201597691409475],[-80.188554615810546,38.20167235431942],[-80.189248515001125,38.201772529073274],[-80.189973034611199,38.201837144495578],[-80.191014421936643,38.201939703198462],[-80.192387657085376,38.202092234901656],[-80.193654753022528,38.202279782708786],[-80.194394128175958,38.202368318756825],[-80.194831336812271,38.202454772747885],[-80.195118126938411,38.202480585176659],[-80.195465478558901,38.202494890377636],[-80.196190142585422,38.202547545985603],[-80.196688575308244,38.202562881001668],[-80.197231679456536,38.202638131749971],[-80.197849280950592,38.202809267935876],[-80.198301215560278,38.202931582476275],[-80.198632288266793,38.203053069428243],[-80.198963487014751,38.203162633833195],[-80.199536034237937,38.203309609688652],[-80.200047493684409,38.203515780698524],[-80.200589303706423,38.203710234585209],[-80.200919472709955,38.203915167176355],[-80.201174228488384,38.204107662339204],[-80.201338730608825,38.204263775554431],[-80.201651710358675,38.20465935324313],[-80.201829368045082,38.204994395042],[-80.202067328529736,38.205341772528605],[-80.202321571874904,38.205581951597935],[-80.20265110278666,38.205846488239104],[-80.203642175524081,38.206413577951587],[-80.204001931216439,38.206678317630953],[-80.204541701726271,38.207063499031499],[-80.205141525519991,38.207484857398299],[-80.205211163266569,38.207540755894648],[-80.205456092513188,38.207737359664534],[-80.205725598380923,38.207965715779636],[-80.205934533470582,38.208205584049466],[-80.206053593742865,38.208373302110957],[-80.206124999697209,38.208755310354555],[-80.206120335423535,38.209184494897926],[-80.206146541761214,38.209554273133037],[-80.20618908361331,38.209661859414723],[-80.206278901275113,38.209889001723631],[-80.206428054322174,38.210068850710442],[-80.207045794628101,38.210530885983971],[-80.207087575438621,38.210562137410939],[-80.20745522695259,38.210875121558161],[-80.207581670766842,38.210982763645021],[-80.2079564458992,38.211259513202855],[-80.208316759899944,38.211476552612417],[-80.208662996814823,38.211598112696223],[-80.209175057497546,38.211756558190167],[-80.209793278093116,38.211879947820648],[-80.210074258321711,38.211944067520371],[-80.210170129086706,38.211965940344164],[-80.210471167295324,38.212075272126924],[-80.210651460891896,38.21217186522022],[-80.21087656621529,38.21231645094678],[-80.211055570441516,38.212532258502776],[-80.211113176427389,38.212794946179976],[-80.211094706382283,38.213221511804626],[-80.21109304686864,38.213259793308751],[-80.211090730069316,38.213474388388271],[-80.211178436596015,38.213749195338984],[-80.211180151710963,38.213751684364354],[-80.211252830505344,38.21385700009467],[-80.211428334855142,38.214059272187669],[-80.211698734469039,38.213970200400261],[-80.211842132216816,38.213860958233369],[-80.21196430533179,38.213742552024705],[-80.212027444675172,38.213492599628431],[-80.21201529139266,38.213218296869272],[-80.212062809237111,38.213015933932496],[-80.212079331010273,38.212884895011662],[-80.212186775399644,38.212730621385212],[-80.212584392638519,38.212292148922188],[-80.212782751083779,38.212114640485574],[-80.213071382333737,38.21197350609426],[-80.213253348899755,38.211915110736768],[-80.213723038299349,38.21179902847534],[-80.213904742816553,38.211764480691492],[-80.21444921927133,38.211720434716057],[-80.215145555390976,38.211605865005929],[-80.215569532456428,38.211525242510639],[-80.215700817715856,38.211468127793424],[-80.215812442039308,38.211419561408974],[-80.21604049930788,38.211289933869303],[-80.216452173790941,38.210946926227095],[-80.216833883098872,38.210579871351364],[-80.217228779186925,38.210391744737812],[-80.217729059092036,38.210240083803022],[-80.218453205395079,38.210073917085836],[-80.218637933043183,38.210031529579041],[-80.219632536897763,38.209860119460245],[-80.219637084455158,38.20985933677369],[-80.220332381148197,38.209840109053133],[-80.220769799476017,38.209914549154391],[-80.221237304840059,38.210001112406843],[-80.221463571335619,38.210038377943434],[-80.221584613532343,38.210056574521431],[-80.221629523691476,38.210063326074284],[-80.22185629488213,38.210052906996196],[-80.222325967175692,38.209936790953627],[-80.223145689122191,38.209584541365963],[-80.22398102006953,38.209184694756381],[-80.224361288580113,38.208948754670736],[-80.224605063670367,38.208759601783605],[-80.22474358029767,38.208522064277929],[-80.224761215128567,38.208283731085565],[-80.224766652698719,38.207771090299588],[-80.224774111860228,38.207618977154993],[-80.224785936824219,38.207377768456361],[-80.224879118988113,38.207139931347676],[-80.224885936627189,38.207129919441059],[-80.225186103475622,38.206688897106609],[-80.225722875124163,38.20594131109128],[-80.225984399729413,38.205501896381477],[-80.226123658296927,38.205192826125639],[-80.226308369387368,38.204872130950108],[-80.226522160159874,38.20465893037985],[-80.226810987981409,38.204493917204992],[-80.227754142982164,38.203892068079547],[-80.228286586060491,38.20354981246274],[-80.228498985389621,38.203467750108707],[-80.228953370058562,38.203363432836447],[-80.229453326782391,38.203235566125905],[-80.229802323405039,38.203094785397496],[-80.230045185864796,38.202989070577722],[-80.230335257876845,38.202704829106445],[-80.230459510201598,38.202383731683774],[-80.230613477475714,38.20211052064942],[-80.230796656820601,38.201932878090041],[-80.231145897703925,38.201768250801855],[-80.231354644372956,38.201761774214177],[-80.231463286525866,38.201758404657404],[-80.231779678697308,38.201843935642088],[-80.232171613008191,38.201929959867918],[-80.232594388570291,38.201956569185157],[-80.232897424273389,38.20187509033741],[-80.233154259388442,38.201876766442766],[-80.23347065297439,38.201962293788398],[-80.233726113846217,38.202095105382],[-80.233936753907187,38.202179942067978],[-80.23419184895333,38.202258537986175],[-80.23425302835426,38.202277383625656],[-80.234977218618127,38.202377490402164],[-80.235566436808313,38.202381328516211],[-80.236125436950189,38.202384968861274],[-80.236578929552763,38.202364073692763],[-80.2369578790248,38.202247305967106],[-80.237928775658304,38.201872087700949],[-80.238459916228294,38.201649003968093],[-80.238778799258668,38.201496076762325],[-80.239022759415178,38.201283049630362],[-80.239343253405579,38.200975137822056],[-80.239588077047358,38.200678657523646],[-80.239726775225066,38.200417255210048],[-80.239882561970276,38.199965202309812],[-80.240036737998835,38.199668133170142],[-80.240204782204458,38.199490384074267],[-80.240478943820776,38.199277545647078],[-80.240752986813078,38.199076635520015],[-80.241027393943625,38.198839952347377],[-80.241256232557532,38.198626827165931],[-80.241439874474864,38.198401482491697],[-80.241563577066898,38.198128058460206],[-80.241684962856311,38.197848339471875],[-80.241702881432701,38.197807046796235],[-80.241781013884477,38.197557174993698],[-80.241880879541625,38.197327039148277],[-80.241889357322776,38.197307496408214],[-80.242105184837982,38.196891598179064],[-80.242198174562418,38.196665664290926],[-80.242306643280614,38.19640406716745],[-80.242445199891037,38.196154584790293],[-80.242689130255584,38.195941550442001],[-80.242917583468326,38.195764181528382],[-80.243055024860496,38.195621996586219],[-80.243162994218594,38.195408082766811],[-80.243242473918528,38.195027069909287],[-80.243441700335197,38.194754130465853],[-80.243777004265908,38.194470148306209],[-80.244278358181745,38.194199151219927],[-80.244794314069296,38.193975941396893],[-80.245309284816457,38.193848102253824],[-80.245718879497971,38.193683817229889],[-80.246098138316597,38.193531259403549],[-80.246356913089315,38.193342155831544],[-80.246662355638719,38.193022206025418],[-80.246816224747832,38.192837835702946],[-80.246887839222012,38.192752023716459],[-80.246998867944029,38.192618991558298],[-80.247138011495153,38.192309894508206],[-80.247147823984264,38.1922862971239],[-80.247370373411101,38.191751017219808],[-80.247523886833136,38.19151354515396],[-80.247753051343992,38.191264639568324],[-80.24799547882894,38.191194652849056],[-80.248373248544311,38.191185149293766],[-80.248399143742901,38.191181081929848],[-80.249175207442718,38.191059130789569],[-80.249721218753649,38.190848011072625],[-80.250510997329783,38.190435762931479],[-80.250952731728916,38.190080901303752],[-80.251697908723216,38.189596819878901],[-80.252382899748383,38.189088508055647],[-80.253114410722276,38.188461258169902],[-80.25351140925531,38.188046490310008],[-80.253725925304281,38.187749784084723],[-80.253925452819246,38.187441065070431],[-80.254079788040656,38.18712012974882],[-80.254173334675642,38.18683457662069],[-80.254205853860086,38.186608252117225],[-80.254192936046891,38.18639356424368],[-80.254169513614656,38.186325424778857],[-80.254090243803716,38.186094841949163],[-80.253912148869972,38.185783718805254],[-80.253643909295278,38.185424334924967],[-80.253435488461463,38.185124942617314],[-80.252989045209134,38.184466350392782],[-80.252646876180236,38.183951496177883],[-80.252513252062428,38.183724114443912],[-80.252478630349913,38.183575566479185],[-80.252440899097891,38.183413661200817],[-80.25244199104165,38.183306696853165],[-80.252444311520676,38.18307984699117],[-80.252539074917252,38.182675078103024],[-80.252745558999592,38.18245872217544],[-80.25284444881197,38.182355109114866],[-80.253134103123301,38.182094651186709],[-80.253544829744229,38.181811118054114],[-80.253924862932692,38.181575077759817],[-80.254122791097615,38.181421339282565],[-80.254199403251391,38.181314520206854],[-80.254200983183381,38.181159538813837],[-80.254112914115865,38.180908599411403],[-80.253934831309621,38.18059747976266],[-80.25380205916403,38.180286645082411],[-80.253774526433261,38.180024166624179],[-80.253808137811632,38.179690544974441],[-80.253978044949065,38.179322020725749],[-80.254146614601822,38.17908463767516],[-80.254955835616514,38.178231336992077],[-80.255366900761288,38.177912031644581],[-80.256142855463864,38.177356581090486],[-80.256873128150545,38.176836603918346],[-80.257314744318549,38.17648171544559],[-80.257787043961017,38.176079326240433],[-80.258471866295267,38.175570975101408],[-80.258913348601581,38.17522800310671],[-80.259294172671304,38.174908491954788],[-80.259598394133306,38.174695800623837],[-80.259606524924592,38.174690633680228],[-80.259932819451038,38.174483300651879],[-80.260145216407608,38.174389255768538],[-80.260387580801506,38.174319246200866],[-80.260559293710784,38.174285038443649],[-80.260735657879863,38.174249901692825],[-80.261053893396593,38.174144598839696],[-80.261342284667165,38.174003343271451],[-80.261630794018217,38.173850161548891],[-80.26179956210396,38.173588921437222],[-80.261938128372165,38.17332749034437],[-80.262000945636046,38.173089429095995],[-80.262052274799672,38.173005605977835],[-80.262139146147248,38.172863765876805],[-80.262444314342417,38.172555695956412],[-80.262763858925283,38.172319245544735],[-80.262932134143611,38.172217152502],[-80.263250125554649,38.17202422476911],[-80.26350925605368,38.171787399545828],[-80.263844856016519,38.17145566617419],[-80.264043939361329,38.171182689233241],[-80.264173685700939,38.170951425157725],[-80.265038014341584,38.171126109932771],[-80.26542934584495,38.171259707827438],[-80.26586621942937,38.171369745778527],[-80.266348400437238,38.171480066078047],[-80.267253319693324,38.171604940165288],[-80.271579381938025,38.172454528228975],[-80.272800164093809,38.172712468760785],[-80.273463121654487,38.172871570486997],[-80.274065906176546,38.173006445929609],[-80.274382106885824,38.173103782714627],[-80.274622326699955,38.173248342371195],[-80.275267710557557,38.173657699655834],[-80.27594177026063,38.174222228312331],[-80.276256562649976,38.17446262688896],[-80.276632243706615,38.17465570127289],[-80.277188678504018,38.17489758655541],[-80.277730376766357,38.175103606308028],[-80.27815183945242,38.175249270693683],[-80.278452833113192,38.175358422934657],[-80.278768932445203,38.175467670790205],[-80.278980019795156,38.175504737549574],[-80.279175530519623,38.175589396844728],[-80.279430986891271,38.175722115813663],[-80.279595592732022,38.175878120261494],[-80.279984630585915,38.176250112729257],[-80.280193487988313,38.176513691803599],[-80.280327304255493,38.176729119385712],[-80.280535583769307,38.177052312612595],[-80.280834243689512,38.177399903288631],[-80.281057626927392,38.177723183564559],[-80.281094927240062,38.177803583151878],[-80.281190747403528,38.178010146763391],[-80.281233831314239,38.178236942208571],[-80.281246943418836,38.178439709919196],[-80.28124272601687,38.178868902337982],[-80.281107724677284,38.180310729297588],[-80.280999421254847,38.180572363726569],[-80.280678138904875,38.180987692390588],[-80.280480030210612,38.181165321712356],[-80.280312247592377,38.181331213093763],[-80.280280526377396,38.181485942710893],[-80.280307904694936,38.181772327952579],[-80.280439387663137,38.182226196881331],[-80.280529213922904,38.182364703595042],[-80.280975050217407,38.183052148226359],[-80.281228072389467,38.183435224980968],[-80.281362257670764,38.183614888449675],[-80.281600184073255,38.183997871087918],[-80.281806609789285,38.184511811500442],[-80.282244891724019,38.186028678961833],[-80.282465269618228,38.186661931705082],[-80.282863988612888,38.187594341926662],[-80.283322903750175,38.18855096144857],[-80.283501136759085,38.188862042086129],[-80.283812745490522,38.189436230563693],[-80.283990745835055,38.189771154124429],[-80.284139120143877,38.190046283989581],[-80.284303069002775,38.190273814762811],[-80.284497341069724,38.190489608439016],[-80.284766215655196,38.190801235819066],[-80.284817442090116,38.190853725382176],[-80.285035444431912,38.191077099768421],[-80.285274806322718,38.191317010016128],[-80.285814435517906,38.191749514715198],[-80.286053686899592,38.192001346149496],[-80.286397757005716,38.192349194647051],[-80.286756350502017,38.192756744927372],[-80.287115066437636,38.193152376796036],[-80.287757677171626,38.19387164081985],[-80.288280259665939,38.194506713182761],[-80.288699533438006,38.194890783788679],[-80.288909056620454,38.195094739036762],[-80.289098942142985,38.195211166101721],[-80.289110732690006,38.195218393366247],[-80.289222511704963,38.195261621434454],[-80.289540765351774,38.19538470636509],[-80.289872307192596,38.195470172693994],[-80.290023259390495,38.195483009973138],[-80.290884350886344,38.19548821215588],[-80.292258850851383,38.19552035002728],[-80.292892420285668,38.195619550656311],[-80.293253831611153,38.19574095589816],[-80.293900554016872,38.196042913648277],[-80.294622473447888,38.196381087302335],[-80.295314754451312,38.196659467679936],[-80.296353367156968,38.197059148374159],[-80.296939797021153,38.19734880638773],[-80.297856190405838,38.19789081335913],[-80.298366525714158,38.198239621888604],[-80.298786563617895,38.198552123972682],[-80.299087001928427,38.198732757142423],[-80.299387897526515,38.19886570568076],[-80.299422491292688,38.198872292017512],[-80.299840325390349,38.198951862535772],[-80.299888467296299,38.198959064870152],[-80.300504149201203,38.199051200796447],[-80.301696970167811,38.199129836012034],[-80.302361599138322,38.199145713422041],[-80.303782516934291,38.199070687670961],[-80.304432717956573,38.199014927977245],[-80.305249096592078,38.198960149072313],[-80.305989484215687,38.19895260371257],[-80.306336962543682,38.19895465634908],[-80.306895495505159,38.199005646143391],[-80.307528664461401,38.199152457557915],[-80.307950551726904,38.199274170714354],[-80.308310992768256,38.19950282694424],[-80.308790386616195,38.199934867660964],[-80.309149141380061,38.200342352372104],[-80.309447922646868,38.200701793022816],[-80.309717619020844,38.2009418336824],[-80.31022702152282,38.201397891833089],[-80.310541369043875,38.201709728224102],[-80.311231407982348,38.202238376173391],[-80.312133198033678,38.202744420338867],[-80.312674637278548,38.203009889350405],[-80.313411930530194,38.203336118691141],[-80.313863735335573,38.203493755044761],[-80.314306159773906,38.203600098288149],[-80.31453171664414,38.203655577502502],[-80.314889214588163,38.20350142475143],[-80.315180756211333,38.203227219076169],[-80.315439163743122,38.203061811339779],[-80.315912883033789,38.2024922811799],[-80.316219513680053,38.202017159097167],[-80.316756218207104,38.201173770755283],[-80.316948543252238,38.200851212638639],[-80.317651233594844,38.199672673793664],[-80.317769263809993,38.199474708395392],[-80.318122971075368,38.198809089992523],[-80.318460453138741,38.198262607265036],[-80.318629525035163,38.197953595689199],[-80.318766604855242,38.197835165537718],[-80.319024652047517,38.197705514357637],[-80.319980527977663,38.197269909960283],[-80.320252789186412,38.197235721603597],[-80.320721672501008,38.197178821646169],[-80.320993938817693,38.197144625288416],[-80.321236539413121,38.197050647570649],[-80.321677194066666,38.196778970785658],[-80.323060126987997,38.195904669964555],[-80.323730794223039,38.195264705343227],[-80.324552077617966,38.194673299065045],[-80.325099775566031,38.194259149608165],[-80.325419874814216,38.193951000466974],[-80.325709429909082,38.193678438233363],[-80.326061391749874,38.193191626229151],[-80.326290623864807,38.192906796362749],[-80.326489419878143,38.192645636595017],[-80.326779519109451,38.192313461858461],[-80.327069501389929,38.191993211891102],[-80.327359482295336,38.191672957568251],[-80.327604250114305,38.191340521904458],[-80.328005227800034,38.190448611274462],[-80.328250757317804,38.19003272134271],[-80.328802445349552,38.189177439449281],[-80.329292388291989,38.188464870454446],[-80.329643973040405,38.188013811818834],[-80.329964790104071,38.187622194864517],[-80.330315270465704,38.187290356434751],[-80.330635213634764,38.18699411242337],[-80.330909615406469,38.186721450490246],[-80.33144222159396,38.18629526465886],[-80.332035455188588,38.185845579688497],[-80.332460795505469,38.185585693399069],[-80.332976536826877,38.185350169729048],[-80.33393151622144,38.184985986759706],[-80.334552874779774,38.18476297418129],[-80.335128376314699,38.184599317042142],[-80.335884805209744,38.184472446522705],[-80.337048418217464,38.18441941001268],[-80.337849292317458,38.184388162157767],[-80.34043102807783,38.184533841399052],[-80.342408574164779,38.184676079941745],[-80.342861617057991,38.184690541600851],[-80.343315292078913,38.184633464921205],[-80.3436335445993,38.184540114994604],[-80.344664111703352,38.183815858915253],[-80.346599770561184,38.182207621008416],[-80.348012020934547,38.181368952163574],[-80.349711845589965,38.180460326055048],[-80.350394809517368,38.180094496216277],[-80.350683897091542,38.1798576410024],[-80.350700692491841,38.179666969292413],[-80.350566876551611,38.17942777241214],[-80.350163416290513,38.17893670574918],[-80.35010799521676,38.178877513244252],[-80.349669655773454,38.178409368844854],[-80.348997316523935,38.177582972625125],[-80.34832732496298,38.176494280619252],[-80.348131781158983,38.176071952383516],[-80.347867948087028,38.175502139093979],[-80.347620019028483,38.174511167844599],[-80.347473667893013,38.173985754612112],[-80.347355292883677,38.173710872733821],[-80.347103762380357,38.173125253119835],[-80.346761302626405,38.17257490133737],[-80.346493075978287,38.172168034122699],[-80.346407759142338,38.171934691733895],[-80.346375135722766,38.171845461288612],[-80.34630075182055,38.171380024064845],[-80.346260709760642,38.171129454726113],[-80.346162451536074,38.170294314359062],[-80.346168521322653,38.169614746267655],[-80.346144068626046,38.168970776066388],[-80.346087708370419,38.168517396635018],[-80.346016942836911,38.168237433884386],[-80.346000186507027,38.168171146450241],[-80.34597899477761,38.168022881832677],[-80.345957547320324,38.167872839419488],[-80.34588544979151,38.167490908002776],[-80.345828030050114,38.167156751546813],[-80.345831012322805,38.166822929723956],[-80.345847926851107,38.16662033544398],[-80.346017017021637,38.166287437831329],[-80.346642970956012,38.165527862924776],[-80.346948606598559,38.16512418670186],[-80.347209149951098,38.16469641190924],[-80.348174934528615,38.163080274600105],[-80.348514037129831,38.162307172232374],[-80.348761579955934,38.161640866753878],[-80.349021991798679,38.161225008631206],[-80.349419466808229,38.160678766350188],[-80.349769517242279,38.160370708708363],[-80.350210694569455,38.160003541838066],[-80.350651441085162,38.159684063323901],[-80.351380451529238,38.159211178240092],[-80.352185372098518,38.158691020263419],[-80.35247416329284,38.158477998656977],[-80.352793990838279,38.15816976606898],[-80.35309861232939,38.157873376899062],[-80.353507310135313,38.157526451661148],[-80.35378997206881,38.157215973061263],[-80.353957831740814,38.156926659096513],[-80.353515342762563,38.156616396142496],[-80.35302414916876,38.156301657986575],[-80.352436220354164,38.155938224229594],[-80.35183595831181,38.155517614315023],[-80.351454617171484,38.155166969656122],[-80.351431563017414,38.155145772871506],[-80.351089679797852,38.154535820263497],[-80.350824141500652,38.153830905465547],[-80.350759627370238,38.153694959020697],[-80.350364651194283,38.152862615009411],[-80.350082229186981,38.152360291323873],[-80.349923513605972,38.1520671799558],[-80.349829685795228,38.151893902153802],[-80.349487833074008,38.15128394301334],[-80.34881838602233,38.150159486584464],[-80.348356510743386,38.14946539980312],[-80.347759715475149,38.148663255192254],[-80.347689536508469,38.148550435023395],[-80.347164322545211,38.147706120444518],[-80.346568091918428,38.146844362072208],[-80.345986334403094,38.14605421097243],[-80.34567504835158,38.145408646088633],[-80.345644110594392,38.145276445494751],[-80.345623775875765,38.145146179470892],[-80.345688460133729,38.145058043023504],[-80.345918006516683,38.145029143939226],[-80.346306419043231,38.145041364229215],[-80.346637695012731,38.145033150343565],[-80.348280336019968,38.145102632179579],[-80.350050896398315,38.145112442894352],[-80.353024251090247,38.145234488836927],[-80.353438363641132,38.145221677613712],[-80.353878484966543,38.145148652828865],[-80.354242223655589,38.145070170272],[-80.354497160522115,38.14505145469554],[-80.354879425353033,38.14503846245757],[-80.355312602211001,38.145030784633377],[-80.355662894441039,38.145032704950694],[-80.356032687735961,38.144989463851729],[-80.356332690840091,38.144915657960155],[-80.356715839196255,38.144802068398761],[-80.357016503041265,38.144652818582578],[-80.357337904735402,38.144317567050265],[-80.357679424037926,38.143866737817291],[-80.357932613596859,38.143319857523672],[-80.357984347088532,38.143188235408012],[-80.358603626240182,38.141963250153559],[-80.358788434361529,38.141546956603612],[-80.358988019642055,38.141166516875934],[-80.359217379307267,38.140833924602077],[-80.359370940602801,38.140536691090531],[-80.359509931950313,38.140179763503632],[-80.359619249807082,38.139763060443052],[-80.359788216194801,38.139430140389734],[-80.360031305936147,38.139252620891234],[-80.360575994548469,38.139112514768108],[-80.362072733630981,38.138858348841296],[-80.3631609544356,38.138709255862416],[-80.363659619510315,38.138652343012133],[-80.364096870669272,38.138714328070087],[-80.364458331719092,38.138811667782029],[-80.364819484851537,38.138944770136476],[-80.365270695717797,38.139137975195688],[-80.365647157098735,38.139247317720631],[-80.366295130728091,38.139381966850436],[-80.366747481735331,38.139444017207964],[-80.367245738528865,38.139434780480123],[-80.367638941659621,38.139353438080768],[-80.368426173195644,38.139095371185519],[-80.368956674017781,38.138847840053963],[-80.369639457744398,38.138446129474936],[-80.370171074802201,38.138067448059317],[-80.370732163104648,38.137772382871461],[-80.371656857561078,38.137324263443602],[-80.372463175481272,38.136862092731363],[-80.372473319429929,38.136856274338669],[-80.372749117254671,38.136698187211735],[-80.373842378233249,38.135952877947908],[-80.374905124037539,38.13524316321935],[-80.376088805032808,38.134510236564736],[-80.376909083678925,38.133906523449639],[-80.377242782789381,38.133717528524514],[-80.377756903989933,38.133612946661586],[-80.378588105909415,38.133498118499219],[-80.379343030213107,38.133478264163493],[-80.379916518141172,38.133493211944561],[-80.380610858222539,38.133496875993529],[-80.381230031821204,38.133464369137286],[-80.381668472684026,38.133383219612931],[-80.382501677644981,38.133029916088041],[-80.383638362715658,38.13248743025121],[-80.384200456566944,38.13206115445076],[-80.384778834100743,38.131491883887584],[-80.385004604080123,38.131199083132167],[-80.385099307772151,38.131076260744635],[-80.385221801070543,38.130965721849748],[-80.385388295413435,38.130815472018114],[-80.386038431953907,38.130687718025953],[-80.386808613308474,38.130644052566751],[-80.387548110825449,38.130659829458629],[-80.388317598065399,38.130699607836881],[-80.389238424526042,38.130692475365763],[-80.390009399263974,38.130553408432057],[-80.390946997188991,38.130343657683206],[-80.391627800951625,38.130156421600432],[-80.391976642429796,38.129955538391464],[-80.39284152309736,38.129411554796341],[-80.393463913308693,38.128985547618214],[-80.39413009769406,38.128738604121182],[-80.394978089304189,38.128409133197771],[-80.395522433534168,38.128292705280757],[-80.396308369983046,38.128165592952449],[-80.397199754790307,38.12806286558741],[-80.39791031738649,38.127923433882181],[-80.398303524947025,38.127830064727782],[-80.398561382116853,38.12767638763647],[-80.398804539769969,38.127474942850121],[-80.399093851131539,38.127166427094444],[-80.399261730923442,38.126940748951178],[-80.39941510520498,38.126643459895412],[-80.399478308932274,38.12629801871261],[-80.399435084159578,38.126047419060789],[-80.399198284465953,38.125473906229942],[-80.399108155678462,38.125272040047939],[-80.399064892331936,38.125175151528488],[-80.398961883985422,38.12485270300327],[-80.398961927092131,38.124847445279372],[-80.398963545684794,38.124650024682204],[-80.398982252375831,38.124208969441924],[-80.399166004123288,38.123887992255597],[-80.399396298297461,38.123412252364794],[-80.399610325735409,38.12307950554608],[-80.399689301799356,38.12265067991428],[-80.399692813883988,38.122221474920295],[-80.399695973632916,38.12183598908922],[-80.399696331620163,38.121792267220044],[-80.399655931690234,38.121195913706224],[-80.399655218488434,38.121162356170814],[-80.399645041279172,38.12068317026317],[-80.399647775837551,38.120349343263868],[-80.399831607848995,38.120016437926324],[-80.40012000603565,38.119815222069221],[-80.400801662149988,38.119508703379459],[-80.401589538870596,38.119131186088516],[-80.40187841846064,38.118870354471817],[-80.402152591387335,38.118561753512076],[-80.402547395949298,38.118265687274167],[-80.403003437390538,38.117862624139669],[-80.403687584212037,38.117246107299792],[-80.403975864047837,38.117056803083798],[-80.4044138008814,38.117023254767389],[-80.405257831896165,38.117158681887204],[-80.405679320532968,38.117291969816726],[-80.406145796203916,38.117461246550832],[-80.406461743358633,38.117582072672491],[-80.406688112542241,38.117583214271569],[-80.406914961572582,38.117524747597301],[-80.407096828878309,38.117430284266248],[-80.407294941932506,38.117192824819583],[-80.407646273627705,38.116669982031311],[-80.407934734710224,38.116456827911001],[-80.408495699211443,38.116137729538963],[-80.409208428290199,38.115712092118642],[-80.409405856564987,38.115558086813799],[-80.409740637678993,38.115214000541691],[-80.40998438886912,38.114929077285943],[-80.410161062838228,38.114509596488659],[-80.410451795646267,38.113812503654167],[-80.410747590824599,38.113068307542996],[-80.410938592680623,38.112620809468197],[-80.411091887953177,38.112323504706417],[-80.411426165541073,38.11203903108818],[-80.411774862145009,38.11183808639359],[-80.412062527640032,38.111720294773882],[-80.412500330347058,38.111698638285176],[-80.412998012511409,38.111736896888594],[-80.413374691929008,38.111810314949835],[-80.413810778477625,38.112003260598541],[-80.414261670446749,38.112232045000916],[-80.414502256712382,38.112340550159182],[-80.415029268406101,38.112486251412534],[-80.415827623842731,38.112669064517526],[-80.417018991983511,38.11277036706116],[-80.417758128932576,38.112809802458557],[-80.418180372668601,38.112847662558138],[-80.418466326956434,38.112944464183933],[-80.418676178141865,38.113124345404266],[-80.419050221634862,38.113531573905384],[-80.419260357984157,38.113675690728172],[-80.41960649144302,38.113796629894559],[-80.420013556213803,38.113846333024796],[-80.42066197486389,38.113909145188813],[-80.421476389902381,38.11397277487395],[-80.4227881404599,38.114122302840158],[-80.423165589106375,38.114100308318633],[-80.423649234091755,38.114007296853181],[-80.423967169268977,38.113877707197503],[-80.424815409914828,38.113476480864954],[-80.425482564710762,38.113074364799573],[-80.426043801044926,38.112707496797434],[-80.426558546659649,38.112495397289557],[-80.427012463866873,38.112342610138334],[-80.427738375557482,38.112143457862082],[-80.428691280393693,38.111861945500358],[-80.429371538984782,38.111710251372202],[-80.429704261378419,38.111616484481907],[-80.429886268111034,38.111498138919359],[-80.429927479359691,38.111340378272679],[-80.42993292749253,38.111319518857584],[-80.429933856436278,38.1112002944908],[-80.429859334607983,38.111080703113757],[-80.429633909465494,38.110960376521888],[-80.429257964215239,38.110791631729086],[-80.429138171649129,38.110671819070191],[-80.429034585051795,38.110409011462501],[-80.428977846760915,38.109943739354719],[-80.428804473643524,38.108953290678549],[-80.428571032031499,38.107926779260097],[-80.428553364420679,38.107793701216551],[-80.42848551270454,38.107282521987756],[-80.428490341716952,38.106662550594031],[-80.428580164232116,38.106015421075959],[-80.428586263149384,38.105971486229748],[-80.428892589822112,38.105388748955484],[-80.428961173735175,38.105300934261351],[-80.42910596316365,38.105115555864842],[-80.429213535039196,38.104865695874537],[-80.429209475504891,38.104812645831892],[-80.429199834684027,38.104686782664068],[-80.429198130138445,38.104682888136772],[-80.429110883903277,38.104483660935969],[-80.428918073181777,38.104053498275505],[-80.428386963147886,38.102500923947495],[-80.427859224314147,38.100519143670269],[-80.427854544692238,38.100506860092523],[-80.427681797522922,38.10005328159211],[-80.42751908819551,38.099635183100439],[-80.427505105883,38.099586888348576],[-80.427460320341993,38.099432207030489],[-80.427374355643281,38.098847563625547],[-80.427205772566523,38.097249058507657],[-80.427177930121047,38.096950848568191],[-80.427060769681432,38.096497201907923],[-80.426840892250524,38.095673444696075],[-80.426753632721841,38.095255712870909],[-80.426725506542212,38.094993268030571],[-80.426729604393486,38.094468674535165],[-80.426733795251991,38.093932160418603],[-80.426840519135581,38.093789607951912],[-80.42703887393688,38.093504421011986],[-80.427342924610144,38.093207827820052],[-80.427631609055354,38.092946929275854],[-80.428268107868803,38.092580412751488],[-80.428859436786169,38.092201753975665],[-80.429345062225181,38.09183449814595],[-80.429602542423723,38.091704597030251],[-80.429813837323564,38.091693698721215],[-80.430220324273989,38.091802975892435],[-80.430506312497329,38.091887827484122],[-80.430897532068258,38.092020872194865],[-80.431243860614927,38.092106009697531],[-80.431605649678701,38.092143529617033],[-80.431997884140429,38.092145427078037],[-80.432480636951823,38.092147757718585],[-80.432721923468236,38.092160850105934],[-80.432857418307265,38.092197269928768],[-80.433037443085254,38.092329290751607],[-80.433292153439851,38.092557056897611],[-80.433516145917267,38.092856210525603],[-80.433709139047892,38.093262526161347],[-80.434095589089935,38.094015536369731],[-80.43425933380864,38.094302476439672],[-80.434289292547973,38.094331243041673],[-80.434387555203443,38.094425595413753],[-80.434483978578342,38.094518172372197],[-80.434723981950782,38.094698173256106],[-80.43509959064049,38.094902671289404],[-80.435565713172437,38.095107601124049],[-80.436152809474393,38.095277340250767],[-80.438214119020145,38.096014517612424],[-80.438695619928865,38.096183742768716],[-80.438996723082923,38.096268639604858],[-80.439283192277031,38.096293856187657],[-80.440053261343976,38.096214066625443],[-80.441064264612962,38.096195036056706],[-80.441475277369889,38.096182228545942],[-80.442060271493972,38.096163996440765],[-80.442253103081896,38.096157604415616],[-80.446149988029234,38.096028344198999],[-80.447402554830845,38.09598654811824],[-80.448172971094678,38.095859016484887],[-80.448259339858495,38.095834973427856],[-80.448762612021824,38.095694865187596],[-80.449941974353763,38.095354621302491],[-80.450199521566375,38.095212748925562],[-80.450457513006612,38.095011267460237],[-80.450732018334605,38.094619090847246],[-80.450931178454283,38.094214641389669],[-80.450977826140146,38.094022798751737],[-80.451055703426405,38.093702530131523],[-80.451091494672411,38.092951548252415],[-80.451023460712747,38.091961619840312],[-80.450998315619628,38.09126584312444],[-80.450985965511578,38.090924140711806],[-80.450916332573613,38.090148816644707],[-80.450860540947488,38.089540484250413],[-80.450879624059439,38.089425356445652],[-80.450907936290818,38.089254551871804],[-80.451092172527055,38.088826184487026],[-80.451609705992851,38.088208601522815],[-80.451898104683195,38.087971490800513],[-80.452459550562367,38.087532953414708],[-80.452884600847511,38.087177241967979],[-80.453082749078945,38.086903938589984],[-80.453191099097182,38.086534825182376],[-80.453209201993857,38.086129528606811],[-80.453225886186317,38.085914989355672],[-80.453423853325688,38.085665526603371],[-80.4549734699971,38.084194266170357],[-80.455384116606865,38.083743096568014],[-80.455611972332093,38.083529538905623],[-80.456006018669441,38.083280979791709],[-80.456626681008146,38.08298577497834],[-80.456838916477892,38.082843678973724],[-80.457248216357542,38.082571335897605],[-80.457535786405089,38.082441513888462],[-80.458110387576355,38.082253395263528],[-80.458458022941699,38.08215961293169],[-80.459107692903928,38.082019527685382],[-80.459470236416962,38.081949659407393],[-80.459803224632211,38.081796188653492],[-80.460516113512881,38.081262928681475],[-80.46180444787133,38.080422296311447],[-80.461921021344452,38.08028232060758],[-80.462002281345676,38.080184743714],[-80.462079884366659,38.0798870225372],[-80.462021471523897,38.079624445571845],[-80.461903424985337,38.079266214328484],[-80.461874916330402,38.079039546419388],[-80.46187709949848,38.0787414826627],[-80.461954615213116,38.078455683972209],[-80.462152007371799,38.078277739798594],[-80.462727699436471,38.077934603180658],[-80.463409320596483,38.07754425767375],[-80.463803307368437,38.07729566901569],[-80.464044781357472,38.077095198126962],[-80.464288925704452,38.076892501954674],[-80.464577761683529,38.076583816889794],[-80.465413311140679,38.075764928767292],[-80.46556959474951,38.075647895061984],[-80.465777291201377,38.075492354709077],[-80.466246936704081,38.075208337441737],[-80.466655151225851,38.074900333436226],[-80.466686755648752,38.07487648687286],[-80.466711533981595,38.074847470291388],[-80.466744545674388,38.074808810530307],[-80.466869301741511,38.07466270127594],[-80.467036939850459,38.074424998398072],[-80.467159505497122,38.074163247856994],[-80.46733529598356,38.07397690336191],[-80.467372301518665,38.073937672087375],[-80.467736351654608,38.073653168355165],[-80.468310860514634,38.073465001584985],[-80.468567948065527,38.073370778487664],[-80.468796785604056,38.073253972019607],[-80.468961553616282,38.073169863896304],[-80.469131130083966,38.072989241389557],[-80.469463143324177,38.072635593537278],[-80.469646365619795,38.072326420696548],[-80.46969325013454,38.072100092736605],[-80.469770125685002,38.071897747647228],[-80.469922320994669,38.07170766691975],[-80.470392438723607,38.071352089423726],[-80.471257856023087,38.070557144452451],[-80.471637213057619,38.070236925838053],[-80.471986062389149,38.069964265031786],[-80.47227372740457,38.069810553877339],[-80.472691411427874,38.069664881611708],[-80.472827657596596,38.069593958084553],[-80.473033528622366,38.06946695861857],[-80.47304353464321,38.069460790124097],[-80.473237117871847,38.069317041879032],[-80.473270975177584,38.069291903974801],[-80.473390448481709,38.069242977626075],[-80.473393943457793,38.069242239823282],[-80.473460541940625,38.069228201690308],[-80.473516948422116,38.069234675838338],[-80.473586851333337,38.069247757234287],[-80.473687494248097,38.069409172095334],[-80.473685828447401,38.069641661683868],[-80.473706978529378,38.069847429830546],[-80.473784300971559,38.070107101175992],[-80.473851205860967,38.070241537619488],[-80.474098195444839,38.070501970856],[-80.47433438504406,38.070690813356428],[-80.474593457986273,38.070843993482939],[-80.474886659338608,38.070970497419118],[-80.475225234279009,38.071079316619212],[-80.475586751306722,38.071143524308411],[-80.475851488402796,38.071145645252244],[-80.476996870780724,38.071080322379153],[-80.477152913219982,38.071061882678798],[-80.478099329511153,38.070950028872439],[-80.478676842018061,38.070863169662282],[-80.47902831925488,38.07074847690415],[-80.479245086539919,38.070640767791289],[-80.479402921831692,38.070562347203641],[-80.47968735160903,38.070331106931498],[-80.479925585706155,38.070233796703526],[-80.480231366299591,38.070181495834987],[-80.480639331286881,38.070075995832561],[-80.480956866674987,38.06996114458078],[-80.48129790655257,38.069721204339956],[-80.481525454155417,38.069534424143967],[-80.482357277737066,38.068670685342944],[-80.48300616068903,38.068083348771026],[-80.483665458578955,38.067621247100476],[-80.484176838952564,38.067283687243155],[-80.484449112061498,38.067168631410148],[-80.484924852429742,38.067072349777717],[-80.485310111472899,38.066975672738849],[-80.485616372291716,38.066851819701839],[-80.485900522424373,38.066656333472942],[-80.486162669236037,38.066371324443004],[-80.486413941981937,38.066023674918888],[-80.486574411158387,38.065720333974149],[-80.486813994315156,38.06542628515713],[-80.487087133879385,38.065186034045361],[-80.487530177219156,38.06491075353162],[-80.488108876495374,38.064645004608536],[-80.488596220964681,38.064504050983359],[-80.489627202459658,38.064258146342766],[-80.490951629584359,38.064102929830831],[-80.491958551390084,38.064062576070576],[-80.492467767790501,38.06402900357606],[-80.492953985768253,38.064048987772345],[-80.493485387550038,38.06407810439034],[-80.494117960025605,38.064197079153921],[-80.494546952921624,38.064315177047007],[-80.495246352351074,38.064586450583363],[-80.495268562606242,38.064595895751211],[-80.49615985920893,38.064974890260167],[-80.496441518105541,38.065137059872768],[-80.496686931285197,38.065267932872317],[-80.496881036013875,38.06537143944761],[-80.497141050186244,38.065468733134537],[-80.497175358125375,38.065481568909334],[-80.497219489281704,38.06549808332479],[-80.497615240046173,38.065517659444914],[-80.49829429701272,38.065457963901991],[-80.499800427015899,38.065196113250067],[-80.500355308203851,38.065100110306723],[-80.500525271231609,38.065056117883373],[-80.50068404271326,38.064994196440132],[-80.501115175201548,38.064799294832106],[-80.50150100490734,38.064613141923274],[-80.501865060456524,38.064301704290735],[-80.502081653051562,38.064052237862676],[-80.502253189976557,38.063775754773978],[-80.50235655494366,38.063543689508826],[-80.502403553816933,38.06328456187687],[-80.50234875749608,38.063025002371269],[-80.502271403915998,38.062756404891275],[-80.502202139857772,38.06266633675672],[-80.502002322912148,38.062406513398024],[-80.501340310640231,38.061625727665806],[-80.500869065790894,38.061101107659432],[-80.500776422813544,38.060997969180285],[-80.500767815377003,38.060988389951284],[-80.500487137493536,38.060683160493312],[-80.50030782405193,38.060440951075854],[-80.500207492499896,38.060225912619906],[-80.500164715347765,38.060110922133944],[-80.500140851122708,38.060046781639421],[-80.500164441707369,38.059903804950267],[-80.500393311730335,38.059511313914278],[-80.500530363517441,38.059315166575118],[-80.500907349550999,38.058762340971754],[-80.501159069365443,38.058334178355594],[-80.501387563916353,38.057995340935982],[-80.5016613548474,38.057647749055249],[-80.501866741219899,38.057380349420562],[-80.502254046289778,38.056970643688437],[-80.502983881199299,38.056079500407975],[-80.503383145855977,38.055571472828674],[-80.503804962722924,38.055072481467626],[-80.50415752777063,38.054778873344461],[-80.504434963384043,38.054503339722991],[-80.504463084112302,38.0544754142458],[-80.504874806280426,38.054066510024647],[-80.505649579479183,38.053211304106661],[-80.505901016501937,38.05281890117368],[-80.50602799661668,38.052434912679367],[-80.506143666779934,38.05205087650495],[-80.506237676281799,38.051523675571907],[-80.506252765595505,38.050960368787656],[-80.506346599529977,38.05045999154909],[-80.506509834710215,38.04972740384045],[-80.506751090317024,38.049165048735361],[-80.507152984194917,38.048254617591923],[-80.507655320334777,38.047541330437475],[-80.50821544526238,38.046640497685324],[-80.508509939814388,38.046052216235474],[-80.508719676627294,38.045641061572745],[-80.509118603236701,38.04516878625283],[-80.509595956768621,38.044804141628518],[-80.509849292991078,38.044628574369803],[-80.509993564369438,38.044528584483437],[-80.510323682996798,38.04419909106312],[-80.510530128689027,38.043761777801492],[-80.510646774618536,38.04302581869414],[-80.510707174915851,38.042644721530266],[-80.510834350918145,38.042224959862736],[-80.511075361940129,38.041689421366982],[-80.511486568695915,38.041065165083474],[-80.511817675340282,38.040583650425781],[-80.51213112856486,38.04013478685583],[-80.512228628823777,38.039995164690211],[-80.512513730642226,38.03962970636033],[-80.512718075202571,38.039505359958632],[-80.512820899455591,38.039344823607252],[-80.512844579085765,38.039183958333666],[-80.51283487306263,38.038942474361718],[-80.512915146869986,38.03877290650825],[-80.513119490665403,38.038648555774394],[-80.513750580994824,38.038279845452912],[-80.514016186050583,38.038124665087658],[-80.514179175626211,38.038096267157627],[-80.514317011001779,38.038072248036535],[-80.514367095600718,38.038063519679334],[-80.514933003117477,38.037976429482157],[-80.515780918107737,38.037988870905487],[-80.516244068856508,38.038053373913222],[-80.516868471939503,38.038104445507983],[-80.517088320276343,38.038108139107706],[-80.517316667347117,38.038122971815554],[-80.517583621063153,38.037609838853548],[-80.517809422588428,38.037039756033558],[-80.518005050559992,38.03676396364537],[-80.518461687067003,38.036095157918737],[-80.518965526905802,38.035122501318007],[-80.518972920369706,38.035021410102935],[-80.518977944142321,38.034952645203539],[-80.518979290411536,38.034746975711144],[-80.51893541063852,38.03454112387103],[-80.518789315671071,38.034406388945357],[-80.518699981337448,38.034236117231956],[-80.518667703383741,38.033985598614102],[-80.518782924287663,38.033655201540647],[-80.518942840749062,38.033405470367875],[-80.519101645275342,38.033325639584831],[-80.519837621163319,38.033158740651153],[-80.521264278706767,38.032833692379207],[-80.521841270492089,38.032773443981505],[-80.522429567031224,38.032713236866279],[-80.522565461796702,38.032694459990836],[-80.522995363880412,38.032635054178364],[-80.523255911985103,38.032555627796725],[-80.523414712338038,38.032475789339664],[-80.523551191852889,38.032351152347196],[-80.523710912188591,38.032128240313781],[-80.524051811715751,38.031861349248736],[-80.524574864703652,38.03139846120343],[-80.524915646789296,38.031149447556714],[-80.525108985596276,38.030971380886356],[-80.525211484458538,38.030855547141805],[-80.525348821161955,38.030596773401982],[-80.525429576147886,38.030346710892609],[-80.525532472838876,38.030168277501303],[-80.525714624432879,38.02997228419666],[-80.525919271409364,38.029794258155668],[-80.526395754323531,38.029536850136402],[-80.527030101101332,38.029342672675519],[-80.527403684606298,38.029263690767706],[-80.527629841317392,38.029255658913684],[-80.527890257727634,38.029194108407737],[-80.528037796944815,38.02910527502808],[-80.528231247743349,38.0289093231208],[-80.528424463721606,38.028749129957966],[-80.528719535263775,38.028571468831771],[-80.529184294946504,38.02837659709683],[-80.529785115358678,38.028119673049758],[-80.530941625617032,38.027587749774334],[-80.531723989525332,38.027224229131804],[-80.532154874145903,38.027020269063804],[-80.532676027537448,38.026843494579651],[-80.533469337248022,38.026533660660725],[-80.534490261582903,38.025983278267738],[-80.535250487969662,38.025539166628462],[-80.535772861429052,38.025165648381027],[-80.536455296022496,38.024506605515612],[-80.537410647897588,38.023589299440452],[-80.538002563578218,38.022938831881483],[-80.538333861160183,38.022385702099925],[-80.538437557837014,38.022073128188381],[-80.538428724165257,38.021679627318214],[-80.538353802715363,38.021008650481015],[-80.538264358083495,38.019049915609756],[-80.538327606728529,38.017977074713698],[-80.538383478549079,38.016278236595397],[-80.538383057271218,38.016145425868878],[-80.538381008619339,38.015497774822052],[-80.538379691017028,38.015079940503277],[-80.538281328946155,38.014543004859298],[-80.538237294350807,38.014355043816202],[-80.538227789020866,38.014068850772595],[-80.53822952814869,38.013791644378827],[-80.538253310629173,38.013603945105238],[-80.538266184065733,38.013353607230492],[-80.538313303073934,38.013049752355748],[-80.538393655447422,38.012853336214924],[-80.538678794769609,38.012443099745589],[-80.538861481148913,38.012148720670169],[-80.53902178969841,38.011818477218725],[-80.53914801812823,38.011514931109616],[-80.53925125122062,38.011273891431252],[-80.539331763601794,38.011050644064632],[-80.539355488624508,38.010871888561518],[-80.539348047440001,38.01025483323582],[-80.539339149146997,38.009870274799574],[-80.539262387964072,38.00949439118299],[-80.539085192135531,38.008912441444878],[-80.538885568947435,38.008303570494334],[-80.538674082235417,38.00778408228684],[-80.538393951385444,38.007398457487149],[-80.538090772264482,38.007084285221389],[-80.537989703506554,38.00701800269227],[-80.537657240740117,38.006799964834073],[-80.537651804627117,38.006796402325385],[-80.537266872140478,38.006576555481374],[-80.537099994824459,38.006481244303373],[-80.536728169092896,38.006300932441505],[-80.536197900933459,38.006155765598017],[-80.535972657951376,38.006029683579563],[-80.535612817967191,38.00574210345362],[-80.535398770483596,38.005633947777902],[-80.535037688855027,38.005543099105964],[-80.534305134108621,38.005218272473499],[-80.533166477006461,38.004775577127091],[-80.532806141183244,38.004568471810344],[-80.532649060882065,38.004388998169063],[-80.532618167006476,38.004281801284336],[-80.532571656959448,38.004120417630162],[-80.532569438507778,38.00407478140842],[-80.532541669228777,38.003503269894168],[-80.532556885157447,38.002886305376272],[-80.532611571114316,38.00264077009502],[-80.532708112291189,38.002207281842068],[-80.533005565264915,38.001636149966977],[-80.53311050629479,38.001126847224981],[-80.533169215626216,38.000778323595817],[-80.533159731223449,38.000492126918182],[-80.533127814441798,38.000179016299114],[-80.533241215697657,38.00011687054522],[-80.533659846701681,38.000038051256823],[-80.533841276490762,37.999940401843197],[-80.534148426904792,37.999619691527947],[-80.534376813474964,37.999245013400682],[-80.534605419178689,37.99883456825463],[-80.534901600056912,37.998460155501228],[-80.535230778339155,37.998228951060668],[-80.536037491740956,37.997534627933412],[-80.536366882916468,37.997267655474936],[-80.536605088128113,37.99712551647486],[-80.536865213472922,37.997090770996138],[-80.537272241272788,37.997056600316498],[-80.537735657422544,37.997040541252694],[-80.538108952196552,37.996979411086777],[-80.538301335819952,37.996935453827383],[-80.538494221249962,37.996811016322532],[-80.538574216553158,37.996668252371798],[-80.538643024622743,37.996507554001873],[-80.538711832360619,37.996346860091627],[-80.538758264790928,37.996150308248019],[-80.538771075676038,37.995908917263137],[-80.538761009943556,37.995712141116087],[-80.538739361984682,37.995560034016869],[-80.53869673927133,37.995306213201573],[-80.538695786282403,37.995300532278307],[-80.538640573751607,37.995094640982593],[-80.538495136307191,37.994861568035162],[-80.538394279247598,37.994727035080885],[-80.538270596386539,37.994628182574552],[-80.537719042910609,37.994286201328933],[-80.537448975828255,37.9941062914545],[-80.537269247151897,37.993935677156315],[-80.536932674999278,37.993549826948161],[-80.536529045836502,37.993047463937216],[-80.53652887260246,37.993046397937007],[-80.536507289553157,37.992913239220151],[-80.536564178952602,37.992850865628263],[-80.536700336114436,37.992761977571796],[-80.53701756308071,37.992629091385162],[-80.537640489626526,37.992399035862888],[-80.538184376682352,37.992159730462859],[-80.538728589403561,37.9918667631528],[-80.53974926974935,37.991271621387234],[-80.540327481444052,37.990960893655974],[-80.540531147299475,37.990916975853672],[-80.540711987957181,37.990908738738852],[-80.540926668351915,37.990909579582848],[-80.541276778650527,37.990937772346498],[-80.541480163305877,37.990938565419818],[-80.541706423552,37.990894733662486],[-80.541910309698764,37.990815047758204],[-80.54214848221099,37.990672894463643],[-80.542420992378354,37.990459336626927],[-80.542694003984849,37.990165298095633],[-80.542988941375498,37.989978653749844],[-80.543442568026336,37.989712142750413],[-80.543986301356711,37.989490688498982],[-80.544303111744043,37.989420379629514],[-80.545242246065698,37.989209394294122],[-80.545875925751631,37.989059822087931],[-80.546272157016602,37.988936156532937],[-80.546600373084758,37.988847997656592],[-80.547211555602303,37.988680445505651],[-80.547766514138502,37.988467960354704],[-80.548819767705069,37.988069595155281],[-80.549057586258328,37.987981083492407],[-80.549238912435968,37.98789235305324],[-80.549454352171082,37.987767988218664],[-80.549726558400309,37.987599120353018],[-80.549908324423839,37.987438852851177],[-80.550045432917301,37.987188988715978],[-80.550114646050048,37.986956749834206],[-80.550149632941626,37.986778034414655],[-80.550196630277327,37.986483112628846],[-80.550244278837411,37.98608088626596],[-80.550279376437189,37.985884283391876],[-80.550349186723025,37.985553681208955],[-80.550429529787579,37.985348309579052],[-80.550577772992852,37.985125317647928],[-80.550770769195154,37.984974031487134],[-80.551031718169625,37.984796178542041],[-80.551338242606946,37.984555900974399],[-80.551519555313732,37.984467168691133],[-80.551700817733106,37.984387378490574],[-80.551916243082587,37.98426300357437],[-80.551984630765844,37.984164898662613],[-80.551963013011303,37.984003850297057],[-80.551862743012691,37.98377096362988],[-80.551773827332383,37.983529177580969],[-80.551775242757088,37.983296680078539],[-80.551845260192209,37.982930305592994],[-80.551892191475417,37.982644326123129],[-80.551916308941344,37.982394027246478],[-80.551928910759102,37.982179460133445],[-80.551885245044161,37.981928901209265],[-80.551852491081945,37.98174098626226],[-80.551832123981058,37.981374268184346],[-80.55184478253895,37.981150752389411],[-80.551857873760113,37.980855702246593],[-80.551961677227354,37.980507341375521],[-80.552109847047163,37.980293285972898],[-80.552508899809681,37.979695660281358],[-80.552667988528881,37.979544241822069],[-80.552635233567543,37.979356327011011],[-80.552523186025667,37.979203877217081],[-80.552445677318858,37.97894425066324],[-80.552368875217624,37.978568377896437],[-80.552303267160951,37.978210427387175],[-80.552192090236332,37.977914902214245],[-80.552117034420348,37.977798971459535],[-80.552035394533874,37.977672857178881],[-80.551755195244866,37.977305150827881],[-80.551654662808374,37.977116976480737],[-80.5516220237037,37.97691117121807],[-80.55170235353286,37.976705803743258],[-80.551952902411799,37.976375886030389],[-80.552101554035886,37.976081351887025],[-80.552216207184983,37.975804572357625],[-80.552307557237796,37.975643953815187],[-80.552500961473967,37.975421131804133],[-80.55277387793663,37.975127064920315],[-80.552989975876528,37.974886436906154],[-80.5531835940224,37.974627844261157],[-80.554105657506099,37.973468820350178],[-80.554332779286128,37.973272944434576],[-80.554684694218153,37.972988118422748],[-80.554912028929806,37.972756476378649],[-80.555138927095513,37.972596366524193],[-80.555298154533318,37.97241811887536],[-80.555366743486474,37.972284241319187],[-80.555481914164673,37.971918038183212],[-80.555596172956612,37.971703847156959],[-80.555676717714036,37.971474376222005],[-80.55569961980504,37.97140913738874],[-80.555792087192245,37.97106072788339],[-80.555850995174353,37.970658539714094],[-80.555909199930696,37.970372599652386],[-80.555955192441374,37.970238638194729],[-80.55608246298749,37.969738336801072],[-80.556243080257133,37.969327590431028],[-80.556472604417905,37.968729310324925],[-80.556758116537495,37.968211724811923],[-80.557010218739734,37.967613524988352],[-80.557204125765324,37.967301265503124],[-80.557386733223041,37.966988964966411],[-80.557557292252369,37.966801817702098],[-80.557705098360458,37.966641408788682],[-80.557886736869719,37.966490066719381],[-80.558034490306383,37.966338599767809],[-80.558205049611459,37.966151448833209],[-80.558386577604011,37.966017994336326],[-80.558488982064432,37.965893179802912],[-80.558557720799456,37.965732474814288],[-80.558569978759877,37.965571556955275],[-80.558515321047366,37.965267304788867],[-80.558438506085494,37.964891432321096],[-80.558410538137636,37.96462321373577],[-80.558407562253237,37.964399481933285],[-80.558487702059935,37.964220930955037],[-80.558726558059902,37.963944611392357],[-80.558863113081571,37.963775214330568],[-80.558977346942456,37.963561021378908],[-80.559057907664496,37.963310933540562],[-80.559071399591687,37.962944346004718],[-80.559050947386567,37.962586565699795],[-80.559008065972961,37.962201877124329],[-80.558954641162856,37.961691958092679],[-80.558942289672359,37.961653890895747],[-80.55885782956139,37.961393537816335],[-80.558832647321324,37.96131591627509],[-80.55874298715797,37.961184290089228],[-80.558362394433431,37.960625576672918],[-80.558216853027247,37.960410409760726],[-80.557857306161523,37.960096073630368],[-80.557240126174136,37.959484205841314],[-80.557137982356394,37.959396724355685],[-80.557303661107014,37.959189307728373],[-80.557470380641917,37.959011083941391],[-80.557759580684291,37.958499470039172],[-80.558018941845276,37.957940048818656],[-80.558051058451952,37.957606312761818],[-80.558008595734606,37.957153067565351],[-80.558117508539809,37.956569234340563],[-80.558226702965086,37.95593770663497],[-80.558380355835595,37.95542557643666],[-80.558593597445693,37.955020987113663],[-80.558805839458799,37.954783311702812],[-80.559093013307745,37.954605540699788],[-80.559289768304197,37.954439352591756],[-80.559593210011329,37.954058940152052],[-80.559866528518839,37.953678416915132],[-80.560245966639798,37.953179055261039],[-80.56042779629982,37.952988962155381],[-80.560715523893904,37.952715796567013],[-80.56088208415629,37.952561418858636],[-80.561093320773594,37.952490664407875],[-80.561274011968919,37.952491338339243],[-80.561664875163387,37.952600105596339],[-80.562085431069107,37.952780522936287],[-80.562520973658806,37.952972917675261],[-80.562730936570887,37.953116777219932],[-80.562926334886441,37.95317711915412],[-80.563091689943619,37.953225428729283],[-80.563347815873712,37.953202529629976],[-80.563754940064271,37.953108654507638],[-80.564071932325874,37.952978673619583],[-80.56452500485284,37.952753805710877],[-80.564751645602826,37.952623487618588],[-80.565053573113317,37.952493448333875],[-80.565490668091698,37.952423521624539],[-80.565972724235451,37.95238953320117],[-80.566318773043321,37.952438502891439],[-80.566649833708951,37.952475493181709],[-80.56702571509993,37.952572262483557],[-80.56752241196655,37.952609860660388],[-80.567778533316158,37.952586955492585],[-80.567989622706847,37.95254003716429],[-80.568502282962456,37.952422684888781],[-80.569301804081306,37.952175224965139],[-80.569648690043252,37.952081103460294],[-80.570085639391166,37.95203500909156],[-80.570311503114212,37.952035834194582],[-80.570537367984656,37.952036658868195],[-80.571260341697908,37.952003526118197],[-80.572013638293342,37.951934731490681],[-80.572299875392403,37.951911921509094],[-80.572420748177151,37.951840820856859],[-80.572497073864753,37.951662248683476],[-80.572573532795687,37.951459829671983],[-80.572593774466384,37.950565650023869],[-80.572686398598634,37.950172516857094],[-80.572793733487174,37.949839052934124],[-80.572915637742355,37.949589104084723],[-80.573203241568621,37.949327833097485],[-80.573475511921217,37.949114202161617],[-80.573747569491687,37.94893633847645],[-80.573959676396626,37.948710558022427],[-80.574081165193618,37.948532153645928],[-80.574217917712616,37.948318023990836],[-80.574475878947155,37.947973177503265],[-80.574733491824745,37.947687952330909],[-80.574929918498128,37.947569424815406],[-80.575322287228445,37.947415839297051],[-80.57582039005375,37.947203018638518],[-80.576031801597523,37.94709647008623],[-80.576334509503411,37.946823322516359],[-80.576486170603658,37.946633092011751],[-80.576593483039204,37.946299626091438],[-80.576686076912935,37.945906487517355],[-80.576762865911249,37.945644449851649],[-80.576870108409864,37.94532290205543],[-80.577006500479953,37.945168391810199],[-80.577278401789201,37.945014363817776],[-80.577624898206921,37.944979839475792],[-80.578091847996475,37.944945744291914],[-80.578453333891332,37.944923193553009],[-80.578769786605321,37.944876632292498],[-80.579010955614876,37.944829803544351],[-80.579508220810396,37.944760036194552],[-80.579990491254634,37.944678299930224],[-80.58021640173142,37.944667180230311],[-80.580547974832655,37.944608748530037],[-80.580789420802233,37.944514221614398],[-80.581015870004066,37.944407715796352],[-80.581256901921478,37.944384726543504],[-80.581467890666701,37.94434971033921],[-80.581663887545275,37.944302712747728],[-80.58190532768738,37.944208183510852],[-80.582086475183743,37.944125366448979],[-80.582222450287176,37.944042383315463],[-80.582479214539347,37.943900211792581],[-80.582750489642834,37.943853481283924],[-80.583172395211264,37.943795359761182],[-80.583609286314882,37.943749216563603],[-80.584046181474804,37.943703065447394],[-80.584483606360067,37.943561532559634],[-80.584776767974446,37.943443440890498],[-80.584951974607378,37.943372863222912],[-80.585011774103066,37.943348771685109],[-80.58525354422305,37.943194621590195],[-80.585540540348987,37.943028706200096],[-80.585797158580206,37.942910377790987],[-80.586008410880808,37.942827657923466],[-80.586249501884907,37.942792735423801],[-80.586611243288843,37.942722464954983],[-80.586867656237402,37.942639901292203],[-80.586928412342914,37.942544728952051],[-80.586883848782492,37.94243726184088],[-80.586884853726829,37.942430347944807],[-80.586899503857424,37.942330007046607],[-80.587142731974367,37.941913542181581],[-80.587294818477559,37.941639835634454],[-80.58730995324899,37.941492590366082],[-80.587310740614328,37.94148488977428],[-80.587296818857283,37.941282142796076],[-80.58723853287087,37.940936161680504],[-80.587240601316481,37.940566542224445],[-80.587272242953276,37.940292414870392],[-80.587273577686744,37.940053953531333],[-80.587184114616463,37.93989863344337],[-80.586944896319721,37.939599710040305],[-80.586885678864007,37.939420653967858],[-80.586887144884159,37.939158343932242],[-80.586874496170594,37.938729057537714],[-80.586906073857023,37.938466853187727],[-80.587000338487115,37.93776370268278],[-80.587025037096794,37.937666245945081],[-80.587137896962361,37.937220829602602],[-80.587154285339892,37.937156150767784],[-80.587216239032912,37.93684636356668],[-80.587324356216001,37.936357880933059],[-80.587446789624209,37.936000606468795],[-80.587614387588005,37.935643492847788],[-80.587797435188733,37.935214892856315],[-80.587963898190253,37.935060472179018],[-80.588265713215037,37.934930370479655],[-80.588763434623942,37.934765183146887],[-80.58895980207771,37.934646638820944],[-80.589185946075091,37.934587808829633],[-80.589381914432266,37.934540801738592],[-80.589789036853361,37.934422984053946],[-80.590241721189685,37.934233786980315],[-80.590905817180641,37.933926091079663],[-80.591237529598942,37.933831852617786],[-80.591569048912646,37.933773390335176],[-80.591795252985094,37.933702633193683],[-80.591976629532056,37.933572106761638],[-80.591983632993134,37.933564606137047],[-80.592011191072174,37.933535118495975],[-80.592143209590645,37.933393833152394],[-80.592198487462028,37.933205013335993],[-80.592219924687953,37.933131783529355],[-80.592296842463071,37.932833966665612],[-80.592464737684082,37.932417228058455],[-80.592647417790275,37.932048234178311],[-80.592920753816088,37.931619937482402],[-80.592922096820431,37.93161844688008],[-80.593166152439522,37.931348062413157],[-80.593178240420727,37.931334665896095],[-80.593204174506582,37.931313232627943],[-80.593465568767684,37.931097193357878],[-80.593903427980706,37.930860235173228],[-80.59420534990889,37.930706274691218],[-80.594628283444422,37.9304454149446],[-80.594695873170764,37.930388551613326],[-80.594840012536864,37.930267292012338],[-80.594976605274994,37.930065066343829],[-80.595093149254112,37.929940327078143],[-80.595125796036498,37.929905379923184],[-80.59514316672832,37.929886787382152],[-80.595445342310086,37.929685129808234],[-80.595807794184097,37.929471752558008],[-80.596034765043143,37.929257911878736],[-80.596216834799051,37.928996219238464],[-80.596282935188029,37.928805057749997],[-80.596323901509336,37.928686578793666],[-80.596386393706325,37.928269472610758],[-80.596434637600254,37.928064352689574],[-80.596478861066927,37.927876318334519],[-80.596631083618789,37.927566832375902],[-80.596752287246346,37.927424165278332],[-80.596964131542705,37.927222193216764],[-80.597058360005917,37.927074518638172],[-80.597115958053692,37.926984247383963],[-80.597177534726015,37.926734062898973],[-80.5971940191708,37.926471808001381],[-80.597348314145464,37.925780776224535],[-80.597334757506076,37.925506489820236],[-80.597306081625078,37.925244078516243],[-80.597217198096672,37.924981459337438],[-80.597038722883511,37.924587374931342],[-80.59690556609084,37.924206032069755],[-80.596905337607978,37.924205367031867],[-80.596855504874881,37.924125560506681],[-80.596666585904885,37.923823001490632],[-80.596382033456237,37.923559709048817],[-80.595996094952383,37.923251330257351],[-80.595962406479543,37.923224412753918],[-80.595874352400344,37.923142316870681],[-80.595692848507767,37.922973096962494],[-80.59563268331425,37.922892883976843],[-80.595244561605867,37.922375385429774],[-80.59521544723394,37.922341077489349],[-80.594960408750424,37.922040550480936],[-80.594802135487697,37.921763830384798],[-80.59479641163567,37.921753826114845],[-80.594692753932875,37.921443457422335],[-80.594679578478136,37.921341899019104],[-80.59464943038607,37.92110945175002],[-80.594681103236326,37.920823400075527],[-80.594803279544919,37.920501888455796],[-80.594960937452768,37.920316306197037],[-80.594985074763045,37.92028789297003],[-80.595004830500031,37.920203891606384],[-80.595015895984162,37.920156839636419],[-80.594941423564222,37.920013501582055],[-80.594851968186916,37.919858190446341],[-80.594612719729838,37.919571203041862],[-80.594089012895978,37.919008996781919],[-80.593625057292812,37.918530459092572],[-80.593161043152193,37.918063842604269],[-80.592891243746081,37.917860212437553],[-80.592711097944616,37.917776125432766],[-80.592425854509955,37.917643976691259],[-80.592110648569346,37.917487885011667],[-80.591690877643316,37.917188341638798],[-80.591195657227601,37.91692430448429],[-80.590790948008006,37.916624812909262],[-80.590789272878368,37.916623250544674],[-80.590544848208737,37.916395324014267],[-80.590521430491279,37.916373484324843],[-80.590177716867771,37.915931119194305],[-80.590028537083441,37.915692130798746],[-80.58999976171404,37.915453565324952],[-80.5900016726807,37.915109280913079],[-80.590002076894223,37.915036251098215],[-80.590109672442168,37.9146312295195],[-80.590163553275062,37.914549410810466],[-80.59035252763266,37.914262448475107],[-80.590549628561433,37.914000817118229],[-80.590595707387948,37.913834048999554],[-80.59059649561199,37.91369203157997],[-80.590596698591568,37.913655201661697],[-80.590552605931308,37.913464271513419],[-80.590514141558771,37.913390706271571],[-80.590359006175987,37.913093973871561],[-80.589955777203684,37.91253216984888],[-80.589638292866184,37.912099284002728],[-80.589552480150928,37.91198228383125],[-80.589373146612346,37.911755113476872],[-80.589103251407309,37.911575317985204],[-80.588833292281748,37.911407447622381],[-80.588826406182136,37.911402770164827],[-80.588533430761018,37.911203702293086],[-80.588417681079235,37.911092658748665],[-80.588159191776697,37.910844688036597],[-80.587949564307905,37.910653181993915],[-80.587769307512033,37.910592932626791],[-80.587453272554654,37.910591824390863],[-80.587438879191666,37.91059577570163],[-80.587142573733985,37.910677092788845],[-80.586895586712785,37.91074487259894],[-80.586247395842946,37.910933372538295],[-80.586043099207515,37.911011104036966],[-80.585719536882479,37.911134213981363],[-80.585252335716461,37.911251803030275],[-80.585214445644141,37.911253978628324],[-80.584860920602821,37.911274269608747],[-80.584754711269724,37.91125985902611],[-80.584500003644692,37.911225301143759],[-80.584280098127522,37.911129261037168],[-80.584193363978599,37.91109137683776],[-80.584169723442855,37.911081054572925],[-80.584054875985899,37.911015444360991],[-80.583749685243404,37.910841100811517],[-80.583134883887652,37.910445450678111],[-80.582775321124132,37.91015801453009],[-80.582603053824826,37.909961170447097],[-80.582574838336726,37.909928928294576],[-80.582565980251317,37.909918804143864],[-80.582561848625033,37.909910934678791],[-80.582446865126471,37.909691834073037],[-80.582372835324321,37.909476949835017],[-80.582374049612824,37.90926233165451],[-80.582525954024717,37.909012478243866],[-80.583024855233717,37.908608852811213],[-80.583644005936108,37.908229491804455],[-80.583751907171234,37.908188511074535],[-80.584141686686806,37.908040476188305],[-80.584548339034555,37.907982292305576],[-80.584789517794007,37.907911605518571],[-80.584925627175238,37.907792851942098],[-80.584942481771563,37.907470975722724],[-80.584869117886342,37.907136861642748],[-80.584807304398595,37.907012828638557],[-80.584720310168407,37.906838250267434],[-80.584480537219363,37.906658553072184],[-80.584315676585305,37.90653873726869],[-80.584301324138437,37.90652036227938],[-80.584298174256105,37.906516325955394],[-80.584263631520599,37.906472100710715],[-80.58424096898554,37.906443084472485],[-80.584241417894219,37.906363505004713],[-80.584242107216141,37.90624038915935],[-80.584258768798605,37.905954283917033],[-80.584282826492213,37.905785032009256],[-80.58432144277127,37.905513341234077],[-80.584322718294004,37.905286800713306],[-80.584394919964737,37.905154937007488],[-80.584413945806332,37.905120193326013],[-80.584522275037827,37.905025674420969],[-80.584550049476093,37.905001438294455],[-80.585048645757368,37.904645494169038],[-80.585351345789803,37.904336550179167],[-80.585425139986086,37.904240074615295],[-80.585466214981153,37.904186374786654],[-80.585578735779009,37.904039264437969],[-80.585689091610419,37.903835118468535],[-80.585746003734798,37.903729841569081],[-80.585868121914871,37.903420265003291],[-80.586034512112079,37.903265845811482],[-80.586410908250969,37.903231394636101],[-80.586611762323855,37.903247027542861],[-80.586892235497643,37.903268857504436],[-80.58705159771354,37.903269416713556],[-80.587157113490775,37.903269786854423],[-80.58731357177146,37.903270334622022],[-80.587660268076775,37.903164240106243],[-80.587931728293029,37.903057877591152],[-80.588217966022157,37.902999260192509],[-80.588624119453243,37.903024530577305],[-80.58909026536486,37.903085774365742],[-80.589856903386092,37.903231532180364],[-80.589878726934401,37.903237524350857],[-80.590472937991009,37.90340060407393],[-80.590908796978056,37.903497508748124],[-80.591038679817444,37.903513406562439],[-80.591209556281541,37.90353432534576],[-80.591660986056695,37.903535890515116],[-80.591732131489792,37.903534260807461],[-80.592112487340017,37.903525535420606],[-80.592383610338004,37.903478776096399],[-80.592670043419645,37.903384380487815],[-80.593062137949033,37.903230733091732],[-80.59343859755171,37.903184339970558],[-80.593696171787514,37.903192265819243],[-80.593850724301447,37.903197024510419],[-80.593874914537096,37.903197769532426],[-80.594221340517066,37.903139347887233],[-80.594492591627329,37.903068742967974],[-80.594718699804616,37.902997978388051],[-80.595027000093424,37.902744279155669],[-80.595353579120342,37.902475532556721],[-80.59561062641761,37.902249869832993],[-80.595701626788724,37.902119022636569],[-80.595707584354429,37.902048420876731],[-80.595713268410336,37.901981030407676],[-80.595713467775809,37.901978686812427],[-80.595717718852427,37.901928302547532],[-80.595642818525306,37.901773710337991],[-80.595613563507811,37.901713323709998],[-80.595607070677289,37.901703796298193],[-80.595434427155055,37.90145039120867],[-80.595225006477548,37.901223125966503],[-80.59514146693833,37.901072426170067],[-80.595138482165297,37.901067045059172],[-80.595046201621074,37.900900576631592],[-80.594987124226961,37.900697671974299],[-80.594973450544543,37.900447234853715],[-80.595034815522666,37.900232822190013],[-80.595186917375202,37.899935261217081],[-80.595369378398402,37.899590107607466],[-80.595511116553538,37.899504986593534],[-80.595626023000108,37.899435981308322],[-80.595927480763891,37.899341628376533],[-80.596090015424252,37.899285058225125],[-80.596334533222162,37.899199946356788],[-80.596606156066571,37.899057793466497],[-80.596772972802597,37.898819898184215],[-80.596792891147217,37.898763003352741],[-80.596864686762927,37.898557894357893],[-80.596986754294122,37.898248302981749],[-80.597138453106254,37.898022275976061],[-80.597350277423189,37.897808377751339],[-80.597561839679486,37.89764217594815],[-80.597637852816831,37.897499351689],[-80.597657816525881,37.897427038307718],[-80.597683897073026,37.897332581953748],[-80.597685066380308,37.897117962016416],[-80.597685259200958,37.897082536165534],[-80.597686038702633,37.896939113106995],[-80.59771704423359,37.896772291941275],[-80.59786874003548,37.896546262113098],[-80.59798596814376,37.896412380492457],[-80.598035286506899,37.896356054505262],[-80.59820183325624,37.896165846654647],[-80.598323434196416,37.895939717987545],[-80.598490436021393,37.895666047228865],[-80.598900239674009,37.895011650803049],[-80.599082668758669,37.894666493677967],[-80.599133582810012,37.894574774959246],[-80.599234614568104,37.89439277231417],[-80.599387076189672,37.894023661519888],[-80.599478773656401,37.893761656254753],[-80.599510026442871,37.893547141216565],[-80.599525784796512,37.8934160366192],[-80.599444050669945,37.893301545670241],[-80.599411104217126,37.893255400511826],[-80.599407879311045,37.893250887539025],[-80.599406322791239,37.893248698389854],[-80.599392842249074,37.893241093302407],[-80.599155557730413,37.893107142652738],[-80.59915132276457,37.893104751500985],[-80.599009895810426,37.892991707243894],[-80.598986530604975,37.89297303110591],[-80.598976712764127,37.892954657987211],[-80.598897164749914,37.89280579848019],[-80.598898263374878,37.892603102329865],[-80.598930166455816,37.892269354700694],[-80.598931718902207,37.891983195087647],[-80.598935764284704,37.891972930432559],[-80.598992738376509,37.891828398102795],[-80.599159081827935,37.891673960674687],[-80.599209554347169,37.891650485992919],[-80.599254423948778,37.891629622212015],[-80.599566338506776,37.891484568317097],[-80.599777815338982,37.89133028171954],[-80.600156268082628,37.890902322168245],[-80.600493544126422,37.890549098136098],[-80.600564807443689,37.890474465255075],[-80.600957397403775,37.890213481058851],[-80.601409019362308,37.889973249612929],[-80.601425146791328,37.889964670652077],[-80.601802364006105,37.889763249944998],[-80.601843465212852,37.889730953829883],[-80.602089438991854,37.889537670407087],[-80.602347066320377,37.889192762900663],[-80.602483877658116,37.888930906527577],[-80.602618689117222,37.888784297188437],[-80.602680612296012,37.888716950035921],[-80.602892202790031,37.888538810579107],[-80.6030438016831,37.888324699391696],[-80.603135285830717,37.888098462029568],[-80.603226067874772,37.888003381469055],[-80.603437779498563,37.887801392963034],[-80.603664277538044,37.887647148944971],[-80.603860944872039,37.887445111713241],[-80.604027968362033,37.887159512068308],[-80.604089551112111,37.886897400650398],[-80.604166749757326,37.886528030867034],[-80.604230662683747,37.88644441654683],[-80.604394011252268,37.886230708054555],[-80.604726514215045,37.885945661526485],[-80.60524037316776,37.885506213654971],[-80.605341147454595,37.88541053490485],[-80.605603277604885,37.885161649899054],[-80.605800315484871,37.884888072384015],[-80.605997219194023,37.884638334425041],[-80.606269217699776,37.884412697570959],[-80.606420480992483,37.884258198278317],[-80.606493348409558,37.884193778822343],[-80.606541404855832,37.884151291614685],[-80.606646966476916,37.884103951052836],[-80.606819808268057,37.884089647941238],[-80.60700751300898,37.884200543656021],[-80.607097331635842,37.884284304975274],[-80.607216797950386,37.88445163567448],[-80.607233360268921,37.88450170601142],[-80.607276021903701,37.884630685021342],[-80.607320075710263,37.884833530392733],[-80.607411000390186,37.88502511616192],[-80.607439102611551,37.885084322695548],[-80.607528479794283,37.885251550917822],[-80.607693270204223,37.885383256812851],[-80.607933277503349,37.885515215708622],[-80.608188713254762,37.885575682788669],[-80.608534669149762,37.8855887570436],[-80.609016522929522,37.885506895076396],[-80.60954382453869,37.88536555982521],[-80.610418146640725,37.885034599632156],[-80.610810102588502,37.884880893683629],[-80.61115649466511,37.88481049294365],[-80.611412180160983,37.884823261437234],[-80.611683033658508,37.884812230943474],[-80.611894028141421,37.884741386742647],[-80.612060450424295,37.884563083497454],[-80.612106585804781,37.884372458596403],[-80.612222125739649,37.88427256661447],[-80.61225770956618,37.884241799784071],[-80.612279663062097,37.884233568388019],[-80.612604406172224,37.884111783609583],[-80.612800411554588,37.884030137704976],[-80.613683685726841,37.883662215626551],[-80.613825641298291,37.883603083626909],[-80.61392296679513,37.883547854652733],[-80.614097235512034,37.883448968172267],[-80.614161805545777,37.883364468164622],[-80.614233562577922,37.883270562240426],[-80.614354845514725,37.883092107764355],[-80.614483470226901,37.882935975433462],[-80.614521382441652,37.882889955573297],[-80.614823124902955,37.882724010187736],[-80.615079116457807,37.882677155023217],[-80.61551562474871,37.882630888996928],[-80.615952571643859,37.882501154009859],[-80.616359798067947,37.882299781418375],[-80.616649058955772,37.882111969197354],[-80.616706972801538,37.882074366128663],[-80.617099771201595,37.881753709680972],[-80.61741710495005,37.881480500943084],[-80.617735848117476,37.880933052750294],[-80.617829205418843,37.880681297356929],[-80.617903666798156,37.880480506039305],[-80.618010443071427,37.880194686907679],[-80.618049213365964,37.88003245459948],[-80.618087319822109,37.879873004246626],[-80.618148664107096,37.879646656090472],[-80.618270483190457,37.879360885468174],[-80.618407099049634,37.879122857849936],[-80.618620548833618,37.878902676039843],[-80.618643533867015,37.87887896869865],[-80.61864907835951,37.878873248058277],[-80.61904197410108,37.878528737622112],[-80.619106281767927,37.878502742092984],[-80.619178032457597,37.878473738619057],[-80.619539429813912,37.878327645766639],[-80.619991074785986,37.878257562566638],[-80.620472445882967,37.878259115353863],[-80.620788339355798,37.878260134181794],[-80.620969034857737,37.878224943320845],[-80.62109611017307,37.878163772589772],[-80.621436519345409,37.877999904736463],[-80.621614028120234,37.87786906257675],[-80.621678114345002,37.877821823896213],[-80.621829580396096,37.877619613588536],[-80.621966669083633,37.877286192849454],[-80.621975295276812,37.877220510079368],[-80.621996553738839,37.877058627526615],[-80.622091881905348,37.876332714112444],[-80.622199294980888,37.876182779001354],[-80.622228238518048,37.876142378083983],[-80.622300965436722,37.876122585346138],[-80.622574696125255,37.876048099739215],[-80.623206470045673,37.876050124283488],[-80.623552203624712,37.87608549966032],[-80.623664814984295,37.876097025938378],[-80.623807859034287,37.876111662414978],[-80.624078258259573,37.876184067138894],[-80.624300510179495,37.876233563281083],[-80.624784458733529,37.876341325335488],[-80.625034978843701,37.876408404494526],[-80.625325259055231,37.876486132388116],[-80.625550411712055,37.876582235533455],[-80.626150597287605,37.876882229441087],[-80.626870470064219,37.877313763757542],[-80.62732036565184,37.877589429468607],[-80.627604913454334,37.877840721149745],[-80.627859378211028,37.878091924259301],[-80.628098802194003,37.878343074793335],[-80.628413383043153,37.878606385422501],[-80.628713700464218,37.878714642170408],[-80.629089709062583,37.878727751648455],[-80.629345378107516,37.878740479312548],[-80.62951037237579,37.878836388161055],[-80.62955234151417,37.878926177437378],[-80.629555023641544,37.878931918169911],[-80.629493596521826,37.879182116105561],[-80.629412344238503,37.879538784805582],[-80.629401307937869,37.879587226691008],[-80.629369670042905,37.879897138645646],[-80.629413722062395,37.880111900278166],[-80.629586297817625,37.880257888574434],[-80.62964840200344,37.88031042807463],[-80.629668380995554,37.880327328178076],[-80.629778075994565,37.880384330042666],[-80.629968467496582,37.880483274372047],[-80.630283897393213,37.880579654858479],[-80.630599329268534,37.88067603180216],[-80.630899720078972,37.880772362547432],[-80.631003411899215,37.880834513424382],[-80.631079702183428,37.880880239512301],[-80.631454713350578,37.881096036114201],[-80.631789945532105,37.881267568468651],[-80.63182984428397,37.881287985201503],[-80.631851014004738,37.881300671457488],[-80.632069829327293,37.881431821022339],[-80.632295124418263,37.881504064991645],[-80.63259581132084,37.881540772000164],[-80.632911722662598,37.881541757480406],[-80.632932736957272,37.881541821201473],[-80.633242679471337,37.881542789886787],[-80.633628216160673,37.881554177764592],[-80.633693922694235,37.881556120843349],[-80.633713645844537,37.881554444496885],[-80.634100271376141,37.881521611753676],[-80.634477004765699,37.881391624346456],[-80.635065106599555,37.881107286716016],[-80.635427382039168,37.880858012549176],[-80.635668896507724,37.880691828835154],[-80.635865161256191,37.880549354971002],[-80.635868569873509,37.880548768850765],[-80.636000668879262,37.880525929127387],[-80.636241126540298,37.880574364839838],[-80.63663160444743,37.880706730241535],[-80.637247674369917,37.880851713027027],[-80.637758681065677,37.880948673265316],[-80.638321342257484,37.881045525006286],[-80.638675561280266,37.881106494421502],[-80.638961153078739,37.881155066701645],[-80.639048338276197,37.881171605281921],[-80.639216655609502,37.8812035442797],[-80.639351813407529,37.881251654500083],[-80.639501784348155,37.881347498812026],[-80.639651577961317,37.881479116939374],[-80.639936414943975,37.881682688964659],[-80.64017659007439,37.881790735218672],[-80.640446849025764,37.881898873767604],[-80.640548090870837,37.881947437832224],[-80.64055120170454,37.881948931777693],[-80.640671980064468,37.882006869456852],[-80.640882011674194,37.88212674560782],[-80.641076998353981,37.882246575515019],[-80.641362188014,37.882378605074436],[-80.641677524401587,37.88249879965344],[-80.641942038898478,37.882601239970008],[-80.642143013174362,37.88267906844338],[-80.642518470566586,37.882811368655474],[-80.642788853028307,37.882895654605328],[-80.643074108122306,37.883015750557711],[-80.643253998521473,37.883147458032809],[-80.643304113707813,37.883209763785146],[-80.643388587582066,37.883314792641706],[-80.643688086830181,37.883601863389124],[-80.644047532377627,37.883936814320997],[-80.644482657436697,37.884176596048903],[-80.64483713363947,37.884338560395285],[-80.645008051424355,37.884416653809588],[-80.645954794980085,37.884634126863595],[-80.647067088259448,37.884840167197979],[-80.647291593447335,37.884929976254668],[-80.647367405149851,37.884960302396756],[-80.647757642390445,37.885152245974446],[-80.647844927626849,37.885199569570034],[-80.648177800550471,37.885380053116457],[-80.648478114638806,37.88550018366756],[-80.64879376484987,37.88556074249383],[-80.64904951440846,37.885561506104423],[-80.649726675260723,37.885527751053765],[-80.65011765621135,37.885564685564944],[-80.650373408089976,37.885565447207576],[-80.650734637150052,37.885530746741004],[-80.65097551602851,37.885495689313466],[-80.651174731633191,37.885438942459146],[-80.651306939850059,37.885401282902428],[-80.651427853851843,37.885282409350921],[-80.651484144774628,37.885106739810418],[-80.651488930007758,37.885091810364507],[-80.651489997694114,37.884865266374767],[-80.6514551919025,37.884632778427601],[-80.651434941259083,37.88449753374546],[-80.651431104570193,37.884471912744665],[-80.651402488528262,37.884280755248049],[-80.6513897121648,37.884186424829608],[-80.651358870430315,37.883958692128196],[-80.651285059803044,37.883660386239455],[-80.651077932224368,37.882920511437668],[-80.650959439089348,37.882526685160528],[-80.65096039688602,37.882323988355012],[-80.650976171779774,37.882169029773337],[-80.651037190191161,37.881990356800991],[-80.651143960179382,37.881680662514277],[-80.651386674199244,37.88125213542763],[-80.65142615358215,37.881172559017806],[-80.651492991032214,37.881037824456683],[-80.651499989897729,37.881010613171782],[-80.651523640179036,37.880918682558402],[-80.651509383657896,37.880751708910999],[-80.651449881209388,37.880608449818119],[-80.651346152739833,37.880274285162422],[-80.6513522249289,37.880250669144992],[-80.65140745192906,37.8800359932915],[-80.651483958688047,37.879761981741524],[-80.651545255833739,37.879523695178236],[-80.651666778644284,37.87927365531403],[-80.651908363886946,37.879083597060635],[-80.652285728900182,37.87881046959788],[-80.652662750629219,37.878608880942878],[-80.653175045080417,37.878431539072373],[-80.653250089287198,37.878411958462195],[-80.653626888857161,37.878313635722634],[-80.653914826041685,37.878255198296337],[-80.6543797513377,37.878160842837836],[-80.654786569679757,37.878018953412287],[-80.655028147401637,37.877828884164195],[-80.655300083142677,37.877579285595687],[-80.655559456294867,37.877268003988185],[-80.655587501282923,37.87723434208371],[-80.655734769982374,37.877130065527368],[-80.65573842638635,37.877127478658657],[-80.655927760666415,37.877057526671102],[-80.655994594025699,37.877032834242826],[-80.656265968362717,37.876902467184244],[-80.656537730410136,37.876688639791105],[-80.656666256846748,37.876442196821742],[-80.656674329161149,37.876426717916736],[-80.65667686448181,37.876414545976097],[-80.656681279248517,37.87639333942716],[-80.656751256373369,37.876057312537775],[-80.656745606837944,37.875917517174877],[-80.656737761234652,37.875723412676301],[-80.656753856734781,37.875496915666588],[-80.65676972857959,37.875318108752765],[-80.656819622411618,37.875252739229083],[-80.656824745298593,37.875246026820029],[-80.656905935688471,37.875139652569025],[-80.657192677161177,37.874937786095487],[-80.657251627722317,37.874891399004923],[-80.657291545051407,37.874859992957497],[-80.657319979500357,37.874837616999692],[-80.657494623383585,37.874700193046195],[-80.657721213904381,37.874595426337052],[-80.657750889527108,37.874581706412741],[-80.657931610603939,37.874534537253027],[-80.657951176235599,37.874526568875744],[-80.658338520341886,37.874368785338802],[-80.658640077696049,37.874214655374061],[-80.658881792331513,37.873988808342695],[-80.658967002943129,37.873897843991472],[-80.65901574999873,37.873845797797173],[-80.659093423339158,37.87376287460026],[-80.659199593674614,37.873572408056972],[-80.659210767246847,37.873454435178346],[-80.659210875801321,37.873453331393357],[-80.65921540538254,37.873405522136572],[-80.659231163223282,37.873250561226513],[-80.65918691406732,37.873059657409556],[-80.659112528421531,37.872880587886819],[-80.659022371787543,37.872694803878595],[-80.659008229690826,37.872665663368103],[-80.658964146342811,37.872438988912641],[-80.658980401411938,37.872176717295474],[-80.659119339451195,37.871850279156845],[-80.65913246155381,37.871819450131028],[-80.659298852120941,37.871617232585088],[-80.659419952473272,37.871450655718256],[-80.659526011160679,37.87128403071786],[-80.659541817060315,37.871117143768366],[-80.659512503052085,37.870950133548078],[-80.659453491300511,37.870699566580797],[-80.659394369008993,37.870472849612121],[-80.65939552171946,37.870222455730008],[-80.659546864798401,37.870020192436336],[-80.65971677541377,37.869814621633793],[-80.659743497456148,37.869782294204946],[-80.659924920275159,37.869580114626878],[-80.659959345732346,37.869554827868157],[-80.660150926995527,37.869414112097921],[-80.660151301178956,37.869413838279613],[-80.660151792905879,37.869413717121311],[-80.660473022677991,37.869333249642288],[-80.66052776577105,37.869319536391494],[-80.660768200095589,37.869367922894263],[-80.660852778180754,37.869403355345419],[-80.661083463038551,37.86949999158395],[-80.661323569720068,37.869619916281948],[-80.661351747881469,37.869638666987889],[-80.661593492967924,37.869799547590596],[-80.661650272446977,37.869854968948289],[-80.661728263158651,37.869931092933321],[-80.662058297680588,37.87012281923748],[-80.662313614445168,37.870207012729637],[-80.662688988644135,37.870351171979827],[-80.662837002633751,37.870426435881498],[-80.663019136157629,37.870519048252994],[-80.6631691106424,37.870614866223114],[-80.663349120148524,37.870722691459385],[-80.663499044656461,37.870830432241419],[-80.663642385613954,37.870958356796713],[-80.663753716363857,37.871057708494185],[-80.663864785459026,37.871116866501019],[-80.663978794730156,37.871177586645501],[-80.664234009107133,37.871285625133119],[-80.664399355814723,37.871309944209649],[-80.664433276572524,37.871310040893029],[-80.664449578638198,37.871310087354892],[-80.664579851913217,37.871310456757669],[-80.664835881254547,37.871239648322856],[-80.665077136621889,37.871109173209632],[-80.665499102055634,37.870931520340854],[-80.66649365191607,37.870528940562792],[-80.666824936505037,37.870446413043908],[-80.667291538811838,37.870376193135435],[-80.667882155700156,37.870377857931771],[-80.668013513168745,37.870378230195747],[-80.668413552021661,37.87041217496256],[-80.668885579388345,37.870452228005824],[-80.669095008147394,37.870488934836004],[-80.669231263460517,37.87051281565742],[-80.669697540048404,37.870514125572342],[-80.670073784493184,37.870467486967662],[-80.670239873074166,37.870324871706828],[-80.670451724531489,37.870039298332983],[-80.670663360920855,37.869801417483956],[-80.671010208684919,37.869599687880871],[-80.671270603643691,37.869521129077491],[-80.671401806210184,37.869481545820015],[-80.67162742146094,37.869482178877533],[-80.672052605131114,37.869529874051103],[-80.67206339756838,37.869531086625464],[-80.67243883923183,37.869663289839337],[-80.672904378334508,37.869831514140984],[-80.673414824908065,37.870047557404],[-80.673486168111396,37.87009185799603],[-80.673684829605435,37.870215232473328],[-80.673863466520785,37.870337474086469],[-80.673894775560782,37.870358900136303],[-80.674180193324105,37.870443151286338],[-80.674227189280174,37.870435186698096],[-80.674526400624458,37.870384492840174],[-80.674917789509777,37.870314031145206],[-80.675094648908015,37.870339275511093],[-80.675173331139135,37.870350508378245],[-80.675458800367849,37.870422834994727],[-80.675653863903548,37.870530686553735],[-80.675833886985032,37.870638494576362],[-80.676044259433411,37.870686766224829],[-80.676254676365389,37.870723116041567],[-80.676475458084553,37.870770436723163],[-80.676705500152181,37.87081974456278],[-80.676853686419435,37.870873633083299],[-80.677037810782792,37.870940585293766],[-80.677201080844128,37.870999956838872],[-80.677396410699728,37.871048184828879],[-80.677637070859333,37.871048843995901],[-80.677787695434148,37.871001562782865],[-80.677878357372165,37.870906426518843],[-80.677922818473533,37.870778932192813],[-80.677924051614582,37.870775388925772],[-80.677879966668868,37.87053679708729],[-80.677775870506395,37.870262271755884],[-80.677731426201106,37.870107143438581],[-80.677687131085165,37.869916244459219],[-80.677658088227503,37.869677695484768],[-80.677658850822382,37.869502913514047],[-80.677658867406109,37.869498845963207],[-80.677809847726152,37.869368095680628],[-80.678246972659096,37.869154668324725],[-80.678331039435434,37.869118938599598],[-80.678599434464033,37.869004878446226],[-80.678804524134009,37.868917719346541],[-80.679214222705824,37.868697135589649],[-80.679377420414241,37.868609269183217],[-80.679393123356519,37.868600510683656],[-80.679739276186311,37.868407550131437],[-80.679829832664225,37.868336255194002],[-80.67983013781506,37.868265470998026],[-80.679830295856902,37.868228946873309],[-80.679784493959673,37.86816795617019],[-80.679740568645272,37.868109467172893],[-80.679651252430887,37.867894597815429],[-80.679631644524079,37.867716853630448],[-80.679622303819059,37.86763220361523],[-80.679728933167993,37.867322481102683],[-80.679778895918574,37.867174033851022],[-80.67980511643124,37.86709614211177],[-80.679925955887754,37.866977230465345],[-80.680106851783819,37.866882334061621],[-80.680254928631612,37.866780332484062],[-80.680348220696729,37.866716059424846],[-80.680499609226089,37.866489925004082],[-80.680621115566552,37.866216012156208],[-80.680634252814201,37.866086374036655],[-80.680636823548411,37.866061047069714],[-80.680619508085613,37.865918849550852],[-80.680607769189081,37.865822498621171],[-80.680533498849826,37.865607674267856],[-80.680444745122003,37.865261648724214],[-80.680391207252569,37.865056556061589],[-80.680385567215012,37.86503494002249],[-80.680406311021301,37.865002322138984],[-80.680461281562131,37.864915911586515],[-80.680642068808879,37.864844860810251],[-80.680890015812864,37.864747414941768],[-80.680899636619785,37.864743635696172],[-80.680913254728921,37.864738280981705],[-80.680970696891364,37.864675683114307],[-80.681109700907825,37.86452419028096],[-80.681230440454655,37.86442278215349],[-80.68133612392279,37.864334023560971],[-80.681502384591653,37.864143699983984],[-80.681653192136224,37.864048717948037],[-80.681894449212336,37.863906287430268],[-80.682150433187516,37.86383543835084],[-80.682279730586743,37.863757141927444],[-80.682330462820502,37.863726420746289],[-80.682346461684205,37.863716731590848],[-80.682527606808392,37.863562212378426],[-80.682717822560221,37.863474195064697],[-80.682745406783766,37.863461430265161],[-80.682783793437551,37.863443666167413],[-80.682860143404014,37.863441120143598],[-80.683035814925091,37.863435265091347],[-80.683096800046513,37.863433233658576],[-80.683114720939983,37.863432633849747],[-80.683190768068428,37.863432838488428],[-80.683310240001163,37.863433160783011],[-80.683505907501768,37.863397915794742],[-80.683973011190886,37.863196469044155],[-80.684284528248071,37.863045637195064],[-80.684364853803501,37.863006743005364],[-80.684543811099658,37.862901084600111],[-80.684606100007656,37.862864308664342],[-80.684619188245989,37.86285162807296],[-80.684802430116463,37.862674056392223],[-80.684851348906051,37.862617586110758],[-80.685029140186188,37.862412343752595],[-80.685041997784182,37.862388106829336],[-80.685180753480637,37.862126584000031],[-80.685269320659216,37.8619297561238],[-80.685271853642533,37.861924125213825],[-80.685363206747581,37.861662050016342],[-80.685439515468545,37.861399938150655],[-80.685561048000295,37.861114096587805],[-80.685591684531161,37.860983018258359],[-80.685607479939677,37.860804206678097],[-80.685494612923137,37.859674033553027],[-80.68547765029686,37.859504188091208],[-80.685433600380023,37.859253675279795],[-80.685377843647331,37.859119557658104],[-80.685329390335013,37.859003004391845],[-80.685239194553745,37.858869117329533],[-80.685224777631575,37.858847715981263],[-80.685150293295891,37.858680590037629],[-80.685136318692315,37.858430153891021],[-80.685137027622986,37.858263228969356],[-80.685137083916729,37.858250529684732],[-80.685137840293351,37.858072449390583],[-80.685123713639896,37.85785779024927],[-80.685034444650711,37.8576310040159],[-80.685027457457181,37.857582497633608],[-80.685005230438748,37.857428221588584],[-80.685051109909992,37.857249491350579],[-80.685142255021916,37.857035114603974],[-80.685233858873659,37.856907617943186],[-80.68533891958424,37.85676139462673],[-80.685460237550984,37.856523247808539],[-80.685627838323114,37.856010981420297],[-80.685780098529008,37.855570214296478],[-80.685902374337587,37.855105520132611],[-80.685940369799908,37.85482828782321],[-80.685960125211864,37.85468414279714],[-80.68596444796114,37.854652589584511],[-80.685960367157776,37.854627108611645],[-80.685920496920829,37.854378231984001],[-80.685911266512207,37.854330830957714],[-80.685876347250712,37.85415156479003],[-80.685868747931167,37.854114653939106],[-80.685846877903685,37.854008401561032],[-80.68584743561415,37.853877243652818],[-80.685907989735853,37.85378201784301],[-80.685962735238405,37.853756682043375],[-80.686034975210276,37.853723245029627],[-80.686164140461557,37.853663462112415],[-80.686421789412179,37.85357825374183],[-80.686450261086279,37.853568837870618],[-80.686902152827642,37.853391186273505],[-80.68721854916754,37.853248943369593],[-80.687595298907596,37.853059166062117],[-80.68782402059179,37.852916750176632],[-80.688243625535861,37.852655482566959],[-80.688695957528665,37.852370510808107],[-80.68929881009052,37.852050168773616],[-80.689354748954244,37.852018875075927],[-80.689723215522349,37.851812745432902],[-80.689871580772319,37.851729739899476],[-80.69008260765338,37.851611059436792],[-80.690384004140014,37.851456847762741],[-80.690579990027643,37.851338125050283],[-80.690775971870096,37.851219403800165],[-80.690806744327006,37.851052556656725],[-80.690820922715687,37.850975679725948],[-80.690837515524777,37.850885704990446],[-80.690748086710101,37.850694694464018],[-80.690745930887871,37.850691045708857],[-80.690613701501633,37.850467790975465],[-80.690524071004361,37.850324473442527],[-80.690344326025681,37.85015707205838],[-80.690134353911233,37.85002535843892],[-80.689653968218309,37.849833315867983],[-80.689338991938556,37.849641707815863],[-80.689084213206684,37.849438334441963],[-80.688769139856973,37.849270569655147],[-80.688559071616211,37.849162702522293],[-80.688348857980046,37.849090604913457],[-80.688168666726483,37.849030508058149],[-80.688003816115597,37.848898914606899],[-80.687939837580174,37.848801744311693],[-80.6878694272133,37.84869479304254],[-80.687854400290192,37.848671968097506],[-80.687851113843777,37.848659387915511],[-80.687795206879883,37.848445263324699],[-80.687721027610451,37.848206597148483],[-80.687571666621849,37.847967726071637],[-80.687529729777268,37.847912898976169],[-80.687433750844946,37.847787414447552],[-80.687407171787854,37.847752665092735],[-80.68724257490075,37.847561453172588],[-80.687183082010719,37.847406287846461],[-80.687183493659674,37.847308575208196],[-80.687183786076673,37.847239355368387],[-80.68718495081373,37.847235123206048],[-80.687194684545986,37.847199690620123],[-80.687229603442276,37.847072548120252],[-80.687330389678536,37.846975535551778],[-80.687365485801294,37.846941751184502],[-80.68739802196086,37.846877871573504],[-80.687486784373533,37.846703599086126],[-80.687532648771523,37.846524864789636],[-80.687518717270663,37.846262509586133],[-80.687519572612445,37.846059810776971],[-80.687491006890269,37.846014124167603],[-80.687448472237207,37.845946094849737],[-80.687439665002969,37.845932009230879],[-80.68742995907543,37.845916491747872],[-80.687159809774585,37.845796539160169],[-80.687005514341777,37.845673360789803],[-80.686950011441667,37.845629048151892],[-80.686965597291973,37.845497929094918],[-80.687071811867938,37.845271664308193],[-80.687223279872697,37.845009748405737],[-80.687284227701937,37.844819132579772],[-80.687345533267873,37.84454505360663],[-80.687376710980686,37.844282816248715],[-80.687377465996406,37.844103961278783],[-80.687373559631453,37.844071906612932],[-80.687362925716229,37.843984691903749],[-80.687258134009042,37.843877098212047],[-80.687214212943573,37.843856450611177],[-80.687051704039106,37.843780063626198],[-80.687003029137031,37.843757183385485],[-80.686973791230699,37.843728831558757],[-80.686804512782714,37.843564712486867],[-80.686793778687317,37.843554303544387],[-80.686793387038648,37.843553923952321],[-80.686784103037326,37.843542481456936],[-80.686600187484615,37.843315799234112],[-80.686269860290878,37.842908654795679],[-80.686006650442508,37.842447337532384],[-80.685956441214927,37.842359333057559],[-80.685846726022305,37.84208796037997],[-80.685777882503587,37.84191768492974],[-80.685764013110145,37.841643405147948],[-80.685779904829118,37.841440743616836],[-80.685931629076265,37.841119213567097],[-80.686098329642491,37.840809643961151],[-80.686354989317437,37.840559930038182],[-80.686551982138965,37.840402859353759],[-80.686944002708117,37.840090282741272],[-80.687592044411275,37.839573555827862],[-80.688315829420134,37.839074685162423],[-80.688512183412769,37.838860578072961],[-80.68861828223821,37.838658156401301],[-80.688664239017413,37.838455575652624],[-80.688664991894967,37.83827672228891],[-80.688740762098277,37.838133842064678],[-80.688831670037914,37.837967148573817],[-80.688845651492244,37.837938916777524],[-80.688937814492547,37.837752803249153],[-80.689043561298689,37.837633848889425],[-80.68917927181117,37.837538818615478],[-80.689299546432693,37.837539136879542],[-80.689675210535086,37.837587819339745],[-80.689920989530009,37.83768034009897],[-80.690136294599782,37.837761385789101],[-80.69018558582431,37.83777994368355],[-80.690470550587307,37.837947620392384],[-80.690710503757003,37.838091336715351],[-80.690920991631614,37.838091890206059],[-80.691071733896067,37.837996893598863],[-80.691448894922189,37.837687868976268],[-80.691582577024377,37.837553313504571],[-80.691627370423149,37.83750823001742],[-80.691720654750341,37.837414337633518],[-80.691977778363011,37.837045379741618],[-80.69214474175584,37.836664258560361],[-80.692203782422553,37.836445427442527],[-80.692205821958908,37.836437868963479],[-80.692161316500787,37.836294668479553],[-80.692152960819016,37.836281916509812],[-80.692061622252993,37.836142505253065],[-80.691996978150655,37.836043846254036],[-80.691841263487731,37.835950583967517],[-80.691757025669858,37.835900130708666],[-80.691562324943632,37.835720767328823],[-80.691502735292929,37.835589450533121],[-80.691473510476072,37.835386673414725],[-80.691472517718225,37.835370727505719],[-80.691459422408343,37.835160086319519],[-80.691581588347148,37.835025386146704],[-80.691685972227191,37.834910285194347],[-80.691882256934306,37.834708097377835],[-80.691928054662242,37.834541284258208],[-80.691943684490113,37.83439824273497],[-80.691893216504852,37.834128039728256],[-80.691878192195176,37.834047610582793],[-80.691870151432269,37.834004570814741],[-80.691868413081778,37.834000107475134],[-80.691795775888707,37.833813597245289],[-80.691766204820937,37.833694283454427],[-80.691797215508927,37.833467817958152],[-80.691828024217685,37.833289043056809],[-80.692039487476151,37.833051121540535],[-80.692220485209091,37.832908512226169],[-80.692536834288475,37.832754329880899],[-80.692898184326452,37.832624113656316],[-80.693144553847674,37.832552135250495],[-80.693545418269395,37.832435024112208],[-80.693871557769143,37.832349736531683],[-80.693906616099113,37.83234056936768],[-80.694177858376747,37.832186267155372],[-80.694840608451671,37.831877973404787],[-80.695066794433501,37.831711628012734],[-80.695308458367876,37.831438011030869],[-80.695595266373218,37.831152583150867],[-80.695897595650251,37.830747962662791],[-80.696154725213674,37.830367066297597],[-80.696306178084271,37.830093213532592],[-80.696382077373414,37.829914555375169],[-80.696458414754105,37.82962858976876],[-80.696490094245306,37.829235187878886],[-80.696521185097012,37.828984868795807],[-80.696612797619409,37.828639319632231],[-80.696689130505504,37.82835335019373],[-80.696720371233724,37.828067262788458],[-80.696717967724382,37.828026489299795],[-80.696706310330811,37.827828754413169],[-80.696685135685101,37.827743311267085],[-80.696674817669034,37.82770170531029],[-80.696647159375004,37.827590129003411],[-80.696602743602313,37.827423085062208],[-80.696528841398973,37.827349318662861],[-80.696423088905817,37.827243762826193],[-80.696197746129059,37.827207413186585],[-80.695927012187283,37.82724248498608],[-80.695849481796117,37.827285459518052],[-80.695520207215452,37.827467984577737],[-80.695203738671111,37.827657944334348],[-80.694827139028021,37.827847747448359],[-80.694420227926258,37.828097088974452],[-80.694312814570338,37.828140915107312],[-80.694032663062984,37.828255210564372],[-80.694013655338409,37.828262964755133],[-80.693792778981688,37.828327200557048],[-80.693704591935244,37.828352847056557],[-80.693607281561057,37.828381143953195],[-80.693601068620779,37.828381831716541],[-80.693477356647861,37.828395519837862],[-80.69318616907438,37.828427743426055],[-80.693185186023641,37.828427771509929],[-80.693087781413652,37.828430737227173],[-80.692899443306473,37.828436472582688],[-80.692825334341819,37.828438724592814],[-80.692495061395363,37.828379605505766],[-80.692419753033008,37.828366125314211],[-80.692295043241714,37.828297427766074],[-80.692292651043246,37.828296109204537],[-80.6919847935565,37.828126514709261],[-80.691561355789361,37.827857990598496],[-80.691475022534377,37.827803244050799],[-80.69111498585282,37.827623446519617],[-80.690814780425384,37.827515343992793],[-80.69046928322976,37.827454819178946],[-80.690303977945661,37.827442460271065],[-80.690244145596324,37.827370762098745],[-80.690232114949012,37.827322196544387],[-80.690199797663141,37.827191791566108],[-80.69024584020292,37.826965362163357],[-80.690283042897477,37.826856152324467],[-80.690367594581375,37.826607972674687],[-80.690533943687541,37.826369936763982],[-80.69068561262911,37.826048396827481],[-80.690792281664869,37.825702893401363],[-80.690853752378771,37.825381115484738],[-80.690840881856857,37.825197194810855],[-80.690839564990043,37.825178378236245],[-80.6907991523329,37.825048315355353],[-80.690795192104758,37.825035578411338],[-80.690780233739474,37.824987440542444],[-80.690631355980827,37.824641261533429],[-80.690544712920556,37.824362433369558],[-80.690527528120455,37.824307131380792],[-80.690392939561804,37.82413984357072],[-80.69006268723183,37.82403166100741],[-80.689752622064063,37.823917154798728],[-80.689672459375274,37.823887551783677],[-80.689342260360164,37.82376744115647],[-80.688922219130163,37.823563632509632],[-80.688502239421084,37.8233478990443],[-80.688421891674054,37.823301768197908],[-80.688022380712738,37.823072381782296],[-80.687935715046109,37.823029978828067],[-80.687287335957706,37.822712721879981],[-80.687017274632069,37.822592769777636],[-80.686656970497495,37.822484497801057],[-80.68623649307213,37.822387992436468],[-80.685845977003424,37.822315410645771],[-80.685650972136301,37.822219497124465],[-80.68559588258212,37.822166695331887],[-80.685581873950554,37.822153274328464],[-80.685576118426155,37.822147755542041],[-80.68554388954864,37.822107691726998],[-80.685441548356465,37.821980467496729],[-80.68535251876493,37.82170598870988],[-80.685323266530219,37.821515128530116],[-80.685384657280409,37.821217200028649],[-80.685476061099024,37.820931276911331],[-80.685490006128674,37.820883046072282],[-80.685582846883989,37.8205619294719],[-80.685598790411362,37.820347347491015],[-80.685571523206121,37.820214832893988],[-80.685554607285923,37.820132600498944],[-80.685554818901906,37.820082182446988],[-80.685555466051397,37.819929902625852],[-80.685601572079207,37.819691552360553],[-80.68570795322718,37.819417592447124],[-80.685753850562762,37.819226934593388],[-80.685754456013669,37.819083853451744],[-80.685754623336479,37.819044385340703],[-80.68575486380486,37.81898846753532],[-80.685725154298481,37.818904920248592],[-80.685575504104534,37.818749513724789],[-80.685530641777802,37.818641534565685],[-80.685515990244667,37.818606269376666],[-80.685546759348654,37.818439420869453],[-80.685712905430279,37.818249084849874],[-80.685833906728561,37.818070553483665],[-80.685875643173588,37.81791854182142],[-80.685879704090638,37.817903744953675],[-80.685910573127032,37.817713046910306],[-80.685897563996193,37.817639021502295],[-80.685881222156524,37.817546038867214],[-80.685791848070323,37.817355019229154],[-80.685702726052597,37.81710438723681],[-80.685643717735516,37.816841908437802],[-80.685601562545415,37.816637008206889],[-80.685570079809608,37.816484000799782],[-80.685540831233169,37.816293145023934],[-80.685505571329116,37.816240771025612],[-80.685467941562749,37.81618489178426],[-80.685436278870029,37.816137860449459],[-80.685430655402058,37.816128107626696],[-80.6853467546361,37.815982612317661],[-80.685317250355169,37.815851372359994],[-80.685347969247303,37.815696447186212],[-80.685528383085995,37.815685002766884],[-80.686204887514251,37.81565103726853],[-80.686505690287277,37.815604145114051],[-80.686806697591962,37.81550955694923],[-80.687409055033285,37.815236912035196],[-80.687634956502649,37.81513019531139],[-80.687912021395931,37.815098383206269],[-80.688040968092707,37.815083577266023],[-80.688370058173817,37.815066448173425],[-80.688476937364385,37.815060884043923],[-80.688927935000208,37.815038230697738],[-80.689168518021077,37.81501501878239],[-80.68949957792708,37.814920502111931],[-80.689650225880484,37.814837431922989],[-80.689830735639973,37.814802135065776],[-80.690810885125302,37.814567357681106],[-80.690913982623897,37.814542660911584],[-80.691455704793512,37.814389078306846],[-80.692222769841706,37.814259922880538],[-80.69240594125506,37.814212013313266],[-80.692564382908998,37.814170573457098],[-80.692764440161724,37.814118250395474],[-80.693080754730488,37.813952145069614],[-80.693229965456268,37.813830024256525],[-80.69329122436865,37.813779887671267],[-80.693472860902219,37.813631224309063],[-80.693489314625765,37.813606089778808],[-80.693729991002556,37.813238414857949],[-80.69389615589408,37.813036146320684],[-80.693918843230747,37.813004386131759],[-80.694032208629764,37.812845719229195],[-80.694221451736084,37.812728549279733],[-80.694243161234652,37.812715106627856],[-80.694589234896668,37.812620614555492],[-80.694980150202994,37.812585856002748],[-80.695064807429063,37.812572650983995],[-80.69528093400902,37.812538937729236],[-80.695521896460122,37.812420327560396],[-80.695687858888576,37.812265747247736],[-80.695823803232145,37.812099164781849],[-80.696111269250636,37.811634881883982],[-80.696338031957765,37.811313529269192],[-80.696564443179668,37.811075638041082],[-80.69677543618721,37.810933099248274],[-80.697227042769555,37.810755404618767],[-80.697408633674414,37.810686824098738],[-80.697603352407626,37.810613286411176],[-80.697919404011174,37.810506785719824],[-80.698190363661709,37.810400167757201],[-80.698356164796394,37.810281355532723],[-80.698417987245605,37.810155053775404],[-80.698431942693574,37.810126542119207],[-80.698432182686986,37.810067254164736],[-80.69843320353111,37.809816530478983],[-80.698425177213267,37.809665716144394],[-80.698419239454495,37.809554171186569],[-80.698402401617628,37.809504558396455],[-80.698337323736112,37.809312806203835],[-80.698330134671707,37.809291622186826],[-80.698264112548415,37.809242668458872],[-80.698120362901932,37.809136074654965],[-80.698082154659843,37.809120363236204],[-80.697595229937349,37.808920104566674],[-80.697260494844755,37.808891280572141],[-80.696738882420718,37.808846358488353],[-80.69649847377228,37.80883381764486],[-80.696312450111037,37.808805645293951],[-80.696258157228385,37.808797425018014],[-80.695913231577606,37.808617679773114],[-80.695583775423884,37.808330665484192],[-80.695567026225945,37.808310075795944],[-80.695515982968047,37.808247321324004],[-80.695389381121785,37.808091687322225],[-80.695315368385835,37.807817249705529],[-80.69530146578856,37.807542969322881],[-80.695332549899007,37.807292654112302],[-80.695483864697536,37.807042647929563],[-80.695695532119842,37.806733177171061],[-80.695831717546369,37.806506981168461],[-80.695896043099879,37.806375565837989],[-80.6959074922555,37.806352167471267],[-80.696164095490929,37.80607858326654],[-80.696258395963554,37.806009207846273],[-80.696390200541217,37.805912236057971],[-80.696497823768993,37.805780347909099],[-80.696526138390524,37.805745650759761],[-80.696549698647388,37.805599955024],[-80.696556974772079,37.805554952997376],[-80.696437778026322,37.80530425021503],[-80.696435406803388,37.805300189982212],[-80.696228850601202,37.804946000679386],[-80.696188587178057,37.804874390883811],[-80.69609457599762,37.804707179463584],[-80.696035394942214,37.804480477189493],[-80.695992838672581,37.804308765661816],[-80.695991040645325,37.804301508125036],[-80.695971006375913,37.804220664181273],[-80.69596147541381,37.80418219120827],[-80.695887019764086,37.804015070631877],[-80.695752261056228,37.803895485665024],[-80.695706390294376,37.803869309217255],[-80.695542361930748,37.803775704573589],[-80.695299098301632,37.803627104634899],[-80.695287528047217,37.803620037225912],[-80.695228476446388,37.803560289395122],[-80.695063043092986,37.803392906750041],[-80.695003817179256,37.803178128222505],[-80.695044251015716,37.803093417160326],[-80.695094764554256,37.802987583667672],[-80.695389686326735,37.802903353300302],[-80.695416049686159,37.80289582426186],[-80.695425763209926,37.802893052588061],[-80.696057750075241,37.802691980374384],[-80.696358886964333,37.802549671914583],[-80.696537573175235,37.802424467081551],[-80.696630163347379,37.802359592591117],[-80.696669248905692,37.802276241176394],[-80.696736277829132,37.802133313410302],[-80.696757854598587,37.801983647540453],[-80.696767209610243,37.801918765962284],[-80.696638347228429,37.801769003919816],[-80.696602692853816,37.801727564173959],[-80.696378358248253,37.801464664138877],[-80.696340836747865,37.801374379818277],[-80.696259307113323,37.801178191709077],[-80.696260234854535,37.800951639867463],[-80.696218037552654,37.800248034775848],[-80.696220381505839,37.79967570147744],[-80.696263784024737,37.799539827091117],[-80.696326933779915,37.799342115513618],[-80.696433244523732,37.799068144666315],[-80.696659473787193,37.798866022823788],[-80.696885606644472,37.798687747354755],[-80.697247316883832,37.798426356996366],[-80.697338156436402,37.79825965732595],[-80.69733893481505,37.798068881885172],[-80.697219503950777,37.797877794858834],[-80.697090692638312,37.797682792599396],[-80.696801343742962,37.797244763994037],[-80.696615348999657,37.797008010083545],[-80.696397730990569,37.796731003541346],[-80.696313731967749,37.796604550247913],[-80.696143848460196,37.796348790446864],[-80.69592731312332,37.795871442608764],[-80.695905575267375,37.795823533719272],[-80.695895416769233,37.795807903878639],[-80.695711460368486,37.795524936862293],[-80.695677302379011,37.795480076555364],[-80.69554829994108,37.795310667686032],[-80.695502221100881,37.795250152169793],[-80.695355240551052,37.795156222581866],[-80.695127552467895,37.79501071065296],[-80.69511143162174,37.795000216348207],[-80.694722934206254,37.79474733875378],[-80.694587159465016,37.794684018067102],[-80.694362998111885,37.794579475108968],[-80.693612638818905,37.794350977100478],[-80.693252366636372,37.794266573067361],[-80.693146414621751,37.794250274428734],[-80.692937021595554,37.794218054753166],[-80.692591678689311,37.794157537393808],[-80.692336587276657,37.794073403147706],[-80.692171796731117,37.793953736398748],[-80.692022135722482,37.793810261885611],[-80.691937372116456,37.793640484263719],[-80.691873116791342,37.793511776511302],[-80.691769271863649,37.79318956744946],[-80.691770164635045,37.792974942416194],[-80.691835398236535,37.792787569401874],[-80.691861405848584,37.79271286223414],[-80.691988421446652,37.792620149437838],[-80.692268330633041,37.792415829982168],[-80.692579705375309,37.792205440457437],[-80.692901175297877,37.791988228193382],[-80.69358232946982,37.791493848224796],[-80.693618420103348,37.791467654217165],[-80.693691052409832,37.791414939260832],[-80.693850621458054,37.791299121728485],[-80.694423934973827,37.790728273469725],[-80.694650736312795,37.790383073163646],[-80.69465799474041,37.790372081461946],[-80.694708717884268,37.790295287130711],[-80.694847287714154,37.790085487351504],[-80.694923048593921,37.789930675597404],[-80.694923411669905,37.789842366197888],[-80.694923586707674,37.789799516140135],[-80.694921081958299,37.789769232544351],[-80.694894962577891,37.789453654555309],[-80.694791992840237,37.788916820854624],[-80.694763216817591,37.788606730352569],[-80.694794592032693,37.788284870300394],[-80.694780894106728,37.787962893470095],[-80.694777383943475,37.787870307162436],[-80.694771822036302,37.78772348224981],[-80.694767338883992,37.787605144524967],[-80.6947559955522,37.787402159638042],[-80.694753346897869,37.787354711827788],[-80.694782731983082,37.787257035351026],[-80.694814276013886,37.787152168322557],[-80.694950280749907,37.786961738222267],[-80.695071453289046,37.786723578953861],[-80.695132285321677,37.786544880319425],[-80.695146342271215,37.786268037620964],[-80.695148630658139,37.786222982067507],[-80.695179514512688,37.786020357887196],[-80.695185678166538,37.785997897624441],[-80.695261053456804,37.785723099961324],[-80.695271028750881,37.785686730470808],[-80.695407861535941,37.78529359872293],[-80.695499032508508,37.785043437820264],[-80.695512306473731,37.785010452272189],[-80.695578969849009,37.784844794294372],[-80.695590105052943,37.78481712280027],[-80.695861611435902,37.784555501091631],[-80.695908846131928,37.784524463474945],[-80.696132768498927,37.784377342770959],[-80.696464414147243,37.784103954768931],[-80.696901855704553,37.783675823582541],[-80.697143789667933,37.783294888945527],[-80.697250025374302,37.783032839040416],[-80.697251237510557,37.783027450457709],[-80.697253571622227,37.783017060628275],[-80.697311647516599,37.782758605751361],[-80.697337320134892,37.782644345539438],[-80.697357136613647,37.782556161696313],[-80.697448733906029,37.782198684548085],[-80.69753989414491,37.781948520086239],[-80.697721434681199,37.781638971401904],[-80.697812840566172,37.781329187690709],[-80.697979158080273,37.781067293804718],[-80.698175040944705,37.78092471019341],[-80.698536321823084,37.780746778818745],[-80.698630953453119,37.780717665780308],[-80.698820142564628,37.780659467226052],[-80.698882291378112,37.78064034591506],[-80.699093237956518,37.780485876587584],[-80.699198981774799,37.780343063735941],[-80.699209371586335,37.780263153034923],[-80.699229992420072,37.780104667880011],[-80.699236256796667,37.78004262884469],[-80.699245646582426,37.779949696908048],[-80.69933631271148,37.779818771708669],[-80.699682222876049,37.779724261652888],[-80.699941225656872,37.77970437046914],[-80.69998277745762,37.779701179241428],[-80.700080623758879,37.779683167571996],[-80.700238356892882,37.779654136315457],[-80.70044901256243,37.779571204317349],[-80.700595645124181,37.779446675564863],[-80.700644982897344,37.779404773231434],[-80.700686687930187,37.779358743268808],[-80.700871333771033,37.77915494762],[-80.700907306995418,37.779028368206966],[-80.700923050190724,37.778972976934348],[-80.700932290789169,37.778940473520954],[-80.700978796835571,37.778582880722531],[-80.70101466764271,37.778433683256296],[-80.701024636944553,37.778392213538069],[-80.701034130172246,37.778312178692751],[-80.701055736908998,37.778129969286191],[-80.701037006380233,37.77807622106139],[-80.700951779340954,37.777831612508102],[-80.700877868100633,37.777533332801767],[-80.700894139363612,37.77722335840599],[-80.700985380104569,37.776949344987415],[-80.701069050995997,37.776806649200061],[-80.701166892824844,37.776639786109314],[-80.701830555311744,37.775973737847991],[-80.702192520791243,37.775616938576135],[-80.702358665419794,37.775390808513023],[-80.702464442316412,37.775236065481153],[-80.702555581519874,37.774985894944074],[-80.702586390236348,37.774795195391356],[-80.702587105579681,37.774616340753852],[-80.70254332723259,37.774294287200341],[-80.702354563060865,37.773955846495333],[-80.702271160103763,37.773851078883929],[-80.702236862371095,37.773807995574636],[-80.702197866011971,37.773754992151609],[-80.702152818690479,37.773693761479429],[-80.702161753321676,37.773573052922785],[-80.702229836567213,37.773452498348028],[-80.702275419695383,37.773377540634634],[-80.703283342158784,37.773220049582854],[-80.703816387715563,37.773211550840095],[-80.703929317619867,37.773209747167996],[-80.704364798948234,37.773246614868441],[-80.704725125530047,37.773295213548082],[-80.704892228022771,37.773303924304955],[-80.705122294437331,37.773315916381939],[-80.705205721420015,37.773320263986982],[-80.70521973102565,37.773319444580345],[-80.705293081860319,37.773315149379499],[-80.705596376437654,37.773297392551129],[-80.706137622053319,37.773179505857343],[-80.706453450115347,37.773084901630824],[-80.707024738787922,37.772967085688535],[-80.707610904907057,37.772885075550946],[-80.708016768018894,37.772814540368039],[-80.708347756166617,37.772684196948532],[-80.70858847222064,37.772589404664274],[-80.709009537509573,37.772471206588079],[-80.709415584861176,37.772352969970775],[-80.709776518672285,37.772246546242883],[-80.710032301455641,37.772139860907785],[-80.710453965248377,37.771866651550688],[-80.71074006765015,37.771688497617724],[-80.711131455826674,37.771474831247005],[-80.711402295636788,37.771356255332321],[-80.711567530597065,37.771356663487119],[-80.711957943319604,37.771393389201037],[-80.712337772817634,37.771429800265935],[-80.712468476845473,37.771442330367812],[-80.712516892536584,37.771444850515124],[-80.712708770730501,37.771454840028007],[-80.713069280836237,37.771455716577833],[-80.713324822620834,37.771408642344859],[-80.713805731137384,37.771350192414651],[-80.714346813256526,37.771268042818647],[-80.71469243675557,37.771233104832142],[-80.71545860910733,37.771211111041829],[-80.715939285509123,37.771212270704964],[-80.716449910454656,37.771237347659834],[-80.71676521922592,37.771273880317082],[-80.717035465480478,37.771310302131653],[-80.717305889056476,37.771299025773303],[-80.717651697259129,37.771216386075388],[-80.717967591920313,37.771097904792434],[-80.718433923865931,37.770920163328832],[-80.718735205072136,37.770694332706611],[-80.718976401345557,37.77046835442583],[-80.719217544226751,37.770254305418376],[-80.719444076189276,37.76993289793792],[-80.719730510844229,37.769659333183085],[-80.720031868344989,37.769409654872447],[-80.720227769186053,37.769243183439194],[-80.720498860245087,37.769053048243826],[-80.720724621769463,37.768934345693715],[-80.721040636219087,37.768780086490494],[-80.721341366173817,37.768697330989916],[-80.721732120600294,37.768638633628491],[-80.722062798478262,37.768579796899544],[-80.722423605753477,37.768497183012443],[-80.723100111290975,37.768343762323177],[-80.723626455182853,37.768178064776727],[-80.723972546460487,37.768011944607991],[-80.724408982377923,37.767786415815884],[-80.724724987745276,37.767632145759997],[-80.725025968225438,37.76747783708943],[-80.725402450688165,37.767216390264593],[-80.725839096566673,37.766931236796175],[-80.726064887131685,37.76680059951034],[-80.726380704608744,37.766694020762984],[-80.726576320671171,37.766599084142904],[-80.727012738140331,37.766373545585473],[-80.727268606335059,37.766231052939759],[-80.727961281656476,37.765755700662602],[-80.72848824576856,37.765411129496037],[-80.729045506555579,37.764995076741762],[-80.729422222938879,37.764662076703061],[-80.729618262721587,37.76444789805398],[-80.729843908990816,37.764353024852696],[-80.730054311658336,37.764317732552399],[-80.730339989516494,37.764234924909836],[-80.730611039887492,37.764044762522921],[-80.730852001071256,37.763866455302868],[-80.731062968817369,37.763676160035061],[-80.73128903889085,37.763462045282935],[-80.731454900982385,37.763283566450625],[-80.731545536455684,37.763140688684928],[-80.731621494704925,37.762902384905644],[-80.731803536435208,37.762402000302153],[-80.731849586267984,37.762127856528515],[-80.731869921617388,37.762043109835894],[-80.731895333348788,37.761937179150401],[-80.73195600861294,37.761770386539929],[-80.732046644669808,37.761627507447805],[-80.732438949592122,37.761127599619172],[-80.732614824244635,37.760988766719422],[-80.73298117897977,37.760699571024297],[-80.733176986126523,37.760545004749758],[-80.733553058067656,37.760378920409451],[-80.733959084889392,37.760236756034644],[-80.734635574567648,37.760059424183808],[-80.73540200650109,37.759929985791871],[-80.736017950486229,37.7598836707744],[-80.736558629038399,37.759884883309887],[-80.7370091956697,37.759885888709285],[-80.737414790642291,37.759862943149422],[-80.737865734719179,37.759756634420093],[-80.738392317615563,37.759495483893176],[-80.739821611624308,37.758783214269471],[-80.740197830078827,37.758569419871925],[-80.740393612101201,37.758414840563553],[-80.740484224438319,37.7582719521141],[-80.740634992902272,37.758105355049437],[-80.740845834936721,37.757938882687043],[-80.741341982169374,37.757784963676436],[-80.741687737951779,37.75769033117966],[-80.742123937735272,37.757500507479143],[-80.742515118782237,37.7572986583789],[-80.742936579210436,37.757025327739981],[-80.743343556263824,37.756596960459724],[-80.74362997155832,37.756287564047341],[-80.743841175127329,37.756013777972015],[-80.744308542051854,37.755490143143717],[-80.744850993011411,37.75496667348331],[-80.745137107144316,37.754740738089311],[-80.745240280011117,37.754659264111922],[-80.745310202300359,37.754594021368604],[-80.745342084771067,37.754533725792697],[-80.745355013369661,37.754458299266986],[-80.745363574415848,37.754344560575774],[-80.745658228603247,37.753865462700531],[-80.745835669344189,37.753678674413713],[-80.745839087253472,37.753675073778069],[-80.746154864911915,37.753556514347807],[-80.746315508706672,37.753516618744513],[-80.746440444054528,37.753485587255909],[-80.746813783230138,37.753376710235848],[-80.7468463274774,37.753367223386512],[-80.746889343341962,37.75335955716146],[-80.747176913295021,37.75330831210038],[-80.747214882213171,37.753296921468362],[-80.747492611904235,37.753213597981173],[-80.747783632996317,37.753133925610392],[-80.747838335248929,37.753118945452215],[-80.748229074827719,37.753036318925702],[-80.748499507131285,37.753001122685802],[-80.748694618764759,37.753037311584407],[-80.74891960062071,37.753121255644565],[-80.749114541517201,37.753205138035725],[-80.74939967756039,37.753265362836757],[-80.749864817010348,37.753385590899185],[-80.75028503172031,37.753469948334256],[-80.750735156509165,37.75359013754322],[-80.751020012245348,37.753733829601543],[-80.751289735301228,37.753913256342635],[-80.751559337780421,37.754128453118305],[-80.751963818928729,37.754427400456578],[-80.752218522367656,37.75460679164528],[-80.752713081934559,37.754917849372632],[-80.753072997777807,37.755073613041731],[-80.753298146879914,37.755109854541338],[-80.753523414869846,37.755110325856101],[-80.75361267357566,37.755075127349954],[-80.753673789670614,37.755051024765415],[-80.753854991979182,37.754753303440559],[-80.754187083264981,37.754241275663802],[-80.754700085526295,37.753514992668379],[-80.755122348900684,37.752979299786674],[-80.755318438603297,37.752717381548102],[-80.755484143950113,37.752562715408352],[-80.75560487212492,37.752384108493764],[-80.755635297465247,37.752264932464257],[-80.755696112040496,37.752038507546175],[-80.755771981344807,37.751800191043181],[-80.755862715013748,37.751609594434129],[-80.755998531460477,37.75140717105041],[-80.756179366771875,37.751216764283747],[-80.756450415218794,37.750990770946331],[-80.756616148852459,37.750824182279104],[-80.756721858054419,37.750645543145339],[-80.756752789419068,37.75037136134786],[-80.756753570061719,37.750132883739106],[-80.756799245718497,37.749942196955523],[-80.756889815013835,37.74979929643974],[-80.757205635478897,37.749656860069841],[-80.75839328225139,37.749253893850117],[-80.759099647251091,37.749076482253557],[-80.759475149472607,37.749053400931501],[-80.759835433210228,37.749089908351323],[-80.760195636959637,37.749150258199187],[-80.760585848411765,37.749222597861248],[-80.760826115208943,37.749223085659402],[-80.761036461710603,37.749187738660424],[-80.761307147850147,37.749069050658946],[-80.761487616046296,37.748985948646705],[-80.761728647855989,37.748747960459475],[-80.762014575697123,37.748557754323329],[-80.762150259848639,37.748391096202141],[-80.762316283431744,37.748129103587331],[-80.762603004977734,37.74768850451742],[-80.762844253899871,37.747378969803414],[-80.763131087977499,37.746902591439309],[-80.763477828176804,37.746474031686098],[-80.763764197594611,37.746140737335892],[-80.764306441122415,37.745617172090704],[-80.764999630284549,37.744843511221262],[-80.765587279462622,37.744200792963881],[-80.765933843790961,37.743819919144201],[-80.766446065246313,37.743284364128776],[-80.766762139111066,37.743046511333773],[-80.767077949391066,37.742892126402722],[-80.767378557680914,37.742797330737147],[-80.767648908857836,37.742774015740402],[-80.767888934927527,37.742846031518603],[-80.768173855108699,37.742965828862481],[-80.76851854259985,37.743181137613178],[-80.768998224421651,37.743444401931157],[-80.769268248882355,37.743528394641388],[-80.76970333259699,37.743648488438275],[-80.770078501247497,37.743720762816558],[-80.770213089764042,37.743766876702509],[-80.770288497317082,37.743792715123057],[-80.77049838788362,37.743900437833823],[-80.770776055555856,37.744075390418196],[-80.770783132469745,37.74407984952758],[-80.770993094637618,37.744163724171599],[-80.771173213149126,37.744187924006404],[-80.771443568249396,37.744164597620284],[-80.771894555329609,37.74399853728012],[-80.772390800176055,37.743761020636896],[-80.772931982156408,37.743559363059596],[-80.773217611308482,37.743452596381879],[-80.773488289003609,37.743321955655681],[-80.773788929509678,37.743215217334395],[-80.773984418903183,37.743120201230902],[-80.774105014779664,37.742965422975537],[-80.77436125645032,37.742643967620943],[-80.774557399100274,37.742334327635021],[-80.774798475904205,37.742060536949175],[-80.775054492659692,37.741810626106933],[-80.775686606901147,37.741322952254293],[-80.776167918016867,37.741049620137659],[-80.776513843343835,37.740859494209111],[-80.77684485152156,37.7406335680095],[-80.777130996663217,37.740347937704321],[-80.777372127803275,37.740050299811458],[-80.77764321837931,37.739776558058189],[-80.778018910565507,37.739669954915819],[-80.778544359230139,37.73969478970394],[-80.778994838031721,37.739683712400129],[-80.779280403678186,37.739588857187208],[-80.779445922658226,37.739469927577623],[-80.779641820271451,37.739231815997989],[-80.779898095705633,37.738886503776214],[-80.780063786245634,37.738707954331602],[-80.780154474542954,37.738505418341411],[-80.780215201884047,37.738278978163756],[-80.780185772556706,37.73807621810986],[-80.780051628209478,37.737742100464217],[-80.780046590210631,37.737729419285117],[-80.779979027873196,37.737559406277207],[-80.779842982593024,37.737217063800351],[-80.779708946184442,37.736847172184937],[-80.77963514598801,37.736417776428645],[-80.779636170918351,37.736071983548477],[-80.77971201991663,37.735809801665894],[-80.779892997939768,37.735535892387553],[-80.780119090896065,37.735238217813865],[-80.780240015878093,37.734964192335568],[-80.780345708166308,37.734761685836197],[-80.780346310415254,37.734558981658367],[-80.780256895030149,37.734332260536952],[-80.78009297694139,37.733914619641816],[-80.779958669669696,37.733640119781143],[-80.779914507252371,37.733341944326732],[-80.779885752437863,37.732912628960058],[-80.779871268685156,37.732733742121773],[-80.779781788552569,37.732530870530098],[-80.77967775279113,37.732172961027423],[-80.779603395210827,37.731934348285648],[-80.779559166787649,37.73166001445955],[-80.779605338990066,37.731278535551425],[-80.779741514904771,37.730921074882666],[-80.779907787925026,37.7305398219466],[-80.780118890341114,37.73023019452075],[-80.780344823000462,37.729980216395901],[-80.780450405645979,37.729813481394949],[-80.780450897369278,37.729646543410375],[-80.780391550084275,37.729407955412043],[-80.780347288375765,37.729145551702764],[-80.780243148849237,37.728823410680405],[-80.780093977639638,37.728501190062943],[-80.780004779591792,37.728202923156992],[-80.779975746141488,37.727869000993259],[-80.77997659390158,37.727582834770772],[-80.780037805295294,37.727189459793792],[-80.780083439868207,37.726986839372451],[-80.780219186105896,37.72677245965285],[-80.780686254406547,37.72620098383377],[-80.781484697047262,37.725248558746564],[-80.781997197933251,37.72453407462578],[-80.782174228316705,37.72428771125977],[-80.782547845044675,37.723926972785968],[-80.782818684595355,37.723712843554743],[-80.783074296911678,37.723570226102453],[-80.783198714336137,37.723511778333581],[-80.783630492267548,37.723308921279227],[-80.784090200599394,37.72315955009136],[-80.784396803554088,37.723059924674523],[-80.785012619526881,37.722941810405118],[-80.785613494459724,37.722799821034783],[-80.786004133848536,37.722681290079052],[-80.786349806953027,37.722538833435223],[-80.786515170527338,37.722455664336543],[-80.786861185555821,37.722193962508456],[-80.787358023310077,37.721682132078023],[-80.78789961718067,37.721265775123271],[-80.788621537144266,37.720778192317077],[-80.789057301776637,37.720623962748896],[-80.789643200223608,37.720458074022304],[-80.790259190420244,37.720268389389197],[-80.791085694214132,37.719947910292113],[-80.791596399534214,37.719829577023312],[-80.792212376185176,37.719639881227167],[-80.792738186725828,37.719485793970335],[-80.793188710403086,37.719415041032889],[-80.793698974353674,37.719451708870729],[-80.794029213379346,37.719452286275548],[-80.794389604211077,37.719405221382075],[-80.794615030311917,37.719310220974172],[-80.794825539439771,37.719179425729436],[-80.795036316321685,37.718953237231496],[-80.795261770763332,37.718846316416013],[-80.795577157119524,37.718787244200726],[-80.796147592686836,37.718776306381521],[-80.796598075141588,37.718717465847142],[-80.797393870079588,37.718635370077166],[-80.797829369340505,37.718564572662928],[-80.799150849397037,37.718364127211053],[-80.799931621826119,37.718281985100383],[-80.800502086073422,37.718259106140728],[-80.801162743902609,37.718188678986238],[-80.801733363714447,37.718106169421766],[-80.80231896652343,37.718035611343964],[-80.802769281661497,37.718036365531432],[-80.803159553430731,37.718037018668369],[-80.803549574463759,37.718133058955381],[-80.803834427684492,37.71826469777919],[-80.804059050951508,37.718467776343374],[-80.804289858789843,37.718709459770388],[-80.804298562655433,37.718718574064809],[-80.804336471959616,37.718765110556603],[-80.804493077030102,37.7189573765679],[-80.804693328918091,37.719218895498067],[-80.804986740188127,37.719602083951109],[-80.805166184847806,37.719864704213364],[-80.805240581388674,37.720115231494162],[-80.805299159665566,37.720675751903137],[-80.805358018480987,37.721128953858113],[-80.805402611089093,37.721295963074326],[-80.805596822968823,37.721654000298017],[-80.805648372111307,37.721758073696293],[-80.805880543107747,37.722226812320919],[-80.805917283435051,37.722280581341529],[-80.805940229491753,37.722314163060652],[-80.806059997212969,37.722489433835811],[-80.806419402316649,37.722823895654642],[-80.806734176065419,37.723003270460737],[-80.806837327457757,37.723028665973295],[-80.806993565180505,37.72306712928907],[-80.807124228915455,37.723099297124826],[-80.807206919843537,37.723096380472775],[-80.807378025808276,37.72309033822512],[-80.80776978455475,37.723076504081128],[-80.808310169689165,37.723089310381972],[-80.808850368900451,37.723173656169642],[-80.80963069426393,37.723282231290582],[-80.810275827258707,37.723426357595585],[-80.810511903885555,37.723529134810327],[-80.810605719925178,37.723569975258421],[-80.81095056014648,37.723737464287936],[-80.810973316544164,37.723748513241581],[-80.811295405334548,37.723904949609619],[-80.81149028586708,37.724012576574623],[-80.811775265087093,37.724108422490318],[-80.812075410608571,37.724144673346551],[-80.812600880663695,37.724121664180757],[-80.813096359628034,37.724086676011204],[-80.813621947360105,37.724015964936434],[-80.813907470882299,37.723897177979126],[-80.814523693600236,37.723600050902483],[-80.815154923885274,37.723302945918689],[-80.815876218022126,37.723005979130939],[-80.815978078633862,37.722959954854566],[-80.816191811015116,37.722863384343064],[-80.816462518467446,37.722661101171916],[-80.816853340999273,37.72244707941455],[-80.817078951955338,37.722268566764775],[-80.817560253497973,37.721887749186891],[-80.818206757303983,37.721471414225448],[-80.818537352561975,37.721328834439767],[-80.820039950780526,37.720856862323288],[-80.820476027747617,37.720708238684026],[-80.820535391637506,37.720688004935013],[-80.820716368533084,37.720556255911831],[-80.820911331671283,37.720414326580396],[-80.821031934220514,37.720199878276425],[-80.821033819263775,37.720194554266747],[-80.821213297513921,37.71968742540183],[-80.821254696777245,37.719341079268737],[-80.821274571832561,37.719174792016744],[-80.821245324360959,37.71885280359465],[-80.821126158125637,37.71847105834366],[-80.821097197725464,37.718382534233648],[-80.820962244610158,37.717970005068281],[-80.820933112605289,37.717600321783728],[-80.820934146915477,37.71717106205967],[-80.820905791464739,37.716479433886164],[-80.821057067072005,37.715990784469184],[-80.821494279422254,37.715192545722807],[-80.821614875174319,37.714978095710215],[-80.821871182678748,37.714501526811219],[-80.822203450604178,37.713643507054549],[-80.822339874496635,37.713083290042483],[-80.822415806550922,37.712713763275566],[-80.82255185973986,37.71230855302521],[-80.822747515945906,37.71208229365272],[-80.822958074476105,37.711903751267577],[-80.823303768684539,37.711701565425905],[-80.823724337567327,37.711571031146448],[-80.824505153953368,37.711429108381978],[-80.825255950647929,37.711287134150069],[-80.825691494757606,37.7111685432766],[-80.826037064388871,37.711014040548591],[-80.826292863486316,37.710740169896489],[-80.826383336001498,37.710561443460215],[-80.826426563981485,37.710274100726203],[-80.826442200918649,37.710170161242672],[-80.826444315539874,37.710156118876355],[-80.82655065718248,37.709607775177368],[-80.826761916732039,37.709119206944571],[-80.827063145319144,37.708666541512166],[-80.827439077785087,37.708357070455477],[-80.828175597041437,37.707881186366855],[-80.828686599156484,37.707571907135389],[-80.828851972515722,37.707452908934528],[-80.829077640399333,37.707214762256477],[-80.829213233346607,37.706988400335796],[-80.829258811458232,37.70674998959764],[-80.829184424726563,37.706463708306778],[-80.829125048746405,37.706177446005988],[-80.829125758231299,37.705867425055871],[-80.829216329689118,37.705641002331348],[-80.829366930477363,37.705414666413276],[-80.829653337688939,37.70486657898369],[-80.829848820942672,37.70469992871287],[-80.830149354108713,37.704533423172009],[-80.830825278980356,37.70428399608884],[-80.831591185716533,37.704058537567683],[-80.832492342606599,37.703749799093174],[-80.833048163448709,37.70351210508332],[-80.833318671120054,37.70334555611371],[-80.833664456203863,37.703071792623128],[-80.833889944817415,37.702905177010358],[-80.834145628300874,37.702655133535281],[-80.834401207358283,37.702452787078876],[-80.8347616979988,37.702310203205805],[-80.835077200302891,37.702155633356249],[-80.835317633890881,37.702012882498281],[-80.835513146277719,37.70182237255645],[-80.835618566417182,37.701655587846759],[-80.835649160727442,37.701393301485034],[-80.835680175934101,37.700940237332325],[-80.835666092632309,37.700522877971629],[-80.835711952754693,37.700141374298042],[-80.835832510464954,37.699914988920874],[-80.836087862085122,37.699808028485883],[-80.83643299403559,37.699820433298804],[-80.836973028441761,37.69991657396438],[-80.83742307857942,37.69998873609488],[-80.837768320085672,37.69995343939712],[-80.83812881811663,37.699798923201953],[-80.838354338609335,37.699608451457657],[-80.83858010741956,37.699298738370736],[-80.838670617379705,37.699084229973899],[-80.838866299812096,37.698810248240385],[-80.839106815010751,37.698619792805367],[-80.839287205137651,37.698476951808765],[-80.839452664242643,37.698298318906119],[-80.839498120229905,37.698095674053874],[-80.839477498774315,37.697928937682377],[-80.8394538727607,37.69773789540438],[-80.839409598859021,37.697392039547609],[-80.83941900727315,37.697333045526847],[-80.839455235519139,37.697105927645673],[-80.839606015652663,37.696772260992368],[-80.839996870855742,37.696450846593784],[-80.840643308864884,37.695903221291992],[-80.841154685744925,37.695355408729689],[-80.841380410237022,37.695057612846803],[-80.841666460779038,37.694616814046846],[-80.841670729427079,37.694592675690757],[-80.841726869806891,37.694275426692478],[-80.841742402214294,37.694187651097124],[-80.84184921237734,37.693353121081969],[-80.841879834138282,37.693066983390153],[-80.841805361652888,37.692804560408121],[-80.841715762335681,37.692601733251323],[-80.841460997482471,37.692446377397822],[-80.841435611669922,37.692421792667425],[-80.841251356393485,37.692243388432111],[-80.841071930168127,37.691945048677525],[-80.84074260510377,37.691574960011067],[-80.840533117089493,37.69130042636553],[-80.840420063278842,37.69103945819397],[-80.840398736136464,37.690990220863746],[-80.84035446173975,37.690644366766904],[-80.840400321660098,37.690250941325424],[-80.840505888627945,37.69000067839994],[-80.84082165926992,37.689691082170683],[-80.841197438605477,37.689381566801387],[-80.84152789806754,37.689215077447606],[-80.841903468436257,37.689000949801226],[-80.842173910353509,37.688834375444365],[-80.842399407920922,37.688631969048238],[-80.842520051498411,37.688345955733794],[-80.842595955152831,37.687928718208113],[-80.842596862363365,37.687499458542867],[-80.842552528231522,37.687177449853216],[-80.842522796251316,37.687046244867808],[-80.842613124121016,37.686903279976349],[-80.842763646140114,37.686676927851387],[-80.84294422542014,37.686426765271939],[-80.843004668453943,37.686224134996621],[-80.843125153953693,37.686009666183928],[-80.843185669192891,37.685771266323393],[-80.843231085563247,37.685580544225687],[-80.843231612597634,37.685330139871425],[-80.843172073611228,37.685103504134084],[-80.843037616224834,37.684829075297237],[-80.842977976537881,37.684650138092238],[-80.842918541715676,37.684375804457382],[-80.842948953281777,37.684185064239188],[-80.843144402627161,37.683994540021146],[-80.843490238095157,37.683637278390762],[-80.843926068481935,37.683292063157879],[-80.844271494682147,37.683125583916919],[-80.844647003832421,37.6829233691913],[-80.844932570776081,37.682685269949168],[-80.845368408003893,37.682328120120857],[-80.845684120165302,37.682018513047879],[-80.846059795791561,37.68173282648992],[-80.846510384945319,37.681494935049379],[-80.846991416730361,37.681042448432365],[-80.847277181042514,37.680697024046538],[-80.847503301353996,37.680172663880896],[-80.847684675512951,37.679517078186514],[-80.847861944070743,37.678977249346325],[-80.847896030356637,37.67887345371183],[-80.847913092163992,37.678851838183284],[-80.848121654591367,37.678587567700951],[-80.84849739712935,37.678254181647695],[-80.849098125973796,37.677944930972323],[-80.849893927264304,37.677612074425916],[-80.850389223374535,37.677505385865892],[-80.850554364311108,37.677445972579669],[-80.85067472049387,37.677279191681492],[-80.850705134277561,37.677076524503882],[-80.850705391506608,37.676947586512711],[-80.850705611007015,37.676838042578353],[-80.850551477224329,37.676499467643922],[-80.850526376267425,37.676444322568372],[-80.850421813017874,37.676217634868443],[-80.850422388648042,37.675931461388927],[-80.850498472154058,37.675394977230738],[-80.850589485564115,37.674894286938525],[-80.850635618358794,37.67433391972196],[-80.850681075742571,37.674107422062221],[-80.850861452412403,37.673928788521003],[-80.851161774695626,37.673786078475018],[-80.852152234351436,37.673608466034651],[-80.853802971915982,37.673324346674001],[-80.855063658770419,37.673039729127858],[-80.855544074306209,37.672849534680637],[-80.856159890384262,37.672456792211854],[-80.856791048142966,37.671885211401552],[-80.858128656363576,37.670575187486065],[-80.858624367877638,37.670218062528853],[-80.859270014364242,37.66989688412778],[-80.860125575826501,37.669623651106583],[-80.861191231564291,37.669302964886853],[-80.861761478644866,37.669184390910772],[-80.862031757819125,37.669041621429635],[-80.862317078176815,37.668875016718879],[-80.8625082191801,37.668822419345538],[-80.862662271488048,37.668780027621921],[-80.863097329106708,37.668756686628662],[-80.863240894486026,37.668737838501826],[-80.863367408583457,37.668721223799864],[-80.863742551312697,37.66865011749092],[-80.864072740293224,37.668555105123488],[-80.864162918540757,37.668459818371879],[-80.864133242799682,37.668280922233386],[-80.863998847079998,37.667946898286793],[-80.863924256159621,37.667720254958233],[-80.863969562533327,37.667553369068116],[-80.864224938923925,37.667350955461067],[-80.864420136719218,37.66724386459957],[-80.865035626777356,37.666982241637932],[-80.865621175904735,37.666684812545775],[-80.86619156607405,37.666470826567519],[-80.867032257916122,37.666090209149409],[-80.867437701731419,37.66584026135542],[-80.867693126340029,37.665602067812941],[-80.867903590167856,37.665339976591603],[-80.86838462047109,37.664756237267319],[-80.868910685862559,37.664148698297275],[-80.869136203513364,37.663850850014775],[-80.869241452651806,37.663707877047898],[-80.869316677240022,37.663576795464948],[-80.869316908313778,37.663445635276631],[-80.869242519373572,37.663099753333874],[-80.869198086512824,37.662777755835926],[-80.869198442195781,37.662575048206968],[-80.869258773414614,37.662384330003263],[-80.869274108228936,37.662193561002574],[-80.869274357233621,37.662050918617076],[-80.869274463694524,37.66199085515558],[-80.869094973251649,37.661704481141186],[-80.868947925276274,37.661516860497692],[-80.868945317734827,37.661513529848449],[-80.868891675427548,37.661424042754923],[-80.868780808729369,37.661239095823575],[-80.868759958178657,37.66104532298413],[-80.868751293801552,37.660964808232308],[-80.868781690230747,37.660738284469453],[-80.868857023151747,37.660547588506418],[-80.869112570461027,37.660225921259531],[-80.869217915692417,37.66002332818892],[-80.869338451561447,37.659713438111389],[-80.869518915613639,37.659439385744683],[-80.869684025549674,37.659368025169954],[-80.869969105734626,37.65930871691387],[-80.870314203541966,37.659237554623608],[-80.870809572382626,37.658999618492061],[-80.871935556446672,37.658368873188131],[-80.872085828211297,37.658202096904155],[-80.87226613776896,37.658011509755866],[-80.872446380674944,37.657856692007876],[-80.872731541112827,37.657749683533282],[-80.873316497382703,37.657738390234677],[-80.873616522809769,37.657702939599602],[-80.874036701265481,37.657572224838191],[-80.874562006677337,37.65735815163351],[-80.875042250401279,37.657179799015765],[-80.875537374968232,37.657073008672455],[-80.875822343589633,37.657073309899189],[-80.876197237722977,37.657109475510921],[-80.876313284536892,37.657113146730552],[-80.876587173162605,37.657121807959598],[-80.876604306000587,37.657119102928235],[-80.876887218794792,37.657074427869816],[-80.877083491557428,37.657000370971637],[-80.877202378798287,37.656955510608881],[-80.877592646389687,37.656765135444616],[-80.87797172608812,37.656584838835826],[-80.87805322797783,37.656546075269709],[-80.878193041417717,37.65647958078879],[-80.878643332127908,37.656265410070574],[-80.879093645253306,37.656039316493981],[-80.879378918594441,37.655848824118884],[-80.879724353520913,37.655551076780014],[-80.879979854881768,37.655217463568093],[-80.880205054489196,37.655074604366874],[-80.880625262771645,37.654908092709739],[-80.883265814385183,37.654314535028263],[-80.883460860958877,37.65426703063018],[-80.884181119967565,37.654029261849736],[-80.885443343578089,37.652456519151791],[-80.885353650716695,37.65226565017776],[-80.885144204568618,37.651931569194502],[-80.884814890624028,37.651525831249202],[-80.883961053378059,37.650881095725907],[-80.881144556953018,37.64903006399711],[-80.881114322701762,37.649010783542316],[-80.880470397380279,37.648600118973413],[-80.880006194390361,37.648170382008928],[-80.87942222011155,37.647621280293855],[-80.879032757038544,37.647346627074164],[-80.878733101992907,37.647179386090791],[-80.878463345477002,37.647071790016334],[-80.877998616319672,37.646975920237992],[-80.877881095329755,37.646950998175939],[-80.877264056184273,37.646820143429743],[-80.876889169336607,37.646807828940304],[-80.876529521128319,37.646652441801905],[-80.876050252367278,37.646282293668754],[-80.875720816417783,37.645995770444507],[-80.875556259111676,37.645757113127679],[-80.875483568913864,37.645623244557491],[-80.875361908374074,37.645399187123687],[-80.875212485412703,37.645077079945544],[-80.875153061661891,37.644743146661],[-80.875108395517927,37.644552311003217],[-80.875003804161111,37.644325643812017],[-80.874854149364623,37.644146625150334],[-80.874510068512379,37.643657371526217],[-80.874187001831018,37.643181589130961],[-80.87416383253003,37.643147457556168],[-80.874121148383992,37.643084602751493],[-80.87386677032184,37.642762383522218],[-80.873657343927889,37.64246405513633],[-80.873492839154949,37.64220155250451],[-80.873328274805857,37.641974816716122],[-80.873253500058837,37.641855497559945],[-80.873220632491453,37.641831911017711],[-80.873103732718747,37.641748017095999],[-80.872713977707662,37.641676053928855],[-80.872414159092443,37.641628036340649],[-80.87212930857018,37.641591951790332],[-80.871844400264806,37.641591644454984],[-80.871589443056763,37.641615214101144],[-80.871334484544832,37.641638789504086],[-80.870764583850118,37.641685860346385],[-80.870104608858355,37.64179245052415],[-80.869774529824653,37.641899403409283],[-80.869549474120333,37.641970698084634],[-80.869294556688544,37.641970415043858],[-80.869069710719472,37.641922470192888],[-80.868859928578544,37.641838770906389],[-80.868425380462071,37.641659427913524],[-80.868110545296759,37.641623302020882],[-80.867690681338217,37.641622831006515],[-80.86707579367031,37.641669836272904],[-80.866775889045243,37.641669498899162],[-80.866431024330566,37.641657186887514],[-80.865966262204765,37.641608961555924],[-80.865441516446467,37.641560668700144],[-80.865171667914595,37.641524588969432],[-80.86491674978555,37.641524296469925],[-80.864676677444422,37.641607485837618],[-80.864436451747977,37.641774149840082],[-80.86413628501532,37.64191689206146],[-80.863836274015526,37.641976166510126],[-80.86352135137605,37.641987728313474],[-80.863311397127944,37.641999409134613],[-80.863176570967966,37.641927710450688],[-80.863041984739425,37.641724843760123],[-80.862978320557531,37.641636796828848],[-80.862817628218181,37.641414556700717],[-80.862738682455898,37.641336599541937],[-80.862503303431822,37.64110416798848],[-80.862203818467108,37.64087726025344],[-80.861964121387473,37.64075774029569],[-80.861649406036193,37.640661977871716],[-80.861139661127723,37.640613680767878],[-80.860884748417803,37.640613381367942],[-80.860629767747852,37.64064885569865],[-80.86029976959847,37.640708082135951],[-80.859909853378056,37.640731467565054],[-80.859625058414707,37.640671510529025],[-80.859100552044211,37.64050394729226],[-80.858815826300088,37.640408216726208],[-80.858636139696756,37.640276837012898],[-80.858615130924392,37.640238492078446],[-80.858531536555375,37.640085928546263],[-80.858531965020106,37.639859369800028],[-80.858532326781486,37.639668584430559],[-80.858457807650041,37.639430012791252],[-80.858299650092405,37.639099592799276],[-80.858263646035368,37.639024362082772],[-80.857530268059421,37.637923930099397],[-80.857516054699744,37.637902601537803],[-80.85693257568434,37.637222221911941],[-80.856573857777036,37.636625584532702],[-80.856527506196969,37.636578701499808],[-80.855735822231608,37.635777952805697],[-80.855331544507806,37.635491280700229],[-80.854895501231951,37.635216646162029],[-80.854762472291682,37.635132861079555],[-80.854088699211346,37.634643143691541],[-80.854067134522424,37.634629687877279],[-80.853265053258013,37.634129384727366],[-80.852830782587461,37.633854588780025],[-80.852531379703152,37.633615734268218],[-80.852411810467487,37.633424800573245],[-80.852388047360918,37.633261971625849],[-80.852382220358791,37.633222053657924],[-80.852397734732946,37.632959742759354],[-80.852518480325671,37.632554473912442],[-80.852623805098503,37.632157391503434],[-80.85265443290848,37.632041908785482],[-80.852714829649571,37.631827353048173],[-80.852625318153088,37.631600681715824],[-80.852475743695507,37.6314216353462],[-80.85210129074504,37.63123038050842],[-80.851546976930365,37.631015051411822],[-80.851022672227927,37.630787834596561],[-80.850828122842628,37.630608724817101],[-80.85055887022709,37.630298359866742],[-80.850540612276916,37.63024354752632],[-80.850439643596815,37.629940486219283],[-80.85047003602007,37.62973781562691],[-80.850830196289394,37.629571335906782],[-80.851160248850164,37.629464434839903],[-80.851895437329688,37.629191104657636],[-80.852435524141569,37.629012920011981],[-80.852780448989805,37.628965651638623],[-80.853455046326715,37.629002269437471],[-80.854039755367126,37.629002992382418],[-80.854369689045157,37.628955703520937],[-80.854774769801111,37.62881311227504],[-80.855060044779904,37.628598831775761],[-80.855495332047639,37.628337035144476],[-80.855735538835489,37.628170389825485],[-80.855990617168473,37.628063388927892],[-80.856290649519053,37.627968358034835],[-80.856515650348584,37.627909014104304],[-80.856710962949037,37.627694618339973],[-80.857011424649642,37.627373030897694],[-80.857236832509912,37.627099048439256],[-80.857597081012116,37.626872927604637],[-80.858152179292802,37.626670886083176],[-80.859142085478055,37.626445515769284],[-80.859382094935498,37.626374258550101],[-80.859487333229495,37.626219370321621],[-80.859592701132485,37.62599293595315],[-80.859713245085103,37.625671128197503],[-80.859893505061549,37.625480557007208],[-80.860133842440661,37.625230435374391],[-80.860224131733546,37.625051681802262],[-80.860269483730065,37.624849025311626],[-80.860224845078875,37.624670112772023],[-80.860165277625953,37.624455409862719],[-80.860016212472473,37.624002116082551],[-80.860031652149502,37.623763653299456],[-80.860107054653341,37.623525260707055],[-80.860287469169592,37.623251222478352],[-80.860557778151829,37.623001134461916],[-80.860932879168558,37.622834637717645],[-80.861142734364364,37.622846808775265],[-80.86151720942307,37.623014188260591],[-80.861846732276376,37.623169588208675],[-80.862266250327067,37.623301243570481],[-80.862505961203752,37.623384990575722],[-80.862685817126831,37.623409049653766],[-80.862865692811042,37.62342118095421],[-80.863060582840745,37.6234214063861],[-80.863180645327631,37.623350003934888],[-80.863976538516354,37.622611629199298],[-80.864171840913343,37.622385296928705],[-80.864232042608293,37.622254200348806],[-80.86422295924865,37.622120667910835],[-80.864221876578625,37.622104725436159],[-80.864217444206815,37.622039549318067],[-80.864157891304828,37.621812923511769],[-80.864158127704158,37.621681757909549],[-80.864233471547337,37.621467210366539],[-80.86429383317018,37.621252649143479],[-80.864519147988048,37.621002499296175],[-80.864819335451955,37.620800132312397],[-80.865329502215843,37.620538387451866],[-80.865629751130342,37.620300248477157],[-80.865825060490181,37.620061986748446],[-80.866080546979958,37.619704554608141],[-80.866381171993751,37.619251780671554],[-80.866441475052454,37.619061062451884],[-80.86641181426269,37.618882166315025],[-80.866367205960799,37.618679406278396],[-80.866083326192381,37.618154425161663],[-80.865843948295392,37.617891822244964],[-80.865823000659375,37.61787510906894],[-80.865454761379127,37.61758135328958],[-80.865185341697511,37.617354486559158],[-80.864961028754223,37.617056128129008],[-80.864890961741466,37.616847921236946],[-80.864856655324758,37.616745980939633],[-80.864842208373645,37.616447860608396],[-80.864857971754077,37.61601861426788],[-80.864869661523173,37.615846679245173],[-80.86487118533914,37.615824250937699],[-80.864888772347243,37.615565530927711],[-80.864964045438384,37.615386758026048],[-80.865324599955756,37.61494597623696],[-80.865684998945341,37.614588663412434],[-80.866135245595757,37.61427914988068],[-80.866345481987594,37.614064751845937],[-80.866480712076751,37.61388604221257],[-80.866601180826322,37.6135761496746],[-80.866751695405853,37.613230525409058],[-80.866827130657569,37.612956352674146],[-80.866872590491013,37.612682151474573],[-80.866872970834265,37.612467518216782],[-80.866843331708921,37.612276698069678],[-80.86694845074777,37.612169497529628],[-80.867278273949623,37.612134099798304],[-80.867728101327458,37.612051135426199],[-80.868507663208888,37.611980462947223],[-80.868897447573985,37.611945121174273],[-80.869347206051188,37.611897923286008],[-80.869886961179347,37.611815052909158],[-80.870321854679389,37.611696288536258],[-80.870711883287711,37.611517856387763],[-80.871041892839401,37.611375125606678],[-80.871177016613714,37.611244107069922],[-80.871612602813613,37.610719921764762],[-80.871822936243433,37.610433970238006],[-80.87192837155753,37.610135985988357],[-80.871958799659538,37.609873684910205],[-80.871884553397095,37.609468184624461],[-80.871811512754675,37.609310642282068],[-80.871735216921351,37.609146070334141],[-80.87146593612043,37.608847675870834],[-80.871286441161828,37.608632844600955],[-80.871286710550038,37.608477835319292],[-80.871353026648947,37.608412064949455],[-80.871466878889436,37.608299169690483],[-80.871751863759997,37.608180234792947],[-80.871841998835677,37.60806109227638],[-80.871842203431939,37.607941849359563],[-80.87172268710431,37.607715159884819],[-80.87158814127848,37.60751230454111],[-80.871363727224022,37.607273577449774],[-80.871214356233324,37.606975313863877],[-80.871065154490836,37.606581656808544],[-80.87106558672383,37.606331246084416],[-80.87111092175742,37.606116664380757],[-80.871246228776982,37.605878329321996],[-80.871306546210391,37.605663758462292],[-80.871336833118733,37.605484931210412],[-80.871322212893659,37.605270282212977],[-80.871322663649764,37.605007948393691],[-80.87135303012208,37.604781425365189],[-80.871413471767582,37.604495311684744],[-80.871458887887641,37.604233026812913],[-80.871474309531592,37.603982640423283],[-80.871429815994105,37.603708336334343],[-80.871490402315032,37.603338754079104],[-80.87152105242312,37.602945289454262],[-80.871626170942122,37.602826163302268],[-80.871925976421636,37.602790713528258],[-80.872450497062047,37.602815134896694],[-80.872765290385559,37.602779700088469],[-80.873020200199392,37.602708431739245],[-80.8734252197073,37.602494229136838],[-80.87386009130401,37.602351608045623],[-80.874100011583394,37.602280316828818],[-80.87453466264077,37.602268858431998],[-80.874909383124049,37.602245405556033],[-80.875554092958438,37.602091074664713],[-80.876438972108986,37.601710429357958],[-80.876888979779935,37.601472417583182],[-80.877159117305041,37.601246139170065],[-80.87727936568605,37.601031631942632],[-80.877324799367329,37.600745497624793],[-80.877295352378127,37.60042351894878],[-80.877071295559787,37.59997016773103],[-80.876742724910926,37.599278224822839],[-80.876638624729551,37.598789226897196],[-80.876624113196669,37.59850303097199],[-80.876699339785333,37.598324247280374],[-80.876864567569399,37.598097859768146],[-80.877149740179959,37.597835824098112],[-80.877239912904002,37.5976809044475],[-80.877240127260663,37.59754974094524],[-80.877210684129096,37.597227758473217],[-80.877286002538483,37.596989352778706],[-80.877286259374372,37.59683433954919],[-80.877271586772963,37.596643539763058],[-80.877181927209904,37.596488431190522],[-80.876912942812794,37.596023109542166],[-80.876551266926782,37.595321597527139],[-80.876272980099685,37.594781820171207],[-80.876180980141228,37.59460336964078],[-80.875508966231209,37.593195612106683],[-80.87528478035199,37.592837650507875],[-80.875120180543732,37.592694386855506],[-80.874835679529667,37.592562919870282],[-80.874820625724098,37.592557263245382],[-80.874581091886895,37.592467255941756],[-80.874401524703245,37.59231205319211],[-80.874237107207946,37.59206146811259],[-80.874207366542947,37.591886157700777],[-80.874192596092442,37.591799086672779],[-80.874072976618351,37.591643948189684],[-80.874006314586211,37.591578482153828],[-80.873878486826328,37.591452953136759],[-80.873788841641016,37.591297842776441],[-80.873773150516158,37.591168066440957],[-80.87372972712663,37.59080888703447],[-80.873685804066199,37.590200709388682],[-80.873701206163929,37.589950317576125],[-80.873716617216161,37.589699926661758],[-80.873776796935971,37.589556903141954],[-80.873941913553352,37.589390138312879],[-80.874107044980505,37.589211452877102],[-80.874182285970832,37.589020750134004],[-80.874242564564014,37.588818103798417],[-80.87422794365277,37.588603450042214],[-80.874197502095768,37.588527742745114],[-80.874093642825002,37.588269429644974],[-80.873779576871343,37.587911369898904],[-80.873517228690702,37.587655507817438],[-80.873375664328151,37.587517439161751],[-80.87327526936798,37.587447664066843],[-80.872911697255049,37.58719498905365],[-80.872507389796922,37.587039540208934],[-80.872207867512515,37.586943822545933],[-80.871983410944907,37.586764715780348],[-80.871714083355656,37.58653786654255],[-80.871587025030209,37.586371241302139],[-80.871504780417268,37.586263379741212],[-80.87139548064583,37.586165259312914],[-80.871265404253705,37.586048484258576],[-80.870891317679323,37.585749971227536],[-80.87050221137973,37.585475288519049],[-80.870404927796244,37.585389031333619],[-80.870232915898384,37.585236509190914],[-80.870083658782889,37.584902467615166],[-80.869919583228921,37.584473018399983],[-80.869829890039952,37.584353678614548],[-80.869680278580631,37.584222345016499],[-80.869605004854265,37.584168283452094],[-80.869380985219891,37.5840073785808],[-80.868976611967923,37.583899615314351],[-80.868677064907743,37.583827736630404],[-80.86842251377098,37.58373205934587],[-80.86809315197857,37.583576677925898],[-80.867793776889968,37.583409406972642],[-80.86745602485253,37.583319388625014],[-80.867389412576699,37.583301635568255],[-80.867324052831322,37.58329227187545],[-80.866969984749844,37.583241540912802],[-80.866640451188559,37.583181547261468],[-80.866415743409391,37.583157444274427],[-80.866131403034885,37.582966337202734],[-80.865742281374381,37.582715485787617],[-80.865248261641284,37.582476442794039],[-80.864829052379747,37.5822970980294],[-80.864424918007913,37.582070077574123],[-80.863871058474885,37.581783257724268],[-80.863646680878787,37.58158028705639],[-80.863596018585781,37.581397595369253],[-80.863587140948951,37.581365583453803],[-80.863569923572328,37.581348784859486],[-80.863452531520707,37.581234261948659],[-80.863123450783206,37.5809357761513],[-80.86286909158882,37.580744693218954],[-80.862629647249292,37.580589400916793],[-80.862435025895309,37.580505707120523],[-80.862105401504039,37.58050532072712],[-80.86189563959897,37.580505077309958],[-80.861640997025162,37.580469005295924],[-80.861341541681838,37.580361335154173],[-80.861132087981701,37.58019415102325],[-80.860967632946668,37.580003170605345],[-80.860951236010536,37.57996163583995],[-80.860878159094256,37.579776505416305],[-80.86087855732508,37.579561871013574],[-80.860893830466594,37.579406874182212],[-80.860894142179134,37.579239934803581],[-80.860849434504104,37.579108717096695],[-80.860752026220737,37.579042067895813],[-80.86063994322258,37.578965380939337],[-80.86026584992166,37.578714532679051],[-80.859921675584332,37.578487562247581],[-80.859622383960257,37.578296419828256],[-80.859353080667717,37.57809338926738],[-80.859053929199462,37.577830700585736],[-80.85884471505878,37.577544270685358],[-80.858812176325287,37.577502443194149],[-80.85823193076881,37.576756540618085],[-80.857996148728475,37.576495074515314],[-80.857962822526147,37.576458109543587],[-80.85766379142855,37.576135797340605],[-80.857557250768352,37.575981065837581],[-80.857335098589701,37.575658431796406],[-80.857141083743954,37.575264700088987],[-80.857051784409606,37.574954563915028],[-80.856992268648327,37.574739853188532],[-80.856932731539132,37.574537070924585],[-80.856813378654749,37.574274595989479],[-80.856619259225937,37.573940478805817],[-80.856395130887151,37.573630180939212],[-80.856126173170466,37.573260201588681],[-80.85599170622082,37.573069250580637],[-80.855909684751325,37.572985898667888],[-80.855827232839744,37.572902111718406],[-80.855603041823855,37.57262758429092],[-80.855244228622226,37.572245569812068],[-80.855109861337965,37.572021055942571],[-80.855079971203168,37.571971109430102],[-80.85484077941031,37.571708484322919],[-80.85466151383028,37.571445930709011],[-80.854557135964399,37.571195394023896],[-80.854542917039453,37.570801878238207],[-80.854543405155511,37.570551470673813],[-80.854573947246109,37.570253402211499],[-80.85461951599541,37.569931503273772],[-80.854575083266468,37.569669118119961],[-80.854515670408674,37.569406712675928],[-80.854381352623378,37.56914421572386],[-80.854171999146701,37.568953170127081],[-80.854089485509419,37.568832313595834],[-80.854082374062514,37.568821890546303],[-80.854081623183873,37.568819042236584],[-80.854022893782044,37.568595258630566],[-80.854023242842402,37.568416396794369],[-80.854023544230515,37.56826138115413],[-80.853934055406768,37.568058558325163],[-80.853694931283371,37.567772083656415],[-80.853455616450546,37.567580998714774],[-80.853397492915107,37.5675412137279],[-80.85314145287424,37.567365973034406],[-80.852917124146785,37.567174904729804],[-80.852737689475759,37.567007742772894],[-80.852528132333489,37.566924012056205],[-80.852436817139221,37.566929491769748],[-80.85233336727778,37.56693569264305],[-80.852168161449825,37.5671501203012],[-80.85209279109381,37.567388511071556],[-80.8519424692402,37.56765065587598],[-80.851852134343858,37.567877102770048],[-80.851851940619241,37.567975488183627],[-80.851851853213873,37.568020191700654],[-80.851926423552939,37.56818722620131],[-80.852135796117309,37.568366349087043],[-80.852255309363585,37.568533437849347],[-80.852277241901035,37.568579038725616],[-80.85232990805531,37.568688545382841],[-80.852374425334858,37.56890323630541],[-80.852374048793592,37.569094021212415],[-80.85237826463441,37.569108393186589],[-80.852433573773737,37.569296809538677],[-80.852508096249977,37.569487693438532],[-80.85254637866899,37.56954886576527],[-80.852672372483184,37.569750228990145],[-80.852866390814853,37.570120123031096],[-80.853000702754017,37.570382621652975],[-80.853045272072833,37.570573464274887],[-80.85308936866069,37.571002787708345],[-80.853088688287485,37.571348590811297],[-80.853192833049803,37.571718368739404],[-80.853282015581115,37.572076207540952],[-80.853416262360938,37.572374476694279],[-80.853520689268393,37.572601168154335],[-80.853610203444759,37.572792064449132],[-80.853624810018758,37.572982872322321],[-80.853624510019372,37.573137886936962],[-80.853534410460426,37.573245089577476],[-80.853324577714673,37.573292529648391],[-80.853084707456247,37.573375698623266],[-80.852904695836287,37.573494717376725],[-80.852739571012208,37.573661448702822],[-80.852379427037036,37.573959106616883],[-80.852139415536314,37.574113818500372],[-80.851899495231891,37.574220834830413],[-80.851719459449441,37.574351774843237],[-80.851584196086193,37.574566241708425],[-80.851463705968868,37.574888043159866],[-80.851403301411949,37.575126451096402],[-80.851372626137604,37.575484138394451],[-80.85134199797416,37.575817976788869],[-80.851311704859839,37.5759848784623],[-80.851191563801066,37.576127816164551],[-80.850996656901671,37.576199116205999],[-80.850711805478198,37.576294150242603],[-80.850427127084345,37.576305713903757],[-80.850157447527494,37.576305371001546],[-80.849887725764802,37.576328875458778],[-80.849692810308085,37.576400174233981],[-80.849437804678743,37.576554861456579],[-80.849122580539202,37.57685256744918],[-80.848822357737163,37.577138358768686],[-80.848762140382263,37.577281375196812],[-80.848642016503334,37.577412386276499],[-80.848477116271482,37.57745987168159],[-80.84822244222326,37.577447621405483],[-80.847892854641799,37.577435272273831],[-80.847548263081137,37.577434828661183],[-80.847203648302511,37.577446304419105],[-80.846933966933733,37.577445955949642],[-80.846604430762554,37.577409759770546],[-80.846184924619422,37.577409213907075],[-80.845870299553297,37.5774088017343],[-80.845510624172263,37.577456027624194],[-80.845240848608071,37.57750337030857],[-80.845105784395273,37.577610511971685],[-80.844940729745076,37.577729534494217],[-80.844700616472096,37.5779200084365],[-80.844490593731393,37.578050896968321],[-80.844235618019511,37.578181724914494],[-80.843860708968307,37.578348169367985],[-80.843216015334491,37.578561950656315],[-80.842796277167537,37.578668710319789],[-80.84251136026765,37.578787575144851],[-80.84224155060636,37.578846831315481],[-80.841941873260893,37.578858357157394],[-80.841447547464639,37.578809997313712],[-80.841058007257985,37.578809474369187],[-80.840488590518163,37.578844476537938],[-80.840233891046836,37.578844132099476],[-80.83997923695263,37.578819940058132],[-80.839679740626835,37.578747987838831],[-80.839350358292307,37.578640223067765],[-80.838631608141597,37.578448455897465],[-80.838347379269109,37.578245357067367],[-80.837943317115048,37.578030167288254],[-80.837658936381047,37.57789860883647],[-80.837314628228484,37.577766969829206],[-80.837044998941337,37.577742748115284],[-80.836625388046528,37.577789864172672],[-80.836190695678368,37.577884657454121],[-80.835815819275638,37.578027226574939],[-80.835635717757299,37.578170064955643],[-80.835320535885941,37.578420036176958],[-80.835290257360938,37.578563081129069],[-80.835303872950533,37.578578906264191],[-80.835454643522795,37.578754099011256],[-80.835768779870932,37.578981096212452],[-80.835815586577368,37.579055929506829],[-80.835873287591795,37.57914817946196],[-80.83585799335242,37.579291250783442],[-80.83563304527398,37.57938632803031],[-80.835168212962827,37.579552621378681],[-80.834613459528271,37.579730708242991],[-80.833953716428312,37.579956339976128],[-80.833548864777157,37.580098860566935],[-80.83305413810892,37.580229325984398],[-80.832769386556862,37.580264693140435],[-80.832379698480352,37.580323763164103],[-80.832169995442371,37.58029961629758],[-80.83191552445048,37.580191936392666],[-80.831765885267643,37.580108257000774],[-80.831601128466261,37.580084171368007],[-80.831301525343946,37.580059893775356],[-80.830537187334158,37.580154195527648],[-80.829757783375413,37.580284239907407],[-80.829098324046242,37.580378679936956],[-80.828648673535,37.580449573914144],[-80.828229019400979,37.58050858492502],[-80.827839380312113,37.58054378841333],[-80.827524742342106,37.580543328214773],[-80.827120200532136,37.580542738249569],[-80.826790576524886,37.580542255948473],[-80.826355966589986,37.580589315250741],[-80.826116046506428,37.580672428298023],[-80.825921263775044,37.58067214121612],[-80.82572654229817,37.580648004997556],[-80.825517088721966,37.580516530662436],[-80.825322479209788,37.580444699735587],[-80.825097766511348,37.58043244119748],[-80.824872910833349,37.58047980653852],[-80.824617978836514,37.580574820074077],[-80.824378026601622,37.580669856245386],[-80.824152890444068,37.580836460712391],[-80.824002811870386,37.580943554865534],[-80.823852701376538,37.581062572778862],[-80.823642853922365,37.581098029655813],[-80.823328212557797,37.581097558264247],[-80.822953893150554,37.580989681435526],[-80.822594358359069,37.580965293646997],[-80.822264591978382,37.58102441579225],[-80.822039279758101,37.581262562653407],[-80.821919018667188,37.581429318192605],[-80.821768932311784,37.581536410379883],[-80.82152906104433,37.581595668861155],[-80.821274233904333,37.581642978408695],[-80.821034245461433,37.581749935307464],[-80.820809241517395,37.581856910857766],[-80.820599280480593,37.581940062644854],[-80.820314572817537,37.581951553605826],[-80.820074868987732,37.581939265388847],[-80.819760224148425,37.581938782675309],[-80.819400484250011,37.58199785283518],[-80.818845846478581,37.582104321656921],[-80.818245969453827,37.58232995729675],[-80.817886053346484,37.582460569250507],[-80.817541029474327,37.582626974211692],[-80.817435682149494,37.582817597978568],[-80.817420086375392,37.583067982282849],[-80.817329572234968,37.58331824705629],[-80.817104356339456,37.583508689452039],[-80.816924292413148,37.583615726274388],[-80.816564628873422,37.583639016800099],[-80.816249974672189,37.583638526510448],[-80.815995136133168,37.583685826419099],[-80.815815102973289,37.58378093759783],[-80.815530151090783,37.583887810380908],[-80.815290413554536,37.583887435486304],[-80.815133936533499,37.583856044289533],[-80.815119565116404,37.583853160888168],[-80.81511070000748,37.583851382154535],[-80.814796577790773,37.583636256028434],[-80.814690143267214,37.583534201886017],[-80.814631216611787,37.583477700911274],[-80.814497620396239,37.583349606220395],[-80.814448883717233,37.583295081608391],[-80.814049362015183,37.58284808772521],[-80.81367555257637,37.582537468972738],[-80.813654389269956,37.582523690836709],[-80.81327165889364,37.582274498326818],[-80.813039841331786,37.582153103142446],[-80.812837714894243,37.58204725244255],[-80.812583659098252,37.581784516904897],[-80.812419502105442,37.581521922799404],[-80.812345184237728,37.581283320205202],[-80.812285971585013,37.58099705008658],[-80.812346350299492,37.580818282489169],[-80.812466752483047,37.580603838227361],[-80.812482275701754,37.580389229981925],[-80.812482814008632,37.580174593416977],[-80.812318749534597,37.579876229950678],[-80.812274428459048,37.579625750032285],[-80.812245452788602,37.579232204661089],[-80.812216175678799,37.578957902416967],[-80.812126672373239,37.578802744354761],[-80.812043827621821,37.578748956714065],[-80.811887341163654,37.578647352967494],[-80.811588053136376,37.578503784007758],[-80.810809959194842,37.578109041094983],[-80.81055547183955,37.578025164029299],[-80.810300924553772,37.577965135229462],[-80.810106306125817,37.577905198692896],[-80.809911653154629,37.577857191192884],[-80.809627113569647,37.577809033941357],[-80.809417539868946,37.577737150848634],[-80.809178130965833,37.577617522236295],[-80.808863743807535,37.57752162067321],[-80.808624091209893,37.577497383487049],[-80.808249628880574,37.577461006514589],[-80.807995114880455,37.577389045184134],[-80.807881344755458,37.577343540929249],[-80.807546103783835,37.577209450324006],[-80.807246708061925,37.577113568891519],[-80.8069622653924,37.577029634256697],[-80.806902531323701,37.577029537463574],[-80.80661767417763,37.577029072068044],[-80.806153165719067,37.57705215552474],[-80.805853366552483,37.577111287382877],[-80.805598361200992,37.577230107774682],[-80.8054330275463,37.577432547085067],[-80.80523773116262,37.577634934922855],[-80.804922666916596,37.577801352557621],[-80.804667595425016,37.577944024227342],[-80.804427534038581,37.578074790798063],[-80.803932707950864,37.578228984718798],[-80.803318056990975,37.57837105567733],[-80.802763266317797,37.57853706605767],[-80.802418483730236,37.578608032593273],[-80.802088836017106,37.578619406189205],[-80.802061493014307,37.578614775160268],[-80.80180429638385,37.578571232794154],[-80.801610093404975,37.578356270026937],[-80.801244208270916,37.577891600011675],[-80.801102405993518,37.57771150963265],[-80.80104742235207,37.577641169101611],[-80.800729118711658,37.577233914518793],[-80.800445664904672,37.576780318094535],[-80.800132318103593,37.576302819634314],[-80.800028436481227,37.576216711361923],[-80.799728695186772,37.575968256177774],[-80.799265151557535,37.575633593056764],[-80.799070706378217,37.575439291848056],[-80.798966316663908,37.575334979829712],[-80.798622859545489,37.574917048733454],[-80.798548432736808,37.574738058006474],[-80.798399260997016,37.574499318656542],[-80.798387838806136,37.574492622822078],[-80.79817489032942,37.574367772971463],[-80.797845583057807,37.574259890722402],[-80.797336792541941,37.574044382570989],[-80.797127533545194,37.573865160280732],[-80.797002102827264,37.573757179689068],[-80.796933227818684,37.573697889151838],[-80.796815993791881,37.573657658306381],[-80.796618908797242,37.573590029255293],[-80.796244567244088,37.573517838775857],[-80.79618061710913,37.573507117643679],[-80.795885176210419,37.57345759697143],[-80.795555323348907,37.573342770562299],[-80.795540931080708,37.573337760247966],[-80.795406490770048,37.573194435584249],[-80.795377334904018,37.572957171212167],[-80.795377178704143,37.572955900933643],[-80.795317836038464,37.572741164031022],[-80.795285446345446,37.572706629273718],[-80.795138588178673,37.572550062596981],[-80.794794805329545,37.572263287398386],[-80.794256400009985,37.571928471598866],[-80.793894571868023,37.571732729725042],[-80.793747795620078,37.571653329078401],[-80.79366580204784,37.571627054640018],[-80.793448442225895,37.571557412681727],[-80.793059164996734,37.571473261944902],[-80.792669789481195,37.571424883599235],[-80.792415244951627,37.571376737524723],[-80.792297048858032,37.571282241671057],[-80.792250819518301,37.571245281418797],[-80.79205689392326,37.570946836905406],[-80.791937803573347,37.570811912470013],[-80.791877688477797,37.570743807437296],[-80.791653408145407,37.570588398723601],[-80.791339306043483,37.570408981922611],[-80.79106965541439,37.570408505013987],[-80.790724923704502,37.570467513599901],[-80.790440224321301,37.570490857509839],[-80.790065739243147,37.570478268154197],[-80.789320055759262,37.57037669475551],[-80.788929961231375,37.570323555359472],[-80.788912654476221,37.570321197118886],[-80.788598293876831,37.570237167401061],[-80.788164151591531,37.570129068533006],[-80.787715003000216,37.570032868707315],[-80.787205860091561,37.569960407984304],[-80.786861335856003,37.569947861565367],[-80.786621645692307,37.569947427684419],[-80.786366975037808,37.569946967110688],[-80.786156933380397,37.570053905687878],[-80.785871688009578,37.570268023653313],[-80.785541734004028,37.570398591602753],[-80.785272082373368,37.570398104154066],[-80.78499490367048,37.570397596973201],[-80.784972465070638,37.570397556105547],[-80.784762322880809,37.570540264952839],[-80.784597121814343,37.570683052725272],[-80.78455162579057,37.570873758445202],[-80.784551250221881,37.571004923719435],[-80.784565407746058,37.5712911285923],[-80.784654848249119,37.571446307555483],[-80.784714577630695,37.571609338947383],[-80.784729172154456,37.571649153132277],[-80.784728482333861,37.571887634831036],[-80.784652788251208,37.572161755366437],[-80.784562386286893,37.572340451501297],[-80.784486722095252,37.572602647050168],[-80.784470916356284,37.572888795350551],[-80.784470432995647,37.573055733314114],[-80.784409854303348,37.573282182490203],[-80.78427420176223,37.573568117210833],[-80.784183794905559,37.573746815705],[-80.784108163503575,37.573997084293069],[-80.784107649428833,37.574175943470173],[-80.784030672053248,37.574891254800491],[-80.783999920340307,37.575165452475638],[-80.783864391575392,37.575403690833973],[-80.7835943378346,37.575534361045676],[-80.783279583546673,37.575581477845326],[-80.782799957149052,37.575652143087972],[-80.782395137395426,37.575758714506406],[-80.782139886661625,37.575949032287845],[-80.782034391479485,37.576163471414119],[-80.781958539521625,37.576485285723855],[-80.781942655925889,37.576795285850693],[-80.781881854420277,37.577093275366039],[-80.781776599316927,37.577224249358601],[-80.781566394719619,37.577378873500493],[-80.781356262376903,37.577509651198895],[-80.781086232699252,37.577628391655367],[-80.780741289652056,37.577746991471123],[-80.780456420629989,37.577818010524147],[-80.780186351105172,37.577948671035045],[-80.77976600517006,37.578234067147882],[-80.779525479889699,37.578507876437179],[-80.779194068831103,37.579115388972888],[-80.779013290790843,37.579448925288219],[-80.778712617311598,37.579794165113604],[-80.778442397392539,37.57997252088024],[-80.777977399907456,37.580150509839129],[-80.777407737532599,37.580256752975245],[-80.776988113783233,37.580291733847069],[-80.776538772852589,37.5802431890191],[-80.775940037096731,37.580051265676168],[-80.775732802233307,37.579875192204312],[-80.775461806459305,37.579644937571452],[-80.77526792752586,37.579346465148134],[-80.775193767449892,37.579095913724714],[-80.775209537289257,37.578833614038537],[-80.775300364802163,37.578523757639566],[-80.775315918024873,37.578333001485611],[-80.775256637895126,37.578118252176672],[-80.775121797466525,37.577972335849822],[-80.775002761452839,37.577843512101666],[-80.77477867357436,37.577628451005019],[-80.774745126800667,37.577563168699726],[-80.774674408006035,37.577425541347431],[-80.774660145832087,37.577187031432565],[-80.774660756704321,37.576984320095455],[-80.774601726575156,37.576686101083439],[-80.774452588209087,37.576459259313786],[-80.77437579798422,37.576377360740601],[-80.774273382689927,37.576268129159679],[-80.773914680326513,37.575981261280837],[-80.773660455125153,37.57582576209699],[-80.773406195989139,37.575682184497452],[-80.772972410906917,37.575454790507656],[-80.772718045639067,37.575346982323737],[-80.772448376407468,37.575346462822651],[-80.772118737813017,37.57535775005897],[-80.771894013235638,37.575357317845544],[-80.771684374924476,37.575321137868073],[-80.771489832189914,37.575249219238238],[-80.77120543264175,37.575165197659899],[-80.770935617988556,37.575212373137532],[-80.77071060025186,37.575307330124105],[-80.77027517382696,37.575616511253081],[-80.769824764388417,37.575925663344435],[-80.769179549601617,37.57624635515409],[-80.768594439864785,37.576507540349013],[-80.768129557316811,37.576649717944221],[-80.767529902607208,37.57676778218179],[-80.767244983308032,37.576850688746013],[-80.76703486581863,37.576969517863837],[-80.766914635700061,37.5770885205147],[-80.76689906018801,37.577279277332103],[-80.766823477784541,37.577493760917314],[-80.766717709932067,37.577779735088029],[-80.766596811429466,37.578113371612332],[-80.766550748261366,37.578471004902077],[-80.766534535178934,37.57886447277987],[-80.766492385167354,37.579223600069909],[-80.766472967518126,37.579389012138549],[-80.766441997111031,37.579710904988033],[-80.766423096717759,37.579889393077387],[-80.766344102563579,37.579996552674999],[-80.766186388693711,37.580121446366405],[-80.766006345543545,37.580201575883422],[-80.765827653925982,37.580230832769359],[-80.765536617669028,37.580205994264048],[-80.765339850966328,37.580178356295349],[-80.765192160275689,37.580157613627918],[-80.764787890377448,37.580073338143322],[-80.764524385988437,37.579972392222629],[-80.76444370159146,37.579941485212743],[-80.763875111717653,37.579701863991637],[-80.763471258444028,37.579486422716819],[-80.763157382739763,37.579247309025902],[-80.762544725261861,37.578733338402579],[-80.762126241410783,37.578410547124228],[-80.761872185665936,37.578207323396718],[-80.761692587946015,37.578147339194707],[-80.761393057626805,37.578110961253707],[-80.761325854918454,37.57811937923605],[-80.761018343558362,37.578157900136461],[-80.760613669314026,37.578204777076699],[-80.76023891720348,37.578263635597615],[-80.759729327473494,37.578322221262766],[-80.759294725638242,37.578357107864754],[-80.758964728297912,37.578475677159233],[-80.758709529993681,37.578630170421583],[-80.758409339748667,37.578796493246173],[-80.758124439012605,37.57886745649283],[-80.757943937860887,37.57888862703318],[-80.757824675873422,37.57890261387935],[-80.757614960654081,37.578890260365995],[-80.757345622679267,37.578782389291995],[-80.757121429177204,37.578614989629749],[-80.756957085554816,37.578471562565397],[-80.756886356071547,37.57843516452138],[-80.756747683177835,37.578363809901603],[-80.756388337903502,37.578291528519834],[-80.756118654972198,37.578290971672139],[-80.755834029993508,37.578278456606242],[-80.755514494663416,37.578168682919262],[-80.755414990476581,37.578134497606193],[-80.754996232854438,37.577907072450685],[-80.754472987339298,37.577560183176423],[-80.75423382086143,37.577392747768108],[-80.753964451699929,37.577296790192655],[-80.753649789584273,37.577308060654538],[-80.753594893575567,37.577307946982792],[-80.753395093317806,37.57730752976525],[-80.753110513067242,37.577283086939453],[-80.752811143648643,37.577198989783412],[-80.752541783804688,37.577103034389751],[-80.751823788273001,37.576755724947333],[-80.751584356434279,37.57667175157178],[-80.751374884169735,37.57658784351645],[-80.751105405931554,37.576527653874898],[-80.750851226594207,37.57637210213904],[-80.750686901088571,37.576228665452284],[-80.750602347913684,37.576161008875943],[-80.750447828099581,37.576037371854646],[-80.750270673868968,37.575942832894583],[-80.750223501253288,37.575917657457452],[-80.749954422813545,37.575738225162361],[-80.749789821141817,37.575678255512535],[-80.749460381157846,37.575629860807169],[-80.749190710237698,37.575629286368837],[-80.748995947274722,37.57562887331558],[-80.748830866016093,37.575711991976384],[-80.748665143167528,37.57598589388212],[-80.748514763981305,37.576152514971596],[-80.748334503204816,37.576295219666285],[-80.748094547813096,37.576366251841108],[-80.747824589378325,37.576449145235955],[-80.747614563091915,37.576532167061245],[-80.747344359538147,37.576686602797011],[-80.746908956796261,37.576959924684985],[-80.746758406812106,37.577174239108174],[-80.74654780922522,37.577424192794808],[-80.746337249545363,37.577662222182234],[-80.746067004436426,37.577828580659826],[-80.745691999693094,37.577958940000627],[-80.744897247930297,37.5781599339522],[-80.74446259967209,37.578206692534053],[-80.743623507720372,37.578228720243864],[-80.743039319455576,37.578191678979898],[-80.742649820287028,37.578178905598278],[-80.742410101105918,37.57817838185079],[-80.742215333871059,37.578177957591272],[-80.742020437559859,37.578213304698643],[-80.741765407862289,37.578308140804829],[-80.741000484643379,37.57854495020986],[-80.740640327950842,37.578711094405186],[-80.740234934109452,37.57896060948039],[-80.739844393126333,37.579245930549682],[-80.739438908357457,37.579519292436004],[-80.739153489077708,37.579733295648268],[-80.738913605217192,37.57978046307781],[-80.738599051160918,37.57975591717031],[-80.738209792917829,37.579671586648473],[-80.737805472958712,37.579611069362606],[-80.737280998077182,37.57963375034177],[-80.736471774663855,37.579679644328436],[-80.736216858059478,37.579738695799541],[-80.735751891172072,37.579880744598896],[-80.735361834801068,37.58002296132436],[-80.734747120899968,37.58014082418368],[-80.734344270469037,37.580153853172078],[-80.734057830750842,37.580163119468331],[-80.733099322538536,37.580053641209453],[-80.732275704081829,37.579932533584717],[-80.731946127627424,37.579919859864638],[-80.731222862334917,37.579907748779803],[-80.731122126626204,37.579906063688476],[-80.730584921502484,37.57993212186512],[-80.730417814521886,37.579940230191013],[-80.72998327071069,37.579951160096968],[-80.729623686605777,37.579950338838714],[-80.729264101386178,37.57994951558122],[-80.728784660126436,37.579948412307871],[-80.728395456600282,37.579852124681835],[-80.728207586253077,37.579779601249626],[-80.728070232987648,37.579726575669035],[-80.727991489720196,37.579696180935642],[-80.72761766411314,37.579492610324266],[-80.727378636642769,37.579301270291076],[-80.727154465525587,37.579145735160957],[-80.726900505054232,37.578942439256316],[-80.726467015780898,37.578667179422666],[-80.726272767957624,37.578523637729084],[-80.726123206294872,37.578451747817994],[-80.725823604014252,37.578439131959314],[-80.725538939082966,37.578438468648301],[-80.724819436919844,37.578532185480917],[-80.724564645827542,37.578555439228303],[-80.724190132710547,37.578542639004297],[-80.72378556619617,37.578553620652649],[-80.723605686614491,37.578577047589313],[-80.723395671838659,37.578648097778881],[-80.723215261095064,37.57881461519338],[-80.722959985981632,37.578969028161794],[-80.722689860211787,37.579087637341708],[-80.721280888149025,37.579251256583348],[-80.720801314703223,37.579285896133413],[-80.720201702832099,37.579367947005792],[-80.719602129866814,37.579438066432765],[-80.71876270843471,37.579543389883256],[-80.718312822644648,37.579649633028325],[-80.717728052532721,37.579767478678967],[-80.717338192767755,37.57985001636402],[-80.716858521198532,37.579908483101669],[-80.716528678738669,37.579967314991137],[-80.716228978284335,37.5799785143886],[-80.71598921307735,37.579989865353703],[-80.715764474434707,37.579989325330573],[-80.715599891150234,37.579929307221022],[-80.715600211122293,37.579845186652193],[-80.715600572626386,37.579750444655026],[-80.715601070399501,37.579619281168704],[-80.715497053743135,37.5793924721848],[-80.715347866226708,37.579225174994583],[-80.715228909541167,37.57898640485169],[-80.715065377393117,37.578652134235597],[-80.71494603031509,37.578504357912657],[-80.714901345461101,37.578449025980575],[-80.714832105268997,37.578385052043124],[-80.714707253603919,37.578269696419333],[-80.714468313287668,37.578066407393671],[-80.714410207849937,37.5780198796636],[-80.714244262862223,37.577887002792977],[-80.713975494547341,37.577647866798046],[-80.713661646370213,37.577444397306742],[-80.713287598108494,37.577312322884623],[-80.712973477474748,37.577180393002045],[-80.712689362883637,37.577036615838146],[-80.712285814713681,37.576785225683544],[-80.711777484576089,37.576509725880584],[-80.711224025589601,37.57628181394621],[-80.710894884051214,37.576161770270346],[-80.710445705890251,37.57608912364806],[-80.71005622279371,37.576076243684682],[-80.709651714180708,37.576075248566156],[-80.709277167715115,37.576074326755169],[-80.708857677512938,37.576073291117872],[-80.708363415278356,37.576036300939904],[-80.708063962232089,37.575987864828669],[-80.707734733934714,37.575891653794393],[-80.707615067674524,37.575843662423104],[-80.707420443654271,37.575807408259919],[-80.707240523565758,37.575842735059311],[-80.707120340592098,37.575925907551955],[-80.706818184113487,37.576569061717663],[-80.706742148623945,37.57685505477901],[-80.706741120977227,37.577117378058865],[-80.706740044252911,37.57739163420127],[-80.706768978186048,37.577654036392651],[-80.7067680452394,37.577892516416213],[-80.706871939818143,37.578143181661382],[-80.707050369554352,37.578489425446058],[-80.707199214644575,37.578740203726461],[-80.707273425234661,37.57891924927474],[-80.707362015115791,37.579253345753713],[-80.707443172063876,37.579693295566898],[-80.707450043663584,37.579730527594819],[-80.707481053309735,37.579950427827363],[-80.707493776747924,37.580040665701638],[-80.707463344235904,37.580159830061689],[-80.707402574498445,37.580374313737316],[-80.707297181305321,37.58050521889858],[-80.707071505806212,37.580743144029753],[-80.70677045042342,37.581100121244901],[-80.706574690029328,37.581350040073175],[-80.706333696826874,37.581671392590685],[-80.705942592016854,37.582063915485804],[-80.705626633506071,37.582397004614585],[-80.705370700267736,37.582706393866211],[-80.705219787070931,37.582980273840313],[-80.705174083389466,37.58317094683435],[-80.705082866884212,37.583504593742006],[-80.704946463572796,37.583897747464299],[-80.704765623587065,37.584159628018483],[-80.70455482253297,37.584421432394116],[-80.704434200703261,37.584611917512376],[-80.704418461890143,37.584802661577257],[-80.704387644122974,37.585017221213043],[-80.704297084413426,37.585183931716884],[-80.704116667196828,37.585338492071209],[-80.703846109682772,37.585552450355102],[-80.703725578743189,37.585719082497853],[-80.703559715918615,37.585980998700045],[-80.703438613682863,37.58629072477914],[-80.703332781522377,37.586528940809998],[-80.703332234107791,37.586666871267326],[-80.703332120132231,37.586695874630301],[-80.703436436442843,37.586839227022772],[-80.70369045964128,37.587018728914472],[-80.703869653622974,37.58717419011834],[-80.704078768890895,37.587341653631654],[-80.70424269518719,37.587568622458662],[-80.704256351864927,37.587608965055914],[-80.704287132595582,37.587699900072046],[-80.704286092508028,37.58796222911171],[-80.704359599942194,37.588320136559346],[-80.70440327783605,37.588642197364713],[-80.704252869097616,37.588784910812869],[-80.70402763095845,37.588903585833506],[-80.703742028717599,37.589129429959243],[-80.703501426048348,37.589343460667642],[-80.703365715680121,37.589557754528123],[-80.703289419055181,37.589903360210805],[-80.703273296254778,37.590189500035002],[-80.703256893800329,37.590547183772088],[-80.703196050362124,37.590773585032956],[-80.703075369612932,37.590975992339736],[-80.702954541495743,37.591214172807895],[-80.702804125930697,37.591356883415358],[-80.702623738085776,37.591499521021092],[-80.702308675737626,37.591594117539955],[-80.702008975421819,37.591593361280992],[-80.701709322718457,37.591580677724771],[-80.701305110611244,37.591484263890678],[-80.700826406829989,37.591280341605099],[-80.700407402920447,37.591136189588596],[-80.700182964784247,37.591052151130484],[-80.700033212024593,37.591027921839029],[-80.699673574438933,37.591027009118079],[-80.699268985297635,37.591025978977164],[-80.69856469710156,37.591024183353333],[-80.697889994877428,37.591117848173148],[-80.697500290017203,37.59114069887049],[-80.697200499568027,37.591163777177044],[-80.696840863691563,37.59116285492675],[-80.696421382751126,37.59113792887014],[-80.696242364105103,37.591092435981267],[-80.696136962197144,37.591065653290848],[-80.695912383583291,37.591017379115961],[-80.695762534102045,37.591016992964683],[-80.695708824231332,37.591083676053735],[-80.695657106595107,37.591147887346033],[-80.695521320782788,37.591374094030058],[-80.69552015490639,37.591660268548985],[-80.695534409857444,37.591839168183007],[-80.695443965596041,37.59197009739615],[-80.695294117609336,37.591969710650666],[-80.694995145925958,37.591790076505823],[-80.694681193218159,37.591610403751133],[-80.694486729585194,37.591526433812106],[-80.694306956196456,37.591514043500787],[-80.693962302303618,37.59151315127761],[-80.69372190951016,37.591667540892246],[-80.69358587471973,37.591953367123303],[-80.693510117186008,37.592155881173476],[-80.693389162281974,37.592417898410829],[-80.693223100351204,37.592715567420875],[-80.693102289292796,37.592941811966469],[-80.692876726985162,37.593132013817637],[-80.692456108940405,37.593381323273896],[-80.692110659345445,37.593571210296595],[-80.691569270261652,37.594034836077434],[-80.691193206628668,37.594379650752209],[-80.690997605757232,37.594569925532632],[-80.690666936037985,37.594807539134244],[-80.690396403445149,37.594997616493004],[-80.690065387120299,37.595318699575095],[-80.689824575805261,37.595568475151531],[-80.68938845379698,37.595936976694183],[-80.689027651636877,37.596210280847522],[-80.688410548662716,37.596852554128432],[-80.688244657086045,37.597102523260062],[-80.688063931274456,37.59731667752434],[-80.687673044938023,37.597613750316455],[-80.687462439541164,37.597803976691068],[-80.687146531693671,37.598089316885861],[-80.686980735303905,37.598315434755989],[-80.686784762359764,37.598589168941785],[-80.686528245238918,37.599005833704659],[-80.686407454828412,37.599220148124296],[-80.686121009734677,37.599624807593145],[-80.685985179554194,37.599851000980117],[-80.68575937537716,37.600088884015015],[-80.685533672410955,37.600302916310746],[-80.685042366252233,37.600946533167168],[-80.684877065937755,37.601162402752671],[-80.684756533992925,37.601257659772763],[-80.684691550162555,37.601271571539009],[-80.684617306863458,37.601287467630179],[-80.684434122874421,37.601246735508184],[-80.684074245928187,37.601125039910194],[-80.683764886168021,37.601018572551951],[-80.683468239591448,37.600897046313925],[-80.683171782573908,37.600730246044996],[-80.682976253544069,37.600619049913895],[-80.682793543106754,37.600467645438748],[-80.682631362464718,37.600263858177101],[-80.682560847907936,37.600175250830524],[-80.682491747997332,37.600069424293011],[-80.682378415137677,37.599958450063731],[-80.682113641547375,37.599776639313802],[-80.681300275149638,37.599220855956688],[-80.681163970914753,37.599107843666076],[-80.680789063133545,37.598635355004632],[-80.680678066044564,37.598519148609952],[-80.680678164451891,37.598495592146641],[-80.680678572250017,37.598399906147087],[-80.68081452105649,37.598149870389889],[-80.680996290015472,37.597697246932434],[-80.681027129475581,37.597494618890437],[-80.681013415044418,37.597196480748416],[-80.680970338967043,37.596755173292671],[-80.680970845798853,37.596635932596421],[-80.680896429846555,37.596516488455237],[-80.680829152351976,37.596459001520735],[-80.680672457537852,37.596325097910508],[-80.68028328185774,37.596216727103084],[-80.67959500531741,37.595964456186977],[-80.677964382380281,37.595304190054172],[-80.677755197567024,37.595160529153489],[-80.677636033269835,37.594993265904492],[-80.677501831567128,37.594837885383583],[-80.677337657518393,37.594682423675152],[-80.67705386291675,37.594467014798155],[-80.676665116095236,37.59426324080848],[-80.676441006514281,37.5941076136383],[-80.675843452624008,37.593676703162302],[-80.675808735645219,37.593634953787372],[-80.675604931925591,37.5933898687598],[-80.675546311315941,37.593325271118253],[-80.675485614244039,37.593258377411075],[-80.675321398326119,37.593114834894983],[-80.675216128839921,37.593055276188522],[-80.675067272072681,37.592971047367783],[-80.674888024159358,37.59283939040882],[-80.674783593170346,37.592731783625503],[-80.674649400316198,37.5925763998452],[-80.674574940883574,37.592468880894039],[-80.674395849784432,37.592301445474106],[-80.674216654363278,37.592157865490073],[-80.674142405074036,37.592002647460752],[-80.674128144802651,37.59183566837082],[-80.674113942241277,37.591656767292307],[-80.673994792778842,37.591489501236232],[-80.673903504281952,37.591370537805531],[-80.673875585020923,37.591334158840006],[-80.673838567550831,37.591274723458994],[-80.673741656812865,37.591119154102998],[-80.673614869386952,37.5910090859742],[-80.673562518714107,37.590963643008429],[-80.673338320109934,37.59083185933931],[-80.673114541781956,37.590604682134448],[-80.67275626345905,37.590293661349364],[-80.672293204382598,37.589958498904664],[-80.671755072002853,37.58965890313381],[-80.671411159064178,37.589491006461081],[-80.671097220659718,37.589323195016156],[-80.670917933733762,37.589203453112432],[-80.670843429372084,37.589107854684507],[-80.670769505221031,37.588881090784959],[-80.670766817645003,37.58887073850353],[-80.670710567881258,37.588654367740375],[-80.670636641174198,37.588427603734758],[-80.67058750842321,37.588323872748354],[-80.670540701055103,37.588225056077604],[-80.670517872553305,37.588176863908508],[-80.670383959618306,37.587961856220147],[-80.670204730830562,37.587830190326898],[-80.669905519324871,37.58772203568391],[-80.669789424648357,37.58771215034951],[-80.669471140731275,37.587685047369682],[-80.669096270194274,37.587743617706344],[-80.668871140595314,37.587826457621077],[-80.668660992196237,37.587909335553526],[-80.668466197502326,37.587908789486463],[-80.668241650037743,37.587860458268402],[-80.667972407954807,37.587752389269937],[-80.667688398235654,37.587596575069284],[-80.666776176392773,37.587188581805947],[-80.666462311315726,37.587008836065351],[-80.666118478051416,37.5868290011177],[-80.665834424693159,37.586685104471798],[-80.665505204585799,37.586588779470617],[-80.664981034075026,37.586527674054913],[-80.664651440190212,37.586514814176745],[-80.664381733185252,37.586514046721263],[-80.663602409493038,37.586547600139198],[-80.663377653388324,37.58654695938845],[-80.663033130950893,37.586522128465994],[-80.662479050695978,37.586449001702711],[-80.662254454286312,37.586412584712868],[-80.66196997635744,37.586364075479821],[-80.66159554425839,37.586327232557267],[-80.661280879235193,37.586326329118322],[-80.66056181903302,37.586288489870704],[-80.660277125952689,37.586287669941932],[-80.659947753268469,37.586227102667301],[-80.659783421031847,37.586119309067612],[-80.659759253139924,37.586047780427286],[-80.659739066208715,37.585988018655925],[-80.659739990033856,37.585785311439921],[-80.659860834710898,37.585571023184734],[-80.660026902348591,37.585297247996245],[-80.660042592969361,37.585142279095074],[-80.660007648210282,37.585043596044883],[-80.65998341875833,37.584975170606938],[-80.659819195447682,37.584843533051632],[-80.65913120094136,37.584567293757573],[-80.658801998921703,37.584470950113342],[-80.658517258356028,37.584482047967484],[-80.658322366055714,37.584505334605261],[-80.65809744920449,37.584540457010839],[-80.657797673837877,37.584563434433747],[-80.657287959544419,37.584621579020414],[-80.656958214807688,37.584644467294019],[-80.656955803052028,37.584644060987223],[-80.656861534246971,37.584628146770285],[-80.656598884473027,37.584583800908142],[-80.655925341050065,37.584426826320666],[-80.655611238055286,37.584306668987949],[-80.654983033977473,37.584066351819374],[-80.654429476141942,37.583885873235516],[-80.654025424119297,37.583777370467153],[-80.653636190614094,37.58370468256188],[-80.653381527878381,37.583692012884796],[-80.653216212835005,37.583798842915336],[-80.653050512195449,37.583989143757393],[-80.652994908386248,37.584171995727729],[-80.652974431869055,37.584239326729517],[-80.65294341372973,37.584465790630347],[-80.652942141628827,37.584740043191189],[-80.652940976820403,37.584990449955292],[-80.652955242796892,37.585145503261415],[-80.65294997543063,37.585201264174657],[-80.652939483272306,37.585312393135773],[-80.652879162081575,37.585395685217613],[-80.652744474103059,37.585359516306802],[-80.652520272693025,37.585239615215023],[-80.652326097580527,37.585107878189454],[-80.652176707830037,37.585012047375976],[-80.651997070896087,37.584975744252162],[-80.651772038661804,37.585034702154012],[-80.651637077445869,37.585058150926642],[-80.651472479589728,37.58500997014162],[-80.651412304303548,37.584937558312774],[-80.651383077781034,37.584902385172178],[-80.651294181303001,37.584687494179093],[-80.651292081739882,37.584682083485703],[-80.651146124671271,37.584305482145417],[-80.650818943833173,37.583779853632961],[-80.650595638549277,37.58346916376243],[-80.650401693324881,37.583289730216727],[-80.650073236194018,37.583038349441239],[-80.649789447262435,37.582846720049794],[-80.649401344589407,37.582535540646326],[-80.649117728302642,37.582308140080954],[-80.648879341988845,37.582021251794544],[-80.648596516141268,37.581626913322239],[-80.648447133607789,37.581531075975015],[-80.648222501756152,37.5815065579528],[-80.647833006129815,37.581493475328827],[-80.647443343112101,37.581516160084867],[-80.647172974841752,37.581658439743528],[-80.646917419287078,37.581836536754437],[-80.646646317333122,37.582133831624937],[-80.646480772937707,37.582288347368973],[-80.646270673183537,37.582359264392515],[-80.645880887722114,37.582405793320738],[-80.645581228205586,37.582404891274457],[-80.645341161650919,37.582475714858298],[-80.645130490905103,37.58266587036848],[-80.64463406945471,37.583081718875498],[-80.644122878561447,37.583449827626019],[-80.643867539101947,37.583580224602585],[-80.643642336553384,37.583674935648901],[-80.643252201242134,37.583793001218496],[-80.642966890645852,37.583923301142562],[-80.642741457984471,37.584065709167909],[-80.642470562863366,37.584315296410132],[-80.64219909181999,37.58468412255592],[-80.641881527906691,37.58529128896042],[-80.641745015771804,37.585636670064034],[-80.641729007036162,37.585851257908679],[-80.641727804628019,37.586101662520228],[-80.641667067966452,37.586268416087997],[-80.641546111841436,37.5864946064831],[-80.641350519323836,37.586660947565981],[-80.641095049560604,37.586815185931911],[-80.640899514744348,37.586969603388255],[-80.640643525946132,37.587231155570258],[-80.640447128748875,37.587564433272185],[-80.640310836400786,37.587862119269509],[-80.640129424523749,37.588195443866965],[-80.639933478598365,37.588433329606339],[-80.639797873277558,37.588587928882504],[-80.639677367547918,37.58871872801717],[-80.639556340498018,37.588956839079088],[-80.639508046394468,37.589075372142126],[-80.639313717713691,37.589552300236576],[-80.639272022403603,37.589690920071689],[-80.639070046580571,37.590362400184333],[-80.639038641519505,37.590660404333498],[-80.639037200674579,37.590958502801996],[-80.639081234030698,37.591149422205497],[-80.639169873679378,37.591412025166001],[-80.639169242696752,37.591543186504659],[-80.639093165658281,37.591781437976671],[-80.638927297291048,37.591995563270629],[-80.638716006876649,37.592304943454884],[-80.638565467080127,37.592447571548099],[-80.63823493211531,37.592625420589805],[-80.637754483333325,37.592814734427662],[-80.637273745030669,37.593063664155657],[-80.63689836073749,37.593217521924466],[-80.636613179265694,37.593312038398665],[-80.635757281871079,37.59366712164006],[-80.634931342075362,37.594022293102263],[-80.634525399251515,37.594295293426327],[-80.634269479686211,37.594532980116561],[-80.633953794900421,37.594734711830704],[-80.633457577313251,37.595078971971077],[-80.632961412600991,37.595411304433682],[-80.632660700360546,37.595613077401048],[-80.632330376611009,37.595743216521655],[-80.631850011609089,37.59590865315797],[-80.631564751365815,37.596015081030828],[-80.631249110748342,37.596204882548761],[-80.630827916899804,37.596525514426418],[-80.63045191800687,37.596798591515594],[-80.62994003529667,37.59727395344197],[-80.629543827779614,37.597590683152831],[-80.629378390009947,37.597709404742346],[-80.629243041765363,37.59780437729394],[-80.629062792503589,37.597887273845473],[-80.62880767479524,37.59795802157911],[-80.628522641842679,37.598016742577826],[-80.628297612573689,37.598063727958454],[-80.628027329553987,37.598170195282655],[-80.627757044644156,37.598276660175614],[-80.627486577220381,37.598418897418917],[-80.627290749386319,37.598620988438398],[-80.627184715628076,37.59884721243165],[-80.627183939908534,37.599002221768181],[-80.627123218504366,37.599157043529928],[-80.627047397325541,37.599335661763135],[-80.62686660483368,37.599525878341296],[-80.626746058798801,37.59965666021121],[-80.626355219572815,37.599893907169573],[-80.626159737098533,37.600024454771678],[-80.625993811064291,37.600238560386828],[-80.625857678854445,37.600488532845425],[-80.625616161423423,37.600833567571151],[-80.625465577185835,37.600976176714532],[-80.625299826429796,37.601154511942177],[-80.625134194533189,37.601309000391332],[-80.624999312083631,37.60130857009068],[-80.624790215418201,37.601164818617136],[-80.624431554236281,37.600960968672361],[-80.624282043450918,37.6008889475468],[-80.624117193333547,37.600888424440249],[-80.623936870926528,37.600983243977744],[-80.623365813339802,37.601291446407188],[-80.623050250017087,37.601457374559551],[-80.622614728679423,37.601634845854882],[-80.622149054460635,37.60184798801648],[-80.621878139898428,37.602073679081478],[-80.62166699410318,37.602335331941049],[-80.621560275834952,37.6026927123498],[-80.62143789817118,37.603181208055581],[-80.621360428605257,37.603681769777658],[-80.621314801492119,37.603812788113387],[-80.621179852965227,37.603824280733264],[-80.621045390573613,37.603740379935864],[-80.620746675422879,37.603536708641712],[-80.62043267314084,37.603392610543438],[-80.619939062352572,37.603200236833281],[-80.619535382278073,37.603008151005845],[-80.61925153948512,37.60282837437267],[-80.61895265040377,37.602660475985083],[-80.618848652913911,37.602481278000482],[-80.618729848333601,37.602266259470973],[-80.618551285939446,37.602015275975319],[-80.618268483895918,37.601632791228305],[-80.617999879818527,37.601405366126485],[-80.617626002151809,37.601249143721553],[-80.617236714202207,37.601176336597227],[-80.616891653948045,37.601246759539343],[-80.616681223872433,37.601365317136263],[-80.61645495292619,37.601650762054156],[-80.616320606458629,37.601809690541735],[-80.616304168181813,37.601829132310513],[-80.615762435351797,37.602256633992788],[-80.615326150948263,37.602577167174012],[-80.615055037997678,37.6028386117531],[-80.614859283425488,37.603016837032946],[-80.614678822384136,37.60313548519629],[-80.6145288883517,37.603146920384141],[-80.61445438455668,37.603063207906587],[-80.614455552643932,37.602836652183392],[-80.614441737297994,37.602610050207197],[-80.614423262255343,37.602586745045386],[-80.614337503369256,37.602478545812261],[-80.614128421881105,37.602334771959669],[-80.6138145608288,37.602166808017806],[-80.613336151736689,37.601938685640391],[-80.613021923550875,37.601842264508846],[-80.612796995716792,37.601865371880933],[-80.612496945483699,37.601924012015878],[-80.612182037611447,37.601958746647064],[-80.61195723530281,37.601958006826592],[-80.611642945727539,37.601873506629815],[-80.611313726634251,37.601777027118047],[-80.611044955977562,37.601585359202765],[-80.610835828034169,37.601453505969566],[-80.61072112403609,37.601369846942326],[-80.610671592657468,37.601333722565478],[-80.610571125071544,37.601303894559074],[-80.610387280240445,37.60124931700858],[-80.610087668564688,37.601224477037071],[-80.609488388013602,37.601186723034047],[-80.609173600987461,37.601197606746041],[-80.608723500403713,37.60129150570701],[-80.608348146153588,37.601421429032825],[-80.607837407279362,37.601646289889118],[-80.607566576922423,37.601848097785549],[-80.607325534962655,37.602085778571563],[-80.60705482932741,37.602263737886076],[-80.606814602502055,37.602346404212149],[-80.606574682301897,37.602369454273656],[-80.606274941800194,37.602368453792828],[-80.60612107586654,37.602311330476113],[-80.606092749049822,37.602300811874166],[-80.606080489125176,37.602296261522852],[-80.605856880081092,37.602068957257892],[-80.605485420959724,37.601459589091064],[-80.60515835889197,37.600957684267584],[-80.604800380128381,37.600634536232427],[-80.60456128983347,37.600502569754731],[-80.604157472492545,37.60034620261137],[-80.603992809028043,37.600309881215516],[-80.603618146401033,37.600308621689862],[-80.602449136236416,37.600316610936886],[-80.602221314259353,37.600333964867687],[-80.602149275993483,37.600339448299273],[-80.601968674360393,37.600481931590259],[-80.601931490026672,37.600540481980438],[-80.601847765690195,37.60067230709172],[-80.601786930352105,37.600839040070184],[-80.601785913481748,37.601029820858585],[-80.601724060661354,37.60138733546929],[-80.601647345534744,37.601720948457],[-80.60143594049697,37.602018338502049],[-80.600998835710129,37.602481901693466],[-80.600396551284391,37.603004520826502],[-80.599418362717927,37.603752423628428],[-80.598740928136579,37.604310554332585],[-80.598499910950821,37.604536289495783],[-80.598183317129553,37.604881011188006],[-80.59782104892345,37.605356738260369],[-80.597565041589021,37.605582422177875],[-80.597354252037775,37.605760565152529],[-80.597113292531404,37.605974376419283],[-80.59688712269778,37.606224008466206],[-80.596705664407807,37.606521489319768],[-80.596628988049346,37.606843179442578],[-80.596521494944511,37.607319772861665],[-80.596384282547817,37.607748568060806],[-80.596232598577288,37.608081924281059],[-80.596005390844041,37.608522337623079],[-80.595899118120641,37.608772378926595],[-80.595582493093048,37.609117093216859],[-80.59526593089781,37.609449880260598],[-80.594678925358906,37.609900979389643],[-80.594107227319725,37.610292509702816],[-80.593595927652117,37.610600773564997],[-80.593099226934086,37.6109806323946],[-80.592467102820223,37.611455412519227],[-80.592336995768761,37.611577735168446],[-80.592075373844423,37.611823706444014],[-80.591906463236612,37.612013895438743],[-80.591653076859956,37.612299206333041],[-80.591426613108226,37.61259652383896],[-80.59098879967614,37.613167361228804],[-80.590324371618166,37.614059361240209],[-80.590037677746963,37.614404163234397],[-80.589954109576766,37.614495907237142],[-80.589615419767043,37.614867732726232],[-80.58958838920644,37.614898005871972],[-80.589328847266984,37.615188682918756],[-80.589072517967779,37.615462046749862],[-80.588846823277549,37.615616271773952],[-80.588590685585146,37.615853859093889],[-80.588183534807598,37.616293630048126],[-80.587219249359379,37.617184563314702],[-80.586736863618,37.617671758685056],[-80.586299578969331,37.618135266038735],[-80.585983266490388,37.618408408157286],[-80.585652226397315,37.618633803161309],[-80.585216514668502,37.618811131204858],[-80.584750558917662,37.619036051143411],[-80.584434835408544,37.619201874598758],[-80.583862410930351,37.619700664708695],[-80.583515703332651,37.620045239647361],[-80.583289185812887,37.620342539920493],[-80.583092374045933,37.6206876455215],[-80.582940872815769,37.620973281742387],[-80.582834338446446,37.621259083943478],[-80.582712478340028,37.621604450195782],[-80.582606009983223,37.621878326735157],[-80.5824852848571,37.622020986753128],[-80.582215180712495,37.622067729744394],[-80.582035954827276,37.62194785292742],[-80.58193275882978,37.621637461806316],[-80.581874733258573,37.621291459091502],[-80.58183116091098,37.62104090378152],[-80.581668065478269,37.620718375344872],[-80.581519233347734,37.620527063252055],[-80.581310566576931,37.62031169096884],[-80.581026885102645,37.620107974941767],[-80.580757457729433,37.620035473978326],[-80.580382831244393,37.620010294672767],[-80.579888413993018,37.619960839145278],[-80.579349092826803,37.61989929762769],[-80.578779997393212,37.619801875804733],[-80.578301112753422,37.619657075537425],[-80.577822498537387,37.61946458067996],[-80.577074872496226,37.619128030170401],[-80.576760822688343,37.618995741776153],[-80.576177623021962,37.618743241298823],[-80.576123251055691,37.618705827781184],[-80.575968570378819,37.618599402202918],[-80.575788962057899,37.618551061236914],[-80.575399489410017,37.618501963240398],[-80.575237619156795,37.618484202903204],[-80.575174772873282,37.61847730763396],[-80.575040089188676,37.618410315343027],[-80.574860862732777,37.618321166073798],[-80.574606982401846,37.618153313536986],[-80.574472956043806,37.617997818373574],[-80.57441401511096,37.617818745265424],[-80.574400450360471,37.617568291746224],[-80.574356501888246,37.617389273570836],[-80.574268327974096,37.617078928884652],[-80.574194060922906,37.61695941963859],[-80.574047242668854,37.616994775812714],[-80.573998920480534,37.617006412566987],[-80.573952587494745,37.617244726052107],[-80.573891132921347,37.61750683442235],[-80.573814140293095,37.617864272072708],[-80.573662468781052,37.618173748947299],[-80.573421130134733,37.618435207878491],[-80.573059390597663,37.618779698622347],[-80.572953710607024,37.618910476805986],[-80.572892727450409,37.619089117501169],[-80.572852872462263,37.619274125106863],[-80.572846526011389,37.619303584127906],[-80.572858595703082,37.619369641202134],[-80.572868256004938,37.61942248669628],[-80.572890134273635,37.619542222635097],[-80.572949344545492,37.619673601111629],[-80.573247926473272,37.619889311551375],[-80.573471691753426,37.620080905822569],[-80.573740156688658,37.62032035745176],[-80.573933537861848,37.620583384181842],[-80.573955310341105,37.620664826016913],[-80.574006925833572,37.620857902210091],[-80.573945671370723,37.621084237812525],[-80.573809664929499,37.621274530958978],[-80.573688514389133,37.621488726212618],[-80.573567291656389,37.621714842215717],[-80.573505969277065,37.621953102055713],[-80.573459090998924,37.622286806646798],[-80.573427334780817,37.622596715471026],[-80.573351155574414,37.622811073790508],[-80.573125335896648,37.622977190008918],[-80.572929565089581,37.623131497012466],[-80.572793757007105,37.623286016287246],[-80.572522621637063,37.623511590085641],[-80.572311857249801,37.623665838118939],[-80.571589882906551,37.624080561684003],[-80.57124351167738,37.624353554681086],[-80.570385366732765,37.624982405952203],[-80.570249555658066,37.625136924921755],[-80.57023477935185,37.625160161755367],[-80.570128521372467,37.625327267280518],[-80.570037612134897,37.625493871605755],[-80.570032196494964,37.625514902689069],[-80.569960940445782,37.625791693577384],[-80.569868787791549,37.626172926816608],[-80.569762195889794,37.626458713907539],[-80.569670528256012,37.626756478252183],[-80.569519234923391,37.626994409413889],[-80.569338096054381,37.627208378361303],[-80.569141965555318,37.627422295883726],[-80.568915703644819,37.627659950657623],[-80.568674663153701,37.62786177765733],[-80.568419038686059,37.627992006007723],[-80.568148700859396,37.628074482813496],[-80.56775835745411,37.628168449582596],[-80.567547707100005,37.628298841678962],[-80.567321167776328,37.628584185848815],[-80.567260300198583,37.628738971541104],[-80.567184576371872,37.628869859546725],[-80.567033825311697,37.629012395142574],[-80.566733358629079,37.629118608482059],[-80.566567679996595,37.629249163024369],[-80.566251389197973,37.629498403856964],[-80.565979862467927,37.629783582687239],[-80.565737625427758,37.630188109663877],[-80.565653858445103,37.630356066198388],[-80.565427288058075,37.63084157607058],[-80.56529076759837,37.631176725853656],[-80.565286117854512,37.631188154838107],[-80.565222162674317,37.631308649161056],[-80.565139027157031,37.63146428810559],[-80.565037126072141,37.63158464516485],[-80.564954635031242,37.63162961082751],[-80.564802275546171,37.631724626125234],[-80.564618289468044,37.631819528129611],[-80.564415680218801,37.631853992959492],[-80.563359098628169,37.631900391346946],[-80.56175870283451,37.631919609753453],[-80.561505432785424,37.631963940352051],[-80.561359628684883,37.632018734337109],[-80.561201178825883,37.632073484717161],[-80.561042725367926,37.63212822946187],[-80.560871889156786,37.632137650912853],[-80.560650598386857,37.632121740479498],[-80.560492675462768,37.632085932471682],[-80.560151416955605,37.632034359720478],[-80.559866817124544,37.632028267134984],[-80.559601163859028,37.632027275861944],[-80.559278403748806,37.632056253851978],[-80.559044141153834,37.632095620683366],[-80.558860413419637,37.632145239458843],[-80.55864476389678,37.632245041401525],[-80.558511370336916,37.632340120387212],[-80.5583337617133,37.632424972964351],[-80.558124439142787,37.632524798532472],[-80.557966012292951,37.632574510659239],[-80.557725181537194,37.6326540977661],[-80.557522507316506,37.632698608542924],[-80.557237636600689,37.632737785578257],[-80.55692788000313,37.632706439613955],[-80.5565046034218,37.632619331156882],[-80.556296563999311,37.632502846745801],[-80.556233791977817,37.632422127364784],[-80.556196886466367,37.632245917295343],[-80.556153687093001,37.632064663072384],[-80.556091332257168,37.631913515411327],[-80.555959765274423,37.631701740042438],[-80.555686865191987,37.63133628126549],[-80.555589018608387,37.631246190712183],[-80.554906430020182,37.63077105437258],[-80.554563306194169,37.630483583249038],[-80.554160574503427,37.63013626858536],[-80.553772125790374,37.629908245693784],[-80.553532749282581,37.629823869778583],[-80.552903925924099,37.629678399184279],[-80.552394827222727,37.629569154563292],[-80.551825910605245,37.629435832001654],[-80.55166099444088,37.629435204568786],[-80.551481086206948,37.629434520818059],[-80.551301609224296,37.629362294589505],[-80.550972640362062,37.629217954527697],[-80.550763394575938,37.629109839110633],[-80.550569000000877,37.629025634750832],[-80.550284508134567,37.628964928944981],[-80.549864938460871,37.628927557562172],[-80.549220565311998,37.628877401325475],[-80.548770868632744,37.628863759500277],[-80.548230861862635,37.628909389330147],[-80.547690784469111,37.628966939337339],[-80.547285779854079,37.629001157556424],[-80.547030479848857,37.629071720666204],[-80.546804727793841,37.629213944157229],[-80.546758662190101,37.629392626345243],[-80.546757213945924,37.62963110262119],[-80.54677494553205,37.629694562847014],[-80.546778331856345,37.629706690759711],[-80.546830579380654,37.629893709386522],[-80.546934442075695,37.630072968265353],[-80.546948278400066,37.63026380612466],[-80.547005281085887,37.630752908804169],[-80.547018970676945,37.630967595510917],[-80.546957986716379,37.631134294825891],[-80.546776989425041,37.631312462389737],[-80.546551228974892,37.631454678981036],[-80.546310331292858,37.631620690873362],[-80.546174093616074,37.631834800141291],[-80.546173244936426,37.631974356635816],[-80.546173078473146,37.632001729667174],[-80.546217402508461,37.632109218097725],[-80.546263831920541,37.632288925393787],[-80.546275995479022,37.632335998638943],[-80.546215010979708,37.632502697521936],[-80.546138742259075,37.63271703824261],[-80.546032702940238,37.632895488413133],[-80.545851770576277,37.633061730021893],[-80.545520111553387,37.63335855189429],[-80.545127891134626,37.633750532548468],[-80.544840767609543,37.634119066119048],[-80.544613682867009,37.634475909600575],[-80.544507059614034,37.634749750163287],[-80.544324445753887,37.635190230480532],[-80.544126977542291,37.635606810874116],[-80.544035198489624,37.635904553215255],[-80.543928419579728,37.636202242894143],[-80.543686551596309,37.636523254970754],[-80.54349024917768,37.636749049696284],[-80.543279385376167,37.636903245786392],[-80.543008550898719,37.637057210119899],[-80.542678029799688,37.637163244560995],[-80.542347578649128,37.637257352736306],[-80.542017718970172,37.637256073650086],[-80.541673589067685,37.637135498364813],[-80.541464043986224,37.63707506333396],[-80.541089269803351,37.637061684183266],[-80.540669224852664,37.637095818310229],[-80.540383679990043,37.637202025012868],[-80.540097328154076,37.637439387002381],[-80.539891326372185,37.637655599899588],[-80.539870947016155,37.637676984888039],[-80.539869423640894,37.637681404517096],[-80.539764077653757,37.637986591402253],[-80.539731809864023,37.638356108766544],[-80.539774955996961,37.638654377500771],[-80.539803767045612,37.638845272487615],[-80.539787741157269,37.639012143170376],[-80.539636842716405,37.63916656835179],[-80.539396567266493,37.639225248634411],[-80.539187091848873,37.639152888746814],[-80.538814007504087,37.638865255258501],[-80.538247325983946,37.63836223284094],[-80.537859029350827,37.638110306374692],[-80.537619201562165,37.63809744470899],[-80.537349161101545,37.638120234583255],[-80.537079270708787,37.63811917682753],[-80.53680989511696,37.638034649368379],[-80.536805508807831,37.638030622996453],[-80.536601162748767,37.637843048903051],[-80.53637795869669,37.637567919184143],[-80.536109849546634,37.637280692285891],[-80.535960135910642,37.637244327624835],[-80.535615497681192,37.637207201107501],[-80.535210442069896,37.637241376589635],[-80.533845854919065,37.637259841412266],[-80.532121566895739,37.637253015136558],[-80.531941415887189,37.637288075581758],[-80.531835489181248,37.637442663790885],[-80.531818322349039,37.637788393046151],[-80.531771619046282,37.638062458669026],[-80.531620335206782,37.638276490138033],[-80.531334024188041,37.638501907092355],[-80.530732387440366,37.638797613226842],[-80.529875392047558,37.63916384626836],[-80.529318424297102,37.639507420996765],[-80.528911397101226,37.639851592768522],[-80.52868445041328,37.640172633263155],[-80.528533300735816,37.640362810909537],[-80.528277486396689,37.640504876548064],[-80.528007210546576,37.640563415430286],[-80.527677406744175,37.640550172641895],[-80.527423333025524,37.640417991686896],[-80.527156000795998,37.640011502627218],[-80.526963794078384,37.639581470200326],[-80.52674190869773,37.639103621410548],[-80.526679771330876,37.639001016254149],[-80.526445125678407,37.638613550478631],[-80.525997579065844,37.638254034000624],[-80.525579715254253,37.637942331260959],[-80.525516665761103,37.637823686113187],[-80.525490812319887,37.63777503428787],[-80.525491343116727,37.637691572556072],[-80.525522094407293,37.637572454665026],[-80.525840297418114,37.637049079660834],[-80.52620446053848,37.636370877129949],[-80.526857129693127,37.635121478345226],[-80.527129879075389,37.634669461022213],[-80.52728117285541,37.634455433433601],[-80.527372492664639,37.634241169917544],[-80.527419056285808,37.633990951143495],[-80.52745107859613,37.633669133074584],[-80.527483105165913,37.633347312291768],[-80.52760599589179,37.632882772346882],[-80.527772575701761,37.632621111825323],[-80.527893650756766,37.63244273563577],[-80.527924393682568,37.632323619666977],[-80.527924919409685,37.632240154214173],[-80.527895839440902,37.632096948557518],[-80.527773145033635,37.631906971845297],[-80.527702821660071,37.631798078160813],[-80.527554174322617,37.631594773783945],[-80.527430306747817,37.631372874702102],[-80.52742075125073,37.63135575876565],[-80.527302622341935,37.631069109623418],[-80.527303980620133,37.630854485579626],[-80.527262405941457,37.630317738505518],[-80.527249072000529,37.630055359419281],[-80.527190236527801,37.629876261977969],[-80.52717687214377,37.629863990774474],[-80.526981555060402,37.62968464095789],[-80.526593267175841,37.629444604724675],[-80.525966394337914,37.629000900489871],[-80.525697598228618,37.628832882383634],[-80.525428344996897,37.628736411018068],[-80.525293414744681,37.62873586643488],[-80.524947916339315,37.6288417938311],[-80.524617785236217,37.628888158554055],[-80.524392750204129,37.628911099304283],[-80.524062923732231,37.628909769350095],[-80.523853415111574,37.62884930771245],[-80.523524958009418,37.628633346837361],[-80.523330672053177,37.628537170698358],[-80.523091023439818,37.628500428160692],[-80.522850772009662,37.628559079513785],[-80.522564629406844,37.628760628641977],[-80.522112726459284,37.629092671352041],[-80.521781447669639,37.629317886057208],[-80.521465770537475,37.629447769906342],[-80.521227906983157,37.629498325483688],[-80.521135480545141,37.629517972744864],[-80.520761139407554,37.629444909118149],[-80.520727811674348,37.62942668658188],[-80.52038763394016,37.629240684885062],[-80.519909339349056,37.629012182813561],[-80.519445583460126,37.628855282685713],[-80.51910137907818,37.628758488914137],[-80.518233453704283,37.628504544659521],[-80.517664988744443,37.628311436720722],[-80.515810085256831,37.627671870307054],[-80.51552562771613,37.62761108090637],[-80.515136069883155,37.62757371020821],[-80.514888806372923,37.627608414830235],[-80.514805938602677,37.627620047484399],[-80.514654935724124,37.627786360707013],[-80.514653929997905,37.627941372419869],[-80.514681508762763,37.628311127583203],[-80.51467339528611,37.628492953715941],[-80.514663954902232,37.628704548304427],[-80.51457191222346,37.629026115206287],[-80.514223757774943,37.629537415087192],[-80.51357419407141,37.630285950488847],[-80.513287469977428,37.630570944811005],[-80.51305016843996,37.630709233270906],[-80.51296213989454,37.630760530140549],[-80.512881119113217,37.63080774487176],[-80.512415570902832,37.63092506356805],[-80.512085662709083,37.630935620868343],[-80.511636119138259,37.630897991419147],[-80.511322523733313,37.630705910348517],[-80.510979654400472,37.630406389276146],[-80.510695890697164,37.630238275977817],[-80.510262284299898,37.630057616335279],[-80.509738494875393,37.629912354529587],[-80.50943904185435,37.629851489059149],[-80.509169257473005,37.629838445076054],[-80.508719488900468,37.62983657500628],[-80.508418937532852,37.629942635631124],[-80.508203474023873,37.630037851948927],[-80.508178352564201,37.630048948166603],[-80.50793808249766,37.630107567209549],[-80.507773326563552,37.630083032390623],[-80.5073847055844,37.629902551654112],[-80.507041303395368,37.629686486257199],[-80.506804340776853,37.629244305331319],[-80.506671221554654,37.628969500413092],[-80.506538107877901,37.628694689048558],[-80.506435137492502,37.628396163218142],[-80.506361279358373,37.628228916449054],[-80.506197629142889,37.628037447166179],[-80.50582401769374,37.627857022280544],[-80.505375131607337,37.627723981317821],[-80.505017068040587,37.627553234532797],[-80.504762600897095,37.627399463787754],[-80.504464031790633,37.627207424830516],[-80.504194890466323,37.627098979935475],[-80.503761006791095,37.626965992270023],[-80.503462044268147,37.626833569962784],[-80.503207979953615,37.626713261554663],[-80.503148728623472,37.626605695094938],[-80.503194656298575,37.626462800979489],[-80.503421513380061,37.626165655307133],[-80.503694686744296,37.625666000134558],[-80.503862445446984,37.625237439441889],[-80.503894172273348,37.624975243581964],[-80.504075417486035,37.624773297976411],[-80.504376189252497,37.624631475966886],[-80.50478158823644,37.624537786694773],[-80.505006137869529,37.624586425956736],[-80.505275978073939,37.624587554933662],[-80.505421146240678,37.624560705107839],[-80.505591190670941,37.62452925615225],[-80.505816768155981,37.624422885899897],[-80.506282757811235,37.624234052889562],[-80.506644120706824,37.623997085354482],[-80.506930841050192,37.623712107746883],[-80.507142214007018,37.623486435612783],[-80.507278466691517,37.623284295260511],[-80.507339928169017,37.62305799756718],[-80.507356336393372,37.622843431953299],[-80.507343314092395,37.622545280334627],[-80.507269619235814,37.622354185222008],[-80.507060533161678,37.622234074657776],[-80.506790779027384,37.622221027228754],[-80.506597638230105,37.622220217072645],[-80.506475973515009,37.622219708273995],[-80.50619138567356,37.622182744387572],[-80.505832004569427,37.622121619873759],[-80.505263618493302,37.621928456142825],[-80.504949843304018,37.621772127799787],[-80.504875114079496,37.621704541890757],[-80.504594506127987,37.621450760145308],[-80.504592203737758,37.621448677398263],[-80.504339975450932,37.62105412852236],[-80.504101557686951,37.620838493531778],[-80.50383283597229,37.62067043042466],[-80.503683965553535,37.620514788381278],[-80.503684280538323,37.620467236835374],[-80.503684996028852,37.620359780342334],[-80.503824603069745,37.62006180593378],[-80.503852261380445,37.620002767312279],[-80.503868885563875,37.619973144379053],[-80.504019135898943,37.61970536608014],[-80.504115593763927,37.619479192705526],[-80.504125731336401,37.619455410194909],[-80.504156819900061,37.619288605508736],[-80.504153427980526,37.619255568872084],[-80.504128660336306,37.619014235632115],[-80.50401040476325,37.618763335624664],[-80.503985458889417,37.61873057342445],[-80.503728052768167,37.618392503621969],[-80.503549200807683,37.618236737971657],[-80.503415638111349,37.618033469147569],[-80.503416118628294,37.617961220664945],[-80.5034170666911,37.617818843593987],[-80.503508595910361,37.617580747706668],[-80.503735103943214,37.617331298349079],[-80.503916326261887,37.617129352578708],[-80.504097632476544,37.61691547943947],[-80.504173527613389,37.616772711520873],[-80.504173976958825,37.616705043497163],[-80.504174874797215,37.616570005787452],[-80.50401929527834,37.616241137067632],[-80.503982702466843,37.61616378527485],[-80.503807110631229,37.615679439274757],[-80.503761900883291,37.615554733513875],[-80.503623820615715,37.615357025144768],[-80.503494631601413,37.615172040384863],[-80.503390892841949,37.614992743685683],[-80.503302624008896,37.614741968114018],[-80.503304209097521,37.614503495437326],[-80.503410799299118,37.614253539942041],[-80.503607320836934,37.614003964469838],[-80.503833506372516,37.613802202411122],[-80.504045569543351,37.613469222880802],[-80.504213535504377,37.613004893690942],[-80.504426544210077,37.612528827745081],[-80.504594110143316,37.61212411543648],[-80.504640580595989,37.611897755786302],[-80.50467174491547,37.611719023613361],[-80.504710489820752,37.611628154408272],[-80.504732647449359,37.611576192261012],[-80.504867929770796,37.611469699569696],[-80.504958663299746,37.611398280307618],[-80.50518427967323,37.611279985437271],[-80.505440270125177,37.611102199128275],[-80.505576270981535,37.610935835240966],[-80.505622261842731,37.610781016185257],[-80.50560254530555,37.610700377128019],[-80.505578484651892,37.610601967953428],[-80.505444928683119,37.610398703019065],[-80.505189338467716,37.61022743768509],[-80.505176320243947,37.610218714902018],[-80.504982030268877,37.610134434082916],[-80.504622704671291,37.610073306165418],[-80.504353152105622,37.610036399216952],[-80.504024041185957,37.609939623949359],[-80.503754731577033,37.609866951439955],[-80.502961382513774,37.609708600029514],[-80.502482395046869,37.609611189122141],[-80.502243375174061,37.609490942788355],[-80.501990089395889,37.609263313977486],[-80.501676769556525,37.60904736308553],[-80.501363056949145,37.60889102350594],[-80.501123966092166,37.60878269754383],[-80.500644743345617,37.608721049720437],[-80.50001525125225,37.608718382611777],[-80.499610811285578,37.608680898693244],[-80.499311214242397,37.608655777587565],[-80.499071244080696,37.608678609613335],[-80.498866001146169,37.608817060338353],[-80.498860453879928,37.608820801683827],[-80.498768680891573,37.609094662991133],[-80.498601333997655,37.609463597472669],[-80.498269190529854,37.609819908222725],[-80.49778756281826,37.610115957346572],[-80.497245979854,37.610411756279724],[-80.496975385889812,37.610529838841501],[-80.496644995663658,37.61062382167156],[-80.496345066849443,37.610646391462957],[-80.496119917875149,37.610693127484431],[-80.495939174427647,37.610823517807496],[-80.495757542491305,37.611085072557294],[-80.495635861423509,37.611346880549732],[-80.495544963921347,37.611489578044669],[-80.495302733016672,37.611846262768545],[-80.494985064476651,37.612274170760578],[-80.494788115572746,37.61258335100937],[-80.494681339954042,37.612857144676475],[-80.494589144170362,37.613190623437362],[-80.494434413903804,37.613905400372765],[-80.494341894983918,37.614286571903634],[-80.49413002870368,37.61458376317519],[-80.493888182667277,37.614880828174506],[-80.493481612078881,37.615153333558297],[-80.493211319795734,37.615223716920909],[-80.493001468044298,37.615222813694615],[-80.492597406321536,37.615125688179901],[-80.492028786103788,37.614980152318381],[-80.491505300925454,37.614810962368963],[-80.491056354366464,37.614701712533282],[-80.490756813087984,37.614664647887899],[-80.490457028012699,37.614663355612514],[-80.490203190133215,37.614519167957162],[-80.490025112053843,37.614256073424279],[-80.48987684888202,37.614016950651376],[-80.489683297740129,37.613825328959699],[-80.489459360213516,37.613693194626606],[-80.489309628765611,37.613668700885157],[-80.489129683120325,37.613679846736567],[-80.488889858298094,37.61367880734997],[-80.488635696763964,37.613582317436411],[-80.488306919111849,37.613437800032116],[-80.487993133644906,37.613293353971585],[-80.48736499231731,37.613087919158076],[-80.486811222805173,37.612966269446531],[-80.486571565442077,37.612941379329236],[-80.4863308420328,37.613071495645023],[-80.486104287051177,37.613320913236628],[-80.485772313321888,37.613641416710898],[-80.485486044863094,37.613854799577936],[-80.485139633855241,37.613985220519275],[-80.485110335006041,37.61399625127234],[-80.485043804398117,37.614005871196127],[-80.484630187644314,37.61406569554017],[-80.484210165167539,37.614111555720044],[-80.483760250291112,37.614145363418181],[-80.483520010704666,37.614203930417659],[-80.483234557685464,37.614298075816848],[-80.483039122199173,37.614380683872042],[-80.482813625829323,37.614475090889911],[-80.482632761879131,37.614617383945365],[-80.482467550701671,37.614664355691112],[-80.482288094339381,37.614603952112176],[-80.482199320535983,37.614436622788723],[-80.48203509969504,37.614340512405711],[-80.481750968377426,37.614243872537521],[-80.480643849867093,37.613940904217955],[-80.480374711811834,37.613844327926415],[-80.480106321579655,37.613640437204687],[-80.479853666702866,37.613329300816766],[-80.479645233137006,37.613125675100228],[-80.479435808995191,37.613065127827916],[-80.479135946564682,37.613075732095048],[-80.478745154728259,37.613229018065319],[-80.478204638832523,37.613357792239775],[-80.477784115220345,37.613475173875223],[-80.477469265692179,37.613485702168887],[-80.477229941640161,37.613413095666893],[-80.477066483237195,37.613209667354354],[-80.476800110436443,37.612719601803832],[-80.476711347738885,37.612552272898753],[-80.476622081793295,37.612456483733595],[-80.476413581576892,37.612264776742997],[-80.476174428592586,37.612168323915078],[-80.475740095450476,37.612118695353423],[-80.475215658017504,37.612092517589396],[-80.474661580813049,37.612018507552662],[-80.474272549375016,37.611921383565523],[-80.47421390575515,37.611853186512377],[-80.474138739747545,37.611765777657226],[-80.474110526294737,37.611515247115157],[-80.474112038774479,37.611300619602382],[-80.474144788110408,37.610907275698317],[-80.474193867201976,37.610323218783634],[-80.474157379815438,37.610142838676083],[-80.47414712438966,37.609997779083038],[-80.474191265171982,37.609790469254506],[-80.474240069729092,37.609594498307395],[-80.474269317285831,37.609481444623185],[-80.474269903790542,37.609398445526303],[-80.47424693802391,37.6092927052457],[-80.474112065134719,37.608914818614799],[-80.474037756796804,37.608691889768146],[-80.473944636065724,37.608446242553192],[-80.473945356914129,37.608344378089697],[-80.474007671163406,37.608250338696173],[-80.47422268923475,37.608021151319008],[-80.474442481747872,37.607788216295511],[-80.474562178600408,37.607626517030681],[-80.474653579538256,37.607442057218336],[-80.474682857819801,37.607325226004924],[-80.474675863742661,37.606970550732292],[-80.474617081890685,37.606562821832135],[-80.474491167564366,37.606207997394712],[-80.474164567660907,37.60572882936296],[-80.474123289773942,37.605503604092874],[-80.474064683525,37.605312556132482],[-80.473960948565207,37.605145158270972],[-80.473815870618893,37.605021134186252],[-80.473722582064426,37.60494138940723],[-80.473418960542062,37.604781507231749],[-80.473334345245647,37.604736948629579],[-80.473023535668901,37.604606164694019],[-80.472990646121744,37.60459232375684],[-80.472632391380401,37.604388017256554],[-80.472243904314993,37.604219345991055],[-80.471750509219319,37.6040501985117],[-80.471466431604696,37.60395353681772],[-80.471182441435829,37.603844946487243],[-80.470988706810246,37.603689067428249],[-80.470810214209038,37.60349748487905],[-80.470691417910857,37.603341941327322],[-80.470542648879643,37.603186261389247],[-80.470154514546536,37.602969883159687],[-80.469915267018834,37.60285024551424],[-80.469721417195572,37.602753304337575],[-80.469685787480714,37.602737069725698],[-80.469377822336668,37.602596749177934],[-80.469168603290996,37.602512343244676],[-80.46891475989456,37.602380035369869],[-80.46866092078676,37.602247728770877],[-80.468481506711598,37.602187300779924],[-80.46836161542366,37.602186758062999],[-80.46822639367079,37.602233846016418],[-80.468060180087861,37.602423880208875],[-80.467834109121043,37.602601722229139],[-80.467412354204541,37.602897920181718],[-80.46687079039873,37.603181653406537],[-80.46587790507715,37.603701819120865],[-80.465531926555471,37.60387911482551],[-80.465291196410476,37.604009187464762],[-80.465110927153091,37.604067988838992],[-80.464900769423451,37.604114732390677],[-80.464600856997961,37.604137223450678],[-80.464286129789301,37.604135793422962],[-80.464031350883005,37.604134638429905],[-80.463776744341075,37.604109630593506],[-80.463522821852337,37.603989238249113],[-80.46326966782901,37.603761531638241],[-80.463106523356018,37.60352230655316],[-80.462972330193949,37.603426306214907],[-80.462717897931356,37.603377452827822],[-80.462553471576996,37.603317082271253],[-80.462269659610982,37.603184625471897],[-80.462000501927207,37.603099932840287],[-80.461701022421153,37.603062793933717],[-80.461416530912786,37.60302572356909],[-80.461192160182478,37.602965079344472],[-80.460968220001448,37.602844815681095],[-80.460864171412879,37.602725102052247],[-80.460774853723322,37.602641225341181],[-80.460595704647318,37.602545014184457],[-80.46031164297537,37.602448323946668],[-80.460057731802465,37.602327920594455],[-80.459818636525796,37.602231435788141],[-80.459609254763222,37.602170857162314],[-80.459385146952243,37.602074439201701],[-80.459115906891995,37.602001661654121],[-80.458802314134019,37.601845210556363],[-80.458593188966091,37.601748863402953],[-80.458488888729931,37.601664914424397],[-80.458489925830833,37.601521833143579],[-80.458494561062267,37.601508145018606],[-80.458566501274561,37.601295622554396],[-80.458644457431362,37.600878644943826],[-80.458663675832625,37.60029445418315],[-80.458668861677992,37.599579036751472],[-80.458659076823295,37.599519379877385],[-80.458625805960665,37.599316512053235],[-80.458626224896122,37.599258538814524],[-80.458627964763039,37.599018419607553],[-80.458630384966909,37.59868455862108],[-80.458588448527394,37.59826702814312],[-80.458559428917923,37.598135729133077],[-80.458500696404286,37.597968523161676],[-80.4583523047298,37.5977651350846],[-80.45833520933256,37.597756710206433],[-80.45808351811462,37.597632736238225],[-80.457784408666058,37.597547892854365],[-80.457559879699332,37.597511090493889],[-80.457260774719089,37.597426249410439],[-80.456991812321746,37.597317694059335],[-80.456708127658132,37.59717330149698],[-80.456574037455056,37.597065366866566],[-80.45641188824122,37.596875356502274],[-80.456410580753897,37.596873831720096],[-80.456322059240463,37.596682637950018],[-80.456205817027268,37.596181292788515],[-80.456133669378914,37.595799392749875],[-80.456135317158157,37.59557284093534],[-80.456197168636905,37.595310800379153],[-80.456318782591353,37.595072880979828],[-80.456425327525608,37.594846814991072],[-80.456456424823401,37.59469194726465],[-80.456427843951218,37.594501028636934],[-80.456324420257559,37.594297845022169],[-80.456116109488974,37.594094174420533],[-80.45610255935317,37.594085313981928],[-80.455877477441902,37.593938064477392],[-80.45562368800131,37.593805729139213],[-80.455604481770592,37.593784634782274],[-80.455460157307328,37.593626114309025],[-80.45516393449067,37.593147786900822],[-80.455061650934738,37.592789591022814],[-80.454989077421629,37.592467308296847],[-80.45491728381522,37.592037713526359],[-80.454890617729077,37.591584477597031],[-80.454848102565151,37.591250406982752],[-80.454819349627869,37.591083339296006],[-80.454760629708232,37.590916133170076],[-80.454656870813537,37.59076063917513],[-80.454643016668484,37.590605563225516],[-80.454734053017418,37.590450972778697],[-80.455185667804017,37.590166880239686],[-80.455532215792218,37.589906147247525],[-80.455668111988487,37.589763688639827],[-80.455789116297723,37.589609235547513],[-80.455896003216679,37.589335469636879],[-80.455972914971937,37.589061575373691],[-80.456065074733303,37.588751974323344],[-80.456066811291876,37.588513505098021],[-80.456056047423829,37.588412814279657],[-80.456052783311563,37.588382274367277],[-80.455979425120006,37.588167302255322],[-80.455892929281646,37.588032655779486],[-80.455771996915914,37.587844399939819],[-80.455608565590637,37.587652859066623],[-80.455478869043901,37.587511072684677],[-80.455400444289722,37.587425341989146],[-80.455161314546913,37.587340770479635],[-80.454742211902584,37.587279214068687],[-80.45442737757277,37.587301610611213],[-80.454097652470409,37.587312005470153],[-80.453991429924542,37.58731151775504],[-80.45391938414862,37.58731118265829],[-80.453827945687166,37.587310759587545],[-80.453543256666322,37.587309442825948],[-80.453183650722337,37.587307775631196],[-80.453034980012191,37.587286189163059],[-80.452929191480749,37.587270823138084],[-80.452894708307326,37.587263171348681],[-80.452764636113017,37.58723429235414],[-80.45251095997854,37.587090023321217],[-80.452317135203174,37.586957963443574],[-80.452093694157909,37.586778065816155],[-80.451885413430773,37.586574390437214],[-80.451677567765941,37.586311096488352],[-80.451574081754231,37.586119831181932],[-80.451500040940729,37.586000245799006],[-80.451320852688497,37.585915944141732],[-80.451021974116486,37.585807237872494],[-80.450677795592327,37.585746018198925],[-80.450318987597242,37.585637029431652],[-80.450020288201728,37.585504474635734],[-80.449542579633203,37.585263766933686],[-80.449258601397261,37.585167050456],[-80.44894413064678,37.58514173593688],[-80.448569551329498,37.585139984812841],[-80.448545118953945,37.585138988255309],[-80.448530903152758,37.58513840897573],[-80.448240010020342,37.585126519173194],[-80.44780585361552,37.585076794366202],[-80.447386853639131,37.585003288490014],[-80.446997642746268,37.584953770224466],[-80.446563485968568,37.584904039948832],[-80.446054765409428,37.584806261818287],[-80.445979831691886,37.58475931251229],[-80.445920535953064,37.584722162054973],[-80.445906881051144,37.584543239993806],[-80.445924423421957,37.584197523052524],[-80.445911477893404,37.583923209776728],[-80.445853225318231,37.583696380161527],[-80.445675990741137,37.583349749544972],[-80.445512510090595,37.58317012010032],[-80.445394061643441,37.582978781756694],[-80.445298986239081,37.582809677496215],[-80.445264883366093,37.582749020887235],[-80.445246182035419,37.582715757262498],[-80.445078387029227,37.582499268134683],[-80.44502356622678,37.582428533481689],[-80.444845543825764,37.582189215384311],[-80.444608716488958,37.582048612160136],[-80.444562114957492,37.582020946085059],[-80.444536523067811,37.582010610737548],[-80.444084093976471,37.581827911185826],[-80.443945659171817,37.581766462641482],[-80.443785419837425,37.581695340730541],[-80.443577086058866,37.581503572452135],[-80.443503857956713,37.581276670120296],[-80.443445883221528,37.581014067143428],[-80.443354073326233,37.580954904506811],[-80.4432967712996,37.580917973037735],[-80.443042067901104,37.58091677243857],[-80.442607048420854,37.58098626138824],[-80.442082134331798,37.581055326585101],[-80.4416476486183,37.581053270398634],[-80.441303055563935,37.581051642622171],[-80.440808638092022,37.581049301473527],[-80.440524244623063,37.581012182279323],[-80.44038880634028,37.580918675784751],[-80.440315559592477,37.58086810296772],[-80.440241988344283,37.580688890669528],[-80.440273115118217,37.580534027969037],[-80.440350878952231,37.580152828339017],[-80.440487949302707,37.579855376851008],[-80.440761107927472,37.57939163398683],[-80.440942227697803,37.579213629328358],[-80.441258716541782,37.578964723776274],[-80.441606510209567,37.578537102830168],[-80.441955004993559,37.578014093127464],[-80.442091889284555,37.577740487409663],[-80.442260245035172,37.577264322508739],[-80.442426375857494,37.577086245561212],[-80.442682483576263,37.57689666932761],[-80.442803491143167,37.576742226544681],[-80.442850036315917,37.576527813717355],[-80.442806422020539,37.576348748773448],[-80.44270904502784,37.576238874957753],[-80.442657852282395,37.576181108594632],[-80.442374625433686,37.575988988059194],[-80.442330842675034,37.575833768089595],[-80.442317636702185,37.575595224492623],[-80.442259136672732,37.575404166020313],[-80.442095944908814,37.575188759606228],[-80.441842065488061,37.575080240036755],[-80.441602991855191,37.574995643128588],[-80.441170998093256,37.574775616028802],[-80.441035847805992,37.574706784069555],[-80.440796509306963,37.574548245212647],[-80.440365002751463,37.574262414839708],[-80.439903091140224,37.573926348228341],[-80.439560315945684,37.573686240134592],[-80.439336858024859,37.57351824289001],[-80.439024140450684,37.573266352103161],[-80.43866478197728,37.572936930411657],[-80.43859265175989,37.572870808198942],[-80.438250691695913,37.572523381601371],[-80.437953412591654,37.572211940198308],[-80.437761173680329,37.571877152389796],[-80.43773291749045,37.571650462180067],[-80.437659626771392,37.571435481327562],[-80.437661511774877,37.57118508057647],[-80.437768345700874,37.570923263913514],[-80.437934293635351,37.570769041794456],[-80.438190660619256,37.570543702838137],[-80.438476446530757,37.570390053792018],[-80.438882073060668,37.570236968314831],[-80.439332551678007,37.570096018348366],[-80.439513385097726,37.569953786753203],[-80.439799881664854,37.569704743113213],[-80.439996141697435,37.56950296270648],[-80.440251959303254,37.56934916624558],[-80.440612461326509,37.569219708584747],[-80.440882455362214,37.569173293850923],[-80.44115209499077,37.569174571490088],[-80.441316876551198,37.569175349621318],[-80.441602205834215,37.56908130483064],[-80.44182743880198,37.569010823908087],[-80.442083075390869,37.568880869478562],[-80.44256412011724,37.568656584289194],[-80.442805131059345,37.568478861836695],[-80.442941903301801,37.568217177092087],[-80.442911487240977,37.568148095079806],[-80.442868248963265,37.56804989317888],[-80.442675198840988,37.567822425241395],[-80.442527535849592,37.567535551832151],[-80.442522633321119,37.567528030390349],[-80.442379427311096,37.567308292003958],[-80.442186735116721,37.567033127548434],[-80.442009119288414,37.56674611373662],[-80.441843890698635,37.566579696036655],[-80.441830698431744,37.566566408223636],[-80.441745753804213,37.56646366421446],[-80.441622856387966,37.566315018093476],[-80.441474845378664,37.566075837268265],[-80.44143836129966,37.566016887018648],[-80.441208422277924,37.565645309841244],[-80.441030455944272,37.565405987553802],[-80.440837149669036,37.565214286137603],[-80.440835040265739,37.565212302199967],[-80.440480147847609,37.564878720993988],[-80.440049410960768,37.564387790735879],[-80.4398666432092,37.564122196705917],[-80.439827137876676,37.564064786433221],[-80.439702173297533,37.563748845913281],[-80.439694831220493,37.563730284807995],[-80.439687916532051,37.563714074637616],[-80.439562344827266,37.563419629071888],[-80.439481169030188,37.563273718715585],[-80.439429322329673,37.563180514052348],[-80.439373732927606,37.563123504062574],[-80.439265804054727,37.56301280557598],[-80.439012598064281,37.562820813013694],[-80.438848728306439,37.562700797001753],[-80.438640637393277,37.562485172057748],[-80.438433891282031,37.562090695461578],[-80.438168128722054,37.561576694984453],[-80.438103226893489,37.561380908496929],[-80.438021656029363,37.561134807904502],[-80.43790397995771,37.560848068521402],[-80.437845319745861,37.560680850009895],[-80.437846576230413,37.560513921278314],[-80.437877875953831,37.560335208073312],[-80.437924956197747,37.560049254799999],[-80.43788181755761,37.559810564017489],[-80.43783876303948,37.559559958714352],[-80.437660733317443,37.559332552090424],[-80.437452829853612,37.55909307894526],[-80.437289686985849,37.558877667495004],[-80.437141703170809,37.558638482063365],[-80.437068605860603,37.558399649913888],[-80.437070761037702,37.558113481784204],[-80.437027802150723,37.557850948162077],[-80.437015324114242,37.557786386502016],[-80.436970135319854,37.557552570832058],[-80.436764394073421,37.557026930086558],[-80.436456244447612,37.556178849950825],[-80.436211691664383,37.555360609747531],[-80.437425191723079,37.554800273764172],[-80.438627471768271,37.554257487776944],[-80.439829288233526,37.553774306853953],[-80.440460186166874,37.553526895089],[-80.441361020631305,37.553233059005763],[-80.442321665177118,37.552951421547199],[-80.443296925367434,37.55271754085539],[-80.443731427316493,37.552695739957926],[-80.444181172261111,37.552638236533674],[-80.444436214053866,37.552579819022434],[-80.445292621905992,37.552214196577573],[-80.446148670725179,37.55189626731449],[-80.447351281942417,37.551293770149123],[-80.447772382023615,37.551057260833382],[-80.448058424237686,37.550855888737296],[-80.448330016223693,37.550582899412198],[-80.448660636285069,37.55042942983669],[-80.449066485878248,37.550228616434225],[-80.449247165889332,37.550098292454393],[-80.449637949687215,37.549909331628015],[-80.450163775900222,37.549685223005575],[-80.452026310664408,37.548942660788867],[-80.452657042112719,37.548707105646123],[-80.453153163341085,37.548447071381119],[-80.453378671635434,37.548328875251677],[-80.453859375058059,37.548128390825418],[-80.454655349116393,37.547822043655565],[-80.45675852629644,37.54692550613553],[-80.457389054395065,37.546713767980862],[-80.457794687936939,37.546536772110848],[-80.457945132187689,37.546442071264657],[-80.458230271147229,37.546359907748098],[-80.458620754312221,37.54620668649752],[-80.459131639000859,37.545970544269018],[-80.459402400223752,37.545804848910521],[-80.45965844340013,37.545603311019967],[-80.459868788153898,37.545508876379856],[-80.460304189704829,37.545355858581196],[-80.460754387085913,37.545226747428522],[-80.461159232289546,37.545157052767159],[-80.461489290030016,37.545075087207984],[-80.461759783396616,37.544945156124562],[-80.462015477969842,37.544791307284562],[-80.462286485535031,37.544589832706208],[-80.46258727010958,37.544412339124065],[-80.462978076458171,37.544211408105198],[-80.463353730519572,37.544034252122664],[-80.464029569154789,37.543763064402356],[-80.464450742924726,37.543502649220137],[-80.464586626731503,37.543348251291619],[-80.464587310069348,37.543252859131009],[-80.464569393180994,37.54322148662979],[-80.464498567819959,37.543097442575608],[-80.464068053062007,37.542570829882571],[-80.463740833223397,37.542259315089318],[-80.463502691988211,37.542055523366002],[-80.463280210185829,37.541756408861488],[-80.463176583611315,37.541589001477305],[-80.463073642722065,37.541326200931472],[-80.463015457349414,37.541087456246302],[-80.46301708106347,37.54086090116828],[-80.463049081554715,37.54057486801203],[-80.463170418519013,37.540360786574276],[-80.463593112449459,37.539885742619695],[-80.463984662854713,37.539577493935617],[-80.46449625290812,37.539234012848652],[-80.464826784318035,37.53908049704151],[-80.465037103074877,37.538986057400294],[-80.465187609289529,37.53887942254142],[-80.465233723780671,37.538712695858493],[-80.465205056081729,37.538533702929882],[-80.465123780104534,37.538364430735193],[-80.465101770282615,37.538318599215195],[-80.464908729960001,37.538091168372006],[-80.464581265668116,37.537815423815516],[-80.46425406419884,37.537503913041853],[-80.463851395244347,37.537275529223038],[-80.463448306134424,37.537106758358725],[-80.463059333776002,37.537057297204399],[-80.462655217505358,37.537031610192301],[-80.461622470392598,37.536967281982626],[-80.46033500118061,37.536925634287769],[-80.459885881840918,37.536911656999315],[-80.459661280921026,37.53691062950945],[-80.459242449490858,37.536849090688179],[-80.458569675136189,37.536702920381522],[-80.458017035752107,37.536509598205491],[-80.458000054071476,37.536497553934758],[-80.457718532189176,37.536297973369535],[-80.457644602534032,37.536245554715897],[-80.45754400584994,37.536148289404863],[-80.457433029199336,37.536040992055803],[-80.457347208077678,37.535958013267688],[-80.457343239180474,37.535944497303582],[-80.457259527558492,37.535659501206837],[-80.457216596075327,37.535385053511604],[-80.457009823629548,37.534990602942536],[-80.456772071979699,37.534739103440195],[-80.456489395506807,37.534487398500815],[-80.456117669308256,37.534127962544979],[-80.455745253470127,37.533863913098806],[-80.455342371246772,37.533671271200454],[-80.454894223865111,37.53352611127697],[-80.454475158275216,37.533500329121658],[-80.454040947683225,37.533498320701526],[-80.453592112457869,37.533448550740573],[-80.453308755301464,37.533292224999478],[-80.45298066378362,37.533111844331536],[-80.452877593600036,37.532872882018985],[-80.452939663209619,37.532575069368455],[-80.453016790675406,37.532265397033044],[-80.45304900053948,37.531955518405645],[-80.453175135169175,37.531085638868575],[-80.453283597861983,37.53058532864371],[-80.45334679179598,37.530132501042097],[-80.453394235575502,37.529786922585167],[-80.453396582674287,37.529464980623239],[-80.45333360155648,37.529323060645027],[-80.453264012177954,37.529166262975338],[-80.452921309697587,37.528938116712951],[-80.452533435147856,37.528745531997707],[-80.452198216565435,37.52858843131056],[-80.452070874348266,37.528528754261451],[-80.451788067019677,37.528300881680082],[-80.451535643240831,37.52801353142673],[-80.451264008502918,37.527679091284647],[-80.451253714109868,37.527666418219439],[-80.45080788459299,37.527211230933219],[-80.450690120262507,37.52693642353988],[-80.450527973415603,37.52658987104406],[-80.450335705116501,37.526267022484525],[-80.450158412939402,37.525944246029049],[-80.45008153798544,37.525843437837501],[-80.449921149453417,37.525633112164357],[-80.449788508455185,37.525346318653042],[-80.449775550617787,37.525071997606723],[-80.449776863080444,37.524893144834962],[-80.449687389223001,37.524845030206265],[-80.449442591776545,37.524912562394825],[-80.449432356210295,37.524915384583942],[-80.449192291363715,37.524985809119769],[-80.448743330510837,37.524959870022293],[-80.448518765857116,37.524958819820363],[-80.448248671526116,37.525041025290108],[-80.447933133170494,37.525194567034866],[-80.447632833937419,37.525312403646012],[-80.447182817027681,37.525429541478204],[-80.446898012629788,37.525475906640473],[-80.446343547852521,37.525544850718987],[-80.445894235424063,37.525566591461612],[-80.445669930324314,37.52552976871204],[-80.445356242002703,37.525432901377187],[-80.444890690582113,37.52520085134406],[-80.444849074923766,37.525180111220557],[-80.444566301163562,37.524952221487133],[-80.44431374178987,37.524688702190844],[-80.444135770424168,37.524461307184744],[-80.443854592549442,37.52401878701977],[-80.443233171087201,37.523026155713879],[-80.44306946715443,37.522894219114107],[-80.442890704720682,37.522774130734867],[-80.442874057236793,37.522766891864954],[-80.442696708572527,37.522689748471407],[-80.442607683207399,37.522582011568012],[-80.442459750339864,37.522342827257333],[-80.44240155266499,37.522115994942276],[-80.442355258515491,37.521990382959174],[-80.442269483717368,37.521757648096944],[-80.442273119402003,37.521268774511178],[-80.442335489442144,37.520935191000561],[-80.442517705468134,37.520590251902924],[-80.44251885989803,37.520435243666221],[-80.442519921106296,37.520292155371479],[-80.442476253310659,37.520125015166116],[-80.44231371184091,37.519838067464555],[-80.442016087083232,37.5195981746906],[-80.44170322450961,37.519393986521699],[-80.441565617572977,37.519240308843258],[-80.441317204132616,37.518962892012198],[-80.441065297661851,37.518615898034803],[-80.440902942755628,37.518305100340001],[-80.440843736272967,37.518103333479509],[-80.440815346501381,37.518006583976558],[-80.440700039230293,37.517409830106594],[-80.44068721142942,37.517123589838441],[-80.440673840691062,37.516908890066901],[-80.440721686299952,37.516515618402757],[-80.440693793607892,37.51624123075522],[-80.440665546247516,37.516014539208612],[-80.440578842484754,37.515596781388076],[-80.440462918543219,37.515083490346193],[-80.440316790226575,37.514605833444165],[-80.440169769679756,37.514247410321993],[-80.440081381437679,37.514056203704413],[-80.439993084985474,37.513853075250992],[-80.43985961015359,37.513685502689661],[-80.43946795741229,37.513162367694271],[-80.439354427082378,37.512989044823044],[-80.439147057193864,37.512632027529939],[-80.43885167271732,37.512128128109836],[-80.438675091724349,37.511721672760174],[-80.438289196988904,37.511219589689283],[-80.437873784645973,37.510692577633399],[-80.437595453273005,37.510441994158164],[-80.437176305893345,37.510202811860033],[-80.436757644068507,37.510141196178822],[-80.436144043748556,37.510126345539767],[-80.43570951884989,37.510183889601386],[-80.434975722353755,37.510228078650094],[-80.433941028827505,37.510473533242752],[-80.433506318969222,37.51055491540739],[-80.433160880764703,37.510708276558368],[-80.432800106562681,37.510909255462636],[-80.432544200774146,37.511098811298872],[-80.432348530808213,37.511240960955199],[-80.431897944046071,37.511441506309922],[-80.431327339045254,37.511677243268608],[-80.430831837720206,37.51187756646943],[-80.430501171701522,37.512054838052016],[-80.430170779502859,37.512196334410667],[-80.429900439669737,37.512314269899321],[-80.429389148385525,37.512621829488516],[-80.429028268617671,37.5128347220328],[-80.428727710594174,37.512988284332202],[-80.428411732734375,37.513201387624292],[-80.428216138161346,37.513331609409967],[-80.427870766385936,37.513473026753999],[-80.426699278023776,37.513980087258098],[-80.425993185311881,37.514310531569002],[-80.425572592206763,37.514499273431674],[-80.425241993742858,37.514664605563425],[-80.424941701986057,37.5147823847417],[-80.424626525208751,37.514888167549628],[-80.42377100102712,37.515182098451938],[-80.4233360674464,37.515287293483915],[-80.422916015443349,37.515404481807025],[-80.422390719954421,37.515580779356576],[-80.422195108813199,37.515710987374938],[-80.421955048673723,37.515781358490891],[-80.421640051002171,37.515863286180505],[-80.420650696423337,37.516037300865584],[-80.420110879023255,37.516153894347532],[-80.419406214092803,37.516293522206858],[-80.418985781817909,37.516458390567365],[-80.418369908924547,37.516729615521442],[-80.417724372220093,37.516964918143607],[-80.417198866108365,37.517165039403878],[-80.41691360946767,37.517270945542215],[-80.416568662711654,37.517352711787154],[-80.416088616357428,37.517481504221799],[-80.415773048656447,37.51763495997271],[-80.415576770916758,37.517848624205406],[-80.41535064394408,37.518050216366639],[-80.41509504444619,37.51819203862285],[-80.414839722172843,37.518298091553987],[-80.41458448893961,37.518392220389927],[-80.414089556290023,37.518509008678059],[-80.413774258953424,37.518626684830473],[-80.413533715153875,37.518756656227843],[-80.412932309837217,37.519087544313592],[-80.412406308768666,37.519347257900122],[-80.411864771620174,37.519678441922352],[-80.411548900688757,37.51986765307791],[-80.411233125238553,37.520044941680787],[-80.410526437845462,37.52043491596212],[-80.410225814112138,37.520588429513182],[-80.409820589550137,37.520717570796371],[-80.408874269493992,37.52111825776575],[-80.408032167159362,37.521591006021609],[-80.407219904866295,37.52207582103928],[-80.406829349687172,37.522240799313167],[-80.406498297256249,37.522453770284194],[-80.405957849631989,37.522641839342896],[-80.405131343943822,37.523031173751114],[-80.404590223168611,37.52330270627688],[-80.404169620103318,37.523479445448807],[-80.403778768593625,37.523680182138172],[-80.4026813411066,37.524246994266932],[-80.401989924794535,37.524589296481793],[-80.40114812163003,37.525014299856949],[-80.400050939102556,37.525545315741624],[-80.398998559521758,37.526088478700451],[-80.397810660332084,37.526726328365456],[-80.396563621021414,37.527268473056985],[-80.39605266763823,37.527504343826635],[-80.395422613041163,37.527656132353329],[-80.395092084459364,37.527797529933913],[-80.394490718615089,37.528104475357033],[-80.394159799435513,37.528293564998023],[-80.393814100114284,37.528458729938592],[-80.393423389410401,37.528635583919552],[-80.393032675741836,37.528812436580651],[-80.392611920407091,37.529001060984299],[-80.392161217529505,37.529189527035925],[-80.391499841729001,37.529508073033128],[-80.39109395571549,37.529708691635342],[-80.390763116807193,37.529885847218964],[-80.39022228444297,37.530109614438864],[-80.389681346057074,37.53034530255583],[-80.389110463979947,37.530580829676751],[-80.388569326313188,37.530840362210057],[-80.388344063679611,37.530922664189923],[-80.388043647417547,37.531040348140401],[-80.387547617209748,37.531276260000553],[-80.386871426756002,37.531570854215353],[-80.386375191755519,37.531830607013077],[-80.385968397518894,37.53213852123654],[-80.385471568639389,37.532469811613304],[-80.385080424829368,37.532694333010816],[-80.384719224467403,37.532919008208367],[-80.384267598406865,37.533214758946158],[-80.383786215617604,37.533486502090454],[-80.383334680670004,37.533770323045722],[-80.382912104902303,37.534173535589161],[-80.382595808753933,37.534398440628451],[-80.382205334825713,37.534539489259593],[-80.381994531475499,37.534681473396311],[-80.381707687039906,37.534966150689286],[-80.381481517143484,37.535155749146377],[-80.381240177354272,37.535369120937155],[-80.380939140833576,37.535558328731334],[-80.380396656668992,37.535972826431795],[-80.379779993900613,37.536303464543906],[-80.3789372398236,37.536811771178414],[-80.377612653251035,37.53763948624043],[-80.376498460628213,37.538372902346865],[-80.376061941524696,37.538644850413746],[-80.375730633651656,37.538869654725303],[-80.375459611196732,37.539047081283805],[-80.37515894671813,37.539188584926748],[-80.374632871767915,37.53942428197827],[-80.37319029594822,37.540024759339204],[-80.372378903521749,37.540354326317299],[-80.371838038038717,37.54056607986481],[-80.371387315196756,37.540742544496645],[-80.371011764707418,37.540883634301814],[-80.370545863655295,37.541083861765287],[-80.370063678624874,37.541439012218248],[-80.369701690896207,37.541747106681314],[-80.369355471005562,37.541959889359994],[-80.368873580729797,37.542279268319916],[-80.368241238830265,37.542681305062636],[-80.366496030324711,37.543637802815766],[-80.365909091535713,37.543980453666286],[-80.365547980519835,37.544181222055656],[-80.36514224613083,37.544345975013528],[-80.364541029514768,37.544605073118419],[-80.364150163978508,37.544781830159678],[-80.363549041864715,37.545028997976978],[-80.361624933653985,37.545877144349326],[-80.360855815494631,37.546224642565306],[-80.360347062462893,37.546454506744773],[-80.359310508878906,37.546830456875995],[-80.358589244061278,37.547112718942429],[-80.357777406885987,37.547477955705837],[-80.357146188518882,37.547736846331581],[-80.356620611323407,37.547900922635776],[-80.355974719057372,37.5481239562355],[-80.355298253871226,37.548418365369479],[-80.354741591073633,37.548713427155484],[-80.354215077160077,37.548984803415145],[-80.353944278452531,37.549126411330775],[-80.353297955698807,37.549397126048042],[-80.352741685739758,37.549644483120773],[-80.352320404777856,37.549868727627498],[-80.351809573662123,37.550056712808136],[-80.351238941747297,37.550232440614558],[-80.350592909061589,37.550467368553903],[-80.349781410283825,37.550784852585579],[-80.348953371940226,37.551281097039237],[-80.348441796287858,37.551552530554687],[-80.34791534939086,37.551811952217008],[-80.347524301319766,37.552000574771078],[-80.34675822174286,37.552258670348614],[-80.346082622246101,37.552445713430558],[-80.345166042450643,37.552786432093171],[-80.344429691610074,37.553068522375639],[-80.343978723207897,37.553256802171987],[-80.343572267659042,37.553493024992086],[-80.343331076088958,37.553670544521701],[-80.342939277478948,37.553942617346138],[-80.34242693096931,37.554297484589327],[-80.342080577241262,37.554510189178416],[-80.341448720351025,37.554828614501091],[-80.340997529583248,37.555040731974223],[-80.340139431825747,37.555536746963071],[-80.33905593217284,37.556114966460747],[-80.338603565444927,37.556458229650282],[-80.33825666599077,37.556730537294811],[-80.338060488984084,37.556896374304479],[-80.337834669082142,37.557026273160147],[-80.337414246907272,37.557143153965917],[-80.336904069035924,37.557247607147687],[-80.336513608564715,37.557364650298815],[-80.336092654643579,37.557541145369285],[-80.33573140127487,37.557741822544259],[-80.335385012719215,37.557954507033664],[-80.33493325285896,37.558226215338102],[-80.333727947907889,37.559018329380251],[-80.332146140767264,37.56003485844078],[-80.330324118160817,37.561109621057895],[-80.329842685659059,37.561345372446127],[-80.329301762763862,37.561533084021775],[-80.328535953240049,37.561743361965746],[-80.327785545966549,37.561906027249982],[-80.327125436847524,37.562021510671308],[-80.326668640570617,37.562141604961717],[-80.326592078242058,37.562161735263466],[-80.328227612589671,37.564022274583451],[-80.328334596289096,37.564150423017765],[-80.32842177032083,37.564240151683499],[-80.328429581065834,37.564265613925365],[-80.328301009812321,37.564322207750969],[-80.327770870449541,37.564561200268756],[-80.327313139181626,37.564756076756836],[-80.326558520030659,37.565038310714051],[-80.325755714500815,37.565339463171171],[-80.324928494540643,37.565697795772365],[-80.324205900223689,37.565980197693101],[-80.323619861616493,37.566199742987493],[-80.323137992275832,37.56639446485088],[-80.322350948802679,37.56672750164676],[-80.321620468259226,37.566990824069883],[-80.321010236414764,37.567229325691578],[-80.320239313776497,37.567543332600657],[-80.31941204667126,37.567888826910547],[-80.319288953976056,37.567883424437433],[-80.319024167546402,37.567939925789915],[-80.318850621769585,37.568038456139426],[-80.318569038115868,37.568208806729515],[-80.318223420625188,37.56838509622618],[-80.318091699322224,37.568454471324159],[-80.318083360491045,37.568472851103159],[-80.318083248406154,37.568473097422775],[-80.318197173459225,37.568683501682251],[-80.318465392724875,37.568840057436176],[-80.31873329176851,37.569032390309921],[-80.3187927725549,37.569080427936939],[-80.318879680500672,37.569194009660059],[-80.318985228968941,37.569331942182863],[-80.319192770126818,37.569571620185265],[-80.319215235655477,37.569608043981653],[-80.319369920706279,37.569858817885766],[-80.319502677480131,37.570086136710493],[-80.319757762976181,37.570429587668478],[-80.320241663504532,37.571081107782504],[-80.321308245371,37.572517101311405],[-80.321813254784288,37.572996965319049],[-80.321892298793173,37.573062999936134],[-80.321945795169796,37.573107684658183],[-80.322244440943464,37.573357163375896],[-80.322765517654091,37.573717870178776],[-80.323150308782814,37.574055232816015],[-80.323285737326131,37.574173964787533],[-80.323641499195389,37.574593345292335],[-80.323788823060625,37.574868438818591],[-80.323791019384288,37.574874271345621],[-80.323964388979292,37.575334482106115],[-80.324126269578699,37.575657356503257],[-80.324274244859794,37.575860912054203],[-80.324555870029897,37.576196395050708],[-80.324704281643889,37.576352257306922],[-80.324907973321842,37.576525865622145],[-80.325159260739724,37.576740034632778],[-80.325239506622708,37.57680842906354],[-80.326013583770248,37.577361354667175],[-80.326355680507206,37.577637559549707],[-80.326847384605472,37.577938461599985],[-80.327264930677728,37.578155475035231],[-80.327786921450908,37.578420775252098],[-80.328472961950212,37.578770474097162],[-80.328979875213435,37.579047607978694],[-80.329336761586234,37.579347737707373],[-80.329419661209059,37.579469751479628],[-80.329499421266746,37.57958714332166],[-80.32949749545304,37.579801760910478],[-80.329375397171034,37.580051472643113],[-80.328982229426359,37.580454653081688],[-80.328559632717301,37.580798046650663],[-80.327986355530854,37.581235971348775],[-80.327442280097188,37.581757525303161],[-80.327229633767999,37.582078261541888],[-80.327240982424584,37.582314206384268],[-80.327242252925444,37.582340663389139],[-80.327359216158968,37.582663273468583],[-80.327609197908743,37.583189355723675],[-80.327784268151305,37.583715007215773],[-80.327785587026597,37.583725905591585],[-80.327826105989743,37.584061041915945],[-80.327808655392047,37.584335193477131],[-80.327670169559127,37.584739817424854],[-80.32718556840274,37.585309409118032],[-80.326671638776773,37.585807283270356],[-80.326398942137487,37.58613959715143],[-80.326246527970142,37.586424902761372],[-80.326153512489114,37.586770169835411],[-80.326165059218127,37.587151801556914],[-80.326168671041316,37.587243665734533],[-80.326177246400391,37.587461896877038],[-80.326271119623257,37.587635027993741],[-80.326339377005212,37.587760919771881],[-80.326636572428669,37.58803686546964],[-80.326890109978322,37.588169474187715],[-80.327234083352522,37.588242978025669],[-80.327590522990818,37.588223748409419],[-80.32783374099175,37.588210624011452],[-80.328628830541334,37.588107834196769],[-80.329288098440941,37.588111581404419],[-80.329736962246102,37.588185673946583],[-80.330274765986289,37.588367587191733],[-80.330812140830929,37.588597191621325],[-80.33117025108217,37.588766156277657],[-80.331632074897811,37.589066870679034],[-80.332033331456103,37.589438785060139],[-80.332998865267982,37.590386238173672],[-80.333369953195387,37.590781826868344],[-80.333503214271744,37.590961439868828],[-80.3336357306992,37.591224512315065],[-80.333753881517538,37.591523199160669],[-80.333782277563344,37.591594983284232],[-80.333869524154153,37.591893574872259],[-80.333970695091068,37.592311485511765],[-80.334101411600642,37.592777256070129],[-80.334230308569502,37.593188191484508],[-80.334232550053869,37.59319533460296],[-80.33428983388923,37.593493755894002],[-80.33436263127038,37.593732647530295],[-80.334508231967504,37.594210426171635],[-80.334682102756361,37.594879147154515],[-80.334855975414129,37.595547870533018],[-80.334941537267156,37.596037233922537],[-80.335105309276869,37.596157394438059],[-80.335659438246665,37.596196288910782],[-80.336033854387892,37.596222242521748],[-80.336318571180144,37.59622384301543],[-80.336618797576662,37.596165912908866],[-80.336874817666597,37.596024263608619],[-80.337310756603955,37.595871702130168],[-80.337866152680135,37.595767499880623],[-80.338902016563409,37.595558676851113],[-80.339322229492453,37.595489487188779],[-80.340013428990488,37.595278721788915],[-80.340614931756406,37.595043605466074],[-80.34147509146473,37.594731376220913],[-80.341508493714585,37.594851767564158],[-80.341530054161126,37.594929477627609],[-80.341538063715447,37.594940430290961],[-80.341722547861622,37.595192876460914],[-80.34187082497921,37.595372561936607],[-80.342077778544137,37.59569566513386],[-80.342285152603836,37.59597106886158],[-80.342403040851778,37.596198283938371],[-80.342520504546087,37.596473185344045],[-80.342623725146609,37.596664546230471],[-80.342757438418502,37.596796455223938],[-80.342920809930575,37.596964297826837],[-80.343114041774925,37.59714423378751],[-80.343117074193188,37.597146949266751],[-80.343247861567136,37.597264219033583],[-80.343471591349001,37.597384700703735],[-80.343710418467751,37.597493347531042],[-80.343904494573849,37.597577894844108],[-80.344053716901797,37.597650267875238],[-80.344172972566085,37.597722473300621],[-80.344292021463104,37.597818524115695],[-80.344440828426414,37.597938593976664],[-80.344589322123085,37.598094430545061],[-80.344811595054637,37.598381836300526],[-80.345064472034281,37.598597871496274],[-80.345317761582621,37.598766213321376],[-80.345646189410175,37.598911121863729],[-80.346184320711544,37.599069116988389],[-80.346677905847315,37.599179166160752],[-80.347006550003528,37.599300222761393],[-80.347409187827736,37.599529004331572],[-80.347827121441412,37.599722096817111],[-80.34828981177111,37.599939283440143],[-80.348782577835436,37.60014471043182],[-80.349454139321878,37.600470362449236],[-80.350095426171691,37.600831615269861],[-80.350542311563601,37.601144098057752],[-80.350705813696933,37.601300008608533],[-80.350914478161727,37.601432317971501],[-80.351227838029317,37.601589056411072],[-80.351436821575916,37.601685593471899],[-80.351705533704546,37.601806309438423],[-80.351943764251132,37.601986477201329],[-80.352121839096029,37.602190161813219],[-80.352283796100934,37.602524923733462],[-80.352382920759169,37.602885751590726],[-80.352385498390433,37.602895124307921],[-80.352457537971375,37.603229388897425],[-80.35240854448115,37.603694154452363],[-80.352406686191898,37.6039087739736],[-80.352416227601864,37.603942739094371],[-80.3524503018796,37.604064023248128],[-80.352599032221889,37.604196003441388],[-80.352777943895916,37.604304301427391],[-80.353002121032006,37.604377074192527],[-80.353495757251622,37.604487095201428],[-80.353734929030367,37.604559948719192],[-80.354048413335931,37.60470475476523],[-80.354421538593655,37.604885653061061],[-80.354630633953377,37.604970265809136],[-80.354929545806073,37.605067291132364],[-80.355333265869106,37.605176813849951],[-80.355617092178832,37.605285676996274],[-80.355931201213338,37.605358937925729],[-80.35614019802955,37.605455467632559],[-80.356228317823351,37.605491124799066],[-80.356259682281873,37.605503814543759],[-80.356288732177603,37.605611291455617],[-80.356272410702857,37.605766213262214],[-80.356135984179843,37.60594432828951],[-80.355908914768008,37.606205415769828],[-80.35569744898244,37.606395041762198],[-80.355441743606406,37.606500962965903],[-80.355201538050835,37.606547344947259],[-80.354826546570933,37.606581069476995],[-80.354526186324335,37.606650969638181],[-80.354209905050965,37.606828097626298],[-80.35362230951344,37.607182600033696],[-80.352959146022101,37.607608225960313],[-80.351978656012676,37.60833020733493],[-80.350743042272455,37.609086549243273],[-80.350200064043989,37.60947705109043],[-80.349913425595346,37.609690100090866],[-80.34959712625249,37.609867215434413],[-80.349250640018184,37.610068012779607],[-80.348904044566424,37.610280734051592],[-80.348542981713805,37.610433752032357],[-80.348121966293803,37.610586438636204],[-80.347791086494183,37.610715775314375],[-80.347430124643665,37.6108568630588],[-80.346888363041472,37.61110427110318],[-80.346285920172107,37.611434803174724],[-80.345849487709543,37.611635093016119],[-80.345398272813881,37.611811449919614],[-80.344947267265795,37.611963956037947],[-80.34452602554893,37.612140478661679],[-80.344299838927256,37.612294234447852],[-80.343847883133805,37.612554045707377],[-80.343681758197945,37.612696210486384],[-80.343469403292545,37.612981204627296],[-80.343362489066237,37.613207163689133],[-80.343300859421106,37.613397600712389],[-80.343179378604447,37.613575782631102],[-80.342937986644273,37.613753298602276],[-80.342290434630783,37.614095485245848],[-80.341778503501359,37.614354956839861],[-80.341522013161665,37.614544308492654],[-80.341370023192042,37.614781940568356],[-80.34120314880694,37.615007564692974],[-80.340976630988649,37.615197081553248],[-80.340675589561087,37.615338487531069],[-80.340209459138194,37.615502814563229],[-80.339758949108713,37.615595689197356],[-80.339398577082761,37.615665214761606],[-80.339097741916589,37.615782767652398],[-80.338810946641289,37.616007715708854],[-80.338538709228345,37.616280438715734],[-80.338386603970392,37.616529988118877],[-80.338189947782539,37.61673159340328],[-80.337933653909488,37.616897091640446],[-80.337451988622661,37.617120942804469],[-80.337090549720202,37.61730969174112],[-80.336398283934059,37.6176158250112],[-80.336202155212348,37.617757810302841],[-80.336065658837114,37.617935900204401],[-80.335869418083547,37.618089804428251],[-80.335507653254808,37.618314324127546],[-80.335145782372166,37.618550763132177],[-80.335024378696701,37.618717014897456],[-80.334856837844384,37.619014166622243],[-80.334704282829435,37.619311406188174],[-80.334552899031294,37.619477486598541],[-80.334311892790893,37.619607290945069],[-80.333936299897374,37.619700560372642],[-80.333350418165111,37.619840341048558],[-80.333124507086396,37.619958302699317],[-80.332897634165164,37.620183572931992],[-80.332685328902485,37.620456623616739],[-80.332507954886765,37.620756682542442],[-80.332505060083108,37.620761579330072],[-80.332502673877258,37.620765610110219],[-80.332380305565593,37.621039168939618],[-80.332288870240049,37.621205585534462],[-80.332197756729556,37.621336233598214],[-80.332077410977632,37.621383246437766],[-80.331897636705563,37.62137030675747],[-80.331537872587191,37.62136827100214],[-80.331208200804312,37.621354475581533],[-80.330923277095607,37.621364785842331],[-80.330667269745348,37.621494496690794],[-80.330410727921205,37.621683823465006],[-80.329836928760287,37.622145597443691],[-80.329519884589928,37.622394197208777],[-80.328869725484566,37.623010544430315],[-80.328310466598268,37.623520089283531],[-80.327720144276157,37.624148693404436],[-80.327251780456592,37.624551436585428],[-80.32688995962539,37.624775929975328],[-80.326543987876704,37.624905115771064],[-80.326426297203938,37.624931135108376],[-80.325913084596039,37.62504459949816],[-80.32510250021258,37.625159204797775],[-80.324712378228483,37.625199523664399],[-80.324337213707054,37.62523829007386],[-80.32391628213378,37.625367042462692],[-80.323209113789446,37.625649161907695],[-80.322682484301055,37.625860769519115],[-80.322246768770171,37.625965584526803],[-80.32178150835415,37.626022529652751],[-80.321286152686511,37.626091225340694],[-80.320415479592029,37.626217374588322],[-80.32008448216061,37.626346631190444],[-80.319857988522699,37.626524185935168],[-80.319646266272727,37.626725668318272],[-80.319434104561623,37.626974848008608],[-80.319131672397234,37.627259275737444],[-80.318814675299436,37.627495924663791],[-80.318423164052319,37.627684444784713],[-80.318017415506716,37.627789416276549],[-80.317821766778067,37.627871752081077],[-80.317670433690139,37.628025887865547],[-80.317428498447555,37.628251042461635],[-80.317202427927583,37.628380896938914],[-80.316825895893231,37.62856949928144],[-80.31646478895847,37.628710494066397],[-80.31604338749942,37.628886910237412],[-80.315787985786656,37.628945047037192],[-80.315337799535229,37.628990134850014],[-80.315052849618212,37.629000403789099],[-80.314632538208258,37.629057580625172],[-80.314391904919432,37.629139647577766],[-80.314180598746944,37.629293433007717],[-80.31401338935386,37.629542861320481],[-80.313816416161728,37.629768269793018],[-80.313529819176352,37.629957381812922],[-80.312866334858441,37.630370858025316],[-80.312188185735138,37.630748469369763],[-80.311992189763131,37.630866563564524],[-80.311870387987554,37.631068561438227],[-80.311808440609568,37.631282829303196],[-80.311805363029578,37.631616678346994],[-80.311741655512193,37.632021718557091],[-80.311632530042758,37.632474190288271],[-80.311418016979019,37.632973740712202],[-80.311190379797154,37.633270505963701],[-80.311082792439677,37.633556049917033],[-80.310990636917225,37.633793991832192],[-80.310868599410611,37.634019831835303],[-80.310639967671648,37.634423907821684],[-80.31059300858,37.634638263378712],[-80.310537626470435,37.634842143108955],[-80.31051539971277,37.634923981903313],[-80.310483431364062,37.635138426804076],[-80.310529222215465,37.635479255338772],[-80.310539544579271,37.635556087274601],[-80.310537232068967,37.635806473812245],[-80.310504713586283,37.636080535685906],[-80.310441655991966,37.636414034753294],[-80.310363933272484,37.636711674296457],[-80.310361067897489,37.63702167775309],[-80.310373197747793,37.637331771550734],[-80.310433165907668,37.637511838935922],[-80.310460735073974,37.637594606860013],[-80.31066986710465,37.637679293826722],[-80.311328364206204,37.637814302670542],[-80.311687654949694,37.637876019604427],[-80.312091703643375,37.637961842887528],[-80.31279485605485,37.638132872263157],[-80.313228785253173,37.638230792088578],[-80.313537396309016,37.638333292744832],[-80.313557654413387,37.638340019159877],[-80.313916509908282,37.638449423307023],[-80.314200294998614,37.638570310982203],[-80.31473830687041,37.638764217885743],[-80.314858525466406,37.638832185884588],[-80.315036640885339,37.63893288818474],[-80.315349319992492,37.639173178548809],[-80.315587796063468,37.639329571881348],[-80.315886357522018,37.639474388585462],[-80.316379183555085,37.639691876953037],[-80.316737286547522,37.639884733027053],[-80.316960880009987,37.640029111910266],[-80.317139281960721,37.640197081568175],[-80.317312344334766,37.64037788291914],[-80.31739177461678,37.640460864586366],[-80.317577275397383,37.640679855607203],[-80.317584625815002,37.640688535558354],[-80.317822671930244,37.640892615692742],[-80.318091367675436,37.641025331345006],[-80.31833051140903,37.641110180024796],[-80.318764354291247,37.641220003616461],[-80.319661605886537,37.641487505828692],[-80.320169883858725,37.641657367372751],[-80.320513341434093,37.641814355667421],[-80.320707069726126,37.641946636268209],[-80.320945130693005,37.642150711996393],[-80.321164743415011,37.642470482892179],[-80.321167115013424,37.642473932403391],[-80.321173518980004,37.64249264117629],[-80.321241871755134,37.642692309206254],[-80.321371608835236,37.643071301719466],[-80.321499215037406,37.645528350187433],[-80.321542683105079,37.645695530668704],[-80.321751416877177,37.645827894009933],[-80.322245604484536,37.645902278052077],[-80.324537249098114,37.646201594264738],[-80.32476238667067,37.646179035787114],[-80.325378586636774,37.64602755076529],[-80.326116470621116,37.645685975301262],[-80.326311728915883,37.645651320400518],[-80.326521548882013,37.645664443001436],[-80.32656639375999,37.645649880267193],[-80.326702024059912,37.645605854808764],[-80.326974090218883,37.645368928385082],[-80.327277322284644,37.645001018617975],[-80.327671918017188,37.644478619166335],[-80.328035439580489,37.644075280814533],[-80.328534452150237,37.643613091457588],[-80.329062585711782,37.643246454088988],[-80.329259445605118,37.643032946366731],[-80.329395572782914,37.642902557054775],[-80.329472471871981,37.642688362487597],[-80.329595751524323,37.64231942447207],[-80.329793462113713,37.642010531182585],[-80.330262243402487,37.641572009881628],[-80.330746121121592,37.641121648619503],[-80.33163857243099,37.640256265342437],[-80.331896031093407,37.63997155241227],[-80.332047781022894,37.639769705371151],[-80.332079689672767,37.639555253315791],[-80.332143297380654,37.639150204360774],[-80.332250278095287,37.638924258001843],[-80.332447010701657,37.63872266409043],[-80.332870669142721,37.638295797702142],[-80.333262951072527,37.638023770352191],[-80.333579090480498,37.637882471323138],[-80.333940315846888,37.637729499586612],[-80.334287184893313,37.637504904461757],[-80.334574400766996,37.637244200774077],[-80.334892343596493,37.636900200116727],[-80.335075236166659,37.636567360312583],[-80.335228782077365,37.636162814463013],[-80.335426877594145,37.635806215928831],[-80.335760224212081,37.635414602975885],[-80.336076775629294,37.635225603747564],[-80.336286782667983,37.635214861644656],[-80.33652666899593,37.635216210899408],[-80.336915425988209,37.635337637963524],[-80.33755800111679,37.635579722563676],[-80.337991316952341,37.63574908926941],[-80.338305430035746,37.635834318192877],[-80.338499600075139,37.635918872938042],[-80.338828391461817,37.636039957476264],[-80.339201949163751,37.636185133833081],[-80.339426105790807,37.63626985860963],[-80.339634853590155,37.636402189712832],[-80.339813606015227,37.636534352603853],[-80.340007150191553,37.636690445370739],[-80.340216209697815,37.636787006990467],[-80.340470252256111,37.636883817910288],[-80.34096450137163,37.636946200127547],[-80.341030349817899,37.636951331470542],[-80.341458964131377,37.636984728661034],[-80.341863260922281,37.637046605886241],[-80.342296694681082,37.637204032862485],[-80.342579887165272,37.637396394051905],[-80.342981663856506,37.637744424907233],[-80.343204153563903,37.638019912422031],[-80.343455893678481,37.638379029984556],[-80.34367765052248,37.638737978398524],[-80.343928976997191,37.639144791920934],[-80.344315566215343,37.639516579323384],[-80.344583251925698,37.639768467079612],[-80.344895608624697,37.640056374273634],[-80.34511004869303,37.640265377302498],[-80.345252429112264,37.6404041485929],[-80.345520229127899,37.640644114754153],[-80.345743467642379,37.640836131197702],[-80.34601179456314,37.641016477981992],[-80.346459108542106,37.64130512996919],[-80.346592697479224,37.641460878858538],[-80.346590826053955,37.641674408883524],[-80.346590816525506,37.641675496736006],[-80.346484187166183,37.641865691521453],[-80.346226880424695,37.642138513539699],[-80.345955311672313,37.642327790065309],[-80.34578838482976,37.642553417356986],[-80.345635618983039,37.642874515179209],[-80.345498263457756,37.643148001713868],[-80.345285406195714,37.64348068843227],[-80.34505755935858,37.643813294228721],[-80.344845014634373,37.644110210772162],[-80.344617474784627,37.644407043608041],[-80.344327860773774,37.644942004721059],[-80.344128835674823,37.645405928427543],[-80.343824846393844,37.645869268867436],[-80.343640918873689,37.646321352851118],[-80.343443043639695,37.646654120259186],[-80.343215279210668,37.646974797226399],[-80.342972516544847,37.647295390197115],[-80.342865135556082,37.647569040334545],[-80.34277137742923,37.647997776786632],[-80.342769488437227,37.648212394280435],[-80.342662099660373,37.648486045040968],[-80.342464323851118,37.64880688752465],[-80.342070647979341,37.649233953020399],[-80.341813927394043,37.649435224330979],[-80.341647400827327,37.649613153819928],[-80.341435141645476,37.649874290780609],[-80.341282865982635,37.650135766810813],[-80.341265868102909,37.650362223491342],[-80.34117325913715,37.650659803542872],[-80.341141159578484,37.650898101315455],[-80.341138738966706,37.651172336753035],[-80.341089112399885,37.651696706494782],[-80.34101107897996,37.652042065140151],[-80.340873052333848,37.652387083102177],[-80.340402472051366,37.653028341650767],[-80.339402457238805,37.654179357523304],[-80.339083404456034,37.654642601354361],[-80.338794765138218,37.655058317399494],[-80.33853484791797,37.655617280398651],[-80.338381066627747,37.656045676048073],[-80.338317267593354,37.656474574441347],[-80.338193693522683,37.656879290997836],[-80.338056284245852,37.65715277042284],[-80.33784398730802,37.657413902050614],[-80.337616804380588,37.657663028736302],[-80.337208378738595,37.658054219683692],[-80.336814306373327,37.658517033601591],[-80.336617214138627,37.658754404712454],[-80.336510108838795,37.658992279878127],[-80.336387367424521,37.659301607079193],[-80.336280577906962,37.659503711928586],[-80.336007435869959,37.659859888725322],[-80.335719396341133,37.66020405731139],[-80.335460074243485,37.660691472549694],[-80.335079484794676,37.66132128829959],[-80.334351058927012,37.662271086819537],[-80.334138523498737,37.662556060093848],[-80.333774300249999,37.663030954581799],[-80.333319866591026,37.663529188026885],[-80.333000949924241,37.663968563358196],[-80.332863399237638,37.66425396002581],[-80.33271181188438,37.664431959841615],[-80.332544581216908,37.664681412768601],[-80.332407243306989,37.664942960081191],[-80.332284796310987,37.665216515155507],[-80.332147241693704,37.665501906379674],[-80.331766815259314,37.666107868885938],[-80.331432342221802,37.666606771547762],[-80.331189572174566,37.666915415092909],[-80.330764561410433,37.667473423207966],[-80.330446682550445,37.667793563494719],[-80.330114444729261,37.668042075052874],[-80.329872843821519,37.668219559776574],[-80.329766453632544,37.668373965154792],[-80.329644199100926,37.668668015397742],[-80.329613137798091,37.668742728150747],[-80.329363425954668,37.66930617975504],[-80.328970053791863,37.670193778971324],[-80.328403880870269,37.67143062778409],[-80.328007751383609,37.672108030537778],[-80.327414773268032,37.672987010981075],[-80.326854156174662,37.673603847970497],[-80.32643090545686,37.673959145425485],[-80.325887967910106,37.674277988241244],[-80.325390785410676,37.674513619535745],[-80.325029145229507,37.674690405532026],[-80.324636529424978,37.674974328261072],[-80.324257293791504,37.675437186821398],[-80.323622812718199,37.675922424160085],[-80.323366388682501,37.676075962024299],[-80.322930057853057,37.676216543018761],[-80.322524159740652,37.676309604573831],[-80.322237511060976,37.676486814453192],[-80.32185966255534,37.676794658050646],[-80.321330382669402,37.677256640489496],[-80.321057097617214,37.677612785652286],[-80.320857844767488,37.67807666263186],[-80.32071989591438,37.678397812697298],[-80.320521940356613,37.678718612361003],[-80.320051663746042,37.679288244783173],[-80.319627698298405,37.679715054713149],[-80.319036526421669,37.680379374212045],[-80.318764089992015,37.680640124489585],[-80.318475782849717,37.68099617118682],[-80.318323139072334,37.681281460713315],[-80.318275080389824,37.681615047225932],[-80.318327450483238,37.682450013357879],[-80.318368744963621,37.682855660562488],[-80.318411463842821,37.683106309245723],[-80.318408736292398,37.683404385114301],[-80.318284571016093,37.683856769336884],[-80.318222048981823,37.684130654110639],[-80.318226539718722,37.68442013157722],[-80.318231485508818,37.684738822608658],[-80.318315013516823,37.685562057473376],[-80.318079497645357,37.685808334936624],[-80.317747464332228,37.686021043549509],[-80.317415099058778,37.686269518247997],[-80.31699271618109,37.686517469758826],[-80.316630891706723,37.686706156359676],[-80.316210032918931,37.686787182774879],[-80.315699268133812,37.68685576152572],[-80.315143383717327,37.686936002323073],[-80.313775340904002,37.687226143532342],[-80.312963403664426,37.687412196879393],[-80.312091338606635,37.687609816556453],[-80.311580343085367,37.687702224133297],[-80.311129800206189,37.687747287424983],[-80.310619133718717,37.687803921108838],[-80.310288726779788,37.687837759847476],[-80.309912757546911,37.687930951637199],[-80.309506558742214,37.688047809673272],[-80.30931018643912,37.688189743509739],[-80.309158270213089,37.688391557148414],[-80.308885219932847,37.688711902789102],[-80.308567602153872,37.688984284950209],[-80.308145062837838,37.689244130737997],[-80.307618158873424,37.689431815409364],[-80.307031575437748,37.689583384413332],[-80.307028749825491,37.689584393511836],[-80.30702850402109,37.689584481298155],[-80.306841179300918,37.689651379588504],[-80.306670262889227,37.689712417224044],[-80.306444759715021,37.689758787251499],[-80.306219703983501,37.689757465189011],[-80.306064520730672,37.689707073759841],[-80.305940406837465,37.68969399916525],[-80.305627633905516,37.68953320047855],[-80.305487186894979,37.689466982122525],[-80.30527636534346,37.689387683467615],[-80.305051191523972,37.689306219612227],[-80.30467909946293,37.689235669513728],[-80.304258999397234,37.689233193498218],[-80.30373320303417,37.689301628884309],[-80.303189796889811,37.689416937522893],[-80.3031613281955,37.689433171411352],[-80.302928077589414,37.689499762884601],[-80.302589905943734,37.689616814668568],[-80.302452849242044,37.689665345914342],[-80.302287609134694,37.689723856454464],[-80.30212214924353,37.689786923362739],[-80.301445136759796,37.69015029303246],[-80.301125974892216,37.69037941036126],[-80.300970607204476,37.690424225589098],[-80.300961782808528,37.690429913361697],[-80.300615457300438,37.690559020889381],[-80.29959149217072,37.690946426485773],[-80.298793694824155,37.691215930774725],[-80.298716436257294,37.691235885339829],[-80.298071704755785,37.691402413249264],[-80.297214219048811,37.691635782589266],[-80.296894241955798,37.691682031777439],[-80.296342741557595,37.691761745606691],[-80.295861595275483,37.69186618827986],[-80.295470244747932,37.691995014437339],[-80.294913958410987,37.692110922422422],[-80.294427502383058,37.692224892276791],[-80.294417692106649,37.692227190528072],[-80.29441601572195,37.69222742745891],[-80.294012011472475,37.692284383815647],[-80.293505729541323,37.692341633776905],[-80.293419392094904,37.692369927061016],[-80.292664805384504,37.692555705196774],[-80.292643906039814,37.692562353119499],[-80.292382936779163,37.692672007514631],[-80.292252208751137,37.692726934431221],[-80.291558831784172,37.693056639371349],[-80.290413386444655,37.693586316618031],[-80.289855832009252,37.693833361100367],[-80.289463892148987,37.694021778706279],[-80.289146860780207,37.694222570148135],[-80.288920312125526,37.694376212189653],[-80.288798794947866,37.6945304873162],[-80.288661814839585,37.694732365039258],[-80.288614864695489,37.694934783969465],[-80.288597807242382,37.695149310377474],[-80.288595188119913,37.695423539830024],[-80.288593137460566,37.695638154052212],[-80.288578491485325,37.695662606803971],[-80.28855543634657,37.695701098519358],[-80.288552792373835,37.695731158397621],[-80.288505757506101,37.695784041478966],[-80.288486396596454,37.695816366860171],[-80.288304395548735,37.696017969738953],[-80.288146804416769,37.696141306456731],[-80.287926206408912,37.696336217158333],[-80.287841812534623,37.696402264966167],[-80.287593343983318,37.696621787681025],[-80.28738053433672,37.696906669572684],[-80.287137141052881,37.697250988400114],[-80.286847589262919,37.697714263877401],[-80.286619193786663,37.698058666867198],[-80.286482203422722,37.698260542726878],[-80.286481018884388,37.698261283653352],[-80.286471623777331,37.698267162981381],[-80.286373943388924,37.698415729147513],[-80.286228039523195,37.698477848190038],[-80.286109168048952,37.698477128557577],[-80.285899565348458,37.698297398302003],[-80.285837372385188,37.698232883442394],[-80.285792407674677,37.698208669745412],[-80.285674882545223,37.698055623289314],[-80.285586527801655,37.697940566470464],[-80.285525632489723,37.697861266336851],[-80.285464809523972,37.697770397129503],[-80.28529516857634,37.697543162352623],[-80.285095055648071,37.69738170763123],[-80.2847518827339,37.697176924462383],[-80.284477333598176,37.697054761232351],[-80.284428458484896,37.697044431512296],[-80.284004270729682,37.697052730850551],[-80.283743909264174,37.697150645279777],[-80.28366585125076,37.697168744855411],[-80.28340049552348,37.697264109596581],[-80.283356353112424,37.697282894294354],[-80.283069003141904,37.69740518066962],[-80.282585618371002,37.697736103415217],[-80.282146207779704,37.698174607329655],[-80.281661204377954,37.69867244769587],[-80.281300597685885,37.699133325925921],[-80.280825536179961,37.699740488303],[-80.280567095488891,37.700084701460483],[-80.280485003465998,37.700205652239617],[-80.280293074956418,37.700488433892993],[-80.280141172629754,37.700678284053168],[-80.2797783774013,37.700950316158867],[-80.279767555116692,37.700960319575763],[-80.279705816840959,37.70101739649526],[-80.27942353618046,37.701333657996429],[-80.279385514101904,37.701365381708158],[-80.279293106780855,37.701471992742896],[-80.279064896846648,37.701792536564291],[-80.278911835916162,37.702101616896613],[-80.278744571844783,37.70232714542346],[-80.278517052529708,37.702576153874446],[-80.278458918449388,37.702621635538584],[-80.278219023411097,37.70280932314261],[-80.278123883022815,37.702883760050426],[-80.277744901974344,37.703274924599228],[-80.277592641394193,37.703500537918195],[-80.27751353191033,37.703651898115929],[-80.277453465079432,37.7037668253204],[-80.277215215262999,37.704280248228649],[-80.27701287479978,37.704719841873839],[-80.276890526106172,37.705076013128192],[-80.276768788396396,37.705369185922493],[-80.276728382511479,37.705452940806104],[-80.276500919480867,37.705745464697706],[-80.276126302908423,37.70622600077926],[-80.27584537128071,37.706591652379693],[-80.275698523467952,37.706748210395219],[-80.275668434244295,37.706792198067362],[-80.275546613457536,37.707100867224149],[-80.275438892629282,37.707374448894164],[-80.275240782498699,37.707683247207584],[-80.274966698952241,37.708086966121876],[-80.274620256878507,37.708455283987313],[-80.274482514505834,37.708628423668628],[-80.274101046541915,37.7091309251227],[-80.273432095655409,37.710009159783098],[-80.272794548241095,37.710744496643507],[-80.272709102389626,37.710837407203762],[-80.272705062351918,37.71084180032819],[-80.272498493531515,37.71110575090006],[-80.272311627145356,37.71130396875553],[-80.271939624501556,37.711511678707829],[-80.271846960120698,37.711532107100666],[-80.271476600733578,37.711571730337539],[-80.271040306431701,37.711590034232778],[-80.270643831699232,37.711608582853827],[-80.270419001534279,37.711628192433622],[-80.270192425375072,37.711666723467424],[-80.269827464149571,37.711799291004311],[-80.269480127688482,37.712015739041675],[-80.269117472345272,37.712263886782416],[-80.268845805669386,37.712417211478069],[-80.268438001465469,37.712677000593224],[-80.268210767577145,37.712890217909731],[-80.268087768416919,37.713187546419114],[-80.268054937165587,37.713473508404938],[-80.267887145038657,37.713746712472791],[-80.267659554199781,37.713995697848922],[-80.267371693566702,37.714268152548861],[-80.267235639615421,37.714469662163594],[-80.267235063919685,37.714470515736103],[-80.267233232088245,37.714473228504573],[-80.267233119877631,37.714484621852797],[-80.267187942818779,37.715051178086448],[-80.267223928959339,37.715429323133932],[-80.26715571865715,37.715638815400787],[-80.266981686789109,37.71587910560207],[-80.266501631435389,37.7163170430495],[-80.266088646951232,37.716660848122778],[-80.266010229044099,37.716726260934507],[-80.265693329081913,37.71703592740964],[-80.26543499418591,37.717356254122016],[-80.265190017323334,37.717843598662995],[-80.265064342614892,37.718031955878367],[-80.265030558314223,37.718102849299655],[-80.264736676662878,37.718436936675623],[-80.264643266437687,37.718520266427703],[-80.264549968568971,37.718603686936106],[-80.264216892299515,37.718884981831231],[-80.263990999788732,37.719009575507165],[-80.263712858681032,37.719070840574062],[-80.263236932068381,37.719099323085281],[-80.26295910167488,37.719129132445815],[-80.262666611659867,37.719192213485599],[-80.262365028873475,37.719302918384201],[-80.262309734133268,37.719324441571153],[-80.262070458806988,37.719459403038982],[-80.26181855075717,37.719552373810906],[-80.261566425739929,37.719655707792548],[-80.26143181369244,37.719698792209421],[-80.261418990296278,37.719703972515646],[-80.261401698624667,37.719708430918473],[-80.261341047366471,37.719727843091064],[-80.261316019433806,37.719730521990314],[-80.26110295711635,37.719785456528832],[-80.260501739671454,37.719865151139565],[-80.259991410469937,37.719861951559793],[-80.259480369226409,37.719930284383366],[-80.259367499384155,37.719960313752161],[-80.259117595191611,37.720026798993736],[-80.258998748845343,37.720058417319521],[-80.258681287982512,37.720282973914472],[-80.258409568422465,37.720436268396533],[-80.25834523261328,37.720499780334649],[-80.258121528880096,37.720720626823649],[-80.258096576508422,37.720747111726531],[-80.257317432970083,37.721574065079828],[-80.257262853812989,37.721633004219562],[-80.256285547137225,37.722688382647171],[-80.255867144852559,37.723149756411104],[-80.25586690847517,37.723150019003796],[-80.255653477842287,37.723385369936331],[-80.255511432491431,37.723542001768116],[-80.255072123176618,37.724025497590063],[-80.25499015062627,37.724115715474689],[-80.254953931737347,37.724169791763472],[-80.254633535482839,37.724493140376616],[-80.254207182971868,37.724847363760105],[-80.253993786860548,37.725034928696516],[-80.25363509311849,37.725292662255846],[-80.253632428925286,37.725294814331157],[-80.253255711250787,37.725623921655902],[-80.253062112277718,37.725830933548615],[-80.252827757038816,37.726195915590523],[-80.252626085907323,37.726471112791089],[-80.252550795592256,37.726621381962424],[-80.252380073241326,37.726854273904429],[-80.252325103889405,37.726960948108832],[-80.252281249742992,37.727144506811676],[-80.252186238801613,37.72739582093935],[-80.252155802803671,37.727473329638819],[-80.252154627158944,37.727486570026848],[-80.252137276620019,37.727681991553879],[-80.252085643836566,37.728337465094654],[-80.252005671010494,37.728825826692194],[-80.251947298575175,37.7290175878844],[-80.251945210386125,37.729031795740141],[-80.251915603366172,37.729346526297007],[-80.251914970509333,37.729409433862493],[-80.251913651806902,37.729540515578549],[-80.251952362640665,37.729648217804808],[-80.252131060800153,37.729792438550334],[-80.252309884137816,37.729924730052787],[-80.252319132149339,37.729931572886464],[-80.252414009492853,37.730001766734382],[-80.252582089078999,37.730126110225505],[-80.252700221336184,37.730180710067422],[-80.253449257813841,37.730615832707741],[-80.254159850350817,37.730924703948951],[-80.254422977518416,37.731041826573801],[-80.254642966973833,37.731132799567234],[-80.254969067597713,37.731229319103107],[-80.255612553135975,37.73143608946009],[-80.256101918290696,37.731608758217227],[-80.25613533177399,37.731619479837519],[-80.256807180372661,37.731844178513597],[-80.257334297674674,37.732004959897942],[-80.257769134425772,37.732133611990172],[-80.258112011673504,37.732209227392588],[-80.258757850034812,37.732391750132976],[-80.259126019544269,37.732582979695337],[-80.259546966977382,37.732785085000792],[-80.259888072808252,37.733039143883936],[-80.260229389908517,37.733272202537634],[-80.260321143972689,37.733346325386464],[-80.260388848702192,37.733463897530612],[-80.260396478044612,37.73346936929493],[-80.260559364089517,37.733696944050251],[-80.260611287671196,37.733797500142877],[-80.260643358921968,37.733859610158682],[-80.260802936163245,37.73408409710958],[-80.260966835623549,37.734388243996797],[-80.260969044002451,37.734391520674379],[-80.260990704930933,37.734423660256581],[-80.261017169378178,37.734462925075313],[-80.261105702405374,37.73461848767078],[-80.261148604759057,37.734833380549873],[-80.261165325813437,37.734920783706485],[-80.261205698477212,37.735131828322032],[-80.261205138119308,37.735188196423927],[-80.261227057767954,37.735304338047818],[-80.26122497106131,37.735514330579512],[-80.261222467880316,37.735766231481975],[-80.261221008050171,37.735913136117716],[-80.261218087462439,37.73620703550359],[-80.261254677679489,37.736522183065382],[-80.261369750816669,37.73691127930946],[-80.261512517989516,37.737174635733709],[-80.261892537446741,37.737512844624547],[-80.262417518870464,37.737894050716733],[-80.262718833702365,37.738158307541191],[-80.262823458624339,37.738274419898588],[-80.262795141889029,37.738463247771783],[-80.262648202823399,37.738619787743133],[-80.262460927111064,37.738849531997936],[-80.262339283657468,37.739121687802097],[-80.262324764928948,37.73925805544247],[-80.262296239008222,37.73946779226555],[-80.26225075679362,37.739505578447421],[-80.262249836616036,37.739510747646683],[-80.262242838686475,37.739550062297582],[-80.262106175506133,37.739704214302165],[-80.26193936858914,37.739870101739307],[-80.261817718877154,37.740024347404891],[-80.261770667477094,37.740226755754634],[-80.261768918112594,37.740402898806884],[-80.261768891295816,37.74040559896639],[-80.261783486096363,37.740438608953411],[-80.261901051960095,37.740704514484229],[-80.262107343480324,37.741099285083216],[-80.262180398113685,37.741302446306705],[-80.262133346858718,37.74150485205567],[-80.26193814781071,37.74172945621774],[-80.261916719041295,37.74176420977836],[-80.261879563271577,37.741796865697417],[-80.261844764841626,37.741836905950713],[-80.26158667632599,37.742121456396383],[-80.261342899140146,37.742477637470536],[-80.260978997539553,37.74283306579045],[-80.260630111206964,37.743188584438442],[-80.260296234625798,37.743544198922024],[-80.26002205833025,37.743935956649914],[-80.259945813019471,37.744039214248318],[-80.259846825416972,37.744173273669553],[-80.259709305021644,37.744427077905492],[-80.259513087094305,37.744641633492058],[-80.259458676824295,37.744719375652302],[-80.259418180805255,37.744782437239031],[-80.259347033124769,37.744970635382103],[-80.259237809926859,37.74532686775941],[-80.259209079729487,37.745656965857144],[-80.259207433830397,37.745822085488122],[-80.259200851261483,37.746482447404169],[-80.259198061051251,37.746762354169384],[-80.259195979459975,37.74697128542752],[-80.259195566908971,37.747012670730946],[-80.259205498090196,37.747247536310105],[-80.259231002245002,37.747342153869234],[-80.259190801642092,37.747490695211305],[-80.259190152216647,37.747555841002068],[-80.259188968104311,37.74767473613587],[-80.259103443439884,37.747958734788639],[-80.259095785755974,37.747984160364588],[-80.259086951391993,37.74806677125148],[-80.259190551587949,37.748346865182057],[-80.259198260682552,37.748361254487875],[-80.259226645688059,37.748414234315099],[-80.259344867410434,37.74860575299008],[-80.259453713557022,37.748917574407514],[-80.259461662743632,37.748940349070814],[-80.25952636990516,37.749059671693772],[-80.259623864006869,37.74923945999582],[-80.259742209072726,37.749419056509176],[-80.259935987214277,37.749563357221263],[-80.260045563321967,37.749611098985035],[-80.26013035855847,37.749648042423814],[-80.260160079188154,37.749672016548608],[-80.260304402633892,37.749752688116175],[-80.260356668680743,37.749816017661139],[-80.260303253365365,37.74986813863903],[-80.260218041205434,37.749944976016856],[-80.260217768444207,37.749945814116806],[-80.260201995907423,37.749994274959271],[-80.260097013991484,37.750121717623358],[-80.260096856495196,37.750122184028754],[-80.260096315135385,37.750122565996989],[-80.260065191355864,37.750160348564975],[-80.259867137233698,37.750445269786802],[-80.259639759547056,37.750658464131362],[-80.259185954576012,37.750989474593311],[-80.259034366772497,37.751131606294663],[-80.25894284509701,37.75127411278806],[-80.258910555169777,37.751500456499379],[-80.258960698974548,37.751773618780533],[-80.258963868539851,37.751790886090163],[-80.258967710532318,37.75179936639784],[-80.259062822223896,37.752085318819987],[-80.259093573137804,37.752280014621185],[-80.259082764697354,37.752302108468086],[-80.259081540447895,37.752424702716304],[-80.259081115248307,37.752467341871103],[-80.258958965198758,37.752669275566589],[-80.258731700361139,37.752870547136943],[-80.258414207985311,37.753083173962871],[-80.258232112656856,37.753272804443093],[-80.257989109877016,37.753545517772658],[-80.257895407736001,37.753703408504862],[-80.257805812167163,37.753854377730853],[-80.257652148246166,37.754194294435855],[-80.257636520246876,37.754242278436813],[-80.257607360527302,37.754416446257757],[-80.257608203175991,37.754420851189153],[-80.25764790522058,37.75462841486452],[-80.257661133570181,37.754807353854424],[-80.257659999617317,37.75492095304493],[-80.257658750882996,37.75504581155721],[-80.257629893427023,37.755150515953233],[-80.257596419711049,37.755271964610706],[-80.257428018061006,37.755592840210134],[-80.257395480756244,37.755843033079614],[-80.257393874961977,37.756003563101743],[-80.257393693035112,37.756021876540622],[-80.257373021659362,37.756095608820807],[-80.257372764971294,37.756121286960671],[-80.257372117205463,37.756186086946066],[-80.257240813465401,37.756250153676838],[-80.257217906646247,37.756259036071292],[-80.257195968116292,37.756271023835218],[-80.257113592545366,37.756304376670464],[-80.256818992455123,37.756423652395256],[-80.256518649707729,37.756421760733062],[-80.256053481037569,37.756383050516611],[-80.255649451891614,37.756237420292358],[-80.255335291750924,37.756116197074007],[-80.254990736971237,37.75603055650879],[-80.25456978331836,37.756075587392765],[-80.254208896274591,37.756121000504784],[-80.253953128642351,37.756167075297995],[-80.253910202119144,37.756166803549007],[-80.253817846863967,37.756166218835403],[-80.253713082477745,37.75617595205938],[-80.253631165886347,37.756163809577245],[-80.253620344006251,37.756163126802726],[-80.253232548816172,37.756138664741911],[-80.252887877728909,37.756064937100483],[-80.252633433430987,37.755979860867328],[-80.252228691077391,37.755905752143015],[-80.251853510678686,37.755879521514231],[-80.251493462851343,37.755841464201815],[-80.251326688849474,37.755818305691236],[-80.251221523835,37.755748518056748],[-80.25110840315331,37.755657254780722],[-80.251028047697076,37.75561524430718],[-80.250942673292556,37.755599609303957],[-80.250852127661659,37.75562544209658],[-80.250832473131098,37.755689454237981],[-80.250809576792804,37.755756355520333],[-80.25080866971021,37.75584630266718],[-80.250733392824003,37.756016825132349],[-80.250729235950288,37.756032111558433],[-80.250712055626494,37.756080287200227],[-80.250660772730157,37.756224087491681],[-80.250610636410599,37.756354024819679],[-80.250553258734556,37.756502716454897],[-80.250540529317277,37.75653570719534],[-80.250538787819579,37.756540215278285],[-80.250538194107932,37.756541902356261],[-80.250475191861909,37.756720898905293],[-80.250466010685514,37.756733563375136],[-80.250445748936485,37.756761495827433],[-80.250412549446708,37.756807275703792],[-80.250389679886254,37.756827123952526],[-80.250326260134287,37.756882179817929],[-80.250233858587833,37.756961245977109],[-80.250225603418798,37.756968312887963],[-80.250077468181132,37.757050365476083],[-80.24995327842656,37.757113710410771],[-80.24977686622276,37.757172951711219],[-80.249610024392823,37.757224709737784],[-80.249486029086739,37.757269189239928],[-80.249376246225353,37.757317538317871],[-80.249367695133273,37.757324219325795],[-80.24936637698336,37.757325249202282],[-80.249309457758798,37.757435772767309],[-80.249297833527578,37.757597483450958],[-80.249355994295811,37.757739900006293],[-80.249508514368983,37.757902746234649],[-80.24976515878042,37.758085903674484],[-80.249997024247179,37.758260971355902],[-80.25045980178021,37.758705916841286],[-80.250803753950507,37.759102786509516],[-80.250890420854816,37.759379588192985],[-80.250765141715348,37.759970770505163],[-80.25073096582193,37.760106833003697],[-80.250717731078339,37.760264000548609],[-80.250654167959695,37.760609377535509],[-80.250513236413838,37.761180815020467],[-80.250480431361638,37.761454847113342],[-80.250416266659457,37.761859838827995],[-80.250398601482914,37.7621220446743],[-80.250396558131058,37.762324732022584],[-80.250394991504507,37.762479732440966],[-80.250400422099503,37.762509329266344],[-80.250717728434026,37.762701429815081],[-80.251152306134827,37.762996215607743],[-80.251409289984991,37.763147825817278],[-80.251497554033406,37.763266818201089],[-80.251555404508693,37.763440867474479],[-80.251463242508891,37.763708601163543],[-80.25114944990024,37.764259108626177],[-80.250825059296417,37.76488057077173],[-80.250641348403846,37.765190094832434],[-80.250637892203983,37.765199846600893],[-80.250549330788942,37.765446963350364],[-80.250514253914233,37.76554484387556],[-80.250360695032683,37.765877728180072],[-80.250177699079103,37.76615080443748],[-80.249964662920419,37.766423690097454],[-80.249692633735151,37.766588887516299],[-80.249466020425004,37.766718606123128],[-80.249208283641011,37.766955431914987],[-80.248996210737559,37.767132934860371],[-80.248829067601619,37.767322649009643],[-80.248706623515645,37.767548414433072],[-80.248538513480796,37.76783350901195],[-80.248441226220777,37.768086823443504],[-80.248438450852234,37.768094048637991],[-80.24842867584151,37.768110761792251],[-80.24841581573186,37.768148778487841],[-80.248354819638678,37.768274662409461],[-80.248314574185699,37.768304537977137],[-80.248307884745088,37.768315804171259],[-80.248276627664936,37.76834738663112],[-80.248226256994059,37.768398282006544],[-80.248111707726054,37.768446594827402],[-80.247935491728498,37.768483198089697],[-80.247883169754317,37.768480555388251],[-80.247666377021019,37.768514973683267],[-80.24735749488319,37.768576182786553],[-80.24708934326722,37.768550765436736],[-80.246911422430912,37.768439128403614],[-80.246882763468903,37.768320603778285],[-80.246894916026477,37.768107522589595],[-80.246814578124642,37.767870676575157],[-80.246554454554584,37.767721396188485],[-80.246268258681212,37.767616950021157],[-80.245926272207967,37.767540986137284],[-80.245410774356216,37.767387708949357],[-80.245183887996347,37.767212574196783],[-80.245173093521359,37.767202903909663],[-80.245070555219101,37.767146239429458],[-80.24505834240064,37.767139491524333],[-80.244714842721521,37.766946513658546],[-80.24468994664565,37.766946353185887],[-80.244662692552382,37.766946176692201],[-80.244594686699102,37.766945740766282],[-80.244443524586103,37.767040160477237],[-80.24423168173918,37.767193809516201],[-80.243989550418789,37.767371109703383],[-80.243612249864512,37.767547539134199],[-80.243386230578068,37.767617632004715],[-80.24319033993946,37.767621735954037],[-80.242984079855916,37.767626055072235],[-80.242950550353754,37.767626757199245],[-80.242635145351457,37.767624730487796],[-80.242269802396805,37.767653432718298],[-80.242214241893905,37.76765779648067],[-80.242174965738798,37.767665661062544],[-80.241948992901655,37.767710906071315],[-80.241868062668459,37.767727109154961],[-80.241756980110438,37.767790988320932],[-80.241580991836372,37.767892191839607],[-80.241413546162335,37.768073129758022],[-80.241355431684653,37.768229898531466],[-80.241390490736791,37.76868798749036],[-80.24137577573714,37.769161438693857],[-80.241369025844278,37.769356720371285],[-80.241370638094565,37.769369360230442],[-80.241382245706561,37.769703293822097],[-80.241345509083416,37.770358848008193],[-80.241310839329287,37.770811719977743],[-80.241223710491298,37.771089924641842],[-80.241183495009651,37.77143338283846],[-80.241170955327206,37.771693779272546],[-80.24120730584346,37.772025513369748],[-80.241096113370176,37.77220632013649],[-80.240755251558454,37.772472532984686],[-80.240485231593794,37.772628611349667],[-80.240268379318621,37.77270418484472],[-80.239937020789299,37.772751439466674],[-80.239509141516251,37.772788155904387],[-80.239359950995478,37.772787192948002],[-80.239031822706139,37.772785074365771],[-80.238524756704507,37.772781798663125],[-80.238087371678461,37.772771039872119],[-80.237954802451526,37.772774959379973],[-80.23788088089556,37.772780819417626],[-80.237773349019378,37.772787541619998],[-80.237535169303868,37.772802429663521],[-80.236948761506724,37.772858249656828],[-80.236924118416553,37.772861345587032],[-80.236407293975091,37.772926284924289],[-80.236135945960712,37.773019913987113],[-80.235879249284523,37.77314940931074],[-80.235696553686836,37.77338669521103],[-80.235634263365668,37.77360091250592],[-80.235541561498152,37.773850704337633],[-80.235490468526891,37.773980151389047],[-80.235478472325397,37.774088162791891],[-80.235456977509969,37.774245841736047],[-80.235395254815472,37.774450668254858],[-80.235155939415506,37.774512296550476],[-80.234917518970207,37.774487044427858],[-80.234466552846968,37.774378534921681],[-80.234322103682317,37.774369949162434],[-80.234212869610872,37.774375586108739],[-80.234108955787747,37.774389885667802],[-80.233936489742874,37.774479538504657],[-80.233882413629118,37.774507650117229],[-80.233760770112767,37.774649941213781],[-80.233738177935692,37.774681220075458],[-80.233623617891453,37.774839822925223],[-80.2334268706757,37.774981627870964],[-80.233391157127784,37.77499964152792],[-80.233264173425695,37.775063693888541],[-80.233170160262631,37.77511111710988],[-80.232838473858791,37.775228191606374],[-80.232556290833756,37.775290203723522],[-80.232522647296591,37.775300219436836],[-80.23233349626436,37.775382501725417],[-80.232205009028817,37.77547445962],[-80.232022910383478,37.775652124085333],[-80.231945707816607,37.775854323256738],[-80.231821839923171,37.776211219898961],[-80.231638134233023,37.776543882207122],[-80.231486317896071,37.776697897463144],[-80.231304714301885,37.776811283902845],[-80.231259521040954,37.776839500908636],[-80.2312266480983,37.776863454897509],[-80.231032472920205,37.77700494806485],[-80.23097435873882,37.777050324379246],[-80.230945273039907,37.777073034279795],[-80.230891208909213,37.777278669555372],[-80.230878681668045,37.777523291744579],[-80.23084541576398,37.777862505561437],[-80.230754059961129,37.77804343172992],[-80.230443406412547,37.778260371997341],[-80.230418278607289,37.778288679374427],[-80.230388292849341,37.77829885951067],[-80.230373393752956,37.778309264001088],[-80.23026053465972,37.778342233176616],[-80.230177070734101,37.778370568920032],[-80.230141142569224,37.778377110665829],[-80.229844668468758,37.778463717679251],[-80.229446369787084,37.778524204863544],[-80.228978842660325,37.778537009413128],[-80.228730009279388,37.778551153689676],[-80.228290786798738,37.778714027532679],[-80.227932112930588,37.778774859228733],[-80.227504029566902,37.778827303321414],[-80.226967882702922,37.778744832871261],[-80.226535151986752,37.778284221105423],[-80.22623049085216,37.777934948625074],[-80.225983551702342,37.777767577045779],[-80.225659930999882,37.777331292882295],[-80.225460029963727,37.777039977777832],[-80.22541432010253,37.776991997087023],[-80.225279876295389,37.776919570439063],[-80.225064465044014,37.776853833308387],[-80.224976558360481,37.776853255135741],[-80.224724472474023,37.776880149165862],[-80.224401354499904,37.776910048878889],[-80.224351578225765,37.776928096858363],[-80.224221755846017,37.77697456062203],[-80.224201885434837,37.776974429795452],[-80.224092541403209,37.776973709815529],[-80.223804383499669,37.776948197793587],[-80.223595656915265,37.776938891163624],[-80.223366399032912,37.776992630207793],[-80.223226531524602,37.777054889600571],[-80.223026196527044,37.777187682687241],[-80.222865136042515,37.7773760744887],[-80.22278474435879,37.777462429878724],[-80.222552180028089,37.777794200086575],[-80.222520529329259,37.777902972502645],[-80.222413632162699,37.778069194761194],[-80.222359841442653,37.778097147896524],[-80.22231843425557,37.778118665417452],[-80.222277689261659,37.778139839391407],[-80.22225982632385,37.778137947274338],[-80.222071024086631,37.778191741235645],[-80.221564667927453,37.778117374382134],[-80.221148367325597,37.777988350782195],[-80.220792425566771,37.777788702201931],[-80.220130478665112,37.777381710746532],[-80.219645380162234,37.777165430987111],[-80.219169061897034,37.777075479991034],[-80.218345114803498,37.776935812946881],[-80.217838937382652,37.776845658500314],[-80.217423815390944,37.776606129834967],[-80.217306458864741,37.776529601461739],[-80.217232474649151,37.776496755677449],[-80.217179325903743,37.776446697551698],[-80.217167022445878,37.776438674400794],[-80.217152944658849,37.776421850163239],[-80.216964736049903,37.776244583006786],[-80.216861349602723,37.776076967357092],[-80.21677122433411,37.776076369221983],[-80.216720755473375,37.77612068159425],[-80.216649924298082,37.776182872019405],[-80.216542009956456,37.776444473404126],[-80.216343085499261,37.776788935492483],[-80.216173658386197,37.776943193095882],[-80.216106824929199,37.777015670299996],[-80.216095955309669,37.777025744807112],[-80.215933112190669,37.777203530346654],[-80.215921173851342,37.777218411632596],[-80.215780880991176,37.777393291543255],[-80.215687861368281,37.777666911835048],[-80.215641402944811,37.777953854103963],[-80.21563964993625,37.777964682403493],[-80.215638299728298,37.778092520996999],[-80.215656576568307,37.778220329744002],[-80.215622076011982,37.778313289966896],[-80.215615148668093,37.778363975792182],[-80.21560456945717,37.778441386757287],[-80.215557611493836,37.778619925049711],[-80.215556227768815,37.778751076110268],[-80.215630326020104,37.778846955165356],[-80.215860861494306,37.779021407223283],[-80.215868780069542,37.779027397703047],[-80.216043177499344,37.779123819558762],[-80.216064770093411,37.779135757818011],[-80.216153789177554,37.779170817519336],[-80.216341484329007,37.779290407053949],[-80.216318082863765,37.779613909183105],[-80.216225106067469,37.779944789829955],[-80.216214600243774,37.779979217632743],[-80.216199194171026,37.780045800389139],[-80.216172273107418,37.780162147099851],[-80.215955038352078,37.780816493932782],[-80.215815055654929,37.781268658775836],[-80.215782239627515,37.781530757188833],[-80.2157821752117,37.781536859593189],[-80.215818072996058,37.781765326161455],[-80.215858333395431,37.781819619432],[-80.215863855169815,37.781825701750186],[-80.215920098977733,37.781887654818561],[-80.215943453455196,37.781913381979422],[-80.215984557027653,37.781943794228319],[-80.216173435593902,37.78202032576845],[-80.216333911510873,37.7820751658559],[-80.216392352837246,37.782083295793441],[-80.216872557326269,37.782134181802689],[-80.216967154925669,37.782181258452511],[-80.217175562298436,37.782240056027263],[-80.217491824320362,37.782423679129288],[-80.217758131559606,37.782638605447566],[-80.218057749555442,37.782874890962873],[-80.218200987019458,37.782953807242343],[-80.218485155734797,37.783074923928041],[-80.218829415014824,37.783196442854596],[-80.219084541598491,37.783221977126715],[-80.219385114346267,37.783212049180548],[-80.219821892409698,37.783107629515541],[-80.219928296971247,37.783062095851818],[-80.220291745265712,37.782860535536727],[-80.220743488045386,37.782461002483728],[-80.220965340337287,37.782162516096349],[-80.221235797855101,37.781982781687503],[-80.221352702735999,37.781914387094815],[-80.2213972107823,37.781877987756971],[-80.221492127063385,37.781832817297136],[-80.221676048127989,37.781725214280293],[-80.221984674521593,37.781695616876689],[-80.222342094911184,37.781745384959422],[-80.22277790841261,37.781921851466905],[-80.22321270116511,37.782185195206459],[-80.223380212581475,37.782336276202422],[-80.22367068354157,37.782559524970807],[-80.223672413737589,37.782560557694552],[-80.22373331475481,37.782596909204166],[-80.223902672187506,37.782699466476004],[-80.224091605619847,37.782813890084043],[-80.224168281042097,37.782880528968725],[-80.22423925538294,37.782942208253878],[-80.224285149136847,37.782982094719948],[-80.224388686397504,37.78313778234164],[-80.224462054016215,37.783305194620937],[-80.224430266500008,37.78347191291045],[-80.224379829345352,37.783596374331701],[-80.224371009112673,37.783618139522687],[-80.224427630514612,37.783929648132592],[-80.224466973158314,37.784150024381958],[-80.22449479709185,37.784228141021245],[-80.224497403018944,37.784235457821161],[-80.224556247822179,37.784355082014272],[-80.224598951538439,37.784581909904844],[-80.224596332100035,37.784832286156515],[-80.224579064954497,37.785046796015415],[-80.224426348761412,37.785284259178148],[-80.224420298142633,37.785289925395197],[-80.224342677341426,37.785397220166573],[-80.224121736965841,37.785608833251914],[-80.223742410876795,37.785740538561988],[-80.22365327477867,37.785739951256289],[-80.223610128903672,37.785755824591995],[-80.223233559254197,37.785848730042133],[-80.223132787476814,37.785927387114555],[-80.222981058988282,37.786272245285907],[-80.222969165180558,37.786453689057502],[-80.22320373644169,37.78684991595086],[-80.223518876940773,37.787144015098285],[-80.223745936557421,37.787303419393368],[-80.224360758478369,37.787481059311624],[-80.224787028385435,37.787618068667193],[-80.224892112248355,37.787658797531854],[-80.225137441303119,37.787685562228035],[-80.225587145864822,37.787783906449427],[-80.225684044684002,37.787821116347729],[-80.225849164195253,37.787884521035046],[-80.225871467387506,37.787893085740627],[-80.225881495659749,37.787900700034506],[-80.226124878762491,37.788085526380058],[-80.226284361825705,37.788253909521998],[-80.226318069846229,37.788289493457171],[-80.226322406192381,37.788344042581883],[-80.226331349260832,37.788456511671072],[-80.226316956295264,37.788590502923618],[-80.226298070556169,37.788766304897884],[-80.226129704642318,37.789063283039766],[-80.226051976337786,37.789313167589775],[-80.226034960832919,37.7895038343325],[-80.22603356567781,37.789637804555326],[-80.226032722300829,37.78971844027258],[-80.226083093215706,37.789800071270484],[-80.226136149196762,37.789886048834411],[-80.226345114357741,37.790018579525487],[-80.226522721706701,37.790122160294672],[-80.226590718086811,37.79014770910986],[-80.226886997936489,37.790347038729259],[-80.2270737519177,37.790561331758298],[-80.227148167163648,37.79071392761751],[-80.227188281663331,37.79077236212666],[-80.227223196205003,37.790823218151225],[-80.227255759661887,37.790892517399179],[-80.227343430276278,37.791079085641549],[-80.227415504082899,37.791171320928044],[-80.227749649553914,37.791552418782658],[-80.227858636318416,37.791600451444218],[-80.228145835208792,37.79171283291754],[-80.228522393700715,37.791849503103791],[-80.228839463035101,37.791962078485909],[-80.229077364131754,37.792042499320971],[-80.229314773323409,37.792170324913208],[-80.229492199992947,37.792321461980578],[-80.229560341798148,37.792464042841409],[-80.229626190181136,37.79282751762338],[-80.229614097308854,37.793040506177739],[-80.229528418886687,37.793624079226944],[-80.229504377560588,37.79373761122941],[-80.229474639144556,37.793938071611358],[-80.229270402140884,37.794795223134898],[-80.228932413115018,37.795546288175608],[-80.228901256968072,37.79561552858555],[-80.228726525680784,37.795968139961872],[-80.228394772717152,37.796637632215912],[-80.22799605233179,37.797410047563133],[-80.227966241049799,37.797456030821053],[-80.227956669847629,37.797481361757001],[-80.227772958326597,37.797922155441903],[-80.227631986743461,37.798086980442747],[-80.227482354922856,37.798282594360522],[-80.227480270779765,37.798287002696291],[-80.227358079682602,37.798476977813152],[-80.226963316876621,37.798867861549901],[-80.226870086106189,37.798964817922439],[-80.226846791268926,37.798989529489205],[-80.226841408262629,37.798994641696652],[-80.226689873046482,37.799152231547751],[-80.226609043400487,37.799215316235667],[-80.226384572032529,37.799428492696272],[-80.225962872346713,37.799804629266987],[-80.2256128540417,37.799983850796814],[-80.225509012083947,37.800058923718886],[-80.22545768298329,37.800108981144199],[-80.225432415780503,37.80013361969305],[-80.225415394638546,37.800324280538781],[-80.225442710108481,37.800586778983927],[-80.22547101502127,37.80075389213809],[-80.225469522100425,37.800896963681865],[-80.225392774629029,37.80105146641958],[-80.22514974314042,37.801300260055875],[-80.224739304494733,37.801750651201893],[-80.224689896649295,37.801802029263342],[-80.224526819886322,37.80206051199881],[-80.22440749014244,37.802258208002556],[-80.224400616805866,37.802272826812576],[-80.224372567277243,37.802332487528446],[-80.224249490752044,37.802605916442417],[-80.224051527552092,37.802855004482929],[-80.223750230693881,37.803117239045982],[-80.223657224135096,37.803198189242671],[-80.223598469695801,37.80325674752509],[-80.223407911866317,37.803473859559965],[-80.223126442810482,37.80383707933354],[-80.223063200493513,37.803957375219532],[-80.223051163328194,37.803976743164974],[-80.222849204870087,37.804301741711008],[-80.222483939993495,37.804740500262774],[-80.222163998401925,37.805155710339108],[-80.221920318198144,37.805464106470353],[-80.221189012478035,37.806413151823925],[-80.220746587890105,37.807042172486391],[-80.220411601751238,37.807457274427271],[-80.219726090157806,37.808335071803533],[-80.219376319463592,37.80872623158151],[-80.219147640812068,37.809034726509971],[-80.21893360979881,37.809379084313981],[-80.218735613842767,37.809628160959257],[-80.218648513684627,37.809673401640509],[-80.218638475294952,37.809678615528412],[-80.21860700945237,37.809724975311553],[-80.218446697927334,37.809834410934478],[-80.218267391780373,37.809848993845577],[-80.217761282951827,37.809709775952982],[-80.217727877004293,37.809704937661117],[-80.217520236484731,37.809643469147609],[-80.217444113091872,37.809622529079078],[-80.217083342131346,37.809515757906354],[-80.217004584521447,37.809492849243071],[-80.216952017479286,37.809484148910371],[-80.216663300860134,37.809471320872554],[-80.216468869635804,37.809516192311612],[-80.215957964281671,37.809766724856729],[-80.215726792217893,37.809918177324562],[-80.215272808085302,37.810213242823856],[-80.214924644050072,37.810449390103528],[-80.214410285526668,37.810767893657399],[-80.213911454860352,37.811038805482326],[-80.213675228226009,37.811125385535206],[-80.213097645843021,37.811401126458343],[-80.212367223867716,37.811790922918021],[-80.211496514786205,37.8122745021493],[-80.21113758172622,37.812451524628727],[-80.211040153288849,37.812521959280815],[-80.211024065642036,37.812532713962135],[-80.210240043656398,37.813056806538548],[-80.210161657502923,37.813116644101349],[-80.210036189833616,37.81323080559897],[-80.209828238498275,37.813420018926607],[-80.209358667058879,37.813762647023495],[-80.208844010738545,37.814104971300182],[-80.208514225787468,37.814343816842928],[-80.208479580029007,37.814369612428557],[-80.208428499660968,37.814405903267598],[-80.208207839719918,37.814565713595236],[-80.207738385535436,37.814896410830016],[-80.207456245588801,37.815086695412774],[-80.207178239924687,37.815274192384678],[-80.206984996803001,37.815403355558757],[-80.206557688575387,37.815758389168678],[-80.20651459194481,37.815819131547549],[-80.206341804160942,37.816107438624471],[-80.206179601083747,37.816390524386101],[-80.206015846739433,37.816807712360948],[-80.205960472582248,37.817181264929211],[-80.205954863561686,37.817233315239847],[-80.20601025540229,37.817674855178502],[-80.206038311334837,37.818047944735028],[-80.206061485975624,37.818126165905362],[-80.206045908542762,37.818253713275077],[-80.20603201705174,37.818450026520367],[-80.205983732995279,37.818747785820499],[-80.205950737883413,37.819021800762044],[-80.205812659875065,37.819283186644945],[-80.205492438292126,37.819710266577715],[-80.204777717455755,37.820589422436719],[-80.204395965066254,37.821272167291603],[-80.204142266866725,37.82173615278402],[-80.203888650641488,37.822192206833151],[-80.203710924098388,37.822456554948339],[-80.203397486205063,37.82303467417978],[-80.203257344064937,37.823486816428151],[-80.203180767167623,37.823644689315863],[-80.203054240970999,37.823905541456767],[-80.203026761728239,37.823962193898183],[-80.20275223157492,37.824329957984062],[-80.202609660128118,37.824460167463378],[-80.202216967850873,37.824975001041636],[-80.201663037151974,37.825586922225433],[-80.201179966493896,37.826096663849945],[-80.200852812784944,37.82641835341844],[-80.200731463205287,37.826565301929861],[-80.200561325419528,37.826771332317065],[-80.20027316147106,37.827007842318636],[-80.1999700922686,37.827232328026099],[-80.199500649419036,37.827551071653126],[-80.198834631031858,37.827975786253198],[-80.198318921807356,37.828401517547483],[-80.197975946868354,37.828634001033002],[-80.197727348765881,37.828827912270889],[-80.197385813791499,37.829117604570953],[-80.196851542990686,37.829551517078926],[-80.196756851757712,37.82966667511274],[-80.196316664509609,37.830057148219502],[-80.195922346176516,37.830376387199195],[-80.19583941351739,37.830435414791829],[-80.195738634757788,37.830527077416669],[-80.195560875170429,37.830640441958195],[-80.195391054987965,37.83084969452775],[-80.195307031123207,37.831036099249239],[-80.195267818322108,37.831123088264995],[-80.195070073805923,37.831336361084333],[-80.194728710101927,37.83157050646026],[-80.194571176407422,37.831726742547744],[-80.194068904160758,37.832165300830027],[-80.193743377382546,37.832535137761866],[-80.193647687111252,37.832679630941328],[-80.193431959376383,37.833084495698415],[-80.19327954158264,37.833359967205283],[-80.193265647579111,37.833416058165326],[-80.193210977718323,37.833636776295599],[-80.193205782788965,37.83411367531108],[-80.193157441639883,37.83441142610058],[-80.193124981099402,37.834498665187624],[-80.193071684624229,37.834641905750551],[-80.193064514135116,37.834661181243767],[-80.192942694507565,37.834803429461864],[-80.192640876211684,37.834908670489803],[-80.192340219016842,37.834906608958811],[-80.191784136906662,37.834890869013449],[-80.190943344360988,37.834789711135933],[-80.190327524542283,37.834737784299918],[-80.190116809181731,37.834760182728523],[-80.189905175345714,37.834866038685398],[-80.189783349415748,37.835008279050946],[-80.189690806735939,37.835222263591369],[-80.189493162254934,37.83542360065762],[-80.189235123948521,37.83564836982282],[-80.189037739268159,37.835825861487216],[-80.188765318327981,37.835990910047663],[-80.188433156967278,37.836119781203138],[-80.188207006784893,37.836177835813785],[-80.187889877559314,37.836306809043116],[-80.187662684923083,37.836460244604403],[-80.187404243938971,37.836720778293802],[-80.187221754124749,37.836910291017979],[-80.18681127887865,37.837324776438138],[-80.186568393183393,37.837537721055021],[-80.186295698531907,37.837726608299093],[-80.185963524045889,37.837855470501715],[-80.18564677591894,37.837948667952013],[-80.185480503192466,37.837960693138029],[-80.185377609896932,37.837968135567976],[-80.185077735626322,37.83803907167929],[-80.184638673448305,37.83814653100432],[-80.184249991891974,37.838199088477694],[-80.183522722139188,37.838265070291598],[-80.183279601195565,37.838273813242388],[-80.183154557715611,37.838283656993433],[-80.182951732498452,37.838299625080268],[-80.182636031376148,37.838297433432849],[-80.182624863644421,37.838297355962894],[-80.18241752440683,37.838304810599361],[-80.182076377392477,37.838297109295752],[-80.181628532049999,37.838314284610519],[-80.181228922533677,37.838398725876857],[-80.181191508980476,37.838406630552029],[-80.180798928499343,37.838558905379976],[-80.18043495606149,37.838842535758836],[-80.180056219461832,37.839102213111836],[-80.179661914094623,37.839409473518138],[-80.179459073647578,37.83955962695935],[-80.179393587588734,37.839608102758746],[-80.179336479151843,37.839727790091509],[-80.179373279512305,37.83999645114681],[-80.179451193203974,37.840154810195955],[-80.179658975936803,37.840491864716448],[-80.17970963538724,37.840530600671507],[-80.180021911536144,37.840842784554063],[-80.180275792926309,37.841057938200294],[-80.18031981864867,37.841095247166045],[-80.180513152015777,37.841287369945839],[-80.180705688286082,37.8415510196497],[-80.180822796141626,37.841837995229284],[-80.180879296080676,37.841970544583951],[-80.18094003674301,37.842113048424217],[-80.181027209083695,37.842387891484854],[-80.181159354624313,37.842674973083852],[-80.181260245569831,37.843069142246698],[-80.18137631738054,37.843469552985617],[-80.181384998476815,37.84349114952267],[-80.181598472384366,37.843982034347171],[-80.181961457034404,37.844458094745512],[-80.182248474787684,37.844779469977787],[-80.182590832406888,37.84511728098407],[-80.182808078138535,37.845365925567414],[-80.18283706159545,37.845395568144831],[-80.182857527428141,37.845422521549892],[-80.18288345908546,37.845452200955442],[-80.182947195838821,37.845525148450243],[-80.183074689775665,37.845664898476322],[-80.183155179648409,37.845753136211513],[-80.183345903799875,37.846183697895597],[-80.183505636702719,37.846697510196712],[-80.183559033140341,37.846976525254235],[-80.183633589551391,37.847366104989398],[-80.183614744683467,37.847711749967331],[-80.183559032876715,37.84785097902229],[-80.183491041120604,37.848020899265435],[-80.183301977125353,37.848228674921131],[-80.183232284909266,37.84830526719913],[-80.183108842962156,37.848590568822672],[-80.183074677185871,37.848711815830747],[-80.183014946698705,37.848923771577645],[-80.183012582071512,37.849138375831593],[-80.18311440729174,37.84944909097181],[-80.183171785710158,37.849699876451929],[-80.18316849959146,37.849997936466892],[-80.183113637199668,37.850143591929658],[-80.183022118879208,37.85038657392532],[-80.183048403847636,37.850453643733772],[-80.183100485303598,37.850586534359685],[-80.183098510916565,37.850765369061307],[-80.182990758910393,37.850991164343164],[-80.182576888592067,37.851703696322929],[-80.182043250029821,37.852367697656682],[-80.181830237611138,37.852592763250378],[-80.1816174920842,37.852793979470412],[-80.181450772089704,37.852912052227879],[-80.181299615121446,37.852982540311444],[-80.18113461427248,37.852945624382556],[-80.18112037632973,37.852938716123738],[-80.181096035258449,37.852926904509232],[-80.180773661777906,37.852879424931103],[-80.180328434665924,37.852631716485682],[-80.179902577829736,37.852431368847448],[-80.17962440880514,37.852382113442843],[-80.179515042584356,37.852373420079722],[-80.179405561732722,37.852364815945151],[-80.179100094814544,37.852405009677284],[-80.179016859403006,37.852437286629929],[-80.178884053214347,37.852488786809523],[-80.178596909960191,37.852617942459567],[-80.178370704036126,37.852675979163266],[-80.178114689163607,37.852709962854661],[-80.177843772649808,37.852731919685084],[-80.177543311377335,37.852705975095482],[-80.177212510893327,37.852703664963407],[-80.177046715352574,37.852738274908013],[-80.176850977768922,37.852760753050795],[-80.176729892417782,37.85283144817074],[-80.176697962834737,37.852998147323973],[-80.176694914271891,37.853272365826399],[-80.176659402933851,37.853760976838018],[-80.176579180965319,37.854213499368377],[-80.176407278860964,37.854796538873067],[-80.176386189954897,37.854840292375414],[-80.176360921068877,37.854932421923088],[-80.176292724382492,37.855034206259361],[-80.176160988168931,37.855307518695106],[-80.175795458985675,37.855722279049075],[-80.175401575376284,37.8559818350965],[-80.17502379338292,37.856146114717369],[-80.174736625881579,37.856275257902482],[-80.174359503579751,37.856379925151749],[-80.17401205818976,37.856520567916796],[-80.173709717531281,37.856661527083183],[-80.173406844309199,37.856850174313976],[-80.173193528730962,37.857099064490491],[-80.173039695943544,37.857407991378679],[-80.172886256997955,37.857681150474477],[-80.17267253971346,37.857965807165435],[-80.172489955775731,37.858155299812736],[-80.172277565517746,37.858320728238148],[-80.171929439011961,37.858520978379232],[-80.17171651269139,37.858734101780044],[-80.171609114403807,37.858924120996519],[-80.171607113903718,37.859102957647451],[-80.171645586350991,37.85920369671188],[-80.171658591997982,37.859237753253545],[-80.171680164670832,37.859294241837226],[-80.171767610129436,37.859436030249988],[-80.171790209855217,37.859472674264644],[-80.171813105474357,37.85950979894011],[-80.171946177062352,37.859713430063124],[-80.172049968908411,37.859845314501698],[-80.172107988454073,37.860036499021184],[-80.17219274968177,37.860525948197619],[-80.172169042511186,37.86130079720418],[-80.172102353733479,37.861884568302052],[-80.17202342809756,37.862217866510733],[-80.171977246928819,37.862312930430626],[-80.171825529229423,37.862431096506526],[-80.171537933589121,37.862595996202785],[-80.171324862950499,37.862821043512575],[-80.171202417158639,37.863010952682245],[-80.171108716180498,37.863320300818209],[-80.171106045316847,37.86355874736266],[-80.17101247564338,37.863856171379183],[-80.170935012175406,37.864058321869457],[-80.170721399871255,37.864331055809174],[-80.170458356068721,37.864565153707751],[-80.170348514722249,37.864693250989518],[-80.17032454303434,37.864716358286429],[-80.170321612317991,37.86472017574085],[-80.169883440246934,37.865290936737424],[-80.169608861949442,37.865634775660816],[-80.169439956004553,37.865943590941228],[-80.169361013759399,37.86627688514352],[-80.169328390858681,37.86650319615795],[-80.169189964521479,37.866776457592032],[-80.168960624790188,37.867108691878315],[-80.168625338806763,37.867499791413337],[-80.168231104655021,37.867783167219052],[-80.168189163941705,37.867798923725282],[-80.167987769324924,37.867874582329556],[-80.167932957991965,37.867912365338327],[-80.167772864797598,37.867974323858334],[-80.167462412691492,37.868016024827973],[-80.167190171205647,37.868061966211947],[-80.167017810891224,37.868094832622191],[-80.166587251819408,37.868176933714047],[-80.165893693354619,37.86832702445593],[-80.165425318328104,37.868514478721089],[-80.165212885725694,37.868679896305522],[-80.165150997793646,37.868891704098239],[-80.165150304817132,37.868894073172491],[-80.165156547669199,37.868906774204646],[-80.165330048078104,37.869259751179506],[-80.165356151242804,37.869312851655181],[-80.165437524265698,37.869550333404675],[-80.165487204890326,37.869695323077352],[-80.165514325400494,37.869957827452332],[-80.165525727600652,37.870090910171427],[-80.165526532684751,37.870100273932138],[-80.165540907053725,37.870268021350341],[-80.165538487641214,37.870482624764271],[-80.165475639375259,37.870720644266584],[-80.165351958053705,37.871017849832711],[-80.165108221813639,37.871290355006359],[-80.164772630469386,37.871705290772645],[-80.164406284329672,37.872179624607178],[-80.164009309843493,37.87270143128746],[-80.163705267688115,37.872985429191786],[-80.16365387014784,37.873018373788263],[-80.163630361744779,37.873033442113929],[-80.163447695466843,37.87315052272703],[-80.163205697159782,37.873268038466527],[-80.162903406887153,37.873397043616748],[-80.162820012368968,37.873435904390895],[-80.162784041973637,37.873452666616295],[-80.162722280571018,37.873503053633264],[-80.162538667790315,37.873817223128945],[-80.162532610163069,37.873853021118308],[-80.162521454402167,37.873918951003873],[-80.162441934171497,37.874299930945888],[-80.162287611141551,37.874644611947588],[-80.162163640170462,37.874965655318576],[-80.161858908345891,37.875309261573548],[-80.16155512195742,37.875569409330524],[-80.16123614953527,37.875841373890658],[-80.160857017393539,37.876112906959044],[-80.160614329975331,37.876290026027235],[-80.160296437201609,37.876466608186888],[-80.160023804371804,37.876631586616377],[-80.159600352601188,37.876831260746854],[-80.15900981685418,37.877172820609502],[-80.158464262059439,37.877526619404847],[-80.15808538143601,37.877774298990822],[-80.157818046558333,37.877972942452317],[-80.157751620570266,37.878022301053022],[-80.157603900580582,37.878161891352953],[-80.157570976995373,37.878193003301526],[-80.157278198700538,37.87853150323739],[-80.157106382446173,37.878751268096821],[-80.156759208537892,37.879095739847202],[-80.156609108042616,37.879277986204301],[-80.156244437550868,37.879597303663317],[-80.156061623857354,37.879798686632569],[-80.15596892576545,37.880012637633179],[-80.155953794138043,37.880156822927766],[-80.155935169893212,37.880334327981821],[-80.155940317279715,37.880526446549723],[-80.155944015109043,37.880664343384858],[-80.155945718941396,37.880727870889508],[-80.155871837204671,37.880916842406791],[-80.155869593001839,37.880922579210143],[-80.155852745973036,37.880965667761828],[-80.155842679942666,37.88098890007992],[-80.155775492396103,37.881143961853731],[-80.155593223704301,37.881297658292063],[-80.15492892194483,37.881507509590563],[-80.154295110386798,37.881681807813919],[-80.15393273459236,37.881798433850264],[-80.153874512313891,37.881821981419328],[-80.153585127747874,37.881939017427968],[-80.153303406487609,37.882073647693097],[-80.153224081851704,37.882133144098944],[-80.152823243636917,37.882351254851244],[-80.152780877991376,37.882364137712564],[-80.15274785910843,37.882380335702756],[-80.152616557765086,37.882444749001188],[-80.152529177970251,37.882470301362289],[-80.152302355822201,37.88253662770677],[-80.152178828740844,37.882572750226409],[-80.151740825780038,37.882724600307164],[-80.151602180373544,37.882765321389137],[-80.151233473175623,37.882900221208232],[-80.15089147851829,37.88298788748137],[-80.150867025825633,37.882998231120659],[-80.150713975655137,37.883062970284968],[-80.150380856877163,37.883251336638899],[-80.150107489620126,37.883475906277361],[-80.149939828921376,37.883665465807283],[-80.149892094553266,37.883891663141519],[-80.149901519628685,37.884380583588779],[-80.149912997296497,37.884690670910551],[-80.14991153826243,37.884817489352876],[-80.149918655006559,37.884872655583166],[-80.149910704396149,37.884889966163783],[-80.149909979573764,37.884952964849475],[-80.149908390875183,37.884969587456425],[-80.149894323035937,37.885116650961976],[-80.149892882203673,37.885131687476687],[-80.149740263072715,37.885321360681999],[-80.149594522469869,37.885439703565368],[-80.149428315102114,37.885574678464963],[-80.149390984941959,37.885604991055793],[-80.149111511734446,37.885822485435874],[-80.149047675218711,37.885931138268994],[-80.148993146593313,37.886341188265718],[-80.148921171140714,37.886537958700274],[-80.148919081928256,37.886719461937666],[-80.148837757638915,37.886868847371808],[-80.148748061580221,37.886876130054347],[-80.148529030614597,37.886866614634975],[-80.148085712270728,37.886445121815058],[-80.147337953105023,37.885650454526576],[-80.147041005095261,37.885339704175443],[-80.147029317611,37.885329715117123],[-80.147002888860882,37.885299816031463],[-80.146905020143492,37.885197397438723],[-80.146782917750343,37.885055249787889],[-80.146553586445734,37.884837412088288],[-80.146344229229129,37.884728585513571],[-80.145984304840141,37.884630589390234],[-80.145827109983301,37.884615589831306],[-80.145713812956842,37.884604778753072],[-80.145412960789344,37.884602597739566],[-80.145172281832728,37.884600850232161],[-80.144901510092694,37.884598881838066],[-80.144706094089941,37.884585539992912],[-80.144496045021327,37.88453631956471],[-80.144211755738823,37.884403097575913],[-80.143941958902943,37.884317672575484],[-80.143700313536471,37.884265830703782],[-80.143669253929843,37.884266311416752],[-80.143172627019723,37.884173466365155],[-80.142965984232163,37.884155566639144],[-80.142710400464651,37.884141785223648],[-80.142590747335632,37.884081297522656],[-80.142502290737156,37.883925650593405],[-80.142458963564309,37.883770330558633],[-80.142476490971703,37.883555844779195],[-80.142476889169217,37.883553082544225],[-80.142484749851533,37.883498701421985],[-80.142509204470372,37.883329537526471],[-80.142509811341725,37.883277117944772],[-80.142417139756276,37.883175837144414],[-80.142186355147359,37.882975581201947],[-80.142017924362563,37.882884799733844],[-80.14177766176222,37.882847278230763],[-80.141551749483625,37.882869475341835],[-80.141325147117456,37.882951286845078],[-80.141173063582627,37.883093256946729],[-80.140913744272623,37.88340136817996],[-80.140714867668891,37.883686073899803],[-80.140516267747714,37.883946939653057],[-80.140303865943295,37.884100389439176],[-80.140045510016748,37.884325041536712],[-80.139591597849531,37.88454826656276],[-80.139388124381881,37.884634309647616],[-80.138960521287274,37.884973899219936],[-80.13848562237709,37.885570318101379],[-80.138407978728253,37.885663211207614],[-80.138344557288377,37.885789013721016],[-80.138343515432382,37.885791079043926],[-80.138130274570955,37.886016057044621],[-80.137902410029369,37.886205163769674],[-80.137671218126698,37.886306502247677],[-80.137616316519953,37.88633056805449],[-80.137554609193302,37.886357615885892],[-80.137486138448097,37.886371149874662],[-80.137423629434792,37.886383506035045],[-80.136710851487734,37.88659919792898],[-80.136090288003061,37.886870888139271],[-80.136043803319907,37.886899805437722],[-80.13599835600337,37.886930442474593],[-80.135755719100246,37.887095584121241],[-80.135570517967523,37.887214566101711],[-80.135505288156537,37.887256473303189],[-80.135397501444331,37.887347266465866],[-80.135301075152597,37.887437245313954],[-80.135300381662603,37.887438015161493],[-80.13529086529708,37.887457573493322],[-80.135245428688549,37.887582916126085],[-80.135172676581419,37.887842852075757],[-80.135110554947474,37.888039776354674],[-80.135029478726992,37.888165450187778],[-80.134929127846775,37.88822780246749],[-80.134778969280759,37.888289878697265],[-80.134530235310407,37.888272277735339],[-80.134467201357637,37.888260696150176],[-80.134297897670919,37.888253350277324],[-80.133951899910016,37.88825080606783],[-80.133650614746614,37.888284359993357],[-80.133612169825454,37.888300247830905],[-80.133472316881381,37.888358044146635],[-80.133461705966582,37.888362429143768],[-80.133320874704978,37.888462839300956],[-80.133296427152146,37.888482964686951],[-80.133040004550736,37.888694045060483],[-80.132739333081801,37.888969486720221],[-80.132657243137558,37.889033345673823],[-80.132527056529298,37.889158400257649],[-80.132314905346618,37.889287991986137],[-80.132163632288652,37.889358416917418],[-80.131936998719965,37.889440209880014],[-80.131758134524105,37.889509442104526],[-80.131755636005323,37.889510408775749],[-80.131753614843205,37.889511981023873],[-80.131634165280559,37.889604898939517],[-80.131585260123373,37.889642941745521],[-80.131539706573037,37.889678378108066],[-80.131465259435373,37.889765117317801],[-80.131262782937895,37.890039955978018],[-80.131218025493425,37.890107827244783],[-80.131188021425132,37.890174505338905],[-80.131129459416456,37.890304647990895],[-80.13099097429857,37.890564284298506],[-80.13093259643621,37.890673730917946],[-80.130874779731826,37.890850047316505],[-80.130770452681858,37.891259630198533],[-80.130644995063619,37.891763871644088],[-80.130628064992536,37.891818591486278],[-80.130614227292739,37.891898552628504],[-80.130550265866717,37.892220007799537],[-80.130383237664248,37.892349929212358],[-80.13023167593542,37.892444196440131],[-80.13018401969282,37.892469823706499],[-80.130034837021356,37.892550050079883],[-80.129912938074426,37.892680305248298],[-80.129909158322633,37.892699963081853],[-80.129897906289969,37.892758482079238],[-80.129891841693251,37.892790024433701],[-80.129882540039603,37.892838382738105],[-80.129894212313715,37.892863158862212],[-80.129967676507547,37.892952276557843],[-80.130033028029317,37.892990680056478],[-80.130171799281996,37.893046954128963],[-80.130280384415769,37.893126618555307],[-80.130389062019589,37.893198442422971],[-80.130408704765728,37.893230222491546],[-80.130437943064564,37.893277755727773],[-80.130437570960865,37.893309387929662],[-80.130436643349384,37.893388243133039],[-80.130435900197469,37.893451417415214],[-80.130435529150702,37.893482959495927],[-80.130394891291203,37.893553680187331],[-80.130355329392046,37.893591312474769],[-80.130353466748872,37.893601647630277],[-80.130171107961985,37.89375530060795],[-80.129973146229759,37.893956533732776],[-80.12973089266751,37.894085898105033],[-80.129726325720185,37.894087784967645],[-80.129624736420908,37.894129760531051],[-80.129621191122538,37.894132081534657],[-80.129617653689564,37.894132687031387],[-80.129514918922482,37.894175135740802],[-80.129504100397469,37.894179605396644],[-80.129486024111927,37.894181317534418],[-80.129037157746083,37.894223845152467],[-80.129026009390984,37.894225023133558],[-80.128882875734377,37.894245047989813],[-80.128114350470483,37.89437346830745],[-80.127654692476241,37.894504263212703],[-80.127183646149248,37.894675708256798],[-80.12711629513727,37.894705547668352],[-80.126693404186938,37.89493912276729],[-80.126370926380346,37.89526037941998],[-80.1260670411653,37.895692270138674],[-80.125743418148318,37.896100219631094],[-80.125612411512648,37.896233447077613],[-80.125200568033293,37.896522401573783],[-80.12493993191147,37.896662596008632],[-80.124869563798498,37.896717321292023],[-80.124779106756364,37.896787669552737],[-80.124726387054707,37.896819907929505],[-80.124668823039016,37.896881834425479],[-80.124565837313114,37.896992628006622],[-80.124427885523744,37.89720622182692],[-80.124366012088316,37.897348836991775],[-80.124213016327218,37.897562318622626],[-80.124044975823026,37.8977756844737],[-80.12387806491266,37.897893676965737],[-80.123621446274257,37.897963302893011],[-80.123537533906799,37.897966831264604],[-80.123451798258671,37.897977485745415],[-80.123122541592068,37.897966651352839],[-80.12301650647953,37.897940535392053],[-80.122691034479018,37.897601301735577],[-80.122667753102661,37.897581389099294],[-80.122348967278143,37.897417279867256],[-80.122034435025029,37.897295699356789],[-80.121599973075149,37.897137456673406],[-80.121272300701719,37.896981940231825],[-80.121166072102497,37.896931522668325],[-80.121154425269452,37.896927907196854],[-80.120851259102693,37.896833787469809],[-80.120565687723769,37.89680780717854],[-80.120339730527292,37.896829963846535],[-80.120097733699424,37.896935464063937],[-80.119916198439213,37.897017568921427],[-80.119689809870451,37.897075491991082],[-80.119433759590578,37.897097422741865],[-80.119118096845227,37.897071217416197],[-80.118861905463717,37.897105067088461],[-80.118654527983153,37.897155650760567],[-80.118529918398238,37.897186045201373],[-80.118331116488207,37.8973406280546],[-80.118210979658613,37.897434043365081],[-80.117968409925155,37.897587226068715],[-80.117769833400331,37.897836124906661],[-80.117616251796619,37.898097284641139],[-80.117495444606774,37.898435642011499],[-80.117486176610285,37.898461599494503],[-80.117410445335025,37.898812634145855],[-80.117396218392244,37.898882565104905],[-80.117394766727926,37.899004025902492],[-80.117388815763121,37.899502516534334],[-80.1173827655889,37.900009016045459],[-80.117381837785075,37.900086702029448],[-80.117402062658869,37.900211608709562],[-80.117415735517113,37.900296054530664],[-80.117454043445136,37.900459109724281],[-80.117541218770981,37.900600592265285],[-80.117570195443392,37.90063574881485],[-80.117975051701762,37.900934856819248],[-80.117974951669751,37.900943237962096],[-80.118291633837444,37.901122441617176],[-80.118513684880014,37.901225228319724],[-80.118724732018293,37.90134469599721],[-80.118946182649893,37.901497948999847],[-80.119071569820505,37.901675718429473],[-80.119111797570781,37.901869704306264],[-80.119136097747898,37.902134396527046],[-80.119147409928019,37.902186487284965],[-80.119163541710847,37.902317459251947],[-80.119188570965548,37.902520644251183],[-80.119154921632003,37.902818472287052],[-80.119106373724364,37.903104264876113],[-80.118966548919786,37.903472836188172],[-80.118843192880888,37.903722300485043],[-80.118691020944809,37.903864239061313],[-80.118539419577587,37.903958488761901],[-80.1183731971459,37.904016858808291],[-80.118186847374446,37.904015464440093],[-80.118044407035825,37.904034512905483],[-80.117779213767335,37.904032586145931],[-80.117725911150316,37.904035856209752],[-80.117652938581429,37.904035308266884],[-80.117629009019069,37.904035129150614],[-80.117444429028268,37.904064151770413],[-80.117358701922612,37.904110231642157],[-80.117303330158933,37.904139996579964],[-80.117256007112914,37.904263167244778],[-80.117225677313982,37.90434210803835],[-80.117145886184829,37.904723051231912],[-80.117122194562654,37.904839488990305],[-80.11706595059691,37.905115916267192],[-80.117046489929407,37.905485387106133],[-80.117042358286412,37.905831131413755],[-80.1169969469412,37.906043107473316],[-80.116978605179057,37.906128729160685],[-80.116885901338662,37.906330730092655],[-80.116778218539551,37.906392062449555],[-80.116754856558728,37.906405369344419],[-80.116658628916895,37.906460177584542],[-80.116250079970925,37.906647884004663],[-80.115842524277753,37.906752130921603],[-80.115837207723089,37.906753350967676],[-80.115088032156464,37.906925308193799],[-80.114882201688815,37.906988751541888],[-80.114634906420306,37.907064977270764],[-80.114272917998591,37.907133792497042],[-80.113880119028565,37.907261990539631],[-80.113607124415495,37.907438783427047],[-80.113427287904685,37.90763430752159],[-80.113378412219674,37.907687445471218],[-80.113178077552448,37.90807940318043],[-80.113116738379958,37.908296112763239],[-80.113083784222553,37.908412542891917],[-80.112931216796653,37.908752570738201],[-80.112917292444749,37.908796546293715],[-80.112813582400634,37.908953623164933],[-80.112775535997542,37.909018297804522],[-80.112622199239183,37.909255606187394],[-80.112422854281945,37.909564106260412],[-80.112208173645669,37.909896337178004],[-80.111917971426976,37.910251840197027],[-80.111614009097536,37.910499933465928],[-80.11140132972649,37.910665254243852],[-80.110977262910268,37.910888588443356],[-80.110659104828486,37.911065035812364],[-80.110387525341807,37.911122594590339],[-80.110325926424423,37.911126564127656],[-80.110056187664526,37.911143940912389],[-80.110039438377811,37.911147490563131],[-80.109784604010272,37.911201500065246],[-80.109512015036529,37.911342517315582],[-80.109418467906423,37.911459724382127],[-80.109313373550336,37.911591400498367],[-80.109220066715721,37.911841078853826],[-80.109082766984145,37.911995041095004],[-80.108704838537989,37.912135255341433],[-80.108482124944416,37.912166598408298],[-80.108222435596616,37.912203143338452],[-80.107723972495918,37.912354363984733],[-80.107496955957203,37.912459952152737],[-80.107374123218108,37.912661714914968],[-80.107295132624074,37.912971119673422],[-80.107276053685595,37.913304819402811],[-80.107239616253423,37.913829163266193],[-80.107175384987471,37.914162524901187],[-80.10714269327805,37.914376891450324],[-80.107004233600975,37.914626230709722],[-80.106774755836142,37.914934488491518],[-80.10653109059183,37.915171102916503],[-80.106318245565731,37.915348333272291],[-80.105927440765015,37.915597723025414],[-80.105893562640858,37.915619342308098],[-80.105743448188534,37.91572226301691],[-80.105635567779629,37.915796228364684],[-80.1054992615705,37.915866731157656],[-80.105212174059986,37.915959930693184],[-80.105015673604981,37.916029975226508],[-80.104548000557514,37.916121804140708],[-80.104261205707942,37.91619116122191],[-80.103929116141458,37.916272095697636],[-80.103716985106573,37.916389711831698],[-80.103609180747242,37.916591584003228],[-80.103513389110674,37.917043932725107],[-80.10347908999195,37.917389443956232],[-80.10341397796266,37.917794334361233],[-80.103349871563637,37.91811576976275],[-80.103270717678356,37.918437092250777],[-80.103131653518659,37.918734109447577],[-80.102918496930343,37.91893518062507],[-80.102736601135859,37.919041101504341],[-80.102586106115865,37.919039953943717],[-80.102270065702655,37.919037542531932],[-80.101818869585813,37.919010254653223],[-80.101649358245609,37.919002564403932],[-80.101323974648125,37.919000080028276],[-80.101244930852957,37.918993952460852],[-80.101007132616616,37.918992136090019],[-80.10091604757983,37.918991440229199],[-80.100803122559284,37.918973979539224],[-80.100617939651315,37.918945345455512],[-80.100601760698268,37.918944091149775],[-80.100596409826124,37.918942016365463],[-80.100510440305669,37.918928723123187],[-80.100060989029274,37.918758359933904],[-80.099532469379056,37.91850546865259],[-80.099402592609565,37.918443323280925],[-80.098983538225724,37.918249347181501],[-80.098683572516222,37.91816358575381],[-80.098248160264689,37.918076787560096],[-80.09784197563296,37.918061750526803],[-80.097465741296858,37.918058867464772],[-80.097133927720023,37.918115938841098],[-80.09683178123943,37.918209005865805],[-80.096574629783021,37.918314340506377],[-80.096437872875029,37.918420597238786],[-80.09622470038785,37.91862165428806],[-80.095963753367286,37.919036959080927],[-80.095705137995012,37.919261510166336],[-80.095522206866065,37.919450876214199],[-80.095414379010236,37.919652742261718],[-80.095275719213561,37.919913984168971],[-80.095151233683097,37.920246875350408],[-80.095101262136879,37.920639949672655],[-80.095053046489156,37.920889969154757],[-80.094959387054601,37.92116347962174],[-80.094852137330662,37.921317656790357],[-80.094562973580096,37.921577740921286],[-80.094305074931583,37.921742678599422],[-80.093910117516558,37.922037719277156],[-80.093469713416127,37.922356250809308],[-80.093013376898654,37.922746199185383],[-80.092496103847836,37.923195288779034],[-80.092207510711077,37.923407678654151],[-80.092025125340626,37.923669838017346],[-80.092006613466083,37.923703868989158],[-80.091851096116187,37.924061847038509],[-80.091822305149691,37.924132014490382],[-80.091781735111894,37.924294648052481],[-80.091775012409244,37.924321597091648],[-80.09174138743343,37.924518736654562],[-80.091779333660014,37.924797431361675],[-80.091880380494132,37.9250173691889],[-80.091901174545072,37.925062629389579],[-80.091933853491284,37.925100809866841],[-80.091977284917107,37.925151550537542],[-80.092034725044158,37.925218660962251],[-80.092047427602935,37.925409526135304],[-80.092021218662211,37.925461408503821],[-80.092012620362283,37.925478427600041],[-80.091939433507306,37.925623311271977],[-80.091633138380672,37.926050179625037],[-80.091387334956693,37.926453667447404],[-80.091218103631604,37.926750438711714],[-80.091019505368294,37.926987369047751],[-80.090792271126034,37.927104842939123],[-80.090489928562377,37.927209813838509],[-80.090005941069435,37.927396841765862],[-80.089627898173703,37.927536996517773],[-80.089219608255803,37.927688837973662],[-80.088870778269154,37.927900751312876],[-80.088506163745436,37.928172162336089],[-80.088255894700083,37.92838421536382],[-80.088208753116263,37.928424159514684],[-80.088171505083139,37.928455718261354],[-80.087639402243838,37.928880832142582],[-80.087258990154837,37.929211726893492],[-80.087060666306485,37.929424803004707],[-80.087035427623675,37.929459005114531],[-80.086836854672839,37.929954930711283],[-80.086701488300235,37.930577110034562],[-80.086666519087913,37.930702656728975],[-80.086540507840141,37.931316540486606],[-80.086462003408883,37.931578240009699],[-80.086424375222236,37.931615415171514],[-80.086422782404,37.931619250721532],[-80.086412076922628,37.931627565394741],[-80.086294363529063,37.931743861200587],[-80.08609765699309,37.931825794981009],[-80.085751016687595,37.931858871847126],[-80.085478899005452,37.931952139757151],[-80.085220794826355,37.932128981887175],[-80.084854965763753,37.932495755207775],[-80.084655444452792,37.932804203872863],[-80.084667833158818,37.93301891202222],[-80.084634476473653,37.933280962311692],[-80.084591755214859,37.933329158040543],[-80.084581735609788,37.93334046044972],[-80.084466535078832,37.933470428821849],[-80.084436894959254,37.93348937725743],[-80.084418797286588,37.933500946661113],[-80.084208571116335,37.933635341405825],[-80.083709031842019,37.933857991564594],[-80.083436609267522,37.93397510174654],[-80.083027380230135,37.934198453327085],[-80.082633199953236,37.934421918087921],[-80.082178807822729,37.934644911847592],[-80.081663604257287,37.934915124511633],[-80.081329778832909,37.935127136565114],[-80.081041102212481,37.93533949847675],[-80.080812934519699,37.935528483838311],[-80.080506981209297,37.935919555904952],[-80.080155712277957,37.936322193992702],[-80.079833805254893,37.936784677890579],[-80.079590133373301,37.937009309189435],[-80.079437817104591,37.93715119436002],[-80.079300999289202,37.937257434567215],[-80.079013799682599,37.937350568377028],[-80.078666387603718,37.937443234512997],[-80.078462978033357,37.937502789177159],[-80.078430929536452,37.937512172614667],[-80.077817847840933,37.937826416391552],[-80.077791541382624,37.937839263573352],[-80.077216262796526,37.938160986797755],[-80.076752420051591,37.938460202030001],[-80.076220925104465,37.938870401167236],[-80.076071190441169,37.938998230614722],[-80.076120642365083,37.939043245338631],[-80.076071235194874,37.939083735398626],[-80.07587377485666,37.939245567866067],[-80.075553912147313,37.939541130495535],[-80.075416342031531,37.939706976510273],[-80.075262666532595,37.939956149802093],[-80.075199463610957,37.940194113834018],[-80.075120010230975,37.940527336013432],[-80.074981836119676,37.940740865639],[-80.074918785564563,37.940966908677709],[-80.074898547430308,37.941062257147749],[-80.074875523289165,37.941170741241521],[-80.074882324136254,37.941273172795817],[-80.074868455035514,37.941378778540781],[-80.074867480113753,37.941456487969766],[-80.074866897653052,37.941503037592952],[-80.074857615562905,37.941526108320922],[-80.074742578812604,37.941812059940801],[-80.074588449046615,37.942097003667271],[-80.074405708031236,37.942262486788529],[-80.074102678667074,37.942415103768425],[-80.073845562682195,37.942508463287467],[-80.073526880693592,37.942708649847546],[-80.073072261646558,37.942943525227193],[-80.072556669548874,37.943237541699375],[-80.072480972087192,37.94328649407084],[-80.072283444265253,37.943414234653559],[-80.07199591100364,37.943531195126035],[-80.07163340708901,37.943623723866459],[-80.071240944068848,37.943704086689308],[-80.070818668706394,37.943760366067586],[-80.070441409639457,37.943828924294095],[-80.070169677296377,37.943886392448455],[-80.070021447760936,37.943979839747492],[-80.069926851845509,37.94403947613511],[-80.069802810856743,37.944324644910758],[-80.069768790893974,37.944634376517115],[-80.069763326236753,37.944712421982004],[-80.069750433124895,37.944896538569836],[-80.069671250354062,37.945205913016515],[-80.069562559186494,37.945467363375812],[-80.069334632609824,37.94563248107238],[-80.069152623077244,37.945738349878795],[-80.068894586633988,37.94590323118058],[-80.06851490095481,37.946162531930071],[-80.068280403533777,37.946281007125258],[-80.068166381775413,37.946338615373953],[-80.0678937347231,37.946467612766632],[-80.067515555138257,37.946607693314199],[-80.067182988455571,37.946712360232425],[-80.066985764216597,37.946830029690517],[-80.066772131896499,37.947054872813325],[-80.066589361808724,37.947187272118384],[-80.066544195266388,37.947219991230767],[-80.066346666968869,37.947361498441822],[-80.066164796461251,37.947455437166177],[-80.065907801716705,37.947536860799211],[-80.065621000816023,37.947594198682324],[-80.065364760207984,37.947616010000161],[-80.065173534350464,37.947614488005087],[-80.065153988746459,37.947614333598814],[-80.064807567134238,37.947623503307504],[-80.064491411081931,37.947620988877738],[-80.064295691127683,37.947619435127663],[-80.064039756065313,37.947617395719533],[-80.063858944359538,37.947627882724021],[-80.063707633908976,37.947686293049337],[-80.063659596382195,37.947912451764878],[-80.063581745474664,37.948114522894045],[-80.063504252226835,37.948234230799486],[-80.063458884812803,37.948304310992505],[-80.063305451159735,37.948529627781276],[-80.063107158440801,37.948730739574295],[-80.062833135372756,37.948967020026608],[-80.062590732594785,37.949084318506237],[-80.06225860367563,37.949153211632584],[-80.062161834355095,37.949164519968981],[-80.062014279745782,37.949181764165502],[-80.061946065269964,37.949205285538149],[-80.061656900820665,37.949362954646311],[-80.061498596477307,37.94949348933784],[-80.061370025019798,37.949651143094286],[-80.061363808067284,37.949658766888973],[-80.061210373122819,37.949884081737274],[-80.061011914722812,37.950097113257591],[-80.060769355874413,37.950226328652739],[-80.060512649412274,37.950283893331594],[-80.060120439811342,37.950340377699078],[-80.060116660772437,37.950340845909487],[-80.059758496024827,37.950385176168531],[-80.05967312562575,37.95042231014687],[-80.0595162391446,37.950490550134965],[-80.059303178242061,37.950667689765687],[-80.059292587947681,37.950675591218882],[-80.059197801444384,37.950746315508418],[-80.058907925013102,37.950962604027922],[-80.058619735198945,37.951127223024464],[-80.058210336649807,37.951350482693698],[-80.057877126657601,37.951502815667197],[-80.05755866754285,37.951679111587289],[-80.057210701457365,37.951807477806149],[-80.056923572785706,37.951888632918461],[-80.056681459443439,37.951982080159461],[-80.056378962942588,37.952086961845758],[-80.056213940628183,37.952187505639259],[-80.056166502397957,37.952216408140238],[-80.055967719163903,37.9524532749817],[-80.055910541779156,37.952561260227213],[-80.055797986265489,37.952773832869639],[-80.055552963744034,37.95309379059389],[-80.055484025635096,37.953190977751454],[-80.055292273422054,37.953461308904195],[-80.05503871157859,37.953884971504252],[-80.055015304613477,37.95392408323216],[-80.054801305087224,37.954172752228565],[-80.05461818311619,37.954362044745892],[-80.054421075956128,37.95446777085786],[-80.054209058032839,37.95456144849436],[-80.053907009676067,37.954630558733754],[-80.053770280278712,37.954724845530798],[-80.053587761632798,37.954866450730911],[-80.053386554888803,37.955022565271264],[-80.053313993633239,37.95507886572787],[-80.05330436380919,37.955090054067853],[-80.053191700146968,37.955220954922765],[-80.05288796414149,37.955421203051557],[-80.052614800143274,37.955585923514455],[-80.052296007915032,37.955786050637734],[-80.052252238217406,37.955809787978311],[-80.051992722389841,37.955950526972529],[-80.051795451717368,37.956068170150125],[-80.051657335062345,37.956269747132147],[-80.051537477995097,37.956533891061326],[-80.051533355575145,37.95654297503485],[-80.051508085100991,37.956577549355913],[-80.051334087907279,37.956815597483526],[-80.051311405063885,37.956841283609734],[-80.051135433390925,37.957040535820873],[-80.050847816363813,37.957157445007077],[-80.050470469046985,37.957225936057867],[-80.050328129582454,37.957224788882812],[-80.05010909916588,37.957223021413441],[-80.049626660179186,37.957266815436107],[-80.049309997411797,37.957300027145898],[-80.048955495198683,37.957384005943936],[-80.048871961562199,37.957403794742817],[-80.048754855613325,37.957438373074417],[-80.048478938008159,37.957519843129262],[-80.048296252993211,37.957673365970273],[-80.048007086724567,37.957909487697854],[-80.047780553627618,37.958190041585866],[-80.047777534389013,37.958193779931676],[-80.047660404244198,37.958349093235519],[-80.047563039594905,37.958478196309827],[-80.047532637499273,37.958559295705896],[-80.047407076588314,37.958894238445239],[-80.047370787534646,37.959026288800864],[-80.047303283626249,37.959398217831165],[-80.047292739890722,37.959584850054647],[-80.047229738068054,37.95979895547368],[-80.047155355148575,37.959907497164963],[-80.047091602979563,37.960000526717756],[-80.046879098829862,37.960129956408288],[-80.046726571689817,37.960141422484128],[-80.046670686342523,37.960148785828089],[-80.04665996983087,37.960146429149304],[-80.046656090022353,37.960146720805184],[-80.046592695033311,37.960151484837809],[-80.046186449727614,37.960124342368736],[-80.045645145245146,37.960060336160772],[-80.045193573129339,37.960044749880204],[-80.044951877122642,37.960102404795371],[-80.044724623839286,37.960207866950334],[-80.04454161088772,37.960385225026215],[-80.044418062579865,37.960622678252534],[-80.044368875271573,37.960932281476843],[-80.044290183572997,37.961193946406141],[-80.044150800334293,37.961490891148713],[-80.043995432017709,37.961859238303532],[-80.043750326642339,37.962179169856547],[-80.043491712339133,37.962379758184838],[-80.043158267815301,37.962543968783159],[-80.042900576853512,37.962673024496461],[-80.042718024488281,37.9628146148575],[-80.042488743623338,37.963075055599248],[-80.042289891471484,37.963311898852133],[-80.042107800992923,37.963417722604099],[-80.041910338680225,37.963547265630339],[-80.04163804762284,37.963640433825887],[-80.041335639687674,37.963733351442535],[-80.041122655281015,37.963898538718993],[-80.040799139846428,37.96445628128096],[-80.040550444791705,37.965050404344538],[-80.040458661329737,37.96538423293908],[-80.040455591448477,37.965395397093531],[-80.040453037988783,37.965420112294957],[-80.040453839787943,37.965429220772286],[-80.040449416447075,37.96545516554135],[-80.04043885832634,37.965557358383393],[-80.04043836071358,37.965562178791735],[-80.040436653945122,37.965693315941103],[-80.040362766965245,37.96576015749865],[-80.040357624527303,37.965764808429178],[-80.040345218800127,37.965776032507925],[-80.040224435496128,37.96579889452525],[-80.040149146299854,37.965786903542977],[-80.03990882361542,37.965748627663288],[-80.039828828923191,37.965744805883581],[-80.039607803704769,37.965734245761418],[-80.03917125375753,37.965718757939726],[-80.038824594588959,37.965739770607826],[-80.038477466473793,37.965796551394334],[-80.038100217427825,37.965853077639522],[-80.037783206520089,37.965910102642738],[-80.037510746036716,37.966015181706084],[-80.037161279154176,37.966250781769297],[-80.037005708653552,37.966631044832631],[-80.036834611639662,37.967046947179966],[-80.03655731355083,37.967521597140689],[-80.036265580820526,37.967948435961432],[-80.036005678831799,37.968244376693704],[-80.035776826128313,37.968469041667561],[-80.035518481169461,37.968645767698845],[-80.035245227309588,37.968810447157338],[-80.034988124944519,37.968891800584906],[-80.034701218219269,37.968949059632237],[-80.034700402603363,37.968949182720863],[-80.034695773732395,37.968949876138097],[-80.034254759399857,37.969322008075345],[-80.034245811823141,37.969340036988768],[-80.034228754589193,37.969374409919006],[-80.034090562313821,37.969575968424778],[-80.033907192478381,37.969777151207339],[-80.033602407776229,37.9700488739958],[-80.033404133410102,37.97023801430629],[-80.03300835680534,37.970556680787467],[-80.032491943885205,37.970886278301883],[-80.032324724942882,37.971004130827147],[-80.032066517075691,37.971168931035592],[-80.031853484724294,37.971334100702116],[-80.031517625657131,37.971677099002846],[-80.031334401304804,37.971866358735319],[-80.0311811388584,37.972067789564392],[-80.031028499088208,37.972221529591337],[-80.03080087410234,37.972350805065993],[-80.030497320569907,37.972527149100365],[-80.03042950443934,37.972570429327305],[-80.030348887498661,37.972621879458771],[-80.030219994488291,37.972748090352084],[-80.030177672839102,37.972790958451611],[-80.030069836109703,37.972964773901715],[-80.029928489807276,37.973404760006943],[-80.029758588582382,37.973725278762252],[-80.029529700881952,37.973949929091262],[-80.029272104584891,37.974067029637084],[-80.028879433366171,37.97414724968602],[-80.028472490225425,37.974167737450415],[-80.027989923470898,37.974211442680343],[-80.027673340006686,37.974232668950862],[-80.027475825707469,37.974362189492489],[-80.02735266579198,37.974563862252623],[-80.027152476017378,37.974896050334074],[-80.027015197092766,37.975026068265471],[-80.026772185762425,37.975179055007423],[-80.026588461286678,37.975404071366114],[-80.026480046139611,37.97562970896324],[-80.026386217197256,37.975891239170188],[-80.026307289586057,37.976164810931166],[-80.026154634470174,37.97631854880683],[-80.025972330165658,37.976436265368505],[-80.025685538121309,37.976481585720002],[-80.025339772411243,37.97643102806601],[-80.025053615507133,37.976428654668169],[-80.024781732771501,37.976486014677825],[-80.024584202792525,37.976615531926981],[-80.024416326945754,37.976781062270419],[-80.024187097786793,37.977029544692634],[-80.023929164292298,37.977170477951596],[-80.023520146539084,37.977345925684446],[-80.023306923780908,37.977522999805117],[-80.023229879044507,37.97765351155897],[-80.023122709881008,37.977783775767954],[-80.02298573685151,37.977889944934439],[-80.022804058194936,37.977959975068288],[-80.022531532213094,37.978065016516929],[-80.022363484622801,37.978242463401791],[-80.022330833154371,37.978432958346119],[-80.022266633466259,37.978730498777466],[-80.022142031479447,37.979039461577834],[-80.021988413554112,37.979264719876227],[-80.021743471833645,37.979560756014173],[-80.021483783383516,37.979832825173247],[-80.02132862851316,37.979989973207424],[-80.021285293136287,37.98003386632076],[-80.021193180776848,37.980164247664689],[-80.0211304047005,37.980354494195062],[-80.021007054236478,37.98056808205569],[-80.020808401170171,37.980781040173632],[-80.020595639538868,37.980922343794305],[-80.020400311145693,37.980990663934193],[-80.020262693559573,37.981038798587768],[-80.020080685231576,37.981132666327298],[-80.01964262229464,37.981224399763128],[-80.019069797234437,37.98125539291626],[-80.018648066514174,37.98125187394357],[-80.018316705472756,37.981249109574939],[-80.018014994472765,37.98128236015279],[-80.017848199853404,37.98136442956212],[-80.01781678723377,37.981396242201107],[-80.017649695663096,37.981565459823045],[-80.01755614431616,37.981803136586528],[-80.017447850771362,37.982016847265783],[-80.017280258897785,37.982158520343688],[-80.017007551707437,37.982275473652763],[-80.016689659389158,37.982392042251384],[-80.01638682673493,37.982508740435534],[-80.016173570729819,37.982685803722354],[-80.016126883667852,37.982782428422034],[-80.016018648627366,37.983006427895639],[-80.015910667358526,37.983196286947852],[-80.015757813311907,37.983361930252997],[-80.015514748944469,37.983514894603232],[-80.015195733473632,37.983714914474142],[-80.014937762944442,37.983855827324568],[-80.014376946745557,37.984113435118836],[-80.01422721800057,37.984163304211222],[-80.01392299940801,37.98426462777411],[-80.013604616022462,37.984416954800558],[-80.013512321429573,37.984559257474309],[-80.013404010894547,37.984772962301207],[-80.01339252256227,37.984836048734628],[-80.013338970906219,37.985130104086522],[-80.013215596576927,37.985343682337934],[-80.013016908085405,37.985556627536624],[-80.012893850408901,37.985746362561542],[-80.012769515209769,37.986031469710468],[-80.012765043226835,37.986365273061182],[-80.012791334425771,37.986651643585631],[-80.012893098083438,37.986926727511047],[-80.012965380404538,37.987153868380744],[-80.01296378198866,37.987273083450432],[-80.012945526761769,37.987511391708871],[-80.012911084664537,37.987833020694751],[-80.012847955181854,37.988047101352805],[-80.012739643038302,37.988260808096456],[-80.012571708182008,37.988426317724027],[-80.012358103844477,37.988627210952743],[-80.012284585852214,37.988666121857364],[-80.012069822168172,37.988779789983148],[-80.011925521202855,37.988854187944185],[-80.011796762389864,37.988920572545695],[-80.011387331923842,37.989119822867501],[-80.011068921100573,37.989272142532378],[-80.010690412695894,37.989412033043905],[-80.010371996895103,37.989564352559988],[-80.010174571313783,37.989681921320248],[-80.009976341690816,37.989859097628731],[-80.00979285624031,37.990060243235163],[-80.009532929519622,37.990344203126867],[-80.009349116480095,37.99056918624342],[-80.009179123217322,37.990680592898102],[-80.009136611810803,37.990771782503231],[-80.009007947002843,37.990838022390896],[-80.00875220267001,37.990869574159447],[-80.008552984050226,37.990824783155283],[-80.008532151006833,37.990824607524175],[-80.008510966488416,37.990823629509997],[-80.008215968524652,37.990810020578479],[-80.007884086117429,37.990842989523934],[-80.007581207228242,37.990959666013339],[-80.007277521818253,37.991135945030209],[-80.006911647170284,37.991454773761475],[-80.006638892734415,37.991571701265329],[-80.006321587467411,37.99164055713198],[-80.005612294757825,37.991729945671082],[-80.005249793407984,37.991798414672132],[-80.004916779071834,37.991914830231948],[-80.004583600360604,37.992043162585645],[-80.004460673406101,37.992220963163753],[-80.004307773636654,37.992386589805939],[-80.004110649923888,37.992480303507968],[-80.003778278090479,37.99254902397665],[-80.003355676894699,37.992605061541866],[-80.002948298143806,37.9926492975952],[-80.002751498267429,37.992719167170947],[-80.002598598199242,37.992884791547517],[-80.002445368772158,37.993074262003212],[-80.002352402549434,37.993264238083704],[-80.002301883683089,37.993657266126],[-80.002237587614204,37.993954789938087],[-80.002114325222678,37.994156435990092],[-80.001855160018309,37.994380771265064],[-80.001521157936835,37.994568702379368],[-80.001218092244358,37.994697280709211],[-80.000940438746497,37.994761587375663],[-80.000930125842245,37.994763974615999],[-80.000870474932185,37.994777790621072],[-80.000496928018393,37.994816784417281],[-80.000477824963156,37.994818779666275],[-80.000342408909063,37.994832914872084],[-79.999919793392934,37.99488893805551],[-79.999618015749576,37.994922137729965],[-79.999435300393074,37.99506365967693],[-79.999372124047269,37.995277735802034],[-79.999428334718573,37.995576285929282],[-79.99948535444517,37.995815231056191],[-79.999555333772975,37.996209280072165],[-79.999566995184153,37.996459756576613],[-79.999517427214599,37.996781256648191],[-79.999377953924792,37.997066220841937],[-79.999178550068393,37.997326825767999],[-79.998965208611878,37.997503851715571],[-79.998824977468985,37.997605212840973],[-79.998743975003634,37.997663761897591],[-79.998736962154837,37.99766883124024],[-79.998735166245595,37.997674264947449],[-79.99870129991713,37.997776770328869],[-79.998689823505515,37.997811502577399],[-79.998717682797036,37.997978662439834],[-79.998807453433344,37.998124645342457],[-79.99883561132134,37.99817043277681],[-79.998907371856092,37.998433347222438],[-79.99893304099669,37.998674032716139],[-79.998934098567318,37.998683954640086],[-79.998973944693688,37.999077749096813],[-79.998969247111447,37.999423475263697],[-79.998921457149976,37.999613831990473],[-79.998920229255944,37.999616186434423],[-79.998797689671164,37.99985123723657],[-79.998733920017202,37.999921700673539],[-79.998690611310138,37.999969554537415],[-79.998432715630443,38.000098510932858],[-79.998280596628888,38.000204521507165],[-79.998114225109674,38.000250795052956],[-79.997872690848993,38.000284506943622],[-79.997450203444401,38.000328599389974],[-79.997223569480326,38.000374356988942],[-79.997011999520666,38.000420243534919],[-79.996769976987991,38.000489716241034],[-79.996587400125151,38.000619310187226],[-79.9964038511133,38.000820432749713],[-79.996235038195522,38.001045526231735],[-79.996014201291416,38.001770936547452],[-79.995810217627209,38.002365342215633],[-79.995667467858397,38.002888726973453],[-79.995537827980399,38.003555300522365],[-79.995429438734718,38.003768988811629],[-79.995291400071395,38.003946653735348],[-79.995168265384038,38.004136365850968],[-79.995059582733788,38.004395437585288],[-79.995058017734152,38.004399167448021],[-79.995426061741441,38.004810421088528],[-79.995663214850723,38.005202149689346],[-79.995759111949923,38.005394845978387],[-79.995764195848707,38.005440053277205],[-79.995825766870539,38.005644268031674],[-79.99582332886412,38.00582308961426],[-79.995787932539386,38.006038504591672],[-79.995772193042328,38.006134300687044],[-79.995741163683761,38.00632314877911],[-79.995660622617578,38.00670399196234],[-79.995488540108923,38.007167513820988],[-79.995364840015895,38.007352879839068],[-79.995211643648915,38.007582450782543],[-79.994705961609185,38.008198117218086],[-79.994641113177664,38.00826634025028],[-79.994323744323708,38.008600226993316],[-79.993773825033841,38.009143973790948],[-79.993361786956214,38.009521977030829],[-79.992751582903935,38.010065206382137],[-79.992431901924519,38.010300924121346],[-79.992173300383513,38.010477551033262],[-79.991944350766929,38.010690200556695],[-79.991700652065475,38.010878876858179],[-79.991546382166661,38.011139855810953],[-79.991406359695361,38.011460573816976],[-79.991252739890285,38.011673867159807],[-79.990983293888092,38.011872531334092],[-79.990933044845562,38.011909578772013],[-79.990779587280471,38.012110952874401],[-79.990670225901155,38.012320632724979],[-79.990655769525119,38.012348349267668],[-79.990622039337708,38.012610359771948],[-79.990468251278173,38.012835574168015],[-79.990177048877214,38.013190760542905],[-79.989962824671693,38.013427377870642],[-79.989764477427784,38.013604515071684],[-79.989460821652557,38.01376882873322],[-79.98909770954036,38.013873013410347],[-79.988780288913659,38.013941820067863],[-79.988373116413115,38.013962163870055],[-79.987890598356131,38.013981857727991],[-79.987166008567556,38.014070999858639],[-79.986667436591631,38.014162084690142],[-79.986182783175366,38.014336750684201],[-79.986015223661354,38.014466458006211],[-79.986057476590545,38.014681433330225],[-79.986143286754682,38.015016012822343],[-79.986123123648213,38.01538544652562],[-79.986057102262009,38.015802179069816],[-79.98591852517994,38.016015595774007],[-79.98567496111032,38.016192336817149],[-79.985477752209917,38.016286018591316],[-79.985249252583529,38.016462887814562],[-79.98515621132357,38.016652853013177],[-79.985076919627915,38.016938314610783],[-79.985097351008719,38.017130219009573],[-79.985102032631332,38.017174258092766],[-79.985166521772641,38.017261726771764],[-79.985311282400531,38.017429174249408],[-79.985368478367619,38.01751761749663],[-79.985521630306764,38.017754436349755],[-79.985525731782033,38.017760259622719],[-79.985755984014901,38.018097962727524],[-79.985752678891032,38.01833775758206],[-79.985750744131224,38.018348140420933],[-79.985747911738045,38.018553691766442],[-79.985729553987099,38.01879198774904],[-79.985666152840494,38.019017975167706],[-79.985478909014262,38.019481351025711],[-79.985338684922695,38.019813978452682],[-79.985266502128212,38.019893692247145],[-79.985249881392718,38.019912046106604],[-79.985124420987063,38.020050589772943],[-79.984941112352558,38.020227848286538],[-79.984758798849754,38.020333579990698],[-79.984455267500564,38.020485956927502],[-79.984242483429398,38.020615267256396],[-79.984059174631085,38.020792527962051],[-79.983935818599889,38.020994148221099],[-79.983902387938684,38.021232317131179],[-79.983883532828244,38.021506379083441],[-79.983804888001259,38.021744155372225],[-79.983680379160376,38.022029227606325],[-79.983077159666237,38.023144759982586],[-79.982799795274317,38.023583504460689],[-79.98258567923628,38.023808184112404],[-79.982280147787179,38.024103612537608],[-79.982081594855245,38.024292657978435],[-79.981896956287457,38.024565287572656],[-79.981803063956718,38.024814852967047],[-79.981680774002527,38.025036708801885],[-79.98167326613958,38.025059723596485],[-79.981651254191533,38.025090262789583],[-79.981633002950332,38.025123373619849],[-79.981612729618135,38.025149962479098],[-79.981601112813706,38.02516520115379],[-79.981530174479772,38.025258247232351],[-79.98151865149319,38.025274234028942],[-79.981516987688948,38.025275543620417],[-79.981479487318566,38.025324730739406],[-79.981250949639133,38.02550159499193],[-79.980915104089974,38.025808676086804],[-79.980684909473084,38.026104751377162],[-79.980575121107904,38.02641379383941],[-79.980477754449893,38.026913709022736],[-79.980458720609263,38.027199688486412],[-79.980333027841041,38.027568208681302],[-79.980179175193911,38.02779340454596],[-79.979903928053616,38.028077167401449],[-79.9795225140996,38.02840769779408],[-79.979263656759159,38.028596212072685],[-79.979064916013485,38.028797176787158],[-79.978744610453745,38.029068618389942],[-79.978546363727872,38.02923381224501],[-79.978318634631137,38.029351067983185],[-79.977987063456752,38.029348184249791],[-79.977671393191855,38.029285822831824],[-79.97740176239067,38.029164249617125],[-79.977162112504999,38.029054861075117],[-79.976951942530178,38.028993415553039],[-79.976831700133758,38.028968524764011],[-79.976740111019041,38.029051189743328],[-79.976692908423146,38.029193851517093],[-79.976587939514488,38.029322165137891],[-79.976573174783809,38.029350455114731],[-79.97638079663075,38.029558591380358],[-79.976174735422106,38.029652780230478],[-79.976166025159898,38.029655751414239],[-79.976098154194204,38.029689434070661],[-79.975856032078241,38.029761493505539],[-79.975832085122647,38.02976966203164],[-79.975588032069382,38.029875505499362],[-79.975429652000244,38.029933142435077],[-79.975235211316132,38.030074178331439],[-79.975232106404917,38.030078754723149],[-79.975124601787499,38.030324782717159],[-79.975154502780924,38.030477010391635],[-79.975160517557157,38.030507626933037],[-79.975176804610356,38.03055542971704],[-79.975272262400196,38.030778059476077],[-79.975299206035501,38.030933867439259],[-79.975339880914717,38.031101641586439],[-79.975337058709229,38.031304304540029],[-79.97532441696859,38.03136047832708],[-79.975322167476122,38.031370475214395],[-79.975288855301983,38.031518495479347],[-79.975059456242505,38.031754951195175],[-79.974845953738566,38.031931931885218],[-79.974662930782657,38.032085331839305],[-79.974389306359612,38.032249865567778],[-79.974070962857937,38.032378238700254],[-79.973888932857804,38.03246010757853],[-79.973750791887824,38.032637745784875],[-79.973705005284401,38.032817076023669],[-79.973687008471927,38.032887567883314],[-79.97375804219422,38.03319817914911],[-79.973825202967816,38.033430790793851],[-79.973891951740299,38.033548088406029],[-79.974053563145105,38.033921264379465],[-79.974089291928806,38.034174841806198],[-79.974105309158645,38.034238494382294],[-79.974086748003359,38.034488712158002],[-79.974062310239546,38.034524267119423],[-79.974060102584886,38.03453885767577],[-79.974013291151181,38.034595585789624],[-79.973948265240409,38.034690192795573],[-79.973569787309771,38.034806114258387],[-79.973056247929918,38.034878322360996],[-79.972984814918377,38.034892269905427],[-79.972857405371016,38.034929225991888],[-79.97257200023121,38.03501201002036],[-79.972314100183198,38.035128982060108],[-79.972116323583904,38.035258403663832],[-79.972068437829449,38.035448749698219],[-79.972065770511264,38.03563949200565],[-79.972062269951948,38.03588984285458],[-79.972101512349511,38.036054464531659],[-79.972165968139407,38.036102923441966],[-79.973235010410335,38.037737848491837],[-79.973271638150806,38.037799633583688],[-79.973486351018238,38.038173273882187],[-79.973691729572266,38.038660660025172],[-79.973865744377235,38.03923176840982],[-79.973883345200889,38.039603687182577],[-79.973832779014586,38.039968972534652],[-79.973777276122632,38.040167373968032],[-79.973773155959492,38.04020102198642],[-79.973764898713256,38.040268459737355],[-79.973732046226644,38.04033956805187],[-79.973678554809851,38.040455344102305],[-79.973578358696543,38.040672206445713],[-79.973363161705393,38.040968398998444],[-79.973132060225794,38.041324065283973],[-79.972992394859702,38.041608987953602],[-79.972866975100018,38.041953654294247],[-79.972772035093655,38.042274737091589],[-79.972693332979091,38.042512508811477],[-79.972494370640348,38.042725377813156],[-79.972294573877477,38.04299785673615],[-79.972035641552139,38.043186356298634],[-79.971761306007011,38.043398567568019],[-79.971562168354424,38.043623356909755],[-79.971422999472253,38.043872521272533],[-79.971298898267193,38.044121811908056],[-79.971143483104967,38.044454290189478],[-79.971066490321405,38.044572770953096],[-79.971045554121133,38.044657235808124],[-79.970937087678962,38.044765959569517],[-79.970829652041687,38.044901590077131],[-79.970822371017618,38.04491078034237],[-79.970789761728611,38.044951948627791],[-79.970504027251522,38.045241811284903],[-79.97030035901814,38.045448421983366],[-79.9702610249375,38.045494496181114],[-79.969855838344259,38.045969128161758],[-79.969548325328347,38.046395654678776],[-79.969431371239281,38.046561968497535],[-79.969348338102634,38.046680045638226],[-79.969163641956968,38.046908075640253],[-79.969118205323241,38.046964173667384],[-79.968934295247394,38.047177171971242],[-79.968584892336324,38.047364869169009],[-79.968386739019593,38.047518125907395],[-79.968157098457624,38.047766489403749],[-79.968076866750408,38.048111545855349],[-79.967996300601826,38.048480448091951],[-79.967886759547767,38.048765632250145],[-79.967686760425451,38.049050020995168],[-79.967389765291571,38.049312487458778],[-79.966870598164164,38.04987290506179],[-79.966453170205483,38.050444861708009],[-79.966405582969259,38.050512785886525],[-79.96610547827342,38.051062990907241],[-79.965996091225009,38.051336255488316],[-79.965944991504486,38.051753101102129],[-79.965941592660414,38.051770989104462],[-79.965941607056394,38.051777361722039],[-79.965939071473954,38.051784258018287],[-79.96586357278602,38.05218160250709],[-79.965814319109271,38.052467317580295],[-79.965719499222203,38.052776475948875],[-79.96548698026227,38.053227490700515],[-79.965164503642384,38.053641949735464],[-79.964919417218255,38.053914019270238],[-79.964659088251807,38.054197869382975],[-79.964413161609528,38.054529539721536],[-79.96437274948866,38.054613772296968],[-79.964212988535365,38.054993829987772],[-79.963912279877775,38.055740677081111],[-79.963770675549569,38.056178475932064],[-79.963738456180678,38.056386668284055],[-79.963655280794271,38.056733498383018],[-79.963641624124818,38.056847679447948],[-79.963485810029141,38.057203986390235],[-79.963408439101869,38.057270453355152],[-79.963384045450127,38.057318855702405],[-79.963128881707831,38.05751622221463],[-79.962905476686316,38.057723467732835],[-79.962646638547412,38.057900025781883],[-79.962531540899917,38.058069137090392],[-79.962467477653249,38.058212028668819],[-79.962449991122682,38.058324974694067],[-79.962427477661933,38.058470382030769],[-79.962414804030232,38.058591601185235],[-79.962402642923053,38.058707922086562],[-79.962377311419317,38.058950214650686],[-79.962384648708593,38.0593606405115],[-79.962343056406198,38.059618029401996],[-79.962288167377991,38.059743448727339],[-79.962268326603521,38.059798562092674],[-79.962257172146323,38.059851915681385],[-79.962224122022917,38.059921352502109],[-79.962146153150599,38.06013793145852],[-79.962031665489306,38.060335554990004],[-79.962007713280357,38.060391931561554],[-79.961899099202711,38.060647580135317],[-79.961421915194535,38.061334883284417],[-79.961037042724371,38.061891849507155],[-79.960813414778741,38.062116457964919],[-79.960731097764182,38.062199137588671],[-79.96068145847552,38.062253437534039],[-79.960547289794292,38.062400198416533],[-79.960362474346212,38.062672785408431],[-79.960282358110959,38.063005913851562],[-79.960187074029335,38.063268332967709],[-79.960158751969288,38.063394046126163],[-79.960080835290142,38.063543233665897],[-79.960073180774557,38.063555013270623],[-79.959938988478896,38.063825545098425],[-79.959994244254801,38.064183714453179],[-79.960082014092009,38.064375258338075],[-79.960365299834422,38.06460429226405],[-79.96066518369679,38.064726171064279],[-79.961009804915832,38.064884216783653],[-79.961233456850138,38.065065032997595],[-79.961381713745354,38.065245182534873],[-79.961592940146247,38.065640735836382],[-79.961623087941348,38.065750693649136],[-79.961649568184811,38.065763439440076],[-79.961782305247723,38.066034444550183],[-79.961706400341725,38.066278477453885],[-79.961717429555875,38.06637675602196],[-79.961756770944504,38.066794394838112],[-79.961735286782627,38.06724727025447],[-79.961701924940527,38.06747350766355],[-79.961517267957703,38.067734173239884],[-79.961423533675955,38.06781735709022],[-79.961421775362211,38.067818920531089],[-79.961104898655933,38.068100135103506],[-79.960557152101032,38.068441053120544],[-79.960191026762075,38.068735879966631],[-79.95988521452044,38.069031244843956],[-79.959761709851605,38.06923283778567],[-79.959515542858469,38.069576415261203],[-79.959330191362994,38.069884764882289],[-79.959266158305724,38.070146500200906],[-79.959187040707945,38.070408095571345],[-79.959184882567499,38.070560549681822],[-79.959184000978354,38.070622679887059],[-79.959192781420214,38.070672773823546],[-79.959293047662314,38.070976928387125],[-79.959213336888126,38.071252002881032],[-79.959109182601665,38.071332465335217],[-79.959108296298666,38.071333828333451],[-79.959036624764238,38.071444041007901],[-79.958717070977798,38.071643899657751],[-79.958427674177301,38.071844018391559],[-79.958123366044632,38.072032087970079],[-79.957909538482497,38.072220952781862],[-79.95778585366098,38.07243446712689],[-79.957736042311836,38.07275593757749],[-79.957626250642576,38.073053030917102],[-79.957517475638042,38.073278599721469],[-79.957270940028025,38.073646013935459],[-79.957009831798899,38.073977530653202],[-79.95686011620387,38.074251097914058],[-79.956824502549622,38.074316173841702],[-79.95675156375367,38.074478373351738],[-79.956574533706672,38.074891718969468],[-79.956536920242712,38.074945753681746],[-79.95638928921548,38.07517809670442],[-79.956355991581361,38.075205669663461],[-79.956343578957814,38.07522350091709],[-79.956159054694027,38.075472240672902],[-79.956004514183604,38.075733169024538],[-79.955926230545558,38.075935158407908],[-79.955850755772744,38.076248836716502],[-79.955849680455799,38.0763244601672],[-79.955831534404908,38.076534198215327],[-79.955759584413642,38.076791314122509],[-79.955696661719017,38.077070528645912],[-79.955694652386583,38.077092054049672],[-79.955691519370973,38.077312348137859],[-79.955672947060833,38.077552003566346],[-79.955511898541062,38.077676475764456],[-79.955079636915585,38.077892207106629],[-79.954850395458763,38.078029901523593],[-79.954840532049289,38.078035826886207],[-79.954581432492432,38.078224285363021],[-79.954458065976652,38.078413949154594],[-79.954346892784116,38.078806410546278],[-79.954343665956216,38.079032914316556],[-79.954363386320466,38.079139408773969],[-79.95444925630008,38.079327834311684],[-79.954657033464997,38.07965349884455],[-79.954691725211887,38.07987560297002],[-79.954627916598582,38.080096921010991],[-79.954612328125592,38.080126703554832],[-79.954347620077158,38.080604079236849],[-79.953922704583448,38.081145908973326],[-79.953856117501587,38.081190252253165],[-79.953831829744104,38.081220797040288],[-79.953783707173713,38.081281318656686],[-79.95334225053071,38.081563531602754],[-79.952749288916991,38.081892083737735],[-79.952216989076391,38.082197330502133],[-79.952012244968898,38.082307343334222],[-79.951608912927952,38.082524062643202],[-79.950914451568039,38.083049729786723],[-79.950331426635387,38.083506138819999],[-79.950117520855216,38.08366878160389],[-79.950007396927887,38.083763324870517],[-79.949950451176548,38.083795811877792],[-79.949928417490653,38.083812564986978],[-79.949817714914431,38.083891245359695],[-79.949603856954241,38.083991264227627],[-79.949593958270356,38.083995251661172],[-79.948943428172882,38.084326102628076],[-79.948730879582257,38.084447820848368],[-79.948686080008287,38.084473475598429],[-79.94846460458308,38.084622668199387],[-79.948128490096565,38.084787561055329],[-79.947769830231607,38.084934226251818],[-79.947403472357223,38.085092807880763],[-79.947310674909076,38.085211928655333],[-79.947285233928596,38.085300840013396],[-79.947219942074085,38.085646010437209],[-79.947143472728229,38.08590960830189],[-79.947132337554336,38.086013699341684],[-79.947104643826691,38.086087129233995],[-79.947092096757927,38.086145621888086],[-79.947037216622689,38.086265911734699],[-79.946990331454543,38.086390226693076],[-79.9468333619444,38.086760491299955],[-79.946708867068892,38.086904519601156],[-79.946553689275589,38.087105844940396],[-79.946534910216229,38.087130210135648],[-79.946479572794587,38.087192907460704],[-79.946462689887809,38.087218873711151],[-79.946069296802634,38.087671012799355],[-79.945614639150364,38.088164598560475],[-79.945066464397996,38.088825153742647],[-79.944800617348747,38.089163021114231],[-79.944724072247709,38.089271961819563],[-79.944431656262182,38.089674706492914],[-79.944255270584634,38.08982005809488],[-79.944202659134831,38.08986341535114],[-79.944189988824306,38.089870396060519],[-79.943883326545858,38.090039384855295],[-79.943666578729236,38.090164844075794],[-79.943482229788756,38.090321847768571],[-79.943289076423383,38.090565968925027],[-79.943149200583122,38.090792544169183],[-79.943047751853328,38.090995491938784],[-79.942987603931584,38.091071938090153],[-79.942978102175843,38.091092360544451],[-79.942830500021628,38.091288662652993],[-79.942818570290385,38.09130452887981],[-79.942808915814666,38.091317369388612],[-79.942750727261,38.091372999134592],[-79.942738645122176,38.091388354982783],[-79.942703972172566,38.091417698111727],[-79.942487686257365,38.091624471625011],[-79.942015786645584,38.091918286719945],[-79.941976654748842,38.091935494315528],[-79.941857195088303,38.092010026019345],[-79.941352547731128,38.092281259464535],[-79.940945920258514,38.092595371936227],[-79.940486095504724,38.092920989764757],[-79.94018369866717,38.093201215464028],[-79.940171662998949,38.09321316098687],[-79.940160805855072,38.093222429699374],[-79.939986305338749,38.093384134700571],[-79.939713996255406,38.093603866818277],[-79.939591224705524,38.093708674717014],[-79.93952583062071,38.093755700601854],[-79.939471922354571,38.093799199847872],[-79.939098112664183,38.094067965582191],[-79.938843805751532,38.094274216072343],[-79.93864562071407,38.094450229540584],[-79.938497110407653,38.094587812942308],[-79.938424325767684,38.094638221703882],[-79.938334548366129,38.094711215272326],[-79.938248093080489,38.094781509314068],[-79.938106006564837,38.094856467093088],[-79.938083251110271,38.094871928803585],[-79.938055398584467,38.094883165267092],[-79.93795923787097,38.09493389461101],[-79.937938325562229,38.094942602610345],[-79.937594962128728,38.095085595466955],[-79.937404849779526,38.095144808257899],[-79.937009088128562,38.095326714631462],[-79.936911654370675,38.095389400409012],[-79.936846824904507,38.095432306674695],[-79.936759475482447,38.095490117162925],[-79.93637030568145,38.095803726414225],[-79.93597049459062,38.096171867091684],[-79.935533317111847,38.096497670172141],[-79.935523716124393,38.096503558421702],[-79.935519881976234,38.096506766314413],[-79.935446216614338,38.096568399667156],[-79.935323662334355,38.09664846099961],[-79.935248208466348,38.096697754495487],[-79.935215818067007,38.096726338426222],[-79.935180113172891,38.096757847850022],[-79.935141807271421,38.096811899014611],[-79.935134218968287,38.096830351169601],[-79.935108460907315,38.096970706686029],[-79.935056717205541,38.09705993968948],[-79.935040649906554,38.097087648609495],[-79.935027772003735,38.097109857584286],[-79.934999745491083,38.097194358392642],[-79.934814904454186,38.097348001639418],[-79.934801050188057,38.097361369827262],[-79.934779110611686,38.097378314127383],[-79.93466168929065,38.097479058855754],[-79.934462473965027,38.097643982334795],[-79.934443151848583,38.097662625676577],[-79.934324342467576,38.097848313394707],[-79.934279670049108,38.097940850159254],[-79.934259042922989,38.098322187470181],[-79.934244825203891,38.098389052883569],[-79.934178072116424,38.098702977376846],[-79.934136443503419,38.098872811916742],[-79.934113920984643,38.098964696017646],[-79.934003506715811,38.09910815413685],[-79.933985111222214,38.099139670614278],[-79.933966984127437,38.099155606747495],[-79.933867876341964,38.099284373893362],[-79.933500620227605,38.099638720241238],[-79.932920434876607,38.100110354598215],[-79.932550730710673,38.10039585899905],[-79.932389520374954,38.100520353536837],[-79.93196442762391,38.10087810086376],[-79.931789430912119,38.100994784107151],[-79.931760545280511,38.101017859579187],[-79.931676859447535,38.101069843484879],[-79.931290228740323,38.101327635572247],[-79.931120922264725,38.101487957535774],[-79.931058332867792,38.101619329153145],[-79.930642571445347,38.10202921338697],[-79.930288373132996,38.102385762681727],[-79.930057123385183,38.10252184912239],[-79.929967165848225,38.102591314477529],[-79.929957103690938,38.102599083420948],[-79.929896167374849,38.102628723453499],[-79.929810602703526,38.102670342778062],[-79.929614499864925,38.102811317599595],[-79.929383643330354,38.103031008428985],[-79.929090277752579,38.103376121863718],[-79.928842587481284,38.103709574398174],[-79.928812644059562,38.103736208289469],[-79.92873192105273,38.1038397916831],[-79.92860145711343,38.103963722450438],[-79.928533010780029,38.104028741592472],[-79.928258839440986,38.104205080389328],[-79.928003220755969,38.104402455932323],[-79.927994360152894,38.104409297479258],[-79.927984147571976,38.104417182036855],[-79.927976866293164,38.104424671561652],[-79.927887528128963,38.104516561099985],[-79.927800315733407,38.104606266445586],[-79.927731643267393,38.104711730972085],[-79.927695402110189,38.104850348690881],[-79.927639454327718,38.105041711162734],[-79.927607278923105,38.105167320127066],[-79.927459011505604,38.105447693007498],[-79.927178578952407,38.105809253408594],[-79.927041846054934,38.106025299975862],[-79.926993840239504,38.106101154753496],[-79.926980180175079,38.106115640512286],[-79.926831132958782,38.106359327239325],[-79.926408196301168,38.106709169309347],[-79.926396199707284,38.106727591811328],[-79.926392871402342,38.106742323634478],[-79.926363930871588,38.106870370769478],[-79.926433152221605,38.106982998050142],[-79.926467095634678,38.107038226798906],[-79.926720617725536,38.107243228238666],[-79.926889070937563,38.107371881696118],[-79.927067556071179,38.107489177741691],[-79.927407289383339,38.107666160213647],[-79.927408528958694,38.107666802395237],[-79.92741282159723,38.107670276193225],[-79.927676959568089,38.107883862130329],[-79.927975396533,38.108113112994744],[-79.928079932322362,38.108187706955647],[-79.928299642124088,38.108332272756464],[-79.928633499181345,38.108512564920289],[-79.929187555982367,38.108803757500375],[-79.929532308633199,38.108961892801354],[-79.929867522196318,38.109098161852934],[-79.929892326361355,38.109108246398513],[-79.929924464581106,38.109114905452238],[-79.930124653894268,38.109156388418462],[-79.930193207392961,38.109170594300885],[-79.930488472293419,38.109215798712199],[-79.930539359776446,38.109220201125915],[-79.930586634876079,38.109216702769984],[-79.930807167592249,38.109200386158577],[-79.930963363785651,38.109184882259093],[-79.931289541393738,38.109187849825261],[-79.93166064001484,38.109239170710737],[-79.931999655837799,38.109410153226008],[-79.932165111545459,38.109507638781047],[-79.932176300220362,38.109515038142085],[-79.932225008542659,38.109534836319639],[-79.932405712646627,38.109560325234234],[-79.932617113528551,38.109550324530836],[-79.932855024345656,38.109501370958696],[-79.932932364249524,38.109448639537121],[-79.933092589370347,38.109396110685722],[-79.933273913563966,38.10944570293573],[-79.933379632692137,38.109492287104288],[-79.933389569149611,38.109492790819672],[-79.933508157049715,38.109498803458592],[-79.933898705048406,38.109621570764872],[-79.934120516128218,38.109660574582342],[-79.934184678578376,38.109671856151287],[-79.9343727884537,38.109738924940714],[-79.934604433053309,38.10979348645818],[-79.934754376456993,38.109914800578238],[-79.934876470345031,38.110090583167988],[-79.934916279566878,38.110127729889797],[-79.935036546475203,38.11023995060647],[-79.935408032291718,38.110636759069948],[-79.935768069214703,38.110783092200037],[-79.935953148254725,38.110826692289834],[-79.936189149296908,38.110882290818282],[-79.936580573556796,38.110945445853879],[-79.936761281709309,38.110970924521304],[-79.936912166782122,38.110972288157477],[-79.937153919689095,38.110950633314289],[-79.9375337091017,38.110775227381154],[-79.937596562548734,38.110738863145578],[-79.937638998017121,38.110714312231323],[-79.937679926954829,38.110684720012969],[-79.937703882053896,38.110676773702181],[-79.937716318761133,38.110669578461561],[-79.937804517464059,38.110643391164771],[-79.937908700938422,38.110608831548184],[-79.937921721182761,38.110608592040023],[-79.937989111480107,38.110588583101183],[-79.9380353399999,38.110593305285398],[-79.938107761442538,38.110600702046504],[-79.938243173704379,38.110614531500921],[-79.938245265983014,38.110614745978062],[-79.93845407775045,38.110783548103008],[-79.938491006813692,38.110830578408049],[-79.93866151258139,38.111047721504882],[-79.938803343751943,38.111189428933933],[-79.938953266268982,38.111313753801355],[-79.939122564300376,38.111480692250439],[-79.939123037041412,38.111481101722269],[-79.939123219352979,38.111481338171352],[-79.939260064437832,38.111616275255379],[-79.939276155233188,38.111683828019402],[-79.939344360767961,38.11182885735797],[-79.93935617526131,38.112055495008171],[-79.939338325140426,38.112246097493902],[-79.939336473166378,38.112374146066095],[-79.939344273737532,38.112457231640029],[-79.939437738870595,38.112676208433129],[-79.939569568958547,38.112951616490427],[-79.939710655648454,38.113136372448828],[-79.939762099035789,38.113203728226253],[-79.939825353598408,38.113296153890133],[-79.939875864354505,38.11336996305922],[-79.93990988346539,38.113419671259301],[-79.939911510020792,38.11343338217943],[-79.93993901627681,38.113469035247512],[-79.939925319766559,38.113549790152049],[-79.939935722401088,38.113637477973874],[-79.939936786005106,38.113646441345153],[-79.93989991187884,38.113699595066201],[-79.939889261579552,38.113762389036403],[-79.939748230492228,38.114072853639712],[-79.939739520902322,38.114264031722428],[-79.939770445707296,38.114360047114637],[-79.939776044733406,38.114377430305574],[-79.939893784924138,38.114554961411997],[-79.939937912381296,38.11461218738269],[-79.940042017681577,38.114763076950943],[-79.940055267695712,38.114782281327052],[-79.940399629418124,38.115205905703462],[-79.940454773694384,38.115318523906183],[-79.940529581803247,38.115440181328736],[-79.940547726544494,38.115508355710041],[-79.940635530137953,38.115687670557442],[-79.940802852019345,38.11618684132177],[-79.941089252729512,38.116664650611717],[-79.941125980841747,38.116696622664904],[-79.94157948201304,38.117063172353973],[-79.941615180358397,38.117138628966991],[-79.941643735939806,38.117189801576174],[-79.941651052799273,38.117202918278466],[-79.941648337779426,38.117208714609873],[-79.941667819246206,38.117249892991921],[-79.941673817309876,38.117363863132823],[-79.941627441906903,38.117423377462522],[-79.941442516280475,38.117613584202743],[-79.94115996868473,38.117906156919588],[-79.941147680501302,38.117922841708108],[-79.941062537656762,38.118173701839702],[-79.940920722898824,38.118538144504384],[-79.940930421106671,38.118915417541601],[-79.94093081761288,38.118916849266526],[-79.941070284540388,38.119217041030211],[-79.941240301462003,38.119530310531736],[-79.941283562082518,38.119686614011016],[-79.941175116347537,38.119841550199595],[-79.941049508093812,38.120134220460969],[-79.94093921586007,38.120409003958002],[-79.940876454572575,38.120679217047616],[-79.940874931775852,38.120784626701784],[-79.940913860950147,38.120930877617091],[-79.940932191438719,38.120999751184819],[-79.941140356653662,38.121216233239778],[-79.941334630146798,38.121349130923541],[-79.941740003701625,38.121495857124692],[-79.9418770399637,38.121594316713576],[-79.942008875864246,38.121689039653575],[-79.942070592138649,38.121731802925773],[-79.942209235221512,38.121811412018118],[-79.942265451178883,38.121875232484655],[-79.942411840504647,38.122002656765325],[-79.94257777838925,38.122219902470874],[-79.942604404669922,38.122254762160409],[-79.942622701458603,38.122268679689547],[-79.942858190463895,38.122447812358892],[-79.943366797167783,38.122762374137189],[-79.943549698756726,38.122902796630768],[-79.943665343561193,38.122991588883522],[-79.943829108995416,38.123148052969405],[-79.943887237763107,38.123303570759589],[-79.943855512378462,38.123410589185298],[-79.943687623685918,38.123540230836639],[-79.943202143850257,38.123714701629218],[-79.942880848977168,38.123789643106939],[-79.942854502695582,38.123795788294714],[-79.942772086266402,38.123831007880248],[-79.942297591762426,38.124108462253091],[-79.941915218832975,38.124302929719136],[-79.941610001384902,38.12438746928067],[-79.941577286880204,38.124403503850282],[-79.941424311570444,38.12454519720152],[-79.941332044936289,38.12466359264095],[-79.941283327203053,38.12490160293121],[-79.941279883650438,38.125140023948646],[-79.941351378695501,38.125414890309912],[-79.941464324803604,38.125632655771184],[-79.941466181783568,38.125636237785606],[-79.941512905353719,38.125726334275285],[-79.941690559311695,38.125966386078915],[-79.941717269739215,38.125987972440065],[-79.941942359718865,38.126169880029131],[-79.941959101012031,38.12618341233852],[-79.942197636574974,38.126388245361483],[-79.942390037991018,38.126652273744121],[-79.942552253956322,38.126916030080011],[-79.942613563680183,38.127030975564665],[-79.942692406955373,38.127178811067878],[-79.942814420857218,38.127295191109965],[-79.943524454941908,38.127957136505053],[-79.943868459497182,38.128328203595686],[-79.94410146464422,38.128643116462406],[-79.944156062661193,38.128755896394225],[-79.944229934891212,38.128850656385744],[-79.944303163730595,38.12900631047318],[-79.944323554032621,38.129148272919529],[-79.944333398482598,38.1291751263714],[-79.944403496947359,38.129465142380653],[-79.944413470666476,38.129731185977867],[-79.944376693251812,38.129853465992618],[-79.944351247552163,38.130073229744163],[-79.944347733059686,38.130103591351045],[-79.944345674673741,38.130246424382115],[-79.944359980803341,38.130418887029791],[-79.944417392417719,38.130664370654003],[-79.944419099481948,38.130668443473809],[-79.944431014786559,38.130696870000953],[-79.944502757153188,38.130868029806976],[-79.944590733744988,38.131047658320661],[-79.944677507912147,38.131310738262862],[-79.944702981355405,38.131377060855932],[-79.944722716195088,38.131428453430239],[-79.944733736450416,38.13145715038987],[-79.944772195233924,38.131505602788607],[-79.944963610740388,38.131722446561994],[-79.945059262522221,38.131830822766823],[-79.945202633667122,38.132008751994654],[-79.945209124640826,38.132231595093899],[-79.945158314443532,38.132384708921819],[-79.94498198135453,38.132475321400499],[-79.944699300507565,38.132518835079452],[-79.944627502034521,38.132523871996028],[-79.944538810207959,38.132540540356779],[-79.944493636806797,38.132549029607702],[-79.944430834523331,38.132574423463538],[-79.944412134905278,38.132581984160659],[-79.944161446930536,38.132716205283721],[-79.944082363545107,38.132807632524838],[-79.943998468086619,38.132892271032027],[-79.943883238963394,38.133008524186259],[-79.943700064876211,38.133149946894591],[-79.943540075098056,38.133190478444078],[-79.943427366626267,38.133219032318806],[-79.943258753632051,38.133239672178782],[-79.943191081689847,38.133258074985669],[-79.943015187326452,38.133317956383685],[-79.942934943383278,38.133486215403892],[-79.942892938340975,38.133700871495883],[-79.942914827719079,38.133874412046978],[-79.942919506564508,38.133894050088529],[-79.942921823088199,38.133929871673601],[-79.94292785386375,38.133977683893747],[-79.942925714386774,38.133990044739733],[-79.942931849986692,38.1340849223769],[-79.942899771943601,38.134215782859101],[-79.942823273451381,38.134286629708292],[-79.942732290189937,38.134297138445625],[-79.942591799318748,38.134351013839776],[-79.94229908172035,38.134425253475726],[-79.941667589849772,38.134381172815246],[-79.941395041214903,38.134394037739348],[-79.941135318614414,38.134443157074408],[-79.940651542237802,38.134702315318435],[-79.94007246384723,38.135073445870589],[-79.939749421359593,38.135216439848755],[-79.939399173509798,38.135228688858732],[-79.938478288372053,38.13502065702064],[-79.937876780584929,38.134923023377603],[-79.93747068860759,38.134882148629487],[-79.93745597668655,38.134882015545209],[-79.937078653510184,38.134878603446374],[-79.936278207772133,38.134907123545645],[-79.936000271943314,38.134939472979632],[-79.935259070145932,38.135045323134982],[-79.934819597461157,38.135081855575393],[-79.93456940992111,38.13511816699512],[-79.934266161609585,38.135210796005147],[-79.934136410878907,38.135287770156893],[-79.934058793056082,38.135341270115539],[-79.933970442735514,38.135463547722196],[-79.933914166404307,38.135541436008083],[-79.93379047240451,38.135742994870022],[-79.933652208629383,38.135908655038961],[-79.933454955934081,38.135978398467458],[-79.933448899936693,38.135978821130195],[-79.933152742973874,38.135999497799801],[-79.933076203953732,38.136018880449029],[-79.932654226398967,38.136289083934784],[-79.932366600443103,38.136670484650047],[-79.932097920308081,38.13709053945508],[-79.931897902762898,38.137285217016561],[-79.931896162501744,38.137287641836792],[-79.93171226187377,38.137476728502058],[-79.931452543835576,38.137688971729403],[-79.931238972560436,38.137842025040705],[-79.930919222903881,38.138029872422152],[-79.930569290433425,38.138217450416356],[-79.930381209295291,38.138336154883696],[-79.930234095843971,38.138429003650927],[-79.930050751603332,38.138588170933502],[-79.929868277942305,38.138746585213909],[-79.929867145316237,38.138747568051116],[-79.929866855272934,38.138747972764939],[-79.929620596314152,38.13909107783924],[-79.929439891627155,38.139253744517916],[-79.929420732036519,38.13927833001803],[-79.929307895887106,38.139433214420414],[-79.92903194348618,38.139771183566246],[-79.928948881158277,38.13998122403477],[-79.928886925133753,38.140246161618556],[-79.92887526792623,38.140425425417675],[-79.928883709705161,38.140522909251189],[-79.928889230801431,38.140586651373951],[-79.928885746081122,38.140825073505766],[-79.92883749893187,38.141027315761328],[-79.928832011363255,38.141066122610233],[-79.928768966952958,38.14190614391574],[-79.928744628290758,38.14215993502517],[-79.928725144891814,38.142516606302308],[-79.928761708077829,38.143113068495616],[-79.928700857782587,38.143480530848095],[-79.928685723634288,38.143571924223913],[-79.928709938186316,38.143937158856879],[-79.928639181534564,38.144179304841359],[-79.928634575290616,38.144494242736876],[-79.928632666874378,38.14462472343925],[-79.928630869156095,38.144747634816412],[-79.928629408831426,38.144847477780644],[-79.928588589695707,38.144977693646965],[-79.928348756731012,38.145152271411312],[-79.92829319018567,38.145242209606366],[-79.928292748351097,38.145242924756147],[-79.928170241829349,38.145361036844704],[-79.927986657618291,38.145526274499133],[-79.927728646121054,38.145619299965588],[-79.927516094417115,38.14570081942064],[-79.927397986640713,38.145828251532976],[-79.927225354119855,38.14608862076404],[-79.927223519011491,38.146091590951514],[-79.927097873151396,38.146424274022586],[-79.927018727140748,38.146673922490663],[-79.926864281630102,38.146910961424858],[-79.926749599257903,38.146985813244527],[-79.92667566550459,38.147034069396319],[-79.92662568795096,38.147083448747317],[-79.926466734509788,38.1472530822873],[-79.926454505977318,38.147269999241686],[-79.926312633154936,38.147466280675467],[-79.926265074329194,38.147620835719721],[-79.926242193150784,38.147789822435364],[-79.926230428745512,38.147936344000918],[-79.926253109125653,38.148382119146326],[-79.92623066892547,38.14858162639625],[-79.92622783398113,38.148736071173893],[-79.926207330696869,38.14885015958415],[-79.926171023744857,38.149333787707171],[-79.926069860086002,38.149601699347045],[-79.925910158378088,38.149876735982666],[-79.925486646109277,38.15024155475367],[-79.925201067809056,38.150477046284593],[-79.924985641931798,38.150574930750366],[-79.924791893689473,38.150609292628104],[-79.924787697764629,38.150611392093957],[-79.924786896408406,38.150611793014093],[-79.924468654249864,38.150692337318134],[-79.923984526569555,38.150759435064501],[-79.923630802249093,38.150802665564406],[-79.923530766255567,38.150814892208665],[-79.923470970531611,38.150826115962531],[-79.92322796501891,38.150871729051907],[-79.923060854114397,38.150941732711743],[-79.9229823937997,38.151143697741382],[-79.922918679633042,38.151369639952875],[-79.922809672170942,38.151595164891226],[-79.922595691239366,38.151772040037827],[-79.922306756899104,38.151912460850276],[-79.922081917074479,38.151993505786642],[-79.921817202505039,38.152107927342115],[-79.921653048144123,38.152216446874171],[-79.921438711496151,38.152417159499116],[-79.921148017345914,38.152676784750525],[-79.920930641754964,38.152942500230459],[-79.920886633222864,38.152996293927778],[-79.920625944007568,38.153268114983163],[-79.920475260040831,38.153374665569594],[-79.920442852261829,38.15339758150418],[-79.920320850122835,38.153479916379716],[-79.920063328479813,38.153537159422051],[-79.919821426990623,38.153558783935416],[-79.919666514474827,38.153638289276607],[-79.919608197062828,38.153668218756437],[-79.9195105542763,38.153766879398709],[-79.919485780175819,38.15379414409805],[-79.919429543058811,38.153898517896543],[-79.919377110214313,38.153995827697607],[-79.919269151398296,38.154149827450766],[-79.919115888513858,38.154303406534382],[-79.918932407879552,38.154424693624975],[-79.91878561740613,38.154605085000114],[-79.918662587415014,38.154790145919776],[-79.918580595355607,38.155048133437546],[-79.918599631991896,38.155266135483252],[-79.918679865872846,38.15538650766058],[-79.918713648537448,38.155413811467739],[-79.9189158964397,38.155577277096164],[-79.919094596894666,38.155745837483622],[-79.919107408416949,38.155900948541031],[-79.919091448812665,38.155939682413333],[-79.919029973495739,38.156088882906701],[-79.919013626598044,38.156161080871762],[-79.918766574789615,38.156652138539904],[-79.918549485604657,38.157082075601984],[-79.918502696559074,38.157236293042992],[-79.918467668487253,38.15757810105768],[-79.918567168647002,38.158060077755835],[-79.918620565192995,38.158138896384813],[-79.918636140081773,38.158161886815471],[-79.918782628149927,38.158280280874052],[-79.919228615856881,38.158329069774695],[-79.91957465670869,38.15836208454192],[-79.919787670970209,38.158507068897237],[-79.9198477005706,38.158701024443374],[-79.919806676709953,38.158797078427298],[-79.919519699860132,38.159232074356609],[-79.919294649977175,38.159562105742509],[-79.919078712287671,38.160102026205337],[-79.9190976333538,38.160529021486845],[-79.919094666981394,38.161101002935013],[-79.919255693412396,38.161536065246636],[-79.919487703599842,38.162181045336446],[-79.919547711077712,38.162423036114021],[-79.919515724582212,38.162649039844439],[-79.919392675226916,38.162850052750933],[-79.919046708598401,38.16302702384138],[-79.918719617013508,38.163147029931594],[-79.918475684385839,38.163147036657989],[-79.918286548373615,38.163127800376216],[-79.918215437375693,38.163129696284891],[-79.918092341329412,38.163108048012852],[-79.917905691323185,38.163089063946842],[-79.917193567785034,38.163040051983465],[-79.917069582407038,38.163032232815397],[-79.917065432956619,38.163032661857926],[-79.916933108828374,38.163046342382508],[-79.916782472603742,38.163021107413122],[-79.91676642479905,38.163017782558903],[-79.91673403221057,38.163011070596482],[-79.916654612100601,38.163006061648794],[-79.916379623140614,38.163022089710047],[-79.916256433019441,38.163073293825235],[-79.916207311963376,38.163111179141382],[-79.916098378202776,38.16322563129394],[-79.916011513331156,38.163368007660651],[-79.915939528064115,38.163658078765877],[-79.915978525940517,38.164077058379647],[-79.91616953517935,38.164537004893191],[-79.916228606603553,38.164988073049592],[-79.91605360936245,38.165528004593675],[-79.915817548306592,38.165890010773062],[-79.91568560596852,38.166042992269517],[-79.915439580573008,38.166276030326806],[-79.915306587272269,38.166469016100208],[-79.915244605272989,38.166645985036745],[-79.915304587826938,38.16691204024395],[-79.91526409987523,38.167033488240264],[-79.915272587120612,38.167084663732865],[-79.915231402339984,38.167143391074177],[-79.915194314113151,38.167196278019368],[-79.915191502311757,38.167202001393576],[-79.915188797557079,38.167204144491784],[-79.915164594098243,38.167238658001217],[-79.91505713075226,38.167356889211931],[-79.915028338322458,38.167401052711142],[-79.914979864551199,38.167475403851803],[-79.914932622481189,38.16760611278319],[-79.914930855169317,38.167725320494718],[-79.915063923567118,38.16791730885523],[-79.915116052078545,38.167962449810226],[-79.915272670160036,38.168098074756799],[-79.915417089837206,38.168207013246722],[-79.916072632432517,38.168428955772292],[-79.916422611612575,38.168414972418255],[-79.917029602540566,38.168390020481937],[-79.91759969714083,38.168358957464164],[-79.91792466149424,38.168399984183758],[-79.918157635483823,38.168601932555632],[-79.918198642674668,38.168746957078397],[-79.918128349624538,38.169015415462169],[-79.918019128629595,38.169393473756266],[-79.918032542582623,38.16943803577373],[-79.918074817588391,38.169578471246346],[-79.918118151347059,38.16964382273629],[-79.91814535031051,38.169684839367036],[-79.918178224251704,38.169734415844118],[-79.918336799928255,38.169822651189129],[-79.918417888221455,38.169867769954401],[-79.918447279115426,38.169886781653112],[-79.918566658523844,38.169963999489788],[-79.918619924370233,38.169987679550431],[-79.91876420866457,38.170096614536355],[-79.918857941007957,38.1703355813736],[-79.918842679580465,38.170711792627301],[-79.918857409182195,38.170858639061464],[-79.918870511851352,38.170910365350665],[-79.918927728484107,38.171136248063441],[-79.918923851847524,38.171398510419451],[-79.918920940195164,38.171595680734349],[-79.918918745923207,38.171744212208225],[-79.918912422799536,38.171771420383692],[-79.918913889956741,38.171818522194101],[-79.918871116397014,38.171949159824123],[-79.918870632684602,38.171951241209456],[-79.918821974313602,38.172160608348669],[-79.918693774724318,38.172481072442203],[-79.918665159012576,38.172552606831132],[-79.918612344525272,38.172654818157334],[-79.918569251559987,38.172760103060234],[-79.918279020789385,38.173302761025177],[-79.918227338218173,38.173405230427768],[-79.918133405167168,38.173787649287547],[-79.91776410735099,38.17424921960589],[-79.91725765999783,38.174792985626731],[-79.917011279891696,38.175112621010811],[-79.916828104335366,38.175393563550095],[-79.916825829890229,38.175397051036157],[-79.916815202948058,38.175467561249327],[-79.916775586604288,38.175730413748248],[-79.916725341616242,38.176063780908329],[-79.916634746659327,38.176321717044083],[-79.916628625052397,38.176344499608376],[-79.916555588558992,38.176637500141211],[-79.916517018411938,38.176872584073067],[-79.91648931165912,38.177197630745233],[-79.91648358141218,38.177264848800718],[-79.916479899623013,38.177339321799565],[-79.916478788111661,38.177414375670317],[-79.916557705690991,38.177849340540092],[-79.916911495888456,38.178267347956726],[-79.917120299600583,38.178461853616],[-79.917225956931716,38.178509471311969],[-79.917383888993342,38.178563611068718],[-79.917568026569015,38.178619021706368],[-79.917898053396883,38.178668206380287],[-79.918014479177359,38.178686686449836],[-79.918045857266293,38.178686975595362],[-79.918332089890797,38.178737304695353],[-79.918348291182951,38.178742271467314],[-79.918645442915135,38.178797928818668],[-79.918984154358014,38.178923974736087],[-79.919253581424854,38.179126166280049],[-79.919271474057993,38.17914062320088],[-79.919357418484893,38.179192111986993],[-79.919532141917287,38.179296787555636],[-79.919779474420906,38.179466692935733],[-79.919783758236221,38.179469004194083],[-79.919987192311837,38.179532339106785],[-79.92038435836011,38.179651168140438],[-79.920597611216238,38.179706841752946],[-79.92081977291032,38.179816490073812],[-79.920932073581838,38.179952825604715],[-79.920977124318753,38.17998662377024],[-79.921061652415943,38.180050042838154],[-79.921223557501619,38.180337674601141],[-79.921183611092957,38.180653040653716],[-79.921172270937745,38.180742563200198],[-79.921165491532108,38.180767789063374],[-79.921165783194908,38.180772083567796],[-79.921162961351342,38.180777203747198],[-79.921132513188823,38.180890499727191],[-79.921108345113765,38.180980426200399],[-79.921033543506411,38.181074624215704],[-79.920970086810087,38.181154535695399],[-79.920834085961886,38.181325799875061],[-79.920717222057306,38.181474273008476],[-79.920684728160225,38.181515560393677],[-79.920560403844561,38.181735729247045],[-79.9204292644513,38.181986010974413],[-79.920333661938614,38.182122328817393],[-79.920292571561134,38.182180916238444],[-79.920229717444002,38.182273521312773],[-79.920148797263138,38.182429458330155],[-79.92006766430498,38.182490131222821],[-79.920000139121541,38.182565520429115],[-79.919755645523736,38.182724225282726],[-79.919453145370326,38.182927659752437],[-79.91941049894514,38.182948597269224],[-79.919234420015073,38.183066231184746],[-79.918852218130212,38.183247102762067],[-79.918197053527848,38.18345609996436],[-79.917620880377541,38.183596787992613],[-79.917527803019951,38.183615316678321],[-79.917399016648048,38.183659280890474],[-79.917172611859684,38.18373656742596],[-79.916948188117516,38.183818393590883],[-79.916342674000973,38.184226848829162],[-79.916174742889623,38.184386797966667],[-79.916145735823918,38.184972775893158],[-79.916185732690707,38.185278749883409],[-79.916346759530342,38.185746799428102],[-79.916385755304759,38.186004819013576],[-79.916344701170786,38.186278772382337],[-79.916283729790933,38.186378786095041],[-79.916216907810607,38.186465048722006],[-79.916148928247324,38.186601084694615],[-79.916143805099111,38.186606998989703],[-79.91596450941482,38.186813986686559],[-79.915851895915594,38.186895986435871],[-79.915786946722392,38.186943277703215],[-79.915239747853249,38.187533795362498],[-79.914940704135972,38.187834422542707],[-79.914906445328654,38.187877231906953],[-79.914847376241681,38.187935153819069],[-79.91461572843788,38.188233775615075],[-79.914410643980275,38.188418793045543],[-79.91419662176385,38.188482783387926],[-79.913932636990751,38.188481783636647],[-79.913492554887313,38.188343880274026],[-79.912883110597988,38.188092475355852],[-79.912313287564274,38.187803042279292],[-79.911887322397703,38.187653097202549],[-79.911575410384273,38.187680937700897],[-79.910684991885049,38.188010638019499],[-79.91011790150813,38.188189765159848],[-79.909824823406879,38.188263828276625],[-79.908434688256179,38.188158807002551],[-79.907697502054774,38.187998292430173],[-79.907387439989236,38.18797089407623],[-79.907173397608744,38.188058843907839],[-79.906948334044841,38.18821184909114],[-79.906407393197071,38.188733846267695],[-79.906090314107786,38.188999816956148],[-79.905682375195568,38.189232856407244],[-79.905325329673985,38.189368856763245],[-79.905100317543884,38.189456880718232],[-79.90453807178379,38.189820050915856],[-79.904499101155096,38.189855089001313],[-79.904346450025557,38.189960966657182],[-79.904162701966413,38.190126165157899],[-79.90382754877119,38.190313797044787],[-79.903507680089007,38.190489647550081],[-79.903487998290998,38.190497952334653],[-79.903427805839556,38.190523351954297],[-79.903242241864262,38.190629871188229],[-79.902926191302626,38.190749844879278],[-79.902620216566675,38.190829897664038],[-79.901941330997616,38.19090707940947],[-79.901794775171595,38.190946848813645],[-79.90164508117924,38.190987468814896],[-79.901550219062329,38.191029875953461],[-79.901359037752556,38.191128009832568],[-79.90125403525559,38.191197355392852],[-79.900958217603915,38.191495854458552],[-79.900885972874377,38.191573236605223],[-79.900846875007687,38.191633160345155],[-79.900662576072605,38.191834117556056],[-79.900575689062762,38.191901081154604],[-79.900514603370794,38.191948160255151],[-79.900402752125188,38.192034365312367],[-79.900111185866464,38.192186876233123],[-79.899640103706048,38.19245989054869],[-79.898966082303517,38.192804867132438],[-79.89867111950258,38.19293385895724],[-79.898426084905793,38.193045924960181],[-79.897825013389138,38.193133920383808],[-79.897580085665325,38.193253916349967],[-79.897335036208275,38.193381931517678],[-79.897130071008206,38.193736889568321],[-79.89701602026544,38.194211842757291],[-79.897011312827544,38.194331504464067],[-79.897027245551442,38.194482565783403],[-79.897061282238184,38.19463333077919],[-79.897083888820632,38.194733469573499],[-79.897217140496807,38.194913557706421],[-79.897218923231634,38.19491816797251],[-79.897272848224347,38.195057647453865],[-79.897316997846815,38.195130850733932],[-79.897408036338462,38.195348899883101],[-79.897468090328815,38.195614873257803],[-79.897395030213801,38.19584787350604],[-79.897252065629175,38.196081839283707],[-79.897132020850719,38.19624987063294],[-79.89688309707266,38.196459859362598],[-79.896597012944895,38.196740874915186],[-79.895891519938615,38.197445536863],[-79.895678517556334,38.197760473596297],[-79.89544688758933,38.19809212249578],[-79.895216700059237,38.198328404798218],[-79.895033264870548,38.198469746108692],[-79.894773401807797,38.198669978785333],[-79.894498615209542,38.198858152611145],[-79.894360137403609,38.199023762462531],[-79.89426715780057,38.199177877561745],[-79.894068975782019,38.19929523305575],[-79.893809466667363,38.199471627816493],[-79.893566504455919,38.199552794688593],[-79.893412194453603,38.199570532593995],[-79.893278949390691,38.19958584904046],[-79.893083567271532,38.19966650821015],[-79.893039587594686,38.199697451391138],[-79.892919401652264,38.199919009334913],[-79.892747193666139,38.200370608363272],[-79.892633105450756,38.200830325590864],[-79.892606712426897,38.201290960069279],[-79.892567530728925,38.201471608329044],[-79.892554749396055,38.201659608292104],[-79.892551924500196,38.201701181911922],[-79.892457310930567,38.201962580083254],[-79.892377982517914,38.202212202862398],[-79.892192369777547,38.202496589304324],[-79.892036425394764,38.202817023924034],[-79.891917464556812,38.203087790919341],[-79.891835784970056,38.203349819538055],[-79.891825148766188,38.203403521888291],[-79.891811134870736,38.203687543842435],[-79.891834546060338,38.204071864224133],[-79.89187981730619,38.204294982689504],[-79.891799141173635,38.204478610419862],[-79.89178644249553,38.204486428806923],[-79.891784339526083,38.20449569928045],[-79.891747138384503,38.204513562604667],[-79.891725480223414,38.20452396232718],[-79.891651803348381,38.204569323935161],[-79.891504349597156,38.204660126289099],[-79.891083140585593,38.204840537390652],[-79.890954758188911,38.204902622296366],[-79.890824633234303,38.205011220069906],[-79.890731458491061,38.205177256106346],[-79.890713273554852,38.205379764664634],[-79.890620098152368,38.205545795184854],[-79.890593212710712,38.205584449397726],[-79.890587504232712,38.205592657817419],[-79.890496524779735,38.205723464140533],[-79.890298140123264,38.20585273510374],[-79.889993999996904,38.20598100395933],[-79.889700359613315,38.206097644467754],[-79.889475263340088,38.206217022257732],[-79.889442394553839,38.206239172252459],[-79.889339310206253,38.206308639778463],[-79.889049005359098,38.20652049705572],[-79.888591651281871,38.206872814878217],[-79.888544474798309,38.206909158626672],[-79.888453570136861,38.20697918603318],[-79.888244467060019,38.207156313722166],[-79.887830955774334,38.207467372309715],[-79.887262842297801,38.207700090114848],[-79.886470895114556,38.20792302170522],[-79.88635151515183,38.207934483845833],[-79.886231775603108,38.207960254431526],[-79.886020266261966,38.207958248322548],[-79.885953954183179,38.207956078828509],[-79.885506781849912,38.20794144937696],[-79.88511398195088,38.207937720274174],[-79.884796897258596,38.20792278428933],[-79.884600861866531,38.207897075512825],[-79.88454759743243,38.207885215844954],[-79.884470625800319,38.20786807829591],[-79.884320753265726,38.207848893096369],[-79.884273204172786,38.207824122561327],[-79.884209333982838,38.207809901830018],[-79.884011494820754,38.207685438439498],[-79.883939944898444,38.207640425502653],[-79.883883230765377,38.20758231469803],[-79.883716790915031,38.207411778109645],[-79.883524031750952,38.207171498979733],[-79.88328431028431,38.207038072644401],[-79.882966873555077,38.207046975505207],[-79.882692384063063,38.207211274071263],[-79.882370066681446,38.207479381172426],[-79.882309771362287,38.207529536614985],[-79.882113281970774,38.207809321239907],[-79.88210078399571,38.207827118419495],[-79.88209352153109,38.207837460119379],[-79.881899314902597,38.208175361167413],[-79.881811207484347,38.208355020506197],[-79.881638914481201,38.208798850809202],[-79.881530072801326,38.208877078934826],[-79.881492754884675,38.208915367154596],[-79.881410903262235,38.208999348471174],[-79.881258360133344,38.209093272357464],[-79.881200616952768,38.209113868118934],[-79.881196014606346,38.209117175937052],[-79.881176945718806,38.209122311131757],[-79.8811624501663,38.209127481375802],[-79.881030465817361,38.209174560085806],[-79.880904621216814,38.209222714653933],[-79.880756876812598,38.209279251578423],[-79.880362424359632,38.209382792371002],[-79.880122137933071,38.209498121808792],[-79.87974192864165,38.209994341058056],[-79.879441196349617,38.21055986803961],[-79.879242120858393,38.210842121089698],[-79.879006569548196,38.210970458130966],[-79.878742606373976,38.211044720669207],[-79.878283332552357,38.21115559831717],[-79.878042813346411,38.211223814725983],[-79.877790481339275,38.211306297842029],[-79.87779028733604,38.211306360874907],[-79.877627326406312,38.211359631017245],[-79.877371787790835,38.211474561761605],[-79.876902078698009,38.211718448362056],[-79.876851074593517,38.211739334164072],[-79.876810773125754,38.211761138623075],[-79.876774655939499,38.211780679264287],[-79.876637187282427,38.211839701084621],[-79.876394378767557,38.211943949552435],[-79.876220498739045,38.212028288975212],[-79.876105115560208,38.212084253792419],[-79.875648373923283,38.212306404036305],[-79.875461573527602,38.212402095547084],[-79.875357749875647,38.21245528027849],[-79.87508673447482,38.212653560689262],[-79.874830576439734,38.212850815018477],[-79.874609981919861,38.212966653181788],[-79.874572581029909,38.21301180412501],[-79.874486108879054,38.21315889049206],[-79.874468895811489,38.213195114538941],[-79.874312223083862,38.21363693250202],[-79.874198938236276,38.214042925239752],[-79.87404493566126,38.214556042297495],[-79.873953311966204,38.214816335681355],[-79.873968343960115,38.215108383645891],[-79.873828538789368,38.21533748322716],[-79.873492581806985,38.215656804503631],[-79.873373373989338,38.215809317622167],[-79.873208247722275,38.215909840292717],[-79.871451548179806,38.217379834407829],[-79.871314183762124,38.217516602116618],[-79.871182477338095,38.217604983358676],[-79.870273190448316,38.218365827323936],[-79.86989609160581,38.218558842260443],[-79.869477121227476,38.218718828703928],[-79.868976105798083,38.218968865523422],[-79.868517075613752,38.219177849041493],[-79.868011852277021,38.219434797382931],[-79.86797207726643,38.219465417688298],[-79.867791100771001,38.21963587516273],[-79.867668068789015,38.21989387760479],[-79.867401052939698,38.22043482376079],[-79.867135028924025,38.220837893022441],[-79.866796994220735,38.221191871208639],[-79.864280933010349,38.223519900739163],[-79.863901977557262,38.22379281567877],[-79.863625988055631,38.223945873586423],[-79.86322744597409,38.224052953612805],[-79.86260507413327,38.224240920315253],[-79.862580406026552,38.224251869664627],[-79.862499089715072,38.224284137804631],[-79.861934402632897,38.224555015697035],[-79.861116433415191,38.22518459970177],[-79.860582519792786,38.225745583002414],[-79.860544419895689,38.225913172389639],[-79.860448916076578,38.226222223694243],[-79.860431030634189,38.226448519906654],[-79.86047906839373,38.226722281405117],[-79.860514065587054,38.226976132387364],[-79.860411116528084,38.227328408283022],[-79.860193100967564,38.227572051956805],[-79.859734643066801,38.228034936515513],[-79.859700813563919,38.228071115520713],[-79.859163284070718,38.228675855026928],[-79.858482577178719,38.229319816431243],[-79.858296619988366,38.229515708116331],[-79.858254763686233,38.229550219751424],[-79.857548625970054,38.230434365451707],[-79.857033202888218,38.231013152226559],[-79.856256479486078,38.231489446038431],[-79.855062994389314,38.231838834411803],[-79.854756627529071,38.231885862466619],[-79.853605517630342,38.232120036883899],[-79.853262831996176,38.232228210545955],[-79.8527755605013,38.232446894282667],[-79.852129472501559,38.232701155275926],[-79.852052651702095,38.232739990201473],[-79.851972821125997,38.232780346020334],[-79.851623168683446,38.232908067666528],[-79.851612049210843,38.232911271714727],[-79.851562887157129,38.232925432684077],[-79.851207115479866,38.23306852818984],[-79.850560898453338,38.233292640580913],[-79.850186647027044,38.233557805824447],[-79.849927448071824,38.234018938755668],[-79.849847930739443,38.234297517347116],[-79.849842649337191,38.234305596220786],[-79.849823218071606,38.234376059022225],[-79.849582940945453,38.234796191650425],[-79.849493399891458,38.234897015826704],[-79.849490752619445,38.234902053489975],[-79.849462531156689,38.234931774267224],[-79.849288411475143,38.235127833622457],[-79.848950179637271,38.235519363956229],[-79.848847908621011,38.235666181674496],[-79.848375397148345,38.236400850111295],[-79.848287193218638,38.236547708410562],[-79.848159801769143,38.236868097359334],[-79.847864179358979,38.237401695099678],[-79.84757005446221,38.237839932538819],[-79.847352777014279,38.238172260354403],[-79.847167310302595,38.238455937481845],[-79.847122329481508,38.238546279918495],[-79.846956958070464,38.23887842263396],[-79.846774568136411,38.23935407742907],[-79.846522969212728,38.239873855927129],[-79.846195275478877,38.240270050782115],[-79.84563320896585,38.240709991271856],[-79.845061545558579,38.241142174265029],[-79.844719155871388,38.241238658124459],[-79.844092756122805,38.241432197872321],[-79.843555070307445,38.241565236147672],[-79.842784357070499,38.241649742231175],[-79.841995314435877,38.241665029732786],[-79.841353260234413,38.241620300798388],[-79.840964273147137,38.24157806806447],[-79.84029430619043,38.241456274627332],[-79.839481382319676,38.24137267458174],[-79.839169838325816,38.24136959324683],[-79.838999410437893,38.241349951583061],[-79.838717165525324,38.241317424412578],[-79.838385216131996,38.241278375484043],[-79.83829022400387,38.241262411419569],[-79.838067528917193,38.241242200199515],[-79.837326190131307,38.241311730816413],[-79.836593575511714,38.241450375837999],[-79.835899059887637,38.241643196374959],[-79.835251986705359,38.241913266652986],[-79.834622728136708,38.242291114554739],[-79.834265588481117,38.242694643319034],[-79.834072761910491,38.243184336945752],[-79.834005792119171,38.243721242420328],[-79.833985160418592,38.24440469411735],[-79.833975467914115,38.245011381364485],[-79.833754733697972,38.245416263598869],[-79.833672939046849,38.245521883352247],[-79.833477898000893,38.24588484383704],[-79.833282957188587,38.246262855134781],[-79.833209901467825,38.246650909888764],[-79.833204468859833,38.24668223472105],[-79.83320228879623,38.246818494922493],[-79.83312099541125,38.24717535436988],[-79.833113299944344,38.247189577312156],[-79.833058813219068,38.247290302625018],[-79.832971935956763,38.24755389697166],[-79.832592900671159,38.247980904086162],[-79.832029835926576,38.248552885082674],[-79.831730608357518,38.248817039022995],[-79.831672644814859,38.248877748260568],[-79.831366140775771,38.249251717236042],[-79.831333414610413,38.249291648247016],[-79.831318190755795,38.249305021948167],[-79.831297785429555,38.249322949985149],[-79.831189903527118,38.249478893869394],[-79.83088290964055,38.249687889732783],[-79.830708817760097,38.249711839504059],[-79.830429491530026,38.24966415376079],[-79.830344758205783,38.249663309455578],[-79.829952693643776,38.249599791339485],[-79.829772823163751,38.249552046436172],[-79.829607757296756,38.249523865534961],[-79.829240843925874,38.249506867487518],[-79.828923727999879,38.249562912456561],[-79.828484790795741,38.249746883397371],[-79.828290811605513,38.249827857677467],[-79.827773718543654,38.249825847440931],[-79.827341733039546,38.249825857036896],[-79.826881663442279,38.249880918390879],[-79.826497695343434,38.250092918185629],[-79.826442700220753,38.250122919104278],[-79.826261783579952,38.250229975401709],[-79.826220273353982,38.250245781907843],[-79.826137251399501,38.250277484981339],[-79.825888724721096,38.250331954810953],[-79.82580596351815,38.250347438533616],[-79.825723334235008,38.250354722535441],[-79.825681970577548,38.250354308593117],[-79.825578904230412,38.250353277104402],[-79.825547938621611,38.250352967182678],[-79.825393110584642,38.25035141745159],[-79.825300197481994,38.250358598213232],[-79.825227982485487,38.250357875259489],[-79.825145483711083,38.250357049299126],[-79.824990786272664,38.250347389483373],[-79.824815635591406,38.250337524627398],[-79.824640894645654,38.250295130049651],[-79.824558937760742,38.250253574558819],[-79.824435844488363,38.250211697027233],[-79.82421079575839,38.250090819046072],[-79.824199746040293,38.250090708370323],[-79.823808455947542,38.249979486540653],[-79.823252042093998,38.249795073440055],[-79.823054761420281,38.249720857770043],[-79.822861327367264,38.249648089844811],[-79.822666358670773,38.249550757333203],[-79.822337265139225,38.249332852452156],[-79.822113412230266,38.249151771087554],[-79.821874763172772,38.248950670939514],[-79.821755444784301,38.248850124801045],[-79.821411819105052,38.248596302521122],[-79.821097467459879,38.248402389975105],[-79.820767809313395,38.248220245738374],[-79.820467038651273,38.248121841802735],[-79.820386466692938,38.248121031878917],[-79.820089141386532,38.248118042632584],[-79.819877335198939,38.248152131186309],[-79.819868111888184,38.248154084296715],[-79.819633100916263,38.248235082189268],[-79.819500126917731,38.24833107485621],[-79.819326178816596,38.248452069138786],[-79.819224074403493,38.248540080976781],[-79.819080112731527,38.248637044040208],[-79.818900086246089,38.248707673958357],[-79.818869852441978,38.248725734330698],[-79.818788242478945,38.248762493423463],[-79.818222071204005,38.249055127107184],[-79.817924080442168,38.249169966678913],[-79.817757512468873,38.249262956572622],[-79.817376713054159,38.249437952076697],[-79.817131188116207,38.249662000061669],[-79.816671715209964,38.250026959377983],[-79.816257194429326,38.250416207227815],[-79.815796550535055,38.250852684429766],[-79.815577450504207,38.250996983955254],[-79.815368649288786,38.251134499118301],[-79.815174019832909,38.251284098544851],[-79.815042445128356,38.251399663969075],[-79.814960999695998,38.251480092340607],[-79.814911202626078,38.251556108076123],[-79.814979059157352,38.251825262590302],[-79.815118734617585,38.252119655085963],[-79.815297945458781,38.252520158007968],[-79.815545606371884,38.25311692779033],[-79.81555325457856,38.253131737774773],[-79.815601038761272,38.253224268350479],[-79.815606692024929,38.253235212878451],[-79.815608591791317,38.25324026258405],[-79.81568569794355,38.253445428876361],[-79.81573713241491,38.253582274270997],[-79.815866217468383,38.254012777970495],[-79.81590518580343,38.254406604206125],[-79.815867985110614,38.25483542790397],[-79.815856447577701,38.254866833834939],[-79.81574143761928,38.255179894617235],[-79.815555191392605,38.255476072185822],[-79.815401345052024,38.255757030555259],[-79.815336160997177,38.255888979598481],[-79.815308554239522,38.255933373395827],[-79.815250222553814,38.256071016019348],[-79.815069911363125,38.256496480984914],[-79.814895483175164,38.25699545416235],[-79.814722414007164,38.257410981963737],[-79.814532508040585,38.257751134716578],[-79.814457663427319,38.25788519696976],[-79.814178180403317,38.258335418354093],[-79.81414082646404,38.258376367101626],[-79.813876017916726,38.258754479508688],[-79.813728660368341,38.258932059162824],[-79.813258661653535,38.259277154079271],[-79.812954717239492,38.25956697100154],[-79.812629291021622,38.2599054150025],[-79.812324016674253,38.260276595524978],[-79.812176653693086,38.260454082967009],[-79.812124469640153,38.260486088144134],[-79.811998584322865,38.260615037636725],[-79.811852677292237,38.260703049811404],[-79.811676859872208,38.260725691931292],[-79.811264062997466,38.26072962130992],[-79.810810559314262,38.260692492361869],[-79.810449965574037,38.260656303646265],[-79.809863872656862,38.260528337171785],[-79.809575783406942,38.26042257061598],[-79.80953000032838,38.260414866256646],[-79.809200799883456,38.260359469441909],[-79.808628448341977,38.260222519694501],[-79.808253024102797,38.260063716244623],[-79.807741930068474,38.259879690841473],[-79.807351200214256,38.259732653725571],[-79.807051372753875,38.259574615737669],[-79.80673545493039,38.259476028000449],[-79.806418948357347,38.259413195005656],[-79.806054748854322,38.259492946505624],[-79.805853399103043,38.259608845242305],[-79.805853244480829,38.259608934690249],[-79.805749463189059,38.259668673641826],[-79.805413352419066,38.259879851316029],[-79.805290080488959,38.259944839844032],[-79.805197687654612,38.260009043716707],[-79.805072591152481,38.260089148499304],[-79.804884251050339,38.260137439182095],[-79.804834178832138,38.260160086350048],[-79.80482706666993,38.260162561607729],[-79.804301916899817,38.260345415854871],[-79.803857000876306,38.260472784799305],[-79.803618275540899,38.26054112600719],[-79.802918159276132,38.260700011101669],[-79.802781441084932,38.260733044043938],[-79.802209922091563,38.260971256975395],[-79.801750923796504,38.261275773265233],[-79.801547275983367,38.261400851197493],[-79.801532388753799,38.26141400193179],[-79.801424340171735,38.261536487459189],[-79.801244902085784,38.261739899757842],[-79.801178003855313,38.261815737420918],[-79.800837166698784,38.262312987288695],[-79.80066152774576,38.262603086353728],[-79.800466040328516,38.262925967145804],[-79.800464146757349,38.262929138946724],[-79.800116302990588,38.263507533145216],[-79.79995108611331,38.263782277500376],[-79.799548385010709,38.264362343766898],[-79.799331420237777,38.264682026093212],[-79.799267882736274,38.264730834776699],[-79.799210482224495,38.264774929651253],[-79.798846186158002,38.265338705339438],[-79.798466177311951,38.265855529157868],[-79.79825628950924,38.266064891747405],[-79.798079248126086,38.266160768575098],[-79.797799253674299,38.266247389315915],[-79.79752008325238,38.266277061840938],[-79.797386042852963,38.26626757716582],[-79.796390747895913,38.2659156351436],[-79.796176514014476,38.265794514197559],[-79.796077446175033,38.265769363843262],[-79.795867529121509,38.265718340150123],[-79.795843239018993,38.265712435348391],[-79.795743347252085,38.265754435757884],[-79.795430653823175,38.265938315413905],[-79.794909652092571,38.266242167715667],[-79.794519487797459,38.266324369405318],[-79.794499913956045,38.266344395858951],[-79.794449042927511,38.266396443883963],[-79.794310604440682,38.266538084446097],[-79.794127397820347,38.266643503224046],[-79.793672632521663,38.266710361200303],[-79.792721702813324,38.266969258979266],[-79.792587504161204,38.267005796372729],[-79.792376130032096,38.267168147619465],[-79.792232553117998,38.267216776526503],[-79.79198236730771,38.26726980496052],[-79.791691959873845,38.267356393937249],[-79.791112089985333,38.267472443268282],[-79.790511261380104,38.267604585408918],[-79.79012872473055,38.267649396276923],[-79.789879977582984,38.267711987775087],[-79.789608498222421,38.267904477721508],[-79.789433193995364,38.268022865002351],[-79.78940447891074,38.268048064596265],[-79.789201593322943,38.268226108527806],[-79.789014214782583,38.268581842514017],[-79.78894550100469,38.268718149196204],[-79.788921311048739,38.268766133225974],[-79.788780156244997,38.269311626291142],[-79.788643559533128,38.270075065430824],[-79.788505317959007,38.270944198185035],[-79.788392647048553,38.271512593631684],[-79.788369369683153,38.271675110110372],[-79.78826947018257,38.271880723705024],[-79.788166208058826,38.272096035438956],[-79.788127897411044,38.272168403862537],[-79.788025853261161,38.272394269083406],[-79.787997077232959,38.272457962466845],[-79.787483231256047,38.273346812453788],[-79.787454835280798,38.273382789590428],[-79.787035208868446,38.273914446199043],[-79.786927493473613,38.274105615292882],[-79.78684820692024,38.274246334367483],[-79.786693820850388,38.274435491278275],[-79.786644886430679,38.274649584405587],[-79.786748551368262,38.274781801870283],[-79.786959056934847,38.274855510502654],[-79.787109278779425,38.274916674455554],[-79.787333712955757,38.27506205918872],[-79.787644648084338,38.275257214017444],[-79.787932416931113,38.275437831143975],[-79.78836439771807,38.275835725844914],[-79.788647937523805,38.276065175942982],[-79.78909445090342,38.276498982146435],[-79.78940744749687,38.27677642326374],[-79.789899337335413,38.277210692840235],[-79.789946258349403,38.277257458849739],[-79.790092749888771,38.27740344564252],[-79.790225085369698,38.277631328828114],[-79.790311268086739,38.277906428378188],[-79.790352279959649,38.278169135622967],[-79.790332215458818,38.278466984414386],[-79.79031168927547,38.278609869798501],[-79.790280912589807,38.278824118234333],[-79.790285366086195,38.278861498166926],[-79.790320741265333,38.279158349598205],[-79.790300476181585,38.27946811643551],[-79.790250957330272,38.279717971728239],[-79.790125226782791,38.280002806039811],[-79.790031329072633,38.280192592759363],[-79.789982194433122,38.280283262149496],[-79.789922107517597,38.280394142400134],[-79.789873379399779,38.28059631685904],[-79.789856308822948,38.28075537893789],[-79.789857357809808,38.280771801290847],[-79.789883552926526,38.280894474649472],[-79.79004782922631,38.281060747069425],[-79.790062057562693,38.281075147191338],[-79.790270997322409,38.281244214048968],[-79.790419253495898,38.281424575922401],[-79.790652911076137,38.281927713880357],[-79.790871244723604,38.282442615375722],[-79.791076637124846,38.282826238739894],[-79.791399255830655,38.283437595898839],[-79.791468544228351,38.283819816237866],[-79.791568478792485,38.284178511889721],[-79.791633409322728,38.284522512405744],[-79.791651903408251,38.28462048932694],[-79.791672684145908,38.284679504227732],[-79.79199985398543,38.285187381857149],[-79.792333885131356,38.285584374773002],[-79.792495537788014,38.285762081704519],[-79.792539937824614,38.285798003692385],[-79.792862440282605,38.286012965797909],[-79.79304860648476,38.286137055124179],[-79.793257374736044,38.286318035051146],[-79.793554317442869,38.286654911484732],[-79.793746583844737,38.286919176362069],[-79.793891378418849,38.287128401463846],[-79.794145456551021,38.287495535909528],[-79.794326144011421,38.287695145043898],[-79.794472260903973,38.287856561793333],[-79.794589704103458,38.288072365764684],[-79.79473601294815,38.288371925327674],[-79.794836164231768,38.288718694730925],[-79.794854665795171,38.288837138316573],[-79.794857221842122,38.288853494298777],[-79.794874767349199,38.288965832215339],[-79.795193046571242,38.289666671138342],[-79.795228153674557,38.289712257370923],[-79.795346195463466,38.289892300827432],[-79.795628235028957,38.290217095155498],[-79.795851160450354,38.290457825595134],[-79.796209222884755,38.290759555882865],[-79.796477130896463,38.29102459336378],[-79.796717003853331,38.29119583158451],[-79.796731292220386,38.291206031924418],[-79.797120203504491,38.29147230370063],[-79.797344119105759,38.29165343348339],[-79.797582968142251,38.291846637873768],[-79.797780354761159,38.291932221073417],[-79.797808266295675,38.291944322747945],[-79.798079525031156,38.292006714064193],[-79.798396753318812,38.292033806187561],[-79.798459215302273,38.292034446011371],[-79.799745956620995,38.291995084183561],[-79.799895080285935,38.291989534304179],[-79.800468807041938,38.291960650602043],[-79.802299362176456,38.291829119417443],[-79.802486484119541,38.29191655363509],[-79.802691222948837,38.292024444349842],[-79.802932557028157,38.292417487030441],[-79.803118877241602,38.293013278345668],[-79.803221697526908,38.293673374103193],[-79.803239628589452,38.293788482707654],[-79.803267606539976,38.293883844323133],[-79.803272779229971,38.293903369296984],[-79.803324583151323,38.294099020839504],[-79.803336576545036,38.294289899917125],[-79.803358594102747,38.294466921683686],[-79.803403391309615,38.294827078585762],[-79.803411488487455,38.295175751098903],[-79.803412251334706,38.295208675157298],[-79.803413321503101,38.295218363144102],[-79.803451756896578,38.295566743114264],[-79.803473780055299,38.296067698858238],[-79.803513480981152,38.296413842282654],[-79.803520632228484,38.296587240904337],[-79.803524302708652,38.296676241940183],[-79.803560520970166,38.296896364387159],[-79.803569871693924,38.296935837479296],[-79.803609511753848,38.297016966469656],[-79.803653382680793,38.297106751516914],[-79.803793749442178,38.297539868749496],[-79.803852262824506,38.297720416719521],[-79.803854967595811,38.297728759657524],[-79.803874875585748,38.297795153874503],[-79.803955371008257,38.298063603515949],[-79.803966237911069,38.298097133453922],[-79.804019280449737,38.298260805583041],[-79.80405616099074,38.298374607317584],[-79.804094495954217,38.298432494612236],[-79.804260716500352,38.298683484944782],[-79.804262841305146,38.298686687834746],[-79.804396236642532,38.298854957614864],[-79.804604678015622,38.299059757031117],[-79.805007612618439,38.299397681859936],[-79.805335694178922,38.299687157852411],[-79.805723900334115,38.300001084515714],[-79.805918197194117,38.300146128743386],[-79.806469870033425,38.300640550687767],[-79.806827441615511,38.300978008580479],[-79.806933334604253,38.301101328888343],[-79.807326958666167,38.301477209394804],[-79.807542629718768,38.301694788507703],[-79.807879807753295,38.302115812596014],[-79.808016503834693,38.30227768758408],[-79.808218478413707,38.30250791786321],[-79.808417518384999,38.302734800671537],[-79.808684151864441,38.303083253665953],[-79.80905453005785,38.303563898183874],[-79.809365963836186,38.303948565829394],[-79.809539009745251,38.304167272141079],[-79.809869968448908,38.304585556625781],[-79.809975143985795,38.304718169568382],[-79.810111394474859,38.304841363398076],[-79.810149732659383,38.305028840951749],[-79.810178540577226,38.305411885223016],[-79.81020341452313,38.305663370790057],[-79.810229192410688,38.305937845050117],[-79.810254775871286,38.306224230250002],[-79.81025146170002,38.306426876832383],[-79.81024873330901,38.306442457895116],[-79.810239329208613,38.306496114893847],[-79.810239092632827,38.306510595163502],[-79.810237763310184,38.306591959802738],[-79.810207744482923,38.306659067487651],[-79.810185695337353,38.306748102977117],[-79.8100920044904,38.306925985201936],[-79.810078421595179,38.306948169816174],[-79.809980524618695,38.307167017592619],[-79.809597841618995,38.307838401264554],[-79.809252061735819,38.308485485841011],[-79.809217083019391,38.308654361416323],[-79.809216386335095,38.308657727523368],[-79.809152363012316,38.308871675019617],[-79.80899659806623,38.30914430236966],[-79.808795250099081,38.309428389374787],[-79.808678155120958,38.309552402421197],[-79.808580876176762,38.309655426861546],[-79.80850291829114,38.309755664425658],[-79.808146215124211,38.310070826155588],[-79.808011014473124,38.310195358067077],[-79.807832975538943,38.310347582840961],[-79.80739227046223,38.310736954083254],[-79.80663880866426,38.311347691067041],[-79.805810295427619,38.312056877187615],[-79.805786096408042,38.31208025997676],[-79.805650791963529,38.312211764674139],[-79.804770630397812,38.313175578800454],[-79.804668462208269,38.3133007528468],[-79.804505925720989,38.313557480659057],[-79.804195267287923,38.313914531487285],[-79.804135779586844,38.313982901559356],[-79.803579565279762,38.314680631852077],[-79.803425722456026,38.314834049971147],[-79.803327648804199,38.314909341832369],[-79.803313152891135,38.314920470393069],[-79.803179839911934,38.315087734736167],[-79.802765761998899,38.315695761395403],[-79.802713886446824,38.315792474734913],[-79.80261654074674,38.315914873029051],[-79.802492020907096,38.316097712725544],[-79.802445098167809,38.316129730556653],[-79.80237397624191,38.316218198453086],[-79.802331690045932,38.316252687046493],[-79.802128560945761,38.316418366389911],[-79.80180848505951,38.316558165085681],[-79.801443797284762,38.316649813027901],[-79.801095223232565,38.316682017703997],[-79.800746839596528,38.3167022986744],[-79.800458390772746,38.316758961883956],[-79.800093707228854,38.316850607452146],[-79.800010095580461,38.31689443231825],[-79.800009702314597,38.316894638448311],[-79.79964418109067,38.317199599339133],[-79.799286496238366,38.317594626479028],[-79.798873468354984,38.318216907727127],[-79.798783262603791,38.31834365777712],[-79.798518384508071,38.318777777061236],[-79.798424240516425,38.318981164726694],[-79.798408536373103,38.319015090611742],[-79.798390831098743,38.319067959829525],[-79.798328953486688,38.319252717768521],[-79.798279033206185,38.31952641632563],[-79.798277773663628,38.319602706660341],[-79.798275687610655,38.319729057991573],[-79.798217429344703,38.319897064581745],[-79.798164461708879,38.320049812258901],[-79.798068166002068,38.320382644921899],[-79.797997445782784,38.320550169284893],[-79.797987027059918,38.320616177924819],[-79.797920794126512,38.320698300483016],[-79.797756298571286,38.320939782929408],[-79.797692884530605,38.321024626418108],[-79.797508691673869,38.321271062885579],[-79.79727680863715,38.321566737854063],[-79.797151032174781,38.321851577001105],[-79.797086172880569,38.322113197067416],[-79.796971585966233,38.322636592277902],[-79.796937385760884,38.322874681137812],[-79.796841473371856,38.32318367182414],[-79.796716681095134,38.323408910130297],[-79.796517214834125,38.3235737734189],[-79.796182156012748,38.323701477969259],[-79.795851367155379,38.323812410022391],[-79.795664736093144,38.323874998278249],[-79.79544734460454,38.323949665879951],[-79.79445490480127,38.324391626912586],[-79.794338043125052,38.324481313370747],[-79.793694418134507,38.324963499999384],[-79.793203689366294,38.32535187873107],[-79.792917125219319,38.325540313105833],[-79.792216300167468,38.326073364380989],[-79.791634568498878,38.326519789978825],[-79.791559821121197,38.326622589636521],[-79.791516841353271,38.326681699361174],[-79.791256232422256,38.326881689916689],[-79.791216261818974,38.326903562611108],[-79.790962588344883,38.327042384455844],[-79.790887500118473,38.327101089770075],[-79.790618523784687,38.327302656074714],[-79.790489532403242,38.327481807725647],[-79.790450742634391,38.327554084328817],[-79.790317729749148,38.327801929041478],[-79.790192115283048,38.328074839987764],[-79.790181907944785,38.328081800933127],[-79.790148237429975,38.328104762888948],[-79.790094231748427,38.32821570397121],[-79.789912377795631,38.328295295358828],[-79.789464449078778,38.328201093741846],[-79.788897768174024,38.328113864890796],[-79.788227912350536,38.328025657320445],[-79.787646332605703,38.328214844447857],[-79.787140901138841,38.328477456355763],[-79.78706674366849,38.32853135980173],[-79.786857195454331,38.328805978464146],[-79.786849432028347,38.328816849185714],[-79.786697431417537,38.329170146155846],[-79.786661178239797,38.329254409225285],[-79.786627620651743,38.329334128425586],[-79.786456307825617,38.329741094102893],[-79.786298620148671,38.330120965587462],[-79.786156262023084,38.330489076342595],[-79.785999369982108,38.330821271726279],[-79.785904043141784,38.330950745847744],[-79.785859991503912,38.331010579489089],[-79.785745557770611,38.331098377384791],[-79.785676006887073,38.33115173859899],[-79.785428201043985,38.331281562679237],[-79.785385900090219,38.331303722821595],[-79.78510522137303,38.331443326092199],[-79.785080653792562,38.331455546758285],[-79.784775212890793,38.331619287934672],[-79.784615487772371,38.331670576675315],[-79.784379568458675,38.331746332146196],[-79.784328546612812,38.33176020515716],[-79.78399944703483,38.331849687748878],[-79.783665929818739,38.331881994348429],[-79.78340867042391,38.331879324695734],[-79.78334224519412,38.331872812924765],[-79.783149043968578,38.331853872124789],[-79.783000678746049,38.331839326435627],[-79.782859327979807,38.331800576166984],[-79.782728728340032,38.33176477384783],[-79.780952978156492,38.331438319062009],[-79.780256945405114,38.331395303890673],[-79.779906648139487,38.331471482203838],[-79.779838875345646,38.331489634953421],[-79.77959997426872,38.331553622550082],[-79.77952481090243,38.331572493456093],[-79.779524550104099,38.331572558331068],[-79.779144137992347,38.331668056489427],[-79.778558650556022,38.331935139845591],[-79.778551680597104,38.331939022765908],[-79.777669223144528,38.332621232732542],[-79.777570349355301,38.332724264857447],[-79.777320742819583,38.332984365080073],[-79.77703000832247,38.33317208653763],[-79.776769738725861,38.333348201405265],[-79.776494933965992,38.333488398463629],[-79.77625140012789,38.333569313756435],[-79.775871063409042,38.333684563342153],[-79.775490727816404,38.333799810794517],[-79.77524218040206,38.333899558771577],[-79.775201189454265,38.333916009926646],[-79.774987316904401,38.334032995227936],[-79.7746663002753,38.33422039436725],[-79.774420554361669,38.334432418539492],[-79.774173398630111,38.334727888491962],[-79.774033369829297,38.33487094937086],[-79.773942376436466,38.334963911942715],[-79.773681490169778,38.335175781610509],[-79.773252122881104,38.33550510664513],[-79.773116956141166,38.335646310337587],[-79.773082636478804,38.335682162871805],[-79.773003755893342,38.335872088819784],[-79.773001048779022,38.335881112046764],[-79.772978455308476,38.335956453940632],[-79.772907522672682,38.336192977909228],[-79.772907388277773,38.336200877236628],[-79.772903097879976,38.336455217578752],[-79.772821799413109,38.336788182890061],[-79.772634760605214,38.337108117717122],[-79.772576442840233,38.337215586989387],[-79.772525402767016,38.337309648810276],[-79.772517454549359,38.337331726768276],[-79.772414239605212,38.3376184565589],[-79.772322260128021,38.337892689676544],[-79.77217575423505,38.338479214692747],[-79.772021875422809,38.338707534610073],[-79.772001635834201,38.338746729890971],[-79.771983469711373,38.33876451937882],[-79.771958754783697,38.338801190286802],[-79.771795008953148,38.338949072119732],[-79.771724587379055,38.339018033071746],[-79.771692702798902,38.339041466235621],[-79.771576711484812,38.339146219210555],[-79.771446417356913,38.33922246975235],[-79.771356730656834,38.339288383188894],[-79.771035687084563,38.339475772636717],[-79.770744710126706,38.339675394628685],[-79.770669261595529,38.33979039025521],[-79.770636754288901,38.339839936579516],[-79.770620411350407,38.339864846233283],[-79.770616385311882,38.339899951309697],[-79.770602655624117,38.340019643017214],[-79.77059822190094,38.340281883189441],[-79.770592984548387,38.340591798652561],[-79.770530230313796,38.340722284429773],[-79.770389784789558,38.340971172892971],[-79.770219067936338,38.341219747288946],[-79.770104798434701,38.341404562306138],[-79.770094564709211,38.341421113443609],[-79.769984789941674,38.341646479424341],[-79.769919144217113,38.34186073337461],[-79.769904684740823,38.341907925649338],[-79.769765241718559,38.342097212855634],[-79.769426020308956,38.342463238011412],[-79.769071661781012,38.34282909872573],[-79.768917886921031,38.342970548005944],[-79.768657155378889,38.343170483934749],[-79.768441115112694,38.343291803974793],[-79.768427909273242,38.343299219030058],[-79.768227721085196,38.343499788986826],[-79.768173259445064,38.343582784060587],[-79.768072330106946,38.343736595642923],[-79.767993826489558,38.343902679045001],[-79.767990796316965,38.344081478169606],[-79.767950428840038,38.344677155074315],[-79.767943762307482,38.345070508759989],[-79.767925198351463,38.345272985557898],[-79.767921965877719,38.345463706136954],[-79.767948804720533,38.3456666618182],[-79.767971518203225,38.345715094238081],[-79.76802185806838,38.34582241400377],[-79.768042521701645,38.345856076136172],[-79.768357352024935,38.34620678626198],[-79.7689010973438,38.346432116365818],[-79.769340428617951,38.346721503976028],[-79.769869478563194,38.347207118781832],[-79.77026682756329,38.347536706054107],[-79.770398261295554,38.347708949791731],[-79.770342946945703,38.347927989254366],[-79.770112301679859,38.348120857565235],[-79.76972685082157,38.348312101136919],[-79.769619985466875,38.348319609164733],[-79.769540098116281,38.348376147112155],[-79.769537874315589,38.34837772067953],[-79.769304596513877,38.348524566704334],[-79.769109419178974,38.34864742790635],[-79.768435143527896,38.349129147045254],[-79.768361984407107,38.349195656733201],[-79.767839721123451,38.349670451066707],[-79.767773973964964,38.349730222585606],[-79.76725023638835,38.350261207581809],[-79.767224232199951,38.350291052754621],[-79.767002562563533,38.350473325566803],[-79.766805554155198,38.350635321078073],[-79.766208206638666,38.351067118082099],[-79.765990769892312,38.351282012370966],[-79.765957411285584,38.351435504792903],[-79.765953666630097,38.351458599352235],[-79.765983535665129,38.351492169787427],[-79.765969619982201,38.351678374440311],[-79.765967743966456,38.351788833048062],[-79.765965975929348,38.351892929506853],[-79.766013563032587,38.352016384756162],[-79.766022096509673,38.352038526622877],[-79.7660674836699,38.352156283017045],[-79.766136982106516,38.352269494318847],[-79.766170610553701,38.352324272717723],[-79.7662182647435,38.352359852918141],[-79.766364965965806,38.352469385869007],[-79.766659830843622,38.352743720196614],[-79.76666305866658,38.352746724464808],[-79.766766318379695,38.352863844221751],[-79.767214760716442,38.35317790158679],[-79.767263708713514,38.353395872721748],[-79.767097704414937,38.353628886408465],[-79.766839993668754,38.353846717460733],[-79.766625472459154,38.354069671867684],[-79.766472958585055,38.354204561111985],[-79.766425651120201,38.354246400231119],[-79.766361465811769,38.35429858940541],[-79.765928787782926,38.354650406060252],[-79.76588951943863,38.354690175376135],[-79.765579734043527,38.355024344585004],[-79.765348011887127,38.35529611045947],[-79.765116490484374,38.355555955267548],[-79.765115241540016,38.355557860738898],[-79.765047800972894,38.355660607500425],[-79.764898889802978,38.355887479739494],[-79.764742652573133,38.356171961340308],[-79.764588237369495,38.35634916214039],[-79.764483960321115,38.356429102216588],[-79.764432686594375,38.356514818276118],[-79.76409848906853,38.356554926610144],[-79.764085036610055,38.356558452695936],[-79.763796605497703,38.356603098929121],[-79.763205413409679,38.356644553614487],[-79.76281378319932,38.356640422270253],[-79.762216457186554,38.356711124497551],[-79.762189748081909,38.356717288064381],[-79.762102522910681,38.356742292433481],[-79.761748515189396,38.356843771111556],[-79.761519615047106,38.356948651223625],[-79.761123591124942,38.357087529453921],[-79.760819610904704,38.357155847602222],[-79.760607064614888,38.357189368023725],[-79.760198340694032,38.357185044658735],[-79.759713719682523,38.357191841457173],[-79.759477750616313,38.357203097858857],[-79.75938023332651,38.357207749849913],[-79.759066537118116,38.35727173305586],[-79.758019695009722,38.357464135622095],[-79.757636691427351,38.357500721065627],[-79.757112933733467,38.357511063337824],[-79.757018196353485,38.357518654104886],[-79.756861445557206,38.357531213707048],[-79.756407302071608,38.357526394590721],[-79.756222155673129,38.357511551673582],[-79.755893217947445,38.357485178604684],[-79.755828679797176,38.357467474130559],[-79.755787673539629,38.357464891222662],[-79.755643173554546,38.357455246926996],[-79.755511167743563,38.357323947140912],[-79.755435614849262,38.357275893160889],[-79.755421960870493,38.357267209479581],[-79.755247792621503,38.357156436807635],[-79.75484376488653,38.356877935468013],[-79.754440550197756,38.356551764152279],[-79.754140654635677,38.35638166904409],[-79.753870010592166,38.356271492115276],[-79.75358402989805,38.356173078707997],[-79.753267776341048,38.356098279078118],[-79.75316180507761,38.356073213026896],[-79.75267842110226,38.356008462323771],[-79.752583648106466,38.356007452182851],[-79.752012357612799,38.356001373208102],[-79.751452462960131,38.355983491928164],[-79.751146110560896,38.355943028970948],[-79.751101641907098,38.355937156188482],[-79.750874803990172,38.355931911728923],[-79.750668081703452,38.355906999151856],[-79.750304176395389,38.355780288060288],[-79.750098520081963,38.355737465952672],[-79.75006388980151,38.355730255851974],[-79.749852782844215,38.355680316036569],[-79.749655994666597,38.355678217481703],[-79.749353238543435,38.355674989137611],[-79.749240019577044,38.355658006975929],[-79.749096513633361,38.3556364849115],[-79.749021987029451,38.355612084062358],[-79.74889232033037,38.355627169577943],[-79.748601610678833,38.355488348428771],[-79.748297130141637,38.355145711642756],[-79.748009463527154,38.354830379300672],[-79.74768868137383,38.354669205021928],[-79.747595749363882,38.354641112740843],[-79.747308308527479,38.354594408463953],[-79.747055665641284,38.354577480916916],[-79.746631816673244,38.354572951394978],[-79.746193037360428,38.354556336187379],[-79.745755078632271,38.354492040094989],[-79.745272327449896,38.354391502168959],[-79.744805336875729,38.35425536115271],[-79.744563960315133,38.354205090478217],[-79.744292276909832,38.35411313841955],[-79.744198064461102,38.354081252172776],[-79.743936589644022,38.354053700833283],[-79.743233572335413,38.353669592543476],[-79.743116708739024,38.353625889177543],[-79.743060325065144,38.353604804368743],[-79.742819982686356,38.353494926903984],[-79.742519092058146,38.353384403155459],[-79.742097315540363,38.353260659918824],[-79.741915876508429,38.353246793115538],[-79.741764508536491,38.353245168733899],[-79.74167244345837,38.353315712226951],[-79.741549079502207,38.353445529483174],[-79.741425505329772,38.353587265223489],[-79.741285969271786,38.353776517468432],[-79.741116980566943,38.35391776618485],[-79.740871484572565,38.354105881917],[-79.740550706710764,38.354269343982978],[-79.739971770610723,38.354477719813637],[-79.738966916450266,38.354800726482217],[-79.738343796644031,38.354937087417049],[-79.737751158378771,38.355061851429923],[-79.737478267880306,38.355082755706043],[-79.737362954339829,38.355081515572145],[-79.737349820683662,38.355082663821094],[-79.737335500693902,38.35508122000153],[-79.737266344956382,38.355080475178063],[-79.737187726520631,38.35506632049696],[-79.736747400954542,38.35502192301697],[-79.73643433413767,38.354928447809627],[-79.736390857429228,38.354927979411222],[-79.736163382278704,38.35494936920265],[-79.735904388859282,38.355041952037475],[-79.735726010415505,38.355131068950811],[-79.735507287587822,38.355240342521718],[-79.73517115054986,38.355415546731408],[-79.734897220884008,38.355496046210121],[-79.734775086061148,38.355554334345733],[-79.734681772195572,38.355696391180089],[-79.734679073761868,38.355851349520158],[-79.73467409301827,38.356137422642988],[-79.734669943300844,38.356375816761037],[-79.734666623510407,38.356566530966965],[-79.734587405912976,38.356768346848611],[-79.734447226734375,38.356993352650804],[-79.734395637195945,38.357036167026067],[-79.734274309593133,38.35713685231083],[-79.73426287099872,38.357146346251881],[-79.734079350541919,38.357251662424964],[-79.734010674830728,38.357264395798111],[-79.733528128974626,38.357716066687836],[-79.733224301790102,38.35794882398465],[-79.733220581340333,38.357968306158931],[-79.733202151963766,38.358064804040488],[-79.733108209660088,38.358242613504899],[-79.732983366399083,38.358455862319559],[-79.732783867034883,38.358608688948138],[-79.732523608068504,38.358772781912371],[-79.732370559210295,38.358866503015349],[-79.732247792947433,38.358960549582577],[-79.732170434744589,38.359055092492611],[-79.732136597963319,38.359119133249806],[-79.732114656990717,38.359160660715794],[-79.732110397558728,38.35921224597238],[-79.732119827014287,38.359352591809397],[-79.732116913711749,38.359519468492913],[-79.732116004986153,38.359572349122047],[-79.732114211808522,38.359674422097598],[-79.732034983479636,38.359876239572266],[-79.732012477661385,38.359908627106023],[-79.731986461530397,38.359946065650199],[-79.73194925475039,38.359999610623269],[-79.731935857493156,38.360034001896445],[-79.731903347321889,38.360065676733825],[-79.731895201638935,38.360077399300927],[-79.731740072671684,38.360290316381374],[-79.731479390353954,38.360478245853976],[-79.73121953671226,38.360618497590472],[-79.731026788856099,38.360703597910451],[-79.730258883229695,38.361278408580439],[-79.730056690839746,38.361419989747233],[-79.729940636651875,38.361521563684185],[-79.72977796427422,38.36166394095288],[-79.729456925831627,38.361839290095254],[-79.729212828564769,38.36194394100977],[-79.728953801559115,38.362036506892288],[-79.728650188443922,38.362080903496995],[-79.728422480388531,38.362114200001209],[-79.728195189360818,38.362123654388604],[-79.727907549862863,38.362120534465994],[-79.727649560567087,38.362153501780377],[-79.727467266849715,38.362187286602477],[-79.727277365339262,38.362215055264841],[-79.727195472131356,38.362241289455042],[-79.727041081280589,38.362313800683474],[-79.726871003348961,38.362514627950048],[-79.726654673925609,38.362762635063881],[-79.72646986930171,38.362939460076738],[-79.726240486324556,38.363068108961009],[-79.725948872906173,38.363291458637931],[-79.725945239054823,38.363295165610786],[-79.725756847043868,38.363525377978561],[-79.725700798145624,38.363622572005802],[-79.725673185927761,38.363684906734164],[-79.725574664918184,38.363907328959776],[-79.725507971555899,38.364030012714124],[-79.725471719682972,38.364096699794601],[-79.725517317870086,38.364332103774302],[-79.725622682760601,38.364623167959607],[-79.725741077993604,38.364779436648014],[-79.72584036803373,38.365162016004376],[-79.725880768900879,38.365448582231338],[-79.725876588956439,38.365686975156834],[-79.725813422897815,38.365933381006201],[-79.725779062908273,38.366067414323872],[-79.725677044268352,38.36636050363937],[-79.725668045378328,38.366442025670402],[-79.725819117196906,38.36695949216346],[-79.725842063137165,38.366979305759344],[-79.726241594251533,38.367324243882059],[-79.726419725307196,38.367528853253965],[-79.726642229033303,38.367793552121547],[-79.72668534978034,38.367925159577737],[-79.726680963238408,38.368175471040409],[-79.726677829947363,38.368354265707794],[-79.726641699834929,38.368687687176461],[-79.726695994530147,38.36904593340045],[-79.726659657446504,38.369391275219513],[-79.726628276596173,38.369608074042013],[-79.726591021776429,38.369865450522084],[-79.726590942374543,38.369865996858572],[-79.726583048327782,38.370316391747117],[-79.726602143616745,38.370411389908945],[-79.726624673441179,38.370523478467618],[-79.726667585574816,38.370667006245938],[-79.726770852054031,38.370823111286924],[-79.7268282830629,38.371002563684556],[-79.726854387667871,38.371241286266098],[-79.726857217029064,38.371261361971136],[-79.72686062298456,38.371285507364753],[-79.726868988140424,38.371344832073298],[-79.726875271814592,38.371356128925996],[-79.727409380726243,38.371718398231778],[-79.727415422226073,38.37172051461922],[-79.727490490484897,38.371746813144334],[-79.727707395779461,38.371822798557574],[-79.7277748590122,38.371837835205497],[-79.728325877445087,38.371960650465546],[-79.728703565975565,38.372012435849811],[-79.729126262616504,38.372088551439624],[-79.729296439277462,38.372153863763934],[-79.729843472832243,38.372230031350135],[-79.730342562197976,38.372289779347504],[-79.730616255947126,38.372414943642518],[-79.731143985310553,38.372814383305979],[-79.731548015115749,38.373375325605124],[-79.731608972802462,38.373837570295997],[-79.731585048063707,38.373913699291457],[-79.731591018039254,38.374034674341942],[-79.731539765661708,38.3743679317054],[-79.7314142632829,38.374616931618348],[-79.731209926889349,38.375043909395814],[-79.731098938934949,38.375328833006705],[-79.731094981702284,38.375555306530373],[-79.731092226771892,38.375713081614123],[-79.731091026714367,38.375781780069666],[-79.731145351200212,38.376140022516239],[-79.731155284070098,38.376438179403671],[-79.731152952781983,38.376571675889345],[-79.731162599438136,38.37668380604751],[-79.731119374164521,38.377185656338504],[-79.731111481433061,38.377211907630397],[-79.731110349931484,38.377276664423682],[-79.731109802764408,38.377307986247722],[-79.731045069416936,38.377545723497065],[-79.730948178533652,38.377890409826762],[-79.730851074996039,38.37824701456568],[-79.73077078233085,38.378508427486089],[-79.730628668270583,38.378840699373271],[-79.730549831233574,38.379018676757397],[-79.730379932063698,38.37920758229177],[-79.730240733223241,38.379372983915559],[-79.73014654282531,38.379562712794993],[-79.730112085438762,38.379800777397357],[-79.730180715218637,38.380206863682233],[-79.730193151885373,38.380361985193524],[-79.730182140297742,38.380424341124815],[-79.730159526670093,38.380552371940297],[-79.730111183595213,38.380718752190326],[-79.729985873164793,38.380955833283856],[-79.729846042325121,38.381156991750068],[-79.729837038993765,38.381164416138603],[-79.729807209569245,38.381217204145777],[-79.7297143930099,38.381265553082628],[-79.729646266601549,38.3813217316413],[-79.729340697172688,38.381473402664881],[-79.729339658600793,38.381473816635101],[-79.728830771820242,38.381817528839527],[-79.728305177886881,38.382287019803513],[-79.72820620862845,38.382420780297736],[-79.728062749887968,38.382663655368653],[-79.727964805996436,38.382817535924751],[-79.727829129107548,38.383030697399732],[-79.727704225891841,38.383243936898637],[-79.727563130000902,38.383516607189321],[-79.727557700857645,38.383826517969027],[-79.727550808458659,38.384219865671504],[-79.727561146840785,38.384494177972954],[-79.727602608564098,38.384721144924143],[-79.727657753205577,38.385031710495099],[-79.72766872188916,38.385270270800739],[-79.72765044213925,38.385448900590966],[-79.727463707620146,38.385732995104156],[-79.727166349914654,38.386017422752651],[-79.727155605325564,38.386027699371432],[-79.727120884738355,38.386074529686674],[-79.727107389580794,38.386092731138568],[-79.726953930262283,38.386299711779579],[-79.726781910743355,38.386607811958022],[-79.726754219139565,38.386695025545883],[-79.726737045444224,38.386749114296414],[-79.726653651322934,38.38701176084696],[-79.726634800371826,38.387058847992179],[-79.726633090954905,38.387156322695873],[-79.726473815800944,38.387385384134404],[-79.726329633504648,38.387481016280667],[-79.726228723409719,38.387571129404449],[-79.726219580654231,38.387579295657105],[-79.72619965533876,38.387589439066367],[-79.726055525755825,38.387662823197481],[-79.72595019494959,38.3877326853382],[-79.725770698554982,38.387821941928756],[-79.725635242600319,38.387905837465595],[-79.725577038046808,38.387941885291951],[-79.725286369174626,38.388105634457055],[-79.724844254579025,38.38826772903213],[-79.72453927280695,38.388383630226095],[-79.724216418706106,38.388469382708386],[-79.72402185416999,38.388521059699222],[-79.723732641645242,38.388601366273349],[-79.72345794748972,38.388717591718979],[-79.723300165717745,38.388822242381778],[-79.723099040657232,38.389005033186905],[-79.722803049548233,38.389381370337162],[-79.722778389723842,38.389459637238652],[-79.722714240625336,38.389663237999443],[-79.722633903880208,38.389924645005898],[-79.722552937406093,38.39022180743406],[-79.722379002893817,38.39063717957066],[-79.722301213240286,38.390940449446937],[-79.722359790468431,38.391298630391425],[-79.722458882859996,38.391693133316636],[-79.722573330977568,38.392075877316849],[-79.722759731347281,38.39267400460426],[-79.722833728996505,38.392972832288869],[-79.72257788520389,38.393059437305439],[-79.722435348558719,38.39311120456717],[-79.722267978298277,38.393207171340968],[-79.722022174698751,38.393348117460583],[-79.721818994833455,38.393518222302902],[-79.72168824551683,38.393660684640565],[-79.721561917136142,38.393839343985221],[-79.721476741543484,38.39409748448346],[-79.721458238378972,38.394288033078489],[-79.721423956490213,38.394514172759855],[-79.721390726403612,38.394680715514859],[-79.721357285053614,38.394859177626046],[-79.721293973478879,38.39501347768914],[-79.721215512855508,38.395167601607589],[-79.721046390746153,38.395308819893074],[-79.720814790619187,38.395556651096015],[-79.720445199340332,38.39589835144988],[-79.72029100731045,38.396051652379299],[-79.720151961587135,38.396205113993396],[-79.720012286886373,38.396394339888353],[-79.71988817768208,38.396559892279001],[-79.719762804304438,38.396796956237978],[-79.719620811109635,38.397117297379182],[-79.719371952395861,38.397484154628344],[-79.719365831459967,38.397494032231592],[-79.719275904586553,38.397639154208861],[-79.719039997733958,38.398111207367108],[-79.718878576609001,38.398357346692336],[-79.718793029448776,38.398526947549065],[-79.718706785897865,38.398631172291843],[-79.71857870705594,38.398839271827136],[-79.718329332109136,38.399284519793795],[-79.718112976636561,38.399811684812498],[-79.717864074460408,38.400229811441235],[-79.717650590991383,38.400594074237503],[-79.717661164759761,38.400974306072648],[-79.717653970340763,38.401381468868614],[-79.717319446929338,38.401758014240734],[-79.716759408554438,38.402213465702957],[-79.716060797623271,38.402694521725252],[-79.716015258167673,38.402717413066988],[-79.715899661435429,38.40279906436237],[-79.715849314334463,38.402833305289839],[-79.715485623071146,38.403080651183849],[-79.715055373289232,38.40342166792616],[-79.714996513430123,38.40349513613738],[-79.714962545276578,38.403537536694287],[-79.714922442240876,38.403646032343055],[-79.714673990056667,38.404036941160328],[-79.714444980157552,38.404237252051281],[-79.71443469325537,38.404249388231989],[-79.714265328850985,38.40440251258282],[-79.714096804000789,38.404507961097224],[-79.713867053938856,38.404648501504681],[-79.713652868492588,38.404765369000508],[-79.713392822885908,38.404905575919898],[-79.713208513921515,38.405046617488097],[-79.713114455576758,38.405224410275586],[-79.712957059025626,38.405556490594307],[-79.712892451253921,38.405782296803693],[-79.712748083258134,38.406233740842687],[-79.712699255322377,38.406423951704554],[-79.712679878066396,38.406662175333423],[-79.712691642403755,38.406853053563438],[-79.712733704972621,38.407044265501902],[-79.71273158910499,38.407163463195474],[-79.712684238522584,38.407270235143862],[-79.712628411843014,38.407312957576828],[-79.712592082646253,38.407340757143466],[-79.712545481339205,38.407349988764295],[-79.712544796020325,38.407353414635772],[-79.712472685459559,38.407364409432731],[-79.712364012894099,38.40738593708101],[-79.712353965385006,38.407387868744152],[-79.711953530563406,38.40746487671165],[-79.711600754522038,38.407530167527398],[-79.711527898132516,38.40754365102903],[-79.711318314945999,38.4076158466858],[-79.710932848387074,38.407770150833642],[-79.710848199797596,38.407789944109538],[-79.710765401165347,38.407821388898057],[-79.710734932452311,38.407836499830772],[-79.710462778730601,38.407971472361133],[-79.71016948030416,38.408179030270276],[-79.710060101608391,38.40829050117253],[-79.709935097753373,38.408503716413712],[-79.70989564111126,38.408606891880183],[-79.709856853309475,38.408708322811179],[-79.709839758432224,38.408753023910599],[-79.709730113314251,38.408954491767069],[-79.709650921705034,38.40906643243256],[-79.709626350923756,38.409101165296839],[-79.709621321422929,38.409108273351073],[-79.709421631723302,38.409261058316019],[-79.709419738576401,38.409262278383991],[-79.709263866469286,38.40936265801556],[-79.708893801021688,38.409791600189656],[-79.708879550077228,38.409922709465214],[-79.709168593353965,38.410752592094234],[-79.709185485416683,38.410801093710567],[-79.709225519072092,38.410916029746026],[-79.709362587197816,38.411170746820815],[-79.709386856352992,38.41121585292511],[-79.709373169856235,38.4113968636089],[-79.709433211626788,38.411568496291679],[-79.709268944599557,38.411949008779281],[-79.70926766757303,38.411953691194867],[-79.709265943705731,38.411955960088264],[-79.709217349870798,38.412068523267322],[-79.709120202145613,38.41214777937487],[-79.709096993363659,38.412178325743916],[-79.708975779726444,38.412265603156229],[-79.708692018886751,38.412497101388013],[-79.708587972805802,38.412616270494979],[-79.70852959898987,38.412688191520367],[-79.708499063746657,38.412725811528858],[-79.708465265848147,38.41276745445645],[-79.708279230354393,38.413003840978824],[-79.708194436533987,38.413153678025658],[-79.708138429031976,38.413252647496186],[-79.707952352910908,38.413547001008567],[-79.707951324029551,38.413548627096631],[-79.707747803203901,38.413915959599834],[-79.707698408731972,38.414036230709804],[-79.707621078920695,38.414224531492856],[-79.707524661725969,38.414533433900587],[-79.707428241368419,38.414842337074326],[-79.707286158888962,38.415162658047635],[-79.707098413648168,38.415494394838753],[-79.706972960820934,38.415731450223888],[-79.706802912554139,38.415920318729967],[-79.706587836626881,38.41608485395416],[-79.70631131012783,38.416296390532324],[-79.705957328986202,38.416602449467128],[-79.705512019603688,38.416931339860149],[-79.705296511114909,38.417119709297388],[-79.704974102166346,38.417354583409214],[-79.70469713807141,38.417589956264159],[-79.704434258851194,38.417885096742047],[-79.704217898703035,38.418121138458503],[-79.703553857460165,38.418817179372972],[-79.703291393023548,38.419088476734828],[-79.703105964722823,38.419289092867949],[-79.702844351920476,38.419512711276703],[-79.70264398162351,38.41970124233606],[-79.702429310462605,38.419841926448434],[-79.702260734714258,38.419947354053022],[-79.702016612958346,38.420040027502075],[-79.701620132042549,38.42017869423595],[-79.701178837976613,38.420281102592284],[-79.70088926415167,38.420373264450006],[-79.700659651618864,38.420501859813605],[-79.700474422592023,38.420690551367777],[-79.700334001698408,38.420915509832746],[-79.700175656445552,38.421295249208391],[-79.700018805129105,38.421591553702392],[-79.699910263412804,38.421693673302556],[-79.699825211129124,38.421773692665383],[-79.699818424015305,38.421780079657864],[-79.699642545326498,38.421908472517003],[-79.699637000189242,38.421913981145913],[-79.699628468813088,38.421918748453521],[-79.699480607279696,38.422026687948183],[-79.699158797994372,38.422225785653353],[-79.698731139799492,38.422411786315187],[-79.698537347307322,38.422468609693567],[-79.698070460890932,38.422656904241322],[-79.696735574811569,38.422995053468561],[-79.696166811861772,38.423145392213726],[-79.696080670782834,38.423169157937622],[-79.69580622813281,38.423261476346674],[-79.695742428580473,38.423303279073266],[-79.695535267806235,38.423524742680087],[-79.695501766609411,38.423675630107759],[-79.695530000287548,38.42429559621678],[-79.695609329594404,38.424940252448813],[-79.695632432648353,38.425316458299598],[-79.69563277266667,38.425322010593632],[-79.69565476529867,38.425395626042146],[-79.695689948821595,38.425513396098793],[-79.695802857221821,38.425688103948765],[-79.69583739720251,38.425741551136213],[-79.695877859559872,38.425779346008646],[-79.696031155921617,38.425922533214838],[-79.696045241297938,38.425936009270785],[-79.696195040535784,38.426079342084918],[-79.696447011856904,38.426295248836269],[-79.69645917287346,38.426304052848437],[-79.696673266576141,38.426454236246961],[-79.696883468835225,38.426563869397157],[-79.696963128098645,38.426621891331408],[-79.697033061620402,38.426672827294219],[-79.697046071606039,38.426792191452151],[-79.696968808798559,38.426874784267483],[-79.696694574179674,38.426955185343701],[-79.696313835778,38.427058245790256],[-79.695947612111411,38.42719723219264],[-79.695641134266808,38.427384569796793],[-79.695395907966713,38.427536822937512],[-79.695134243694596,38.42776042199678],[-79.694949839614537,38.427901428128358],[-79.694688601792876,38.428101189547618],[-79.694397914242373,38.4282529349871],[-79.69410679387012,38.428428515328775],[-79.693846408570735,38.428580592595637],[-79.6935537877104,38.428839612178237],[-79.693215916582034,38.429086202052055],[-79.692924147636845,38.429297537792287],[-79.692617012947053,38.429520623812877],[-79.692248402565326,38.429790712782335],[-79.692231669961274,38.429798556347244],[-79.692098239003911,38.429861106983772],[-79.69154820211412,38.430254835419767],[-79.690694569209654,38.430693270901237],[-79.690032193425623,38.431052462942688],[-79.689821290777047,38.431267286626976],[-79.689757660152381,38.431918794805142],[-79.689779541476994,38.432049327722808],[-79.689796025033274,38.43214766471668],[-79.689951292347999,38.432781251269333],[-79.689955683808378,38.43279449799558],[-79.690066275101003,38.433128265050044],[-79.690104343569104,38.433209828335379],[-79.690160940609331,38.433331090428659],[-79.69031525298432,38.433540061216902],[-79.690548984975962,38.433977127361288],[-79.69064542515585,38.434371925961408],[-79.690653984307417,38.434648649158085],[-79.690673926870332,38.434755541436957],[-79.69079021014926,38.434957321245768],[-79.69085732218042,38.435066662025257],[-79.690872053862847,38.435202542686881],[-79.69091647504311,38.435610367405275],[-79.691032422627444,38.435883185065329],[-79.691183586180941,38.436115663174398],[-79.691301626921927,38.436266305439858],[-79.691435609431025,38.436498591305558],[-79.691500649239231,38.43671649940687],[-79.691596117075051,38.437165626725601],[-79.691570848799202,38.437613315522107],[-79.691510739296604,38.438074222808851],[-79.691451362605804,38.438494495507207],[-79.691409284593036,38.438914871241906],[-79.691316162234557,38.439293943951533],[-79.691315905419728,38.439295670166047],[-79.691307221569872,38.439389126424011],[-79.69129250120092,38.439452984303649],[-79.691237526215033,38.439822501983791],[-79.691024769383162,38.440132379928095],[-79.690726238926942,38.440414173776965],[-79.6901282302493,38.440792727384753],[-79.690103732835851,38.440813698503931],[-79.68988609689552,38.441056416569026],[-79.689622286381322,38.44132498812332],[-79.68946129890449,38.441635442098296],[-79.689399244120253,38.4420762300851],[-79.689367836695922,38.442259335612057],[-79.689462048929855,38.442515836546427],[-79.689473225848673,38.44253874940523],[-79.689637451336566,38.442875450398851],[-79.689901631654124,38.443355271363046],[-79.690358959279976,38.444051844286257],[-79.690905725778379,38.444832868371591],[-79.69103717829303,38.445108536339681],[-79.691046120800635,38.445136505763244],[-79.691095134524332,38.44528976794377],[-79.691151965366686,38.445467469685902],[-79.691158108064471,38.445479199053111],[-79.691388199568422,38.445824882125507],[-79.691388729491933,38.445826656437561],[-79.691396108012569,38.445836139533874],[-79.691417672715815,38.445863856107579],[-79.691451576099098,38.445947805469388],[-79.691457862159098,38.44596336765246],[-79.691504733865315,38.446079415444572],[-79.691546542529196,38.446282555869502],[-79.691548943973757,38.446339112924619],[-79.691550130853884,38.446367063278231],[-79.691550931284013,38.446369743272541],[-79.691550335165346,38.446371874695778],[-79.691555101697389,38.446484123666053],[-79.691557178340872,38.446533031587293],[-79.691463646461486,38.44676613993844],[-79.691461936550596,38.446770403186747],[-79.691421847178859,38.446831280522488],[-79.691403318083815,38.446897530352551],[-79.69134031357315,38.446955092238703],[-79.69130606949156,38.447007092962281],[-79.690967244125517,38.447301352318895],[-79.690705061394411,38.447548778391315],[-79.690567823323164,38.447674609177696],[-79.690396760356037,38.447831453837452],[-79.690086513981427,38.448221399640474],[-79.689450646846382,38.449013042690403],[-79.688332815687389,38.450466904298288],[-79.688251849264432,38.450752116291483],[-79.688198820813327,38.451168780606828],[-79.688197641466303,38.45123390821766],[-79.68819299424932,38.451490604802302],[-79.688259934087881,38.451980145214492],[-79.688327999823684,38.453244607391284],[-79.688321522531467,38.453602185176237],[-79.688271606972506,38.454156982010062],[-79.688275410152087,38.454709547039009],[-79.688311221949547,38.455592459788512],[-79.688380656044757,38.456529999048037],[-79.688438217693317,38.456939416941388],[-79.688481091448764,38.457107689346451],[-79.688655043854709,38.457790434038266],[-79.688770053090892,38.458137452708336],[-79.688870986093903,38.458424701607278],[-79.689061362394469,38.458796403845561],[-79.689241089835249,38.459114409622572],[-79.68932580615278,38.459264307561632],[-79.68938011505243,38.459369689195604],[-79.689733595767635,38.460006967274403],[-79.690133838770137,38.460785274148179],[-79.690332929908038,38.46117333426406],[-79.690528322532231,38.461519036422942],[-79.690607278251733,38.461687553772713],[-79.690677071448789,38.461836517003029],[-79.690747309689939,38.461986427782996],[-79.690789644691989,38.462173834134568],[-79.690817508009872,38.462297178913701],[-79.690882667996107,38.462585635633502],[-79.690887703538934,38.462607925453575],[-79.690887343232717,38.462627792115185],[-79.690882960579515,38.46287015020782],[-79.690921975763246,38.463228238776054],[-79.690942912810414,38.463516252087253],[-79.690976960583328,38.46361520237555],[-79.691036951120196,38.463718547987796],[-79.691078607980302,38.463790306439847],[-79.691133577717196,38.463845073479568],[-79.691272239308461,38.463983218658896],[-79.691367313238956,38.464055602650078],[-79.691526510791164,38.464176805258923],[-79.691766273290199,38.464334465638402],[-79.691792532641372,38.464351246390123],[-79.691949921375809,38.464443931827667],[-79.692072583859101,38.464526655154266],[-79.692095455505822,38.464537490152473],[-79.692411913185666,38.464687403035796],[-79.692681132620137,38.464893076417958],[-79.69294992899583,38.465122587482078],[-79.69297453854702,38.465146930396109],[-79.69335215590992,38.465520491175219],[-79.693618591028809,38.465881116371833],[-79.694062866696598,38.466470229813325],[-79.694213229191732,38.46676426919209],[-79.694326514471243,38.466985801006523],[-79.694516260637513,38.467358635251486],[-79.694546184297934,38.467417430009547],[-79.694780804637162,38.467861147591336],[-79.695074351732558,38.468400893231838],[-79.695281878892587,38.468665484467401],[-79.69564080076951,38.468943679249335],[-79.695895318247935,38.469125337631539],[-79.696107489928906,38.469242563030946],[-79.696225643693197,38.469307837500125],[-79.696586289124582,38.469490678349196],[-79.69694758462299,38.469637759009011],[-79.697189087293594,38.469700052956526],[-79.697521778662434,38.469751441652534],[-79.697618792305192,38.469762488526619],[-79.697880416947967,38.469777496848188],[-79.698189532496187,38.469792785410682],[-79.698704779565261,38.469740744831682],[-79.698900616077268,38.469717098403756],[-79.699099078950269,38.469782607801626],[-79.699218442815905,38.469891227912697],[-79.699276731127981,38.470023013591813],[-79.699258571758747,38.470189718428422],[-79.699179014776789,38.470265673609667],[-79.699135137878358,38.470307564477551],[-79.699086004084037,38.470371683271296],[-79.699077812318862,38.470415309052392],[-79.698845493599094,38.470847179928874],[-79.698793251097641,38.470959470300116],[-79.698788734561674,38.471019016047528],[-79.698790229017277,38.471030639647481],[-79.69882865148395,38.471329422192056],[-79.698943087899565,38.471712188714612],[-79.699132264201353,38.472155390030572],[-79.699293472035336,38.472467144818296],[-79.699439306619027,38.472790649277009],[-79.699511048327153,38.473017957089098],[-79.699516594410014,38.473123289063381],[-79.69951701451744,38.473131233885475],[-79.6995223600141,38.473232673304878],[-79.699521207784699,38.473296806734069],[-79.699590085952451,38.473624907177268],[-79.699495248556289,38.474099038008951],[-79.699391843737061,38.474376391870337],[-79.699362554042608,38.474530361188556],[-79.699312199568936,38.474679704323954],[-79.699282459087755,38.474767906196206],[-79.699239286399603,38.474822701432117],[-79.69915987271817,38.474923495079018],[-79.699142786364931,38.474945180162159],[-79.698880740210626,38.475180702076827],[-79.698589012074436,38.475380129997809],[-79.698020714394758,38.475779151213509],[-79.697342903383188,38.476265998319334],[-79.697324088024303,38.476279512636957],[-79.696788618329322,38.476716302168647],[-79.696333723086099,38.477110960024746],[-79.695943074636318,38.477460831178064],[-79.695755709264773,38.477612424116927],[-79.695753416378196,38.477614413323316],[-79.695753005923251,38.477614611320334],[-79.69568144190012,38.477672511840503],[-79.695444222863316,38.477800220397654],[-79.69542109686779,38.477812670111007],[-79.695224766297244,38.477876240076625],[-79.695165987797679,38.477895272284002],[-79.694603992560332,38.478144648894045],[-79.694324543772694,38.478474753582013],[-79.694284848875071,38.478586839069202],[-79.694249145817011,38.478884480845068],[-79.694153005721944,38.479169530886267],[-79.69407288826217,38.479407068149527],[-79.693791773787169,38.47985696045432],[-79.693650143461298,38.480141499966166],[-79.693523668302063,38.480426208343331],[-79.69349556827872,38.480519344545122],[-79.693471226021799,38.480600025995457],[-79.693448518717958,38.481018468202528],[-79.693492150833933,38.481053752594903],[-79.693505654881619,38.481064673029614],[-79.693527000783234,38.481081935908357],[-79.693647230315648,38.481142888012066],[-79.693829196152038,38.481144913916651],[-79.694344111415148,38.481186419798718],[-79.69458608567588,38.481224883337177],[-79.695008943667077,38.48132496669303],[-79.695152543640049,38.481397075419288],[-79.695324586753486,38.481483467040768],[-79.695370071277097,38.48151742034954],[-79.695492169233347,38.48157571945265],[-79.695555316455398,38.481670572370128],[-79.695645178062918,38.481774587175565],[-79.695727126710921,38.481869444207881],[-79.695832234781605,38.48209537769133],[-79.695875944608261,38.482164217141197],[-79.696093110493081,38.482647021135982],[-79.696502251988065,38.483463652037877],[-79.696820475539482,38.484216978511562],[-79.696850302521725,38.484287594751763],[-79.696851376960524,38.484290131763792],[-79.697113172102377,38.484912971115328],[-79.697329264232323,38.485547220274981],[-79.697499436402367,38.486204804853855],[-79.697612174040643,38.486682922946663],[-79.697605454083259,38.48678324307302],[-79.697591428502093,38.486992656827468],[-79.697561657799724,38.487027725193201],[-79.697546294609182,38.487045819619873],[-79.697571997587303,38.487223111166969],[-79.69742524031065,38.487407749152418],[-79.696971337443998,38.487674219893634],[-79.696719226566444,38.487793097700582],[-79.696620153863961,38.487864054602575],[-79.696420434835517,38.488004887538501],[-79.696317305217221,38.488161419264173],[-79.696287597937086,38.488236865620102],[-79.696200751461731,38.488554513534773],[-79.696141839587639,38.488871633706566],[-79.696129602470094,38.488992891180935],[-79.696121038829219,38.489467918465586],[-79.696098913163468,38.490695600976338],[-79.696062995239458,38.491005165404943],[-79.696046744709946,38.491059024631085],[-79.696046029566702,38.491098698176586],[-79.696025265868315,38.491130211949496],[-79.695998466122816,38.491219034124882],[-79.695899870455563,38.491375993607221],[-79.695842294248436,38.491467651174666],[-79.695812410309244,38.491505031973333],[-79.695625031520549,38.491739427798869],[-79.695422074057902,38.492059050096763],[-79.695319124328492,38.492275840897648],[-79.695264393444177,38.492391097920773],[-79.6951522120183,38.492723656980409],[-79.695144503267329,38.492758104476422],[-79.695069717336551,38.493092307476537],[-79.694939787336821,38.493567725085576],[-79.694842123271016,38.493936209010542],[-79.694701537677574,38.494161150656232],[-79.694531697989433,38.494326160539032],[-79.694332813901994,38.494419317619432],[-79.694231176896864,38.494453468688555],[-79.694223495833469,38.494458825797039],[-79.693806119486752,38.494617101022101],[-79.693612514528894,38.494698789948345],[-79.693415513582124,38.494814419726495],[-79.693386422779113,38.494834787597974],[-79.693267082848337,38.494918342620132],[-79.693231149232773,38.494943501264139],[-79.693225860909337,38.494950539792569],[-79.69310680086403,38.495109015743708],[-79.692995897379788,38.495370054450383],[-79.692822604257302,38.495725769138332],[-79.692796786089332,38.495764949963373],[-79.692573042757488,38.496104473158361],[-79.692559446466404,38.496125105211874],[-79.692498517680292,38.496231626577028],[-79.692458183256406,38.496278769330686],[-79.69241075110989,38.496350746038139],[-79.692370272309077,38.496412173113114],[-79.692295229750812,38.496478296750396],[-79.692263697276999,38.49650608287611],[-79.692233887916487,38.496540923642442],[-79.692209222690138,38.496554085308944],[-79.692169872147502,38.496588760536532],[-79.692012617859348,38.496678732400994],[-79.69192461682448,38.496729079532038],[-79.691695820808491,38.496798055013244],[-79.691550678656597,38.496801861893537],[-79.691538118406967,38.49680467112826],[-79.690950407489723,38.496825227824189],[-79.690609924799773,38.496712348081964],[-79.690566991084836,38.496703401095992],[-79.690559820321511,38.496701906994325],[-79.689940570088908,38.496551920995621],[-79.689932341019514,38.496550106819605],[-79.689759208525757,38.49651192805797],[-79.689332684708603,38.496481363710117],[-79.68885774673916,38.496313290282814],[-79.688685835220525,38.496311362841325],[-79.68844230680908,38.496356326800971],[-79.688288474419068,38.49647382094296],[-79.687994901713409,38.496768569195559],[-79.687710304811077,38.497017696900642],[-79.687540422274424,38.497194384002881],[-79.687295726262704,38.497387711934103],[-79.686714201262319,38.497958297094549],[-79.685816316111229,38.49894963923537],[-79.685335081037266,38.499552237079435],[-79.6849002076804,38.500107675883655],[-79.684684396300696,38.500295993147645],[-79.684360236935305,38.500602316079075],[-79.684037596676859,38.500825199730912],[-79.683639551122241,38.501023392886296],[-79.68343976566959,38.501164208530298],[-79.683237812487576,38.501424213735547],[-79.68308027527722,38.501744322522619],[-79.6828434210708,38.502254286259664],[-79.682808091920919,38.50252808437056],[-79.682864854829816,38.502743314826716],[-79.683102987915532,38.502996345757111],[-79.683266796732525,38.503165090500488],[-79.683399618227682,38.503369250886941],[-79.68338707863289,38.503447687307037],[-79.683377074340399,38.503510266610455],[-79.683373914547985,38.503530030426205],[-79.683446433799247,38.503633167832405],[-79.68341567892179,38.503766553950875],[-79.683301470696165,38.503809877141471],[-79.683172437694552,38.503886376366701],[-79.683029706873924,38.50394046278133],[-79.682869497301965,38.503985619995639],[-79.682749426471105,38.504059619911608],[-79.682718924797598,38.504078418534895],[-79.682674749455316,38.504117783172298],[-79.682602454306434,38.50415020082044],[-79.682550384501141,38.504182292036816],[-79.681999111785814,38.504462202562017],[-79.681691614982796,38.504685254399739],[-79.681552271152199,38.504838664012553],[-79.68142614319278,38.505099519551912],[-79.681375638611954,38.505373147976769],[-79.681400541989206,38.50567146928249],[-79.681667274001342,38.506020197333214],[-79.681817221407684,38.506117259478103],[-79.681981035179447,38.506286006018179],[-79.682158280226645,38.506550274831362],[-79.68230606051894,38.506766524333905],[-79.682347875744867,38.50696966437674],[-79.68232727268115,38.507267473351263],[-79.682137205302894,38.507706433044703],[-79.681681655348356,38.508559658587949],[-79.681031881200724,38.51007830520566],[-79.680748385394978,38.510647348983966],[-79.680670366252997,38.510765684907859],[-79.680578260596718,38.510824251403903],[-79.680441730700423,38.510822712863757],[-79.680341577078508,38.510789919284527],[-79.680290906318405,38.510773327426854],[-79.680290660943783,38.510773255439425],[-79.680266933943628,38.510806908302598],[-79.680196362200846,38.510783764174128],[-79.680064131379837,38.510707304389015],[-79.67998225315381,38.5106859685649],[-79.679505782990759,38.510561810146832],[-79.679007581312717,38.510425053372728],[-79.678630083970461,38.510325420003767],[-79.678254586547837,38.510230613912299],[-79.67817471787896,38.510217652090866],[-79.67788098806119,38.51021172251432],[-79.677753363383687,38.510210281396986],[-79.677696717752568,38.51020964171903],[-79.677158508021108,38.510170129628364],[-79.67677502249316,38.510199229507485],[-79.676391451822312,38.510257082634837],[-79.676095890023987,38.510344480952305],[-79.675835824333703,38.510460754246743],[-79.67554563733745,38.510564768451189],[-79.675272149105567,38.510585518335844],[-79.674862567411452,38.510580883769371],[-79.674575439362101,38.510518026949043],[-79.67400140004348,38.510380390454628],[-79.673911973967691,38.510349726798161],[-79.673836732015104,38.510344326669419],[-79.673612551181989,38.510247054295881],[-79.673533984502598,38.510220113579891],[-79.673127910159309,38.510024769377786],[-79.673058591091944,38.509970951315943],[-79.672796731920727,38.509831049520685],[-79.672506921173877,38.509393226521148],[-79.672412646139335,38.509124694375735],[-79.672205671040004,38.508810367079768],[-79.671841731343505,38.508549950596816],[-79.671636383995661,38.508353628242446],[-79.671461344646289,38.508241476035757],[-79.671356807139503,38.50818847429953],[-79.671198953771651,38.508108440695949],[-79.671056802953245,38.508045713862636],[-79.67088930181562,38.507996553516513],[-79.670601308701947,38.50798136370134],[-79.670432914915239,38.508062904273181],[-79.670276181957647,38.508335318538798],[-79.67001988221304,38.509071543505641],[-79.66976160072754,38.509915042358053],[-79.669555186274849,38.510413406651118],[-79.669315792599889,38.511054448865458],[-79.668984723091341,38.511730216196206],[-79.66884226804892,38.512050476162415],[-79.668623742307119,38.512381795983202],[-79.668376630416802,38.51261741824058],[-79.668084668596478,38.512816765617259],[-79.667792920309822,38.513004190585228],[-79.667349692412898,38.513177972152576],[-79.666570520725656,38.513467138775887],[-79.665989872872345,38.513687032931145],[-79.665653709227826,38.513814341314081],[-79.665404393626517,38.513870021481061],[-79.665175996750293,38.513956514553456],[-79.664863148741603,38.51399755480287],[-79.66459378264048,38.513994482950899],[-79.664225110073886,38.5139902776029],[-79.663907738435697,38.514003818204728],[-79.663864026517686,38.514016131020469],[-79.663767971216288,38.514043187847747],[-79.663400581575729,38.514217816177016],[-79.663139596792703,38.514381742299619],[-79.662991002908086,38.514513254379949],[-79.662836949218999,38.514665258337253],[-79.662785109205601,38.514695478176684],[-79.662753944209257,38.514723060275713],[-79.662522640671924,38.514923086308542],[-79.662396645372738,38.515172002279826],[-79.662330008180945,38.515493119122915],[-79.662355495714365,38.515755686934639],[-79.662375800568881,38.515851334985328],[-79.662384102833812,38.515890424605914],[-79.662399941332311,38.51596500305979],[-79.662429106727643,38.516008908012772],[-79.662714927144506,38.516419414795834],[-79.662752306838655,38.516451667624153],[-79.662815236158266,38.516538586293692],[-79.662867444471388,38.516610690967518],[-79.662900269339602,38.516656024440557],[-79.662972370302526,38.516859514810193],[-79.662982914989897,38.517109985926545],[-79.662979078413812,38.517193583847011],[-79.662987223308932,38.517274466123652],[-79.662969679194205,38.517398395011995],[-79.662951795927441,38.517788117723235],[-79.662972911478221,38.518054252049161],[-79.663031125084814,38.518693505928013],[-79.663036416538091,38.51870791329344],[-79.663264505387261,38.519040037980965],[-79.663592944089345,38.519405890328585],[-79.663950668727125,38.519755694520406],[-79.664159542045567,38.519948825182439],[-79.664309053076437,38.520069744637453],[-79.664471977049757,38.520286193281343],[-79.664647869745608,38.520622001519747],[-79.664997456672523,38.521412810319994],[-79.665056784432082,38.521524796457236],[-79.66530641011569,38.521995970455741],[-79.665513542485641,38.522386936870959],[-79.66558530691114,38.52251890639559],[-79.666137030602926,38.523372007893364],[-79.666466318980838,38.523977549639589],[-79.666774590693763,38.524317371148406],[-79.666908066115283,38.524438103391418],[-79.666953485410005,38.524458104779931],[-79.667215410972901,38.524573445340174],[-79.667486318497041,38.524695742623713],[-79.667817915056233,38.524818735261704],[-79.668224277399673,38.525002176181637],[-79.668335716282499,38.525060638203897],[-79.668479797269072,38.52513622291459],[-79.668599641385271,38.525221034500383],[-79.668719046460282,38.525329688210611],[-79.668851426094989,38.525557702080057],[-79.668943056282416,38.52574980012804],[-79.668999715586367,38.525822563724233],[-79.669034374073775,38.525922000009992],[-79.669053664755978,38.525955225830366],[-79.669115315215137,38.526061410338684],[-79.669230770726074,38.526384599597954],[-79.669254562057404,38.526443501799569],[-79.669315215325099,38.526593649371513],[-79.669332613708079,38.52663671722248],[-79.669478866504932,38.526764038601165],[-79.669673297549636,38.526989103415723],[-79.66988646409753,38.527097169931068],[-79.669909313107894,38.527104866203601],[-79.670435620995704,38.527187185707433],[-79.670987150409843,38.527282571936027],[-79.671297683237711,38.527364136538417],[-79.671550330145152,38.527511819013867],[-79.671603300799262,38.527589312772726],[-79.671606391635706,38.52759181344495],[-79.671677656421167,38.527681130661215],[-79.671769568692611,38.52779632982466],[-79.671842151331148,38.527975974633705],[-79.671867136155925,38.52804500551327],[-79.671894200515965,38.528095162350986],[-79.672100864818333,38.528410376940982],[-79.672140604404746,38.528439834360299],[-79.672145929936107,38.528443781822318],[-79.672777149112903,38.528684617191352],[-79.672858909263411,38.528769713459802],[-79.672877031047094,38.528777746461344],[-79.672979993999405,38.528823384616167],[-79.673069499542663,38.528907852267857],[-79.673067091263832,38.529038961780451],[-79.672875593142138,38.529549416094873],[-79.672717508560496,38.529893349790271],[-79.672484426485511,38.530188746509936],[-79.672236607137549,38.530460130174909],[-79.671941949129376,38.530802511927426],[-79.671755265485046,38.53105074710529],[-79.67161431403251,38.531287578627229],[-79.671533400264252,38.531560854425024],[-79.671438848872526,38.531750525889308],[-79.671282507548156,38.53199910547783],[-79.671081076274007,38.53222332670034],[-79.670788601083217,38.532446516596366],[-79.670558138690822,38.532598879137701],[-79.670388147384742,38.532763851177187],[-79.670155705872972,38.533023481706572],[-79.669923045403181,38.533295035122727],[-79.669705335587807,38.533578676589762],[-79.669700494987751,38.53358541627756],[-79.669671910894493,38.533625198175166],[-79.669621334632254,38.533695587535078],[-79.669620897124602,38.533696513344729],[-79.669619628885442,38.533697961500181],[-79.669518413909003,38.533838826635083],[-79.669162592443442,38.53420435039466],[-79.668828247616787,38.534641364168266],[-79.668773782309486,38.534712556793494],[-79.668735061668499,38.534782234268675],[-79.66836561441967,38.535447048122016],[-79.668190781634635,38.53587423405471],[-79.668060588233402,38.536349614758244],[-79.668024303443786,38.536671081816209],[-79.667910602564987,38.53707511916393],[-79.667767214563355,38.537443054499974],[-79.667641410957614,38.537680054107128],[-79.667440173259507,38.537892350439421],[-79.667285779504269,38.538033650763673],[-79.66714568261925,38.53822280081711],[-79.667065624642888,38.538448396540424],[-79.667061957262689,38.53864708492064],[-79.667061664607758,38.538662940060078],[-79.667139340956453,38.538751769699083],[-79.667146763770674,38.538760257453994],[-79.667314369270784,38.538951932894101],[-79.667454261501433,38.539083080371448],[-79.667574735844283,38.539196025085275],[-79.66785276323607,38.539456669074347],[-79.667929177814415,38.539528306538145],[-79.66813020694967,38.539653467088279],[-79.668223804262695,38.539704026071938],[-79.66824140635147,38.539713535218809],[-79.66845741154539,38.53984465755228],[-79.66851901397078,38.539869207351643],[-79.668859217844229,38.539958995079402],[-79.669312292938145,38.540083363132361],[-79.669614926913837,38.540134483687602],[-79.670053929918964,38.540199082260699],[-79.670220423503352,38.540224816331097],[-79.670401434395615,38.540286480872844],[-79.670506349256613,38.540359200474718],[-79.670523561518394,38.540370339542733],[-79.670574333878434,38.540403196734104],[-79.670646240219682,38.540427243684967],[-79.670757641697463,38.540539981185546],[-79.670826074526076,38.54067448916237],[-79.67089195734458,38.540953783259852],[-79.67096948984404,38.541366940509128],[-79.670969114109269,38.54138735453175],[-79.670972889472054,38.541401670748556],[-79.670965869320199,38.541783079254699],[-79.670897487950313,38.542199557780137],[-79.670740240050137,38.542495807505865],[-79.670538999750789,38.542708109845172],[-79.670436153961191,38.542761936366311],[-79.670293759463576,38.542836459088747],[-79.670130114942992,38.542934467326219],[-79.67006724833567,38.542978433081409],[-79.670044446406635,38.543004471682472],[-79.669923820090645,38.543142216428087],[-79.669799334013419,38.543307702387217],[-79.669795603291604,38.543510327155687],[-79.66980331015003,38.543915744529627],[-79.669871946953663,38.544309934697907],[-79.669867996770307,38.544524475570284],[-79.669711617731494,38.544773050997087],[-79.669244672138745,38.545399585750658],[-79.669228040043237,38.545569136594494],[-79.669226653398496,38.545583247976175],[-79.669272578904582,38.545682201199277],[-79.669330518879946,38.545796006806086],[-79.669362496640204,38.545828347426294],[-79.669507310079155,38.545974802140314],[-79.669543752711746,38.546040933685831],[-79.669639512007322,38.546214733028499],[-79.669709251328143,38.546549327249153],[-79.669658225078791,38.546846785918859],[-79.669531975625631,38.547107623812749],[-79.669375806994367,38.547344278807778],[-79.669187090423463,38.547699779490031],[-79.669073598867541,38.548091899132075],[-79.669053584908937,38.54835394337352],[-79.669077128506302,38.548723777454626],[-79.669176560652232,38.549094475224813],[-79.669323994125548,38.549379564983546],[-79.669337800145001,38.54940626712024],[-79.669397160311206,38.549463879295168],[-79.669561515582416,38.549623398337289],[-79.669755310775031,38.549816341963485],[-79.669919411639526,38.549973187504129],[-79.669991346925798,38.550188589536148],[-79.670014187864609,38.550359169203311],[-79.670028912810807,38.550537567848068],[-79.670023329995587,38.550645004453557],[-79.669995686818666,38.550729198450782],[-79.669992795541589,38.550738012192774],[-79.669926243212387,38.55083061967153],[-79.669827010587809,38.550936991188159],[-79.669735769226079,38.551001021869027],[-79.66968992116982,38.551024279880174],[-79.669670468238877,38.551046497933442],[-79.669542990796231,38.551098256999438],[-79.669448514437647,38.551144866180771],[-79.669205261442599,38.551246774879566],[-79.669089066308985,38.55129637959093],[-79.668961901141529,38.551354341069683],[-79.668758269619104,38.551456697561129],[-79.66863084985701,38.551528805639549],[-79.668496122643305,38.551606485170531],[-79.66835716061334,38.551718065395633],[-79.66805370998982,38.552073802239825],[-79.667865850376486,38.55238162489227],[-79.667723083761658,38.552713800391274],[-79.667673587848839,38.552927821544358],[-79.667576356317596,38.553260521418402],[-79.667430726950855,38.553747640939733],[-79.667347792464426,38.554128186764309],[-79.667295873365575,38.554473318106908],[-79.667291032528553,38.554735537181131],[-79.667318748759854,38.554878909345653],[-79.667391783344058,38.555034719665244],[-79.667433139248246,38.555261697136416],[-79.667428517763142,38.555511993771681],[-79.667302020613477,38.555784752632803],[-79.666992497601711,38.556103102410241],[-79.666623255962691,38.556402910277761],[-79.666621537156672,38.556404305893089],[-79.666546697143033,38.556537795362132],[-79.666460846484739,38.556607139821189],[-79.666388178157646,38.556763824220653],[-79.666229554399763,38.557131582595801],[-79.666160906111003,38.557559972596898],[-79.666120413597454,38.558107897296601],[-79.666068485174605,38.558453030411449],[-79.666001377887525,38.558797990485708],[-79.665902806798883,38.559202197465638],[-79.665837902798145,38.559427965028483],[-79.665774097974193,38.559594137687981],[-79.665519535709294,38.560223074221582],[-79.665468927549327,38.560496691502927],[-79.665430432992096,38.560603759614985],[-79.665404898157504,38.560674780852189],[-79.665400769846556,38.560682050910536],[-79.665402977282966,38.560837027871088],[-79.665344735981805,38.560914313111901],[-79.66527382220751,38.560913504463329],[-79.665202908436044,38.560912695771812],[-79.665003867652985,38.560932774189816],[-79.664922490010554,38.560919630885039],[-79.664671625099928,38.560916768231536],[-79.664400148279739,38.560818301271127],[-79.66400700818987,38.56073036002168],[-79.663613210163049,38.560678181932275],[-79.6633098317253,38.560662796350549],[-79.662975868295035,38.560658983703114],[-79.662671824006878,38.560679351835773],[-79.662427400017435,38.560760006080599],[-79.662081964885601,38.560856280987664],[-79.661893221286391,38.560908883413227],[-79.661265971990801,38.561163979995669],[-79.661141999038975,38.561243088545311],[-79.66060525969354,38.561585593680505],[-79.660066645713101,38.56197283756147],[-79.659726921515983,38.562278905778754],[-79.659495009486605,38.562502758817992],[-79.659384762995586,38.562716080119372],[-79.659366038182824,38.562906609788747],[-79.659387180123431,38.563089978769767],[-79.659472928739248,38.563315995127411],[-79.659519108206041,38.563420418559872],[-79.659531010848369,38.563447329780189],[-79.659567052395658,38.563528827823063],[-79.659696819912554,38.563740253396887],[-79.659807048830132,38.563919849146913],[-79.659859094994417,38.564004639317432],[-79.659861808850522,38.564009058980403],[-79.659941831745087,38.564122830320059],[-79.660186779031505,38.564320837692833],[-79.660492699695595,38.564658665040966],[-79.660671224723856,38.564983859606066],[-79.660650712324767,38.56523330710975],[-79.660664048328172,38.565268229210822],[-79.660687590463809,38.565329873964586],[-79.660712869922264,38.565604358991173],[-79.660661128312071,38.565937565432648],[-79.66062235663324,38.566390135743816],[-79.660620280686615,38.566501951416178],[-79.660639167327091,38.566710631927748],[-79.660861307812496,38.566980544231484],[-79.661142206650069,38.567139746487221],[-79.661431263098635,38.567364786034517],[-79.661455252275019,38.567375417620667],[-79.661514656838392,38.567401746357888],[-79.661695064030368,38.567499183230119],[-79.661949613138191,38.567692833195707],[-79.662145201439003,38.567950702965305],[-79.662186031092631,38.568004532014974],[-79.662186770636424,38.568005503794808],[-79.662187967940696,38.568008344379621],[-79.662200145472056,38.568037174301146],[-79.662210585193961,38.568061891884987],[-79.662300951812739,38.568178141318874],[-79.662351497883137,38.568418616848113],[-79.662404107594398,38.568568298696164],[-79.662402534762748,38.5686530597456],[-79.662402392265889,38.568660747955164],[-79.662418349050441,38.568736662379266],[-79.662509675721878,38.569172239233957],[-79.662682086627697,38.569552433709312],[-79.662821838722991,38.569789057511287],[-79.662879443282705,38.569888226338087],[-79.662921525760254,38.569960682617882],[-79.662934683781444,38.569979386668962],[-79.662935830299176,38.569985311685095],[-79.662954280414354,38.570017078437282],[-79.662996956179995,38.570172544327455],[-79.662996078318471,38.57021990579392],[-79.662993863265314,38.570339409525907],[-79.662944117614018,38.570565349918652],[-79.662819568898669,38.57073082568067],[-79.662542532002973,38.570930328017319],[-79.662127085582597,38.571223615013444],[-79.6618344206491,38.571446774113419],[-79.661648471214576,38.571647312120874],[-79.661446676138993,38.571883432395623],[-79.661275245308317,38.572119902340916],[-79.661089958632971,38.572284681393562],[-79.660920298252975,38.572425797304184],[-79.660766702415316,38.572519414428101],[-79.660522674000589,38.572576226253105],[-79.660279755555493,38.572573445744752],[-79.659870046095222,38.572556834595531],[-79.659383539192575,38.572587024682875],[-79.659204560248739,38.572604101942503],[-79.659003948944402,38.572634014916481],[-79.658773801282337,38.572711175178803],[-79.658498520382835,38.572815314161318],[-79.658267896677103,38.572967650424637],[-79.658066533855163,38.573179926249843],[-79.657987072120321,38.573369757990399],[-79.657982413719594,38.573620052870531],[-79.658022638800801,38.573906629802202],[-79.658122708908436,38.574241578843306],[-79.658179890421607,38.574432978235421],[-79.658222338747976,38.574600363456518],[-79.658158499740921,38.574766531858259],[-79.65800267644687,38.574979329607658],[-79.657186880688158,38.575566043930692],[-79.656678732539234,38.575941698828949],[-79.656415287393003,38.57622478743076],[-79.656243829523618,38.57646125024926],[-79.656102298412847,38.576721897168625],[-79.656020602649164,38.577030916080759],[-79.655921949150226,38.577435109271974],[-79.655807223483976,38.577886806350399],[-79.655691827435618,38.578374259322473],[-79.655655015466664,38.578719556293237],[-79.655647906068737,38.579100960890642],[-79.655637905485804,38.579637311170806],[-79.655632129107573,38.579947199938474],[-79.655629460221235,38.580090226039715],[-79.655717453841319,38.580258136104185],[-79.655835815705132,38.58042639851864],[-79.655924256848266,38.580570470171885],[-79.655996844386451,38.580750124323146],[-79.656069876553246,38.580905941943222],[-79.656067878333886,38.581013212004628],[-79.656065880120721,38.581120481163005],[-79.656002475451444,38.581262809739236],[-79.655863313152082,38.581543732026063],[-79.655789287825954,38.581693163449373],[-79.655654464261715,38.582119666964125],[-79.655617769736509,38.582207874058746],[-79.65550928371195,38.582562042591384],[-79.655507313046911,38.582568477552407],[-79.655506099239844,38.582571203086452],[-79.655434485480527,38.582731954610075],[-79.655317096566847,38.582995466584869],[-79.654971247471835,38.58362332493995],[-79.654736355820745,38.584002109065452],[-79.654470650594305,38.584404384466794],[-79.654036348935676,38.584888167929705],[-79.653757451224649,38.585182992449745],[-79.653464036317615,38.585441887332415],[-79.652987282857197,38.585758281889539],[-79.652664157421782,38.585981069015283],[-79.652347293443881,38.58623981989269],[-79.65224771101164,38.586321139170359],[-79.652037386289422,38.586524033437556],[-79.65170685014742,38.586796374798077],[-79.651583574781696,38.586910411481568],[-79.651242800433721,38.587264123812432],[-79.651151854962606,38.587401797583027],[-79.650992697225846,38.58764272736321],[-79.650811369243939,38.587925600041054],[-79.650742361358425,38.588033249782761],[-79.650598552061396,38.588413074351507],[-79.650595624464145,38.588425392563209],[-79.650499627637515,38.588829183623744],[-79.650462560855416,38.589186398262264],[-79.650427504372459,38.589436340542228],[-79.650346663298834,38.589697681369678],[-79.650220488213947,38.589946575288934],[-79.649987786060535,38.590206159534446],[-79.649599868958504,38.590642775885648],[-79.649412496122025,38.590914805952444],[-79.649270681538766,38.591187361589398],[-79.649235861521248,38.591435553404224],[-79.649235616260015,38.59143730599915],[-79.649307081509491,38.591676558881005],[-79.649383890007371,38.59185023775629],[-79.649481952845363,38.592071985526758],[-79.649678367149392,38.592443355782123],[-79.649716675370371,38.592515781115964],[-79.649904726858864,38.593018652835845],[-79.649946711003494,38.593209877575795],[-79.649942468965293,38.593436338018918],[-79.649893785507956,38.593602674220726],[-79.649769833441511,38.593732379152385],[-79.649615506268361,38.593861734311758],[-79.649431700738091,38.593943061472004],[-79.649202778960174,38.594000024203609],[-79.648943037536057,38.59408047396537],[-79.648713443303663,38.594173197010008],[-79.648467768838486,38.594313415109298],[-79.648282619610328,38.594466253987576],[-79.648096794279084,38.594654848382625],[-79.647895340593635,38.594867109708531],[-79.647754405551098,38.595091985867647],[-79.647597387903772,38.595364361698714],[-79.647500893756884,38.59564935989264],[-79.647435671410051,38.595887032840245],[-79.647339851612344,38.596136274143227],[-79.647168315096394,38.59637271967204],[-79.647042116748509,38.596621610375038],[-79.646914795154999,38.596930092156761],[-79.64686658816602,38.59702516746021],[-79.646788596054279,38.597178982542722],[-79.646617949472585,38.597367748169674],[-79.646448643963879,38.597485007240032],[-79.646249411920039,38.597578072917848],[-79.645974918145725,38.597634505554829],[-79.645655304940789,38.597666564800932],[-79.645290797521497,38.597662346113019],[-79.644820199393124,38.597644977324975],[-79.644288852721161,38.597626900108594],[-79.643833221875738,38.597621619262121],[-79.643650297675819,38.597655264399457],[-79.643466022512101,38.597760421682352],[-79.643325072435132,38.597985293896826],[-79.643274347313408,38.598258896009526],[-79.643208658466634,38.598520405178505],[-79.643113041348016,38.598757724846301],[-79.642941259021043,38.599006083187533],[-79.642692862847156,38.599289312539817],[-79.642460326229795,38.599536962661368],[-79.642258163864099,38.599784966563483],[-79.642194491187283,38.599939205017385],[-79.642191123367724,38.600117986536475],[-79.642218353925699,38.600285201931342],[-79.642247920778672,38.600447700821064],[-79.6422596543281,38.600512187444515],[-79.642330876390844,38.600763361612508],[-79.642433379349256,38.60096721300151],[-79.642551742383688,38.60113548832895],[-79.642745153924764,38.601352315267292],[-79.642890035971476,38.601492922849879],[-79.642894345084216,38.601497104559719],[-79.6430131590717,38.60164153776158],[-79.643039621296438,38.601697361232958],[-79.643115437236531,38.601857308029714],[-79.643157635606912,38.602036617944051],[-79.643153818772788,38.602239233915071],[-79.64313549011969,38.602405922529911],[-79.643010389183104,38.602595215257359],[-79.642924125337032,38.602689968165564],[-79.642870771426971,38.602748572292811],[-79.642532798290503,38.60294731550713],[-79.64210436760024,38.603109242597831],[-79.641813308334861,38.603236999222069],[-79.641476231331026,38.603388063189172],[-79.641199684173088,38.603551753021648],[-79.640968252520068,38.603739803184389],[-79.640705988744813,38.603951342463077],[-79.640365759389056,38.604269264016473],[-79.640211390252546,38.604398606696542],[-79.639966117665779,38.604514973174396],[-79.63975234408673,38.604572091313635],[-79.639494127529616,38.604569088185187],[-79.639130486693119,38.60451717452208],[-79.638888138213375,38.604478595580446],[-79.638614958426302,38.604463493461274],[-79.638235229931439,38.604459075456276],[-79.637976341370091,38.604491826500393],[-79.637762564111426,38.604548940048488],[-79.637563300245247,38.604641994752505],[-79.637240947281057,38.604817058380817],[-79.636778956155538,38.605145478563252],[-79.636440732051142,38.605356119456076],[-79.63613378904445,38.605519441989216],[-79.635749990395482,38.60572954958856],[-79.635351002570104,38.60593948145268],[-79.634905769443918,38.606184636806951],[-79.634690855358315,38.60630134087927],[-79.634460075755783,38.606453625603031],[-79.634091460051735,38.606663908466921],[-79.633830523065896,38.606803915979143],[-79.633509054667925,38.606931296584015],[-79.63315788702036,38.607022566735772],[-79.63282167951445,38.607125928202933],[-79.632608115538787,38.607171119855913],[-79.632395463320108,38.607168635297846],[-79.63210708455901,38.60715334116577],[-79.631864276482958,38.607138581909801],[-79.631469574268493,38.607122044683415],[-79.631028166896257,38.607164567299314],[-79.630556151335682,38.607218649358508],[-79.630251229354798,38.607274688521024],[-79.629961719717159,38.607318980786438],[-79.62956633227526,38.607338195307925],[-79.629171404069169,38.607333568839074],[-79.628867382422598,38.607341924866603],[-79.628471767733203,38.607373055086214],[-79.628000664120279,38.607379451041787],[-79.627634974921577,38.607434769864469],[-79.627437053085131,38.6074562895882],[-79.627207391653641,38.607548965348165],[-79.627052540229755,38.607702124344911],[-79.627031382058007,38.607774319488179],[-79.627003791215756,38.6078684530518],[-79.62698496566594,38.608058974313145],[-79.627011938410703,38.608238110051659],[-79.627263129067316,38.608610618869569],[-79.627409162919264,38.608831261942719],[-79.627469880389455,38.608922999130073],[-79.627601593663343,38.609186816915944],[-79.627703607081344,38.609414518216127],[-79.627789304007194,38.609701631147232],[-79.627859801121815,38.609988572054597],[-79.627915112192824,38.610275332114568],[-79.627909437243446,38.610573298999611],[-79.627866796100591,38.611216548569153],[-79.627799904107846,38.611537642449754],[-79.627688348698413,38.611810524178992],[-79.627517618128422,38.611999265343037],[-79.627316731810751,38.612175726782731],[-79.626873019118534,38.612337417932764],[-79.626551740110244,38.612452861021374],[-79.62621413398773,38.612627718160915],[-79.625783561136757,38.612896850672847],[-79.624801565093009,38.61339792964845],[-79.624640353258826,38.613498287574259],[-79.624463266382733,38.613608533344419],[-79.624155347184882,38.613819498711351],[-79.623725446357469,38.614052867058334],[-79.62343362413452,38.614216333457449],[-79.623249508582674,38.614309539754814],[-79.623094408389278,38.614474609602581],[-79.622984426747394,38.614664058883264],[-79.622719793547901,38.614994740369013],[-79.622455612776832,38.615301580660862],[-79.622207308275932,38.615572851082817],[-79.621974875135862,38.615808537268371],[-79.621632677429361,38.616221754114278],[-79.621476887143473,38.616422578800353],[-79.621420742841934,38.616548389079973],[-79.621365753897763,38.616671615867418],[-79.621360047076749,38.616969583367457],[-79.621303751173244,38.61752922239841],[-79.621170806648479,38.618123721411045],[-79.62102517530532,38.618586935485851],[-79.620898159174644,38.618871547272562],[-79.620696554626107,38.619083754539211],[-79.620498806073243,38.619210462944451],[-79.620404249423174,38.619271051433003],[-79.620035754617518,38.619469364625282],[-79.619727799563222,38.619680314750376],[-79.619510310504694,38.619928099487623],[-79.619337708431331,38.620212171529737],[-79.619255807693406,38.620521159683427],[-79.619250838191761,38.620780301983274],[-79.619249761752286,38.620836494029639],[-79.619249178322875,38.620866797752647],[-79.619271795212327,38.621272390217776],[-79.619370369857123,38.621678875490588],[-79.619375250114729,38.621875919575139],[-79.619378934264532,38.622024700023907],[-79.619372533696961,38.622358418693601],[-79.619411714316016,38.622692677972267],[-79.619483793510753,38.622896188585344],[-79.61950317967009,38.622938683319774],[-79.61952754560059,38.622992073871266],[-79.619661997008095,38.623112876103527],[-79.619811410902301,38.623245772227627],[-79.619961282269657,38.623354831311339],[-79.620473506699,38.623587377663988],[-79.620669417323242,38.623673137397702],[-79.620879838681802,38.62379482943907],[-79.62106055860454,38.623880410341407],[-79.621270748362605,38.624014021879823],[-79.621511100080625,38.624159907779685],[-79.621691366487724,38.624269323715524],[-79.621842157721645,38.624330710351501],[-79.62220405822093,38.624478024891211],[-79.622626960382021,38.624614141746946],[-79.623020617934429,38.624690301830121],[-79.623490242937862,38.62476735719703],[-79.624082096161828,38.624810084960885],[-79.624917277050514,38.624843746321751],[-79.625478066458058,38.624921865268917],[-79.625886464795514,38.625022034786909],[-79.626262888212153,38.62520527439905],[-79.626639315847484,38.625388513757429],[-79.626926319629717,38.625549094917432],[-79.627466317620431,38.625851228738561],[-79.627736852431681,38.626009378977194],[-79.628021667466584,38.626215383283942],[-79.628045428711644,38.626236334010137],[-79.628153931208047,38.626332025668916],[-79.628186073200268,38.626360363934324],[-79.628214188857015,38.626479908503541],[-79.628149327589412,38.626693732681979],[-79.628113124564067,38.626774860920833],[-79.62808582200249,38.626836040551545],[-79.628083561155819,38.626954728769192],[-79.628081733303276,38.627050576467717],[-79.628078097728462,38.627241274538939],[-79.628075147036313,38.627396216360715],[-79.628072648261465,38.627527324833913],[-79.628039988128734,38.627646152145708],[-79.627961068465083,38.627800203870606],[-79.627804808207912,38.628024876000289],[-79.627677577006466,38.628321418792495],[-79.627630384821927,38.628486702045741],[-79.627596155023383,38.628606572330391],[-79.62755826212269,38.628999531088979],[-79.6275351735854,38.629142986807594],[-79.62750654856805,38.629320800032211],[-79.627502004452552,38.629559170022731],[-79.627511511169359,38.629857314960944],[-79.627537582688362,38.630084125715634],[-79.627595864465974,38.630215942698335],[-79.62769949635782,38.630360213685258],[-79.627952354790082,38.630649291069226],[-79.628190694299903,38.630902431587103],[-79.62854809879066,38.631288105290793],[-79.62863531226111,38.631385607783685],[-79.628800917392013,38.631570754378878],[-79.628860604466666,38.631637489189615],[-79.628873110038043,38.631659354930562],[-79.628963562084238,38.631817513601],[-79.629290813985321,38.632190906908406],[-79.629453641013953,38.632419321371152],[-79.629533818290739,38.632566705092877],[-79.629571119736354,38.632635278723917],[-79.629611938249809,38.632886107565497],[-79.629592885283685,38.633088546029207],[-79.629597104929658,38.633176399357538],[-79.629603764759565,38.633315175574822],[-79.629644359074803,38.633577921967849],[-79.629792224504257,38.633794235043752],[-79.629854838398543,38.633863009551128],[-79.630000651137181,38.63402318014019],[-79.630303480260679,38.634281037500301],[-79.630838210701867,38.634736343884455],[-79.631062513117683,38.634929706869201],[-79.631332404928713,38.635123608257814],[-79.631739063490912,38.63531910796555],[-79.632145263247921,38.635538438623847],[-79.632538539403981,38.635638406564887],[-79.63294791439715,38.63569087507318],[-79.63322121322372,38.635705992529715],[-79.633463666305659,38.635744590331861],[-79.633689789280325,38.63584260246629],[-79.633869422470667,38.6359877529842],[-79.633911844805894,38.636155151232259],[-79.633953223974231,38.636369522454856],[-79.633953357884891,38.636370215189203],[-79.633918665342733,38.636596318409332],[-79.633864256140356,38.637060609091293],[-79.633765608200605,38.637452860850338],[-79.633512968646841,38.637950602751559],[-79.633279366565461,38.638245906719384],[-79.633015145173275,38.6385527716754],[-79.632859329042972,38.638753613093272],[-79.632748882104934,38.63896690301047],[-79.632498490453401,38.63934546132969],[-79.632340863363979,38.639641649686013],[-79.632245153212111,38.639878954494613],[-79.632086612863276,38.640222818009491],[-79.631913105704911,38.640554584224802],[-79.631644332854336,38.641099820096748],[-79.631484885682639,38.641491359191463],[-79.631323168343144,38.642002077966595],[-79.631240379608286,38.642358748515164],[-79.631249456490693,38.642680728914279],[-79.631243335283813,38.643002530549367],[-79.631161678719565,38.643299607834201],[-79.631066182785347,38.643524994691127],[-79.630814862026668,38.643951217063801],[-79.630612302737092,38.644211117102749],[-79.630395455887793,38.644423156985226],[-79.630179964692317,38.644563692070157],[-79.629903689117697,38.644703509357711],[-79.629673224688148,38.644831944303093],[-79.629365640499415,38.64501908057079],[-79.629088448500539,38.645206570428009],[-79.628904487809621,38.64528786540459],[-79.628644537065881,38.645368266473547],[-79.628460572114619,38.645449556187792],[-79.628198803151562,38.64562530816066],[-79.627952454457571,38.645789313923721],[-79.627737187586661,38.645917924156166],[-79.627476778480215,38.646022161197536],[-79.627079131583443,38.646148629034016],[-79.626590751362329,38.646250186172857],[-79.626179954969217,38.646269204045552],[-79.625920908497903,38.646301921674393],[-79.625660719766927,38.64639423433831],[-79.625490582422671,38.646547212814923],[-79.625318170114667,38.646819376944258],[-79.625189748523084,38.647175505461973],[-79.625093777456854,38.64742472552301],[-79.624875993237865,38.647684430897343],[-79.624642551309506,38.647967796595296],[-79.624316091014862,38.648345436431612],[-79.624083100642807,38.64860496500625],[-79.623879136824058,38.648936361080594],[-79.6236581505961,38.649362926884372],[-79.623496130519769,38.649885552107968],[-79.623383809577476,38.650194182649777],[-79.623287370577259,38.650467235877741],[-79.623048436798697,38.651036646503108],[-79.622763673615935,38.651617429881235],[-79.622561064425952,38.651877312018044],[-79.622266574415661,38.652171876519503],[-79.622048306197144,38.652455415403885],[-79.62189197533236,38.652680074717679],[-79.621687306400716,38.653047224204649],[-79.621371213794561,38.653675325240251],[-79.620742890824857,38.654728906500679],[-79.62011592474515,38.655710972820955],[-79.619926661621207,38.656066376924272],[-79.619751457086636,38.656481552799676],[-79.619515447573775,38.656896011576116],[-79.619343218060578,38.65715624722025],[-79.619142176890918,38.657332692319798],[-79.618849024904108,38.65755573266226],[-79.618601471158499,38.657779313540836],[-79.618369119467133,38.658003069861309],[-79.618213223821172,38.658203890533073],[-79.618071837978761,38.658440645594887],[-79.618096326455301,38.658591221867717],[-79.618112628276208,38.658691473297353],[-79.618261651949865,38.658848209513799],[-79.618501887215629,38.659006023902265],[-79.618908867065855,38.659189647293815],[-79.61916384172811,38.659371478294595],[-79.619402474234917,38.65961271749044],[-79.619610708466368,38.659853600118133],[-79.619894716866298,38.660107295827025],[-79.620100996470057,38.660286819985387],[-79.620283534885431,38.660445682839359],[-79.620360320663281,38.660500841224525],[-79.620688466237908,38.660736566283937],[-79.621003797778002,38.660942943616675],[-79.621334563858383,38.661137582802525],[-79.621756762732431,38.661321379355428],[-79.622073702348331,38.661444325403757],[-79.622466873405429,38.661556249278128],[-79.622785185206297,38.661607680549238],[-79.62322578572882,38.661624792874235],[-79.623954985649902,38.661657217896966],[-79.624212946993595,38.661684093984348],[-79.62478876549342,38.661786233896336],[-79.62491244919093,38.66183348005422],[-79.625271782378931,38.661970731151136],[-79.625678113242131,38.662190089354496],[-79.625978266896524,38.662396280403755],[-79.626307001583442,38.662698170334778],[-79.626436547425101,38.66281897363843]]]},"properties":{"FID":19,"OBJECTID":20,"HUC_8":"5050003","Acres":1052009.2335999999,"Sq_miles":1643.7644275,"Watershed":"Greenbrier","Area_sq_m":4257330004.1199999,"GlobalID":"{DC7DE960-26B3-4944-9B00-3CDA1EF1E9FA}","Shape_Leng":529862.53181399999,"Shape_Area":4257330004.29,"HUC8_2":"5050003"}}]}