{"type":"FeatureCollection","features":[{"type":"Feature","id":1,"geometry":{"type":"LineString","coordinates":[[-80.42976150624834,37.742197777782636],[-80.411640410961013,37.77068333883242]]},"properties":{"Shape_Length":4489.4876890552159,"OBJECTID":1,"Sink_Name":"Lewis Cave","Spring_Nam":"Solomon Spring","Intermedia":" ","County":"Greenbrier","Comment":"Also in Stevens 1988","Reference":"Jones 1997","Ref_Locat":"page 91 dye trace no 32","Area":"Organ Cave Plateau","Orginal_Tr":"Bill Jones 1975"}},{"type":"Feature","id":2,"geometry":{"type":"LineString","coordinates":[[-80.436826558328562,37.718120224007684],[-80.473311769238691,37.696459099708434]]},"properties":{"Shape_Length":5077.9312683187418,"OBJECTID":2,"Sink_Name":"Organ Cave","Spring_Nam":"Organ Cave Resurgence","Intermedia":" ","County":"Greenbrier","Comment":"Also in Stevens 1988","Reference":"Jones 1997","Ref_Locat":"page 91 dye trace no 31","Area":"Organ Cave Plateau","Orginal_Tr":"Organ Cave Project 1981"}},{"type":"Feature","id":3,"geometry":{"type":"LineString","coordinates":[[-80.428685512285867,37.704853180693796],[-80.455105942158838,37.683224392828706]]},"properties":{"Shape_Length":4231.8526605291236,"OBJECTID":3,"Sink_Name":"Helems Cave","Spring_Nam":"Destitute (U.S. 219) Spring","Intermedia":" ","County":"Greenbrier","Comment":"Also in Stevens 1988","Reference":"Jones 1997","Ref_Locat":"page 91 dye trace no 33","Area":"Organ Cave Plateau","Orginal_Tr":"Organ Cave Project 1987"}},{"type":"Feature","id":4,"geometry":{"type":"LineString","coordinates":[[-80.543885714951301,37.778200269995466],[-80.554859704243682,37.755523226557862]]},"properties":{"Shape_Length":3419.0685630191765,"OBJECTID":4,"Sink_Name":"Sinks of the Run Cave","Spring_Nam":"General Davis Resurgence","Intermedia":"General Davis Cave","County":"Greenbrier","Comment":" ","Reference":"Jones 1997","Ref_Locat":"page 91 dye trace no 29","Area":"Davis Spring Basin","Orginal_Tr":"Bill Jones 1971"}},{"type":"Feature","id":5,"geometry":{"type":"LineString","coordinates":[[-80.4926145012642,37.814161002756741],[-80.545355260839756,37.75572334082409]]},"properties":{"Shape_Length":10110.499843629435,"OBJECTID":5,"Sink_Name":"Milligan Creek","Spring_Nam":"Davis Spring","Intermedia":" ","County":"Greenbrier","Comment":" ","Reference":"Jones 1997","Ref_Locat":"page 91 dye trace no 28","Area":"Davis Spring Basin","Orginal_Tr":"Hermine Zotter 1967"}},{"type":"Feature","id":6,"geometry":{"type":"LineString","coordinates":[[-80.447644631528661,37.801306438282282],[-80.545380675077453,37.755655851556725]]},"properties":{"Shape_Length":12637.704814322035,"OBJECTID":6,"Sink_Name":"Lewisburg Sink","Spring_Nam":"Davis Spring","Intermedia":" ","County":"Greenbrier","Comment":" ","Reference":"Jones 1997","Ref_Locat":"page 91 dye trace no 27","Area":"Davis Spring Basin","Orginal_Tr":"Bill Jones 1972"}},{"type":"Feature","id":7,"geometry":{"type":"LineString","coordinates":[[-80.464828749838659,37.960960708037931],[-80.473781460571516,37.944950734249119]]},"properties":{"Shape_Length":2470.190842381588,"OBJECTID":7,"Sink_Name":"Poorfarm Cave","Spring_Nam":"Scout Camp North Spring","Intermedia":" ","County":"Greenbrier","Comment":" ","Reference":"Dasher-Boyer 2000","Ref_Locat":"PO to SN","Area":"Culverson Creek Basin","Orginal_Tr":"George Dasher 1995"}},{"type":"Feature","id":8,"geometry":{"type":"LineString","coordinates":[[-80.450937828410787,37.965922834367554],[-80.463475763053268,37.939628114479817]]},"properties":{"Shape_Length":3965.8860533120287,"OBJECTID":8,"Sink_Name":"Plastic Bag Cave","Spring_Nam":"Picnic Cave","Intermedia":"Handline Cave","County":"Greenbrier","Comment":" ","Reference":"Dasher-Boyer 2000","Ref_Locat":"PB to PC","Area":"Culverson Creek Basin","Orginal_Tr":"George Dasher 1995"}},{"type":"Feature","id":9,"geometry":{"type":"LineString","coordinates":[[-80.457151712386292,37.979468076648409],[-80.447267995777821,37.988731475033653]]},"properties":{"Shape_Length":1709.4625324815529,"OBJECTID":9,"Sink_Name":"Junkpile Sink","Spring_Nam":"Longs Blue Hole (Round Alluvium Spring)","Intermedia":" ","County":"Greenbrier","Comment":" ","Reference":"Dasher-Boyer 2000","Ref_Locat":"JS to RA","Area":"Culverson Creek Basin","Orginal_Tr":"George Dasher 1996"}},{"type":"Feature","id":10,"geometry":{"type":"LineString","coordinates":[[-80.461120477396364,38.012426795752432],[-80.463976012377117,38.001054751826985]]},"properties":{"Shape_Length":1637.7805574101483,"OBJECTID":10,"Sink_Name":"Keese Sink (Little Roaring Creek)","Spring_Nam":"Marshall Springs","Intermedia":" ","County":"Greenbrier","Comment":" ","Reference":"Dasher-Boyer 2000","Ref_Locat":"KE to MA","Area":"Culverson Creek Basin","Orginal_Tr":"Jones and Baroody 1971"}},{"type":"Feature","id":11,"geometry":{"type":"LineString","coordinates":[[-80.468857584293488,38.010268285510222],[-80.464115367128827,38.001194229362255],[-80.460661236165237,37.994859292054478]]},"properties":{"Shape_Length":2360.3995622969351,"OBJECTID":11,"Sink_Name":"Roaring Creek","Spring_Nam":"Marshall Springs","Intermedia":"Windmill Cenote","County":"Greenbrier","Comment":" ","Reference":"Dasher-Boyer 2000","Ref_Locat":"RC to MA","Area":"Culverson Creek Basin","Orginal_Tr":"Jones and Baroody 1971"}},{"type":"Feature","id":12,"geometry":{"type":"LineString","coordinates":[[-80.494222130788245,37.996468059162446],[-80.500307033756926,37.989190920724866]]},"properties":{"Shape_Length":1231.0309771242571,"OBJECTID":12,"Sink_Name":"Pembroke Road South Sink","Spring_Nam":"undetermined location on Sinking Creek","Intermedia":" ","County":"Greenbrier","Comment":" ","Reference":"Dasher-Boyer 2000","Ref_Locat":"PS to ??","Area":"Sinking Creek Basin","Orginal_Tr":"George Dasher 1997"}},{"type":"Feature","id":13,"geometry":{"type":"LineString","coordinates":[[-80.492441706726055,38.005318567298687],[-80.500377393403241,37.989163450846291]]},"properties":{"Shape_Length":2447.1055739891658,"OBJECTID":13,"Sink_Name":"Pembroke Road North Sink","Spring_Nam":"undetermined location on Sinking Creek","Intermedia":" ","County":"Greenbrier","Comment":" ","Reference":"Dasher-Boyer 2000","Ref_Locat":"PN to ??","Area":"Sinking Creek Basin","Orginal_Tr":"George Dasher 1997"}},{"type":"Feature","id":14,"geometry":{"type":"LineString","coordinates":[[-80.554785045260431,37.883349811691929],[-80.564236169160679,37.865159647956432],[-80.572411266742549,37.845848446390562]]},"properties":{"Shape_Length":5643.3683890429629,"OBJECTID":14,"Sink_Name":"Sinking Creek","Spring_Nam":"Piercys Mill Cave","Intermedia":"Alta Sinkhole","County":"Greenbrier","Comment":" ","Reference":"Jones 1997","Ref_Locat":"page 92 dye trace no 2","Area":"Sinking Creek Basin","Orginal_Tr":"Bill Jones 1995"}},{"type":"Feature","id":15,"geometry":{"type":"LineString","coordinates":[[-80.559197010285601,37.880948842863809],[-80.564433568554463,37.865160378413592]]},"properties":{"Shape_Length":2301.5760702571542,"OBJECTID":15,"Sink_Name":"Hughart Creek","Spring_Nam":"Piercys Mill Cave","Intermedia":"Alta Sinkhole","County":"Greenbrier","Comment":" ","Reference":"Jones 1997","Ref_Locat":"page 92 dye trace no 1","Area":"Sinking Creek Basin","Orginal_Tr":"Bill Jones 1995"}},{"type":"Feature","id":16,"geometry":{"type":"LineString","coordinates":[[-80.568905960553863,37.854222087780229],[-80.580065284865782,37.844121274450764]]},"properties":{"Shape_Length":1889.6856043688472,"OBJECTID":16,"Sink_Name":"Piercy overflow","Spring_Nam":"Piercys Cave","Intermedia":" ","County":"Greenbrier","Comment":"This is an overflow water route","Reference":"Bill Balfour 2008","Ref_Locat":"personal communication","Area":"Sinking Creek Basin","Orginal_Tr":"Bill Balfour date unknown"}},{"type":"Feature","id":17,"geometry":{"type":"LineString","coordinates":[[-80.51645967950823,37.884935509912907],[-80.490806266259128,37.886047009253637]]},"properties":{"Shape_Length":2860.0249141158879,"OBJECTID":17,"Sink_Name":"Raders Valley","Spring_Nam":"Milligan Creek","Intermedia":" ","County":"Greenbrier","Comment":" ","Reference":"Jones 1997","Ref_Locat":"page 91 dye trace no 28","Area":"Davis Spring Basin","Orginal_Tr":"Jones 1971"}},{"type":"Feature","id":18,"geometry":{"type":"LineString","coordinates":[[-80.458948258512891,38.008248199058592],[-80.460526526601868,37.994763421046173]]},"properties":{"Shape_Length":1913.070657102184,"OBJECTID":18,"Sink_Name":"Bob Gee Cave","Spring_Nam":"Marshall Springs","Intermedia":" ","County":"Greenbrier","Comment":" ","Reference":"Dasher-Boyer 2000","Ref_Locat":"BG to MA","Area":"Culverson Creek Basin","Orginal_Tr":"George Dasher 1997"}},{"type":"Feature","id":19,"geometry":{"type":"LineString","coordinates":[[-80.458419473305739,38.008495930923409],[-80.449861140948926,38.011374800291691]]},"properties":{"Shape_Length":1035.9027585256797,"OBJECTID":19,"Sink_Name":"Bob Gee Cave","Spring_Nam":"Carr Branch Cave","Intermedia":" ","County":"Greenbrier","Comment":"This is an overflow water route","Reference":"Dasher-Boyer 2000","Ref_Locat":"BG to CB","Area":"Culverson Creek Basin","Orginal_Tr":"George Dasher 1997"}},{"type":"Feature","id":20,"geometry":{"type":"LineString","coordinates":[[-80.4580796909394,37.983060816198105],[-80.451294264644162,37.988783185252004]]},"properties":{"Shape_Length":1106.2456661548715,"OBJECTID":20,"Sink_Name":"Longs Insurgence","Spring_Nam":"Calf Spring","Intermedia":" ","County":"Greenbrier","Comment":" ","Reference":"Dasher-Boyer 2000","Ref_Locat":"LO to CA","Area":"Culverson Creek Basin","Orginal_Tr":"George Dasher 1997"}},{"type":"Feature","id":21,"geometry":{"type":"LineString","coordinates":[[-80.483755655495386,37.981118129360986],[-80.484599903877509,37.982151099434894]]},"properties":{"Shape_Length":173.53860494664752,"OBJECTID":21,"Sink_Name":"Piper Cub Sink","Spring_Nam":"Locust Ridge Spring","Intermedia":" ","County":"Greenbrier","Comment":" ","Reference":"Dasher-Boyer 2000","Ref_Locat":"PP to LU","Area":"Culverson Creek Basin","Orginal_Tr":"George Dasher 1997"}},{"type":"Feature","id":22,"geometry":{"type":"LineString","coordinates":[[-80.493035704232938,38.000600472197767],[-80.500306280070419,37.989301992383517]]},"properties":{"Shape_Length":1789.477862029984,"OBJECTID":22,"Sink_Name":"Pembroke Road Central Sink","Spring_Nam":"undetermined location on Sinking Creek","Intermedia":" ","County":"Greenbrier","Comment":" ","Reference":"Dasher-Boyer 2000","Ref_Locat":"PM to ??","Area":"Sinking Creek Basin","Orginal_Tr":"George Dasher 1997"}},{"type":"Feature","id":23,"geometry":{"type":"LineString","coordinates":[[-80.457755603937713,37.959373269783711],[-80.463510825197133,37.939628274592749]]},"properties":{"Shape_Length":2860.0671025039146,"OBJECTID":23,"Sink_Name":"CY Pit","Spring_Nam":"Picnic Cave","Intermedia":"Handline Cave","County":"Greenbrier","Comment":" ","Reference":"Dasher-Boyer 2000","Ref_Locat":"CY to PC","Area":"Culverson Creek Basin","Orginal_Tr":"George Dasher 1997"}},{"type":"Feature","id":24,"geometry":{"type":"LineString","coordinates":[[-80.459405793843288,37.944774487221622],[-80.46337037539908,37.939655403108844]]},"properties":{"Shape_Length":846.70369176005943,"OBJECTID":24,"Sink_Name":"AWOL Insurgence #1","Spring_Nam":"Picnic Cave","Intermedia":"Handline Cave","County":"Greenbrier","Comment":" ","Reference":"Dasher-Boyer 2000","Ref_Locat":"A1 to PC","Area":"Culverson Creek Basin","Orginal_Tr":"George Dasher 1996"}},{"type":"Feature","id":25,"geometry":{"type":"LineString","coordinates":[[-80.458456607862956,37.945103348244039],[-80.463370778742657,37.939599867287797]]},"properties":{"Shape_Length":950.13015174869861,"OBJECTID":25,"Sink_Name":"AWOL Insurgence #2","Spring_Nam":"Picnic Cave","Intermedia":"Handline Cave","County":"Greenbrier","Comment":" ","Reference":"Dasher-Boyer 2000","Ref_Locat":"A2 to PC","Area":"Culverson Creek Basin","Orginal_Tr":"George Dasher 1996"}},{"type":"Feature","id":26,"geometry":{"type":"LineString","coordinates":[[-80.454905235168155,37.946419851548384],[-80.458664727751341,37.940633526360422]]},"properties":{"Shape_Length":917.76040839377822,"OBJECTID":26,"Sink_Name":"Stove Cave","Spring_Nam":"Briar Patch Spring","Intermedia":" ","County":"Greenbrier","Comment":" ","Reference":"Dasher-Boyer 2000","Ref_Locat":"ST to PC","Area":"Culverson Creek Basin","Orginal_Tr":"George Dasher 1995"}},{"type":"Feature","id":27,"geometry":{"type":"LineString","coordinates":[[-80.45488070127945,37.982949479486145],[-80.44729545547942,37.98857887664856],[-80.44729503866111,37.988634412254235],[-80.447225284479316,37.988578546724142]]},"properties":{"Shape_Length":1178.7236366425886,"OBJECTID":27,"Sink_Name":"Millers Cave","Spring_Nam":"Longs Blue Hole (Round Alluvium Spring)","Intermedia":" ","County":"Greenbrier","Comment":" ","Reference":"Dasher-Boyer 2000","Ref_Locat":"MI to RA","Area":"Culverson Creek Basin","Orginal_Tr":"George Dasher 1996"}},{"type":"Feature","id":28,"geometry":{"type":"LineString","coordinates":[[-80.454193446967949,37.981002488204133],[-80.447259953161065,37.988634247292147]]},"properties":{"Shape_Length":1325.7336830287054,"OBJECTID":28,"Sink_Name":"Miller Cave #2","Spring_Nam":"Longs Blue Hole (Round Alluvium Spring)","Intermedia":" ","County":"Greenbrier","Comment":" ","Reference":"Dasher-Boyer 2000","Ref_Locat":"ML to RA","Area":"Culverson Creek Basin","Orginal_Tr":"George Dasher 1996"}},{"type":"Feature","id":29,"geometry":{"type":"LineString","coordinates":[[-80.395899212474461,37.949394513816301],[-80.380070766912567,37.967239294589184]]},"properties":{"Shape_Length":3074.4530281673078,"OBJECTID":29,"Sink_Name":"Seep Cave #2","Spring_Nam":"Matts Black Cave","Intermedia":" ","County":"Greenbrier","Comment":"Matts is the resurgence for Culverson Creek","Reference":"Dasher-Boyer 2000","Ref_Locat":"S2 to MB","Area":"Culverson Creek Basin","Orginal_Tr":"George Dasher 1995"}},{"type":"Feature","id":30,"geometry":{"type":"LineString","coordinates":[[-80.405499330049409,37.950443087772321],[-80.380223190355011,37.967370992427881]]},"properties":{"Shape_Length":3691.7734462683566,"OBJECTID":30,"Sink_Name":"Pilgrims Rest Cave","Spring_Nam":"Matts Black Cave","Intermedia":" ","County":"Greenbrier","Comment":"Matts is the resurgence for Culverson Creek","Reference":"Dasher-Boyer 2000","Ref_Locat":"PR to MB","Area":"Culverson Creek Basin","Orginal_Tr":"Balfour and Jones date unknown"}},{"type":"Feature","id":31,"geometry":{"type":"LineString","coordinates":[[-80.453045572511385,37.941843252515113],[-80.380388288127818,37.967399910936344]]},"properties":{"Shape_Length":8856.4481777561741,"OBJECTID":31,"Sink_Name":"Culverson Creek Cave","Spring_Nam":"Matts Black Cave","Intermedia":" ","County":"Greenbrier","Comment":"There are five resurgences at or near Matts","Reference":"Jones 1997","Ref_Locat":"page 91 dye trace no 12","Area":"Culverson Creek Basin","Orginal_Tr":"Bill Jones 1971"}},{"type":"Feature","id":32,"geometry":{"type":"LineString","coordinates":[[-80.374600808366566,37.912854671185244],[-80.363438997517932,37.960136446016691]]},"properties":{"Shape_Length":6788.2401691028863,"OBJECTID":32,"Sink_Name":"The Hole (Boggs Hole)","Spring_Nam":"Leggs Spring","Intermedia":"Burns Cave #2","County":"Greenbrier","Comment":" ","Reference":"Jones 1997","Ref_Locat":"page 91 dye trace no 17","Area":"The Hole Basin","Orginal_Tr":"Zotter and Maus 1966"}},{"type":"Feature","id":33,"geometry":{"type":"LineString","coordinates":[[-80.384277576489779,37.921676578866609],[-80.363473110142522,37.960247705427136]]},"properties":{"Shape_Length":5916.5338009858588,"OBJECTID":33,"Sink_Name":"Frankford Water Trough","Spring_Nam":"Leggs Spring","Intermedia":"Burns Cave #2","County":"Greenbrier","Comment":" ","Reference":"Jones 1997","Ref_Locat":"page 91 dye trace no 16","Area":"The Hole Basin","Orginal_Tr":"Charlie Williams 1974"}},{"type":"Feature","id":34,"geometry":{"type":"LineString","coordinates":[[-80.392659536318646,37.946767575452171],[-80.370431429790585,37.962728787497298],[-80.370466976126394,37.962673440510628]]},"properties":{"Shape_Length":3355.4812727667704,"OBJECTID":34,"Sink_Name":"Reynolds Swallowhole","Spring_Nam":"Boggs Bluehole","Intermedia":" ","County":"Greenbrier","Comment":" ","Reference":"Dasher-Boyer 2000","Ref_Locat":"RS to BB","Area":"The Hole Basin","Orginal_Tr":"George Dasher 1994"}},{"type":"Feature","id":35,"geometry":{"type":"LineString","coordinates":[[-80.369032831944978,37.949919948445853],[-80.37029137704792,37.96270026943057]]},"properties":{"Shape_Length":1809.7872348585909,"OBJECTID":35,"Sink_Name":"Frankford Water Trough","Spring_Nam":"Boggs Bluehole","Intermedia":" ","County":"Greenbrier","Comment":"This is an overflow water route","Reference":"Jones 1997","Ref_Locat":"page 91 dye trace no 16","Area":"The Hole Basin","Orginal_Tr":"Charlie Williams 1976"}},{"type":"Feature","id":36,"geometry":{"type":"LineString","coordinates":[[-80.399710085996929,37.976036269920968],[-80.38960550510113,37.98386595802566]]},"properties":{"Shape_Length":1577.334885394376,"OBJECTID":36,"Sink_Name":"Buckeye Creek Cave","Spring_Nam":"Spencer Cave","Intermedia":" ","County":"Greenbrier","Comment":"Buckeye is a walk-through cave","Reference":"Jones 1997","Ref_Locat":"page 91 dye trace no 21","Area":"Buckeye Creek Basin","Orginal_Tr":"none"}},{"type":"Feature","id":37,"geometry":{"type":"LineString","coordinates":[[-80.392122012300405,37.977948992299005],[-80.390923527659027,37.982885596656857]]},"properties":{"Shape_Length":709.84088038434561,"OBJECTID":37,"Sink_Name":"Hughes Sink","Spring_Nam":"Spencer Cave","Intermedia":"Buckeye Creek Cave","County":"Greenbrier","Comment":" ","Reference":"Dasher-Boyer 2000","Ref_Locat":"HS to SC","Area":"Buckeye Creek Basin","Orginal_Tr":"George Dasher 1996"}},{"type":"Feature","id":38,"geometry":{"type":"LineString","coordinates":[[-80.394657569173589,37.976768019286048],[-80.393996003085945,37.980430064626262]]},"properties":{"Shape_Length":522.39050308563833,"OBJECTID":38,"Sink_Name":"Old School Cave","Spring_Nam":"Spencer Cave","Intermedia":"Buckeye Creek Cave","County":"Greenbrier","Comment":" ","Reference":"Dasher-Boyer 2000","Ref_Locat":"OS to SC","Area":"Buckeye Creek Basin","Orginal_Tr":"George Dasher 1996"}},{"type":"Feature","id":39,"geometry":{"type":"LineString","coordinates":[[-80.403804162395886,37.964929763683955],[-80.401241526706784,37.965194435120381],[-80.400409010322292,37.97311682336035]]},"properties":{"Shape_Length":1410.2383167153266,"OBJECTID":39,"Sink_Name":"Spout Cave","Spring_Nam":"Upper Buckeye Cave","Intermedia":"McMillon Bluehole","County":"Greenbrier","Comment":" ","Reference":"Jones 1997","Ref_Locat":"no map number","Area":"Buckeye Creek Basin","Orginal_Tr":"Williams and Jones date unknown"}},{"type":"Feature","id":40,"geometry":{"type":"LineString","coordinates":[[-80.390650123605695,37.969277574784165],[-80.387317929958769,37.973481093995581],[-80.3861734762868,37.976113142666684]]},"properties":{"Shape_Length":1092.8755541307021,"OBJECTID":40,"Sink_Name":"Sisslar Spring","Spring_Nam":"Rubble Spring","Intermedia":"Callisons Pond Cave","County":"Greenbrier","Comment":" ","Reference":"Dasher-Boyer 2000","Ref_Locat":"SS to RU","Area":"Spring Creek Basin","Orginal_Tr":"George Dasher 1994"}},{"type":"Feature","id":41,"geometry":{"type":"LineString","coordinates":[[-80.391550391827238,37.966449835589053],[-80.387248236862376,37.973425193560033]]},"properties":{"Shape_Length":1095.2373794866285,"OBJECTID":41,"Sink_Name":"Baber Pit #2","Spring_Nam":"Rubble Spring","Intermedia":"Callisons Pond Cave","County":"Greenbrier","Comment":" ","Reference":"Dasher-Boyer 2000","Ref_Locat":"BP to RU","Area":"Spring Creek Basin","Orginal_Tr":"George Dasher 1994"}},{"type":"Feature","id":42,"geometry":{"type":"LineString","coordinates":[[-80.453539133877939,37.955687021475441],[-80.452699976248539,37.960070582139785]]},"properties":{"Shape_Length":625.90499355735062,"OBJECTID":42,"Sink_Name":"Browns Diesel Sink","Spring_Nam":"Browns Spring","Intermedia":" ","County":"Greenbrier","Comment":" ","Reference":"Dasher-Boyer 2000","Ref_Locat":"BD to BW","Area":"Culverson Creek Basin","Orginal_Tr":"George Dasher 1997"}},{"type":"Feature","id":43,"geometry":{"type":"LineString","coordinates":[[-80.405545196231188,37.953454960835515],[-80.380424266553263,37.967334652708949]]},"properties":{"Shape_Length":3414.7418504392454,"OBJECTID":43,"Sink_Name":"Tin Cave","Spring_Nam":"Matts Black Cave","Intermedia":" ","County":"Greenbrier","Comment":"Matts is the resurgence for Culverson Creek","Reference":"Dasher-Boyer 2000","Ref_Locat":"TC to MB","Area":"Culverson Creek Basin","Orginal_Tr":"George Dasher 1995"}},{"type":"Feature","id":44,"geometry":{"type":"LineString","coordinates":[[-80.394148478630711,37.953341287055459],[-80.380069901834929,37.967342135521243]]},"properties":{"Shape_Length":2522.6662112167865,"OBJECTID":44,"Sink_Name":"Booth Cave","Spring_Nam":"Matts Black Cave","Intermedia":" ","County":"Greenbrier","Comment":"Matts is the resurgence for Culverson Creek","Reference":"Dasher-Boyer 2000","Ref_Locat":"BO to MB","Area":"Culverson Creek Basin","Orginal_Tr":"George Dasher 1995"}},{"type":"Feature","id":45,"geometry":{"type":"LineString","coordinates":[[-80.386036215508014,37.967322401602914],[-80.38035215249721,37.967483866895073]]},"properties":{"Shape_Length":633.15762903754512,"OBJECTID":45,"Sink_Name":"Sawpit Sink","Spring_Nam":"Matts Black Cave","Intermedia":" ","County":"Greenbrier","Comment":"Matts is the resurgence for Culverson Creek","Reference":"Dasher-Boyer 2000","Ref_Locat":"SW to MB","Area":"Culverson Creek Basin","Orginal_Tr":"George Dasher 1996"}},{"type":"Feature","id":46,"geometry":{"type":"LineString","coordinates":[[-80.408015804011015,37.973207480998141],[-80.406262385102877,37.972935720191821]]},"properties":{"Shape_Length":198.92657543283838,"OBJECTID":46,"Sink_Name":"Osborne Insurgence","Spring_Nam":"Cliff Spring","Intermedia":"Fuells Fruit Cave","County":"Greenbrier","Comment":"Cliff Spring is a small estavelle","Reference":"Dasher-Boyer 2000","Ref_Locat":"OI to CF","Area":"Buckeye Creek Basin","Orginal_Tr":"George Dasher 1994"}},{"type":"Feature","id":47,"geometry":{"type":"LineString","coordinates":[[-80.404867142464838,37.975136865560657],[-80.403321790444508,37.97765004818401]]},"properties":{"Shape_Length":394.40797828464804,"OBJECTID":47,"Sink_Name":"Clutetown Pit","Spring_Nam":"Rock Spring","Intermedia":" ","County":"Greenbrier","Comment":" ","Reference":"Dasher-Boyer-2000","Ref_Locat":"CL to RO","Area":"Buckeye Creek Basin","Orginal_Tr":"George Dasher 1996"}},{"type":"Feature","id":48,"geometry":{"type":"LineString","coordinates":[[-80.407869984982526,37.977732505416924],[-80.403321160725497,37.977727792323186]]},"properties":{"Shape_Length":506.37323744765035,"OBJECTID":48,"Sink_Name":"Deer Insurgence","Spring_Nam":"Rock Spring","Intermedia":" ","County":"Greenbrier","Comment":" ","Reference":"Dasher-Boyer 2000","Ref_Locat":"DI to RO","Area":"Buckeye Creek Basin","Orginal_Tr":"Jack Lake date unknown"}},{"type":"Feature","id":49,"geometry":{"type":"LineString","coordinates":[[-80.405901630667941,37.978676237566006],[-80.403969552121168,37.978049390882347]]},"properties":{"Shape_Length":232.58428982899082,"OBJECTID":49,"Sink_Name":"Short Stuff Cave","Spring_Nam":"Apple Spring","Intermedia":" ","County":"Greenbrier","Comment":" ","Reference":"Dasher-Boyer 2000","Ref_Locat":"SH to AS","Area":"Buckeye Creek Basin","Orginal_Tr":"Jack Lake date unknown"}},{"type":"Feature","id":50,"geometry":{"type":"LineString","coordinates":[[-80.403921154486909,37.980811581475521],[-80.403886797520556,37.978058321362468]]},"properties":{"Shape_Length":388.8531090588296,"OBJECTID":50,"Sink_Name":"Turner Pit #2","Spring_Nam":"Apple Spring","Intermedia":" ","County":"Greenbrier","Comment":" ","Reference":"Dasher-Boyer 2000","Ref_Locat":"T2 to AS","Area":"Buckeye Creek Basin","Orginal_Tr":"George Dasher 1994"}},{"type":"Feature","id":51,"geometry":{"type":"LineString","coordinates":[[-80.396137051327401,38.016055003245953],[-80.376339522751806,37.974511774547167]]},"properties":{"Shape_Length":6268.4735025586342,"OBJECTID":51,"Sink_Name":"Esty Cave #1","Spring_Nam":"Cannon Hole","Intermedia":" ","County":"Greenbrier","Comment":"The Cannon Hole is a large estavelle","Reference":"Dasher-Boyer 2000","Ref_Locat":"E1 to CH","Area":"Spring Creek Basin","Orginal_Tr":"George Dasher 1995"}},{"type":"Feature","id":52,"geometry":{"type":"LineString","coordinates":[[-80.393303756836445,38.015904509877195],[-80.376292962172315,37.974532509242053]]},"properties":{"Shape_Length":6143.2318028026748,"OBJECTID":52,"Sink_Name":"Boarhole","Spring_Nam":"Cannon Hole","Intermedia":" ","County":"Greenbrier","Comment":"The Cannon Hole is a large estavelle","Reference":"Dasher-Boyer 2000","Ref_Locat":"BH to CH","Area":"Spring Creek Basin","Orginal_Tr":"George Dasher 1995"}},{"type":"Feature","id":53,"geometry":{"type":"LineString","coordinates":[[-80.385301670286708,37.897163059775082],[-80.545338740821677,37.755674501595202]]},"properties":{"Shape_Length":26739.599897505806,"OBJECTID":53,"Sink_Name":"Luddington Cave","Spring_Nam":"Davis Spring","Intermedia":" ","County":"Greenbrier","Comment":" ","Reference":"Jones 1997","Ref_Locat":"page 91 dye trace no 26","Area":"Davis Spring Basin","Orginal_Tr":"Julian Coward 1970"}},{"type":"Feature","id":54,"geometry":{"type":"LineString","coordinates":[[-80.408325580850232,37.929501249337235],[-80.545397901171341,37.755663000774213]]},"properties":{"Shape_Length":28867.419857379115,"OBJECTID":54,"Sink_Name":"Higganbothams #4 Cave","Spring_Nam":"Davis Spring","Intermedia":" ","County":"Greenbrier","Comment":" ","Reference":"Jones 1997","Ref_Locat":"page 91 dye trace no 25","Area":"Davis Spring Basin","Orginal_Tr":"Bill Jones 1989"}},{"type":"Feature","id":55,"geometry":{"type":"LineString","coordinates":[[-80.39102298283909,38.021088290300064],[-80.375844997492948,37.975497818549677],[-80.376196640315968,37.974560847805577]]},"properties":{"Shape_Length":6796.1882560917538,"OBJECTID":55,"Sink_Name":"The Portal","Spring_Nam":"Cannon Hole","Intermedia":" ","County":"Greenbrier","Comment":"The Cannon Hole is a large estavalle","Reference":"Dasher-Boyer 2000","Ref_Locat":"TP to CH","Area":"Spring Creek Basin","Orginal_Tr":"George Dasher 1995"}},{"type":"Feature","id":56,"geometry":{"type":"LineString","coordinates":[[-80.388805660443509,38.02739023599807],[-80.376259743371435,37.974542823831811]]},"properties":{"Shape_Length":7595.1743321503836,"OBJECTID":56,"Sink_Name":"Dry Run Insurgence","Spring_Nam":"Cannon Hole","Intermedia":" ","County":"Greenbrier","Comment":"The Cannon Hole is a large estavelle","Reference":"Dasher-Boyer 2000","Ref_Locat":"DR to CH","Area":"Spring Creek Basin","Orginal_Tr":"George Dasher 1997"}},{"type":"Feature","id":57,"geometry":{"type":"LineString","coordinates":[[-80.376208731639707,37.974306512010799],[-80.376008099209201,37.970032039554987]]},"properties":{"Shape_Length":604.02365631025793,"OBJECTID":57,"Sink_Name":"Cannon Hole","Spring_Nam":"Circulating Cenote","Intermedia":" ","County":"Greenbrier","Comment":"The Cannon Hole is a large estavelle","Reference":"Jones 1997","Ref_Locat":"page 87","Area":"Spring Creek Basin","Orginal_Tr":"Williams and Jones 1976"}},{"type":"Feature","id":58,"geometry":{"type":"LineString","coordinates":[[-80.375926695674764,37.96988201402452],[-80.375565023161613,37.969356518238136]]},"properties":{"Shape_Length":84.422908756949099,"OBJECTID":58,"Sink_Name":"Circulating Cenote","Spring_Nam":"Grapevine Cenote","Intermedia":" ","County":"Greenbrier","Comment":"There is an overflow channel to Spring Creek","Reference":"Jones 1997","Ref_Locat":"text on page 84","Area":"Spring Creek Basin","Orginal_Tr":"Bill Jones date unknown"}},{"type":"Feature","id":59,"geometry":{"type":"LineString","coordinates":[[-80.375399051328031,37.969430434258243],[-80.374688160544778,37.969697795405928]]},"properties":{"Shape_Length":87.680290021267396,"OBJECTID":59,"Sink_Name":"Grapevine Cenote","Spring_Nam":"JJ Spring","Intermedia":" ","County":"Greenbrier","Comment":" ","Reference":"Jones 1997","Ref_Locat":"text on page 84","Area":"Spring Creek Basin","Orginal_Tr":"Bill Jones date unknown"}},{"type":"Feature","id":60,"geometry":{"type":"LineString","coordinates":[[-80.375748712467541,37.968509868390193],[-80.376128729477131,37.966318009328965]]},"properties":{"Shape_Length":312.37639874493641,"OBJECTID":60,"Sink_Name":"Spur Cave","Spring_Nam":"Spur Cave Resurgence","Intermedia":" ","County":"Greenbrier","Comment":"This is a short cut for Spring Creek","Reference":"Jones 1997","Ref_Locat":"page 87","Area":"Spring Creek Basin","Orginal_Tr":"Jack Lake date unknown"}},{"type":"Feature","id":61,"geometry":{"type":"LineString","coordinates":[[-80.39527419883575,37.957340070058088],[-80.400217539809347,37.973187235254287]]},"properties":{"Shape_Length":2304.2858936327139,"OBJECTID":61,"Sink_Name":"Locust Spring Cave #2","Spring_Nam":"Upper Buckeye Cave","Intermedia":" ","County":"Greenbrier","Comment":" ","Reference":"Dasher-Boyer 2000","Ref_Locat":"L2 to UB","Area":"Buckeye Creek Basin","Orginal_Tr":"George Dasher 1995"}},{"type":"Feature","id":62,"geometry":{"type":"LineString","coordinates":[[-80.466154586841213,37.975401659528053],[-80.466569573468192,37.973860805110419]]},"properties":{"Shape_Length":222.44552553775222,"OBJECTID":62,"Sink_Name":"Beaver Run Cave","Spring_Nam":"Knights Spring Cave","Intermedia":" ","County":"Greenbrier","Comment":" ","Reference":"Dasher-Boyer 2000","Ref_Locat":"BR to KS","Area":"Culverson Creek Basin","Orginal_Tr":"George Dasher 1996"}},{"type":"Feature","id":63,"geometry":{"type":"LineString","coordinates":[[-79.259899543424211,39.002208919608698],[-79.265736161929837,38.986615526555973]]},"properties":{"Shape_Length":2326.030462871799,"OBJECTID":63,"Sink_Name":"Quarry Sink","Spring_Nam":"Smoke Hole Caverns","Intermedia":" ","County":"Grant","Comment":"The main spring for the caverns is in the river","Reference":"Jones 1997","Ref_Locat":"page 73 left map","Area":"Jordan Run area","Orginal_Tr":"Bill Jones 1981"}},{"type":"Feature","id":64,"geometry":{"type":"LineString","coordinates":[[-79.599239078943214,38.980563335150848],[-79.614414123205108,38.966246942651701]]},"properties":{"Shape_Length":2656.2895647598175,"OBJECTID":64,"Sink_Name":"Shavers Mountain Cave","Spring_Nam":"Three Springs","Intermedia":" ","County":"Randolph","Comment":"This water moves along the side of the mountain","Reference":"Jones 1997","Ref_Locat":"page 75","Area":"Shavers Mountain","Orginal_Tr":"Rocky Parsons 1983"}},{"type":"Feature","id":65,"geometry":{"type":"LineString","coordinates":[[-79.619424209004322,38.950426765902094],[-79.614522389061463,38.966202771644632]]},"properties":{"Shape_Length":2323.4325438032006,"OBJECTID":65,"Sink_Name":"Schmidlin Ground Hog Hole","Spring_Nam":"Three Springs","Intermedia":" ","County":"Randolph","Comment":"This water moves along the side of the mountain","Reference":"Jones 1997","Ref_Locat":"page 75","Area":"Shavers Mounain","Orginal_Tr":"Rocky Parsons date unknown"}},{"type":"Feature","id":66,"geometry":{"type":"LineString","coordinates":[[-80.402517009544411,37.948005800208747],[-80.380247437681177,37.96729632293664]]},"properties":{"Shape_Length":3682.8321222795548,"OBJECTID":66,"Sink_Name":"Double Stream","Spring_Nam":"Matts Black Cave","Intermedia":" ","County":"Greenbrier","Comment":"Matts is the resurgence for Culverson Creek","Reference":"Dasher-Boyer 2000","Ref_Locat":"DS to MB","Area":"Culverson Creek Basin","Orginal_Tr":"George Dasher 1995"}},{"type":"Feature","id":67,"geometry":{"type":"LineString","coordinates":[[-80.379073323435151,38.071735766721197],[-80.376233039152964,37.974566286225262]]},"properties":{"Shape_Length":13734.767955991556,"OBJECTID":67,"Sink_Name":"Rockcamp Run Sink","Spring_Nam":"Cannon Hole","Intermedia":" ","County":"Greenbrier","Comment":"The Cannon Hole is a large estavelle","Reference":"Jones 1997","Ref_Locat":"page 85","Area":"Upper Spring Creek Basin","Orginal_Tr":"unknown"}},{"type":"Feature","id":68,"geometry":{"type":"LineString","coordinates":[[-80.338038807669321,38.062395119513006],[-80.34165233479861,38.059455518854648],[-80.376153703540339,37.974544883775444]]},"properties":{"Shape_Length":13175.945193987172,"OBJECTID":68,"Sink_Name":"Friars Hole Cave","Spring_Nam":"Cannon Hole","Intermedia":" ","County":"Poca-Green","Comment":"The Cannon Hole is a large estavelle","Reference":"Jones 1997","Ref_Locat":"page 85","Area":"Upper Spring Creek Basin","Orginal_Tr":"Charlie Williams 1976"}},{"type":"Feature","id":69,"geometry":{"type":"LineString","coordinates":[[-80.277282073589745,38.119869389464696],[-80.281723410829784,38.115981982388853],[-80.341719445238539,38.033707770538797],[-80.376104229724376,37.974518394836139]]},"properties":{"Shape_Length":23351.119162130824,"OBJECTID":69,"Sink_Name":"Hills Creek","Spring_Nam":"Cannon Hole","Intermedia":" ","County":"Poca-Green","Comment":"The Cannon Hole is a large estavalle","Reference":"Jones 1997","Ref_Locat":"page 85","Area":"Upper Spring Creek Basin","Orginal_Tr":"Bill Jones 1981"}},{"type":"Feature","id":70,"geometry":{"type":"LineString","coordinates":[[-80.334461585053916,38.036483532574145],[-80.341677483135001,38.033698877259233]]},"properties":{"Shape_Length":894.50415293440653,"OBJECTID":70,"Sink_Name":"Browns Cave","Spring_Nam":"Cannon Hole","Intermedia":"Zotters Folly Cave","County":"Greenbrier","Comment":"The Cannon Hole is a large estavalle","Reference":"Jones 1997","Ref_Locat":"page 85","Area":"Upper Spring Creek Basin","Orginal_Tr":"Charlie Williams 1976"}},{"type":"Feature","id":71,"geometry":{"type":"LineString","coordinates":[[-80.308599626114983,38.036475847385098],[-80.341267749855803,38.033674003099321]]},"properties":{"Shape_Length":3658.0957437845414,"OBJECTID":71,"Sink_Name":"Fox Cave","Spring_Nam":"Cannon Hole","Intermedia":"Zotters Folly Cave","County":"Greenbrier","Comment":"The Cannon Hole is a large estavelle","Reference":"Jones 1997","Ref_Locat":"page 85","Area":"Upper Spring Creek Basin","Orginal_Tr":"Charlie Williams 1976"}},{"type":"Feature","id":72,"geometry":{"type":"LineString","coordinates":[[-80.288518306266411,38.100967874213417],[-80.376068030313363,37.974489353084863]]},"properties":{"Shape_Length":20360.485371400879,"OBJECTID":72,"Sink_Name":"Rush Run","Spring_Nam":"Cannon Hole","Intermedia":" ","County":"Poca-Green","Comment":"The Cannon Hole is a large estavelle","Reference":"Jones 1997","Ref_Locat":"page 85","Area":"Upper Spring Creek Basin","Orginal_Tr":"Bill Jones 1982"}},{"type":"Feature","id":73,"geometry":{"type":"LineString","coordinates":[[-80.278455525777403,38.121071286551519],[-80.253273549287712,38.112684325951044]]},"properties":{"Shape_Length":3044.0786068724788,"OBJECTID":73,"Sink_Name":"Bruffy Creek (lower sink)","Spring_Nam":"Locust Spring","Intermedia":" ","County":"Poca-Green","Comment":"This is an overflow water route","Reference":"Jones 1997","Ref_Locat":"page 85","Area":"Locust Spring Basin","Orginal_Tr":"Bill Jones 1981"}},{"type":"Feature","id":74,"geometry":{"type":"LineString","coordinates":[[-80.277278996859906,38.119856599888521],[-80.253242634665526,38.112649695204773]]},"properties":{"Shape_Length":2863.4363193094214,"OBJECTID":74,"Sink_Name":"Hills Creek","Spring_Nam":"Locust Spring","Intermedia":" ","County":"Pocahontas","Comment":" ","Reference":"Jones 1997","Ref_Locat":"page 85","Area":"Locust Spring Basin","Orginal_Tr":"Bill Jones 1981"}},{"type":"Feature","id":75,"geometry":{"type":"LineString","coordinates":[[-80.288479486469726,38.10095464728667],[-80.25326611662706,38.112544298102208]]},"properties":{"Shape_Length":4249.027480008026,"OBJECTID":75,"Sink_Name":"Rush Run Cave","Spring_Nam":"Locust Spring","Intermedia":" ","County":"Pocahontas","Comment":"This is an overflow water route","Reference":"Jones 1997","Ref_Locat":"page 85","Area":"Locust Spring Basin","Orginal_Tr":"Bill Jones 1982"}},{"type":"Feature","id":76,"geometry":{"type":"LineString","coordinates":[[-80.278638964453378,38.1211208461174],[-80.254034729557205,38.130076697486459]]},"properties":{"Shape_Length":3017.926519516715,"OBJECTID":76,"Sink_Name":"Bruffy Creek (lower sink)","Spring_Nam":"Hughes Creek Cave","Intermedia":"General Averell Pit","County":"Pocahontas","Comment":"This is an overflow water route","Reference":"Jones 1997","Ref_Locat":"page 85","Area":"Locust Spring Basin","Orginal_Tr":"Bill Jones 1981"}},{"type":"Feature","id":77,"geometry":{"type":"LineString","coordinates":[[-80.254257376102046,38.130042992187505],[-80.253198979237666,38.11304780255027],[-80.253185040079416,38.112676764678795]]},"properties":{"Shape_Length":2460.2449756549668,"OBJECTID":77,"Sink_Name":"Hughes Creek Cave","Spring_Nam":"Locust Spring","Intermedia":" ","County":"Pocahontas","Comment":"This is a bifuricating stream","Reference":"Jones 1997","Ref_Locat":"page 85","Area":"Locust Spring Basin","Orginal_Tr":"unknown"}},{"type":"Feature","id":78,"geometry":{"type":"LineString","coordinates":[[-80.285010441675766,38.12945404965744],[-80.253946528471033,38.130005899311058]]},"properties":{"Shape_Length":3458.9007532468859,"OBJECTID":78,"Sink_Name":"Bruffy Creek (upper sink)","Spring_Nam":"Hughes Creek Cave","Intermedia":" ","County":"Pocahontas","Comment":" ","Reference":"Jones 1997","Ref_Locat":"page 85","Area":"Locust Spring Basin","Orginal_Tr":"Bill Jones 1981"}},{"type":"Feature","id":79,"geometry":{"type":"LineString","coordinates":[[-79.063329792304572,38.911720623624873],[-79.080546453882363,38.916352368758787]]},"properties":{"Shape_Length":2027.8741161718096,"OBJECTID":79,"Sink_Name":"Elkhorn Mountain Sink","Spring_Nam":"Spring Run Spring","Intermedia":" ","County":"Grant","Comment":" ","Reference":"Jones 1997","Ref_Locat":"page 73 right map","Area":"Spring Run Spring Basin","Orginal_Tr":"Bill Jones 1995"}},{"type":"Feature","id":80,"geometry":{"type":"LineString","coordinates":[[-80.152897125353576,38.208044576780182],[-80.144161093657132,38.202969010732971]]},"properties":{"Shape_Length":1209.4368549897479,"OBJECTID":80,"Sink_Name":"Friels Cave","Spring_Nam":"Cave Creek Cave","Intermedia":" ","County":"Pocahontas","Comment":"Also in Storrick 1992 page 188","Reference":"Jones 1997","Ref_Locat":"page 83","Area":"Swago Creek Basin","Orginal_Tr":"Hermine Zotter 1964"}},{"type":"Feature","id":81,"geometry":{"type":"LineString","coordinates":[[-80.156068184594716,38.214725909162567],[-80.144322944020203,38.203055869007542]]},"properties":{"Shape_Length":2107.8207207061123,"OBJECTID":81,"Sink_Name":"Tub Cave","Spring_Nam":"Cave Creek Cave","Intermedia":" ","County":"Pocahontas","Comment":"Also in Storrick 1992 pages 188 and 190","Reference":"Jones 1997","Ref_Locat":"page 83","Area":"Swago Creek Basin","Orginal_Tr":"Hermine Zotter 1965"}},{"type":"Feature","id":82,"geometry":{"type":"LineString","coordinates":[[-80.139819511634485,38.225899120126819],[-80.147284539493285,38.219099315518015]]},"properties":{"Shape_Length":1272.3706671917746,"OBJECTID":82,"Sink_Name":"Hause Waterfall Cave","Spring_Nam":"Swago Pit","Intermedia":" ","County":"Pocahontas","Comment":"Also in Storrick 1992 page 188","Reference":"Jones 1997","Ref_Locat":"page 83","Area":"Swago Creek Basin","Orginal_Tr":"Hermine Zotter 1962"}},{"type":"Feature","id":83,"geometry":{"type":"LineString","coordinates":[[-80.15440880492379,38.218165550357803],[-80.151167416579042,38.21205897815819]]},"properties":{"Shape_Length":937.42482659586767,"OBJECTID":83,"Sink_Name":"Carpenters Pit","Spring_Nam":"Barnes Pit","Intermedia":" ","County":"Pocahontas","Comment":"Also in Storrick 1992 page 188","Reference":"Jones 1997","Ref_Locat":"page 83","Area":"Swago Creek Basin","Orginal_Tr":"Hermine Zotter 1962"}},{"type":"Feature","id":84,"geometry":{"type":"LineString","coordinates":[[-80.147230243520895,38.219098920997041],[-80.154463596766234,38.218123105977611]]},"properties":{"Shape_Length":816.99754116768747,"OBJECTID":84,"Sink_Name":"Swago Pit","Spring_Nam":"Carpenters Pit","Intermedia":" ","County":"Pocahontas","Comment":"Also in Storrick 1992 page 188","Reference":"Jones 1997","Ref_Locat":"page 83","Area":"Swago Creek Basin","Orginal_Tr":"Hermine Zotter 1962"}},{"type":"Feature","id":85,"geometry":{"type":"LineString","coordinates":[[-80.131548476675206,38.236419475458248],[-80.136613816050925,38.230630728978547]]},"properties":{"Shape_Length":995.47249143294653,"OBJECTID":85,"Sink_Name":"Beveridge Pit","Spring_Nam":"Wolfs Swallow Hole","Intermedia":" ","County":"Pocahontas","Comment":"Also in Storrick 1992 page 188","Reference":"Jones 1997","Ref_Locat":"page 83","Area":"Swago Creek Basin","Orginal_Tr":"Hermine Zotter 1961"}},{"type":"Feature","id":86,"geometry":{"type":"LineString","coordinates":[[-80.131932018673965,38.24070621931569],[-80.13051026854852,38.238007908258645],[-80.129980293971911,38.236491093214113],[-80.129371895572703,38.23389306001031],[-80.134008522063908,38.20489424236812]]},"properties":{"Shape_Length":5152.3595210644953,"OBJECTID":86,"Sink_Name":"Dynamite Pit","Spring_Nam":"Dry Creek Resurgence","Intermedia":" ","County":"Pocahontas","Comment":"Also in Storrick 1992 pages 188 and 190","Reference":"Jones 1997","Ref_Locat":"page 83","Area":"Swago Creek Basin","Orginal_Tr":"Hermine Zotter 1962"}},{"type":"Feature","id":87,"geometry":{"type":"LineString","coordinates":[[-80.117684988897793,38.242617125735194],[-80.10621318741093,38.232799486328659]]},"properties":{"Shape_Length":1888.6193401787327,"OBJECTID":87,"Sink_Name":"Stony Mountain Sink","Spring_Nam":"Price Run Resurgence","Intermedia":" ","County":"Pocahontas","Comment":"This is a bifurcating stream","Reference":"Jones 1997","Ref_Locat":"page 83","Area":"Price Run Area","Orginal_Tr":"Hermine Zotter 1965"}},{"type":"Feature","id":88,"geometry":{"type":"LineString","coordinates":[[-80.117718700873766,38.242591040732719],[-80.106264130870699,38.235605294448987]]},"properties":{"Shape_Length":1614.3723085007211,"OBJECTID":88,"Sink_Name":"Stony Mountain Sink","Spring_Nam":"Sharp Run Resurgence","Intermedia":" ","County":"Pocahontas","Comment":"This is a bifurcating stream","Reference":"Jones 1997","Ref_Locat":"page 83","Area":"Price Run Area","Orginal_Tr":"Hermine Zotter 1965"}},{"type":"Feature","id":89,"geometry":{"type":"LineString","coordinates":[[-80.117718700873766,38.242591040732719],[-80.106437187716907,38.237394115798779]]},"properties":{"Shape_Length":1455.9181176661241,"OBJECTID":89,"Sink_Name":"Stony Mountain Sink","Spring_Nam":"Sharp Run Resurgence","Intermedia":" ","County":"Pocahontas","Comment":"This is a bifurcating stream","Reference":"Jones 1997","Ref_Locat":"page 83","Area":"Price Run Area","Orginal_Tr":"Hermine Zotter 1965"}},{"type":"Feature","id":90,"geometry":{"type":"LineString","coordinates":[[-80.148586923280405,38.251705655319775],[-80.128161697798348,38.269279428112618]]},"properties":{"Shape_Length":3373.0109672680555,"OBJECTID":90,"Sink_Name":"Day Mountain Sink (Turkey Roost Cave)","Spring_Nam":"North Stoney Creek Mountain Spring","Intermedia":" ","County":"Pocahontas","Comment":" ","Reference":"Jones 1997","Ref_Locat":"page 81 left map","Area":"Edray Area","Orginal_Tr":"Doug Medville December 1974"}},{"type":"Feature","id":91,"geometry":{"type":"LineString","coordinates":[[-80.133634430341942,38.243717531509745],[-80.11027452470934,38.245063346140647]]},"properties":{"Shape_Length":2607.3999585395522,"OBJECTID":91,"Sink_Name":"Dry Creek Swallow Hole","Spring_Nam":"Sharp Resurgence","Intermedia":" ","County":"Pocahontas","Comment":"Also in Storrick pages 188 and 189","Reference":"Jones 1997","Ref_Locat":"page 83","Area":"Price Run Area","Orginal_Tr":"Hermine Zotter 1963"}},{"type":"Feature","id":92,"geometry":{"type":"LineString","coordinates":[[-80.146800557760912,38.268131215072678],[-80.128606901056528,38.269539780627163]]},"properties":{"Shape_Length":2035.1319281789022,"OBJECTID":92,"Sink_Name":"Stony Creek Sink","Spring_Nam":"North Stoney Creek Mountain Spring","Intermedia":" ","County":"Pocahontas","Comment":" ","Reference":"Jones 1997","Ref_Locat":"page 81 left map","Area":"Edray Area","Orginal_Tr":"Doug Medville unknown date"}},{"type":"Feature","id":93,"geometry":{"type":"LineString","coordinates":[[-80.124119759618495,38.285926112362048],[-80.110174358961899,38.274464556182096]]},"properties":{"Shape_Length":2247.6064618406299,"OBJECTID":93,"Sink_Name":"Red Lick Mountain Sink","Spring_Nam":"McLaughlin Spring","Intermedia":" ","County":"Pocahontas","Comment":"Also documented in Medvilles 1976","Reference":"Jones 1997","Ref_Locat":"page 81 left map","Area":"Edray Area","Orginal_Tr":"Doug Medville May 1974"}},{"type":"Feature","id":94,"geometry":{"type":"LineString","coordinates":[[-80.108409410177117,38.284470447671659],[-80.109260204582696,38.274351482485798]]},"properties":{"Shape_Length":1438.0768321454814,"OBJECTID":94,"Sink_Name":"Wolfpen Ridge Sink","Spring_Nam":"McLaughlin Spring","Intermedia":" ","County":"Pocahontas","Comment":" ","Reference":"Jones 1997","Ref_Locat":"page 81 left map","Area":"Edray Area","Orginal_Tr":"Doug Medville 1974"}},{"type":"Feature","id":95,"geometry":{"type":"LineString","coordinates":[[-80.064983148831928,38.296518850812866],[-80.084906916756083,38.292194829535923]]},"properties":{"Shape_Length":2301.1398810054307,"OBJECTID":95,"Sink_Name":"Indian Draft Sink","Spring_Nam":"McKenney Spring","Intermedia":" ","County":"Pocahontas","Comment":" ","Reference":"Jones 1997","Ref_Locat":"page 81 left map","Area":"Edray Area","Orginal_Tr":"Doug Medville September 1974"}},{"type":"Feature","id":96,"geometry":{"type":"LineString","coordinates":[[-80.055019413891216,38.351379663761797],[-80.046164394047196,38.36382553487617]]},"properties":{"Shape_Length":2023.2100212445309,"OBJECTID":96,"Sink_Name":"Clover Lick Creek Upper Sink","Spring_Nam":"Upper Clover Lick Valley (Thomas) Spring","Intermedia":" ","County":"Pocahontas","Comment":" ","Reference":"Jones 1997","Ref_Locat":"page 81 right map","Area":"Clover Lick Creek Area","Orginal_Tr":"Medville and Werner September 1974"}},{"type":"Feature","id":97,"geometry":{"type":"LineString","coordinates":[[-80.029461151095319,38.364224178122704],[-80.020938127020756,38.354200997845176]]},"properties":{"Shape_Length":1710.2428855397091,"OBJECTID":97,"Sink_Name":"Falling Rock Cave","Spring_Nam":"Gardner Cave Spring","Intermedia":" ","County":"Pocahontas","Comment":"Also documented in Medvilles 1976","Reference":"Jones 1997","Ref_Locat":"page 81 right map","Area":"Clover Lick Creek Area","Orginal_Tr":"Medville and Werner unknown date"}},{"type":"Feature","id":98,"geometry":{"type":"LineString","coordinates":[[-80.024934500852765,38.326560520119642],[-80.020490363564008,38.353523998881762],[-80.020503561612159,38.353523366984568]]},"properties":{"Shape_Length":3860.1640650807963,"OBJECTID":98,"Sink_Name":"Walt Allen Cave","Spring_Nam":"Gardner Cave Spring","Intermedia":" ","County":"Pocahontas","Comment":" ","Reference":"Jones 1997","Ref_Locat":"page 81 right map","Area":"Clover Lick Creek Area","Orginal_Tr":"Medville and Werner 1974"}},{"type":"Feature","id":99,"geometry":{"type":"LineString","coordinates":[[-80.026773092626243,38.342428144159953],[-80.026177119724039,38.347805855056386]]},"properties":{"Shape_Length":766.17385950954952,"OBJECTID":99,"Sink_Name":"Canis Majoris Cave","Spring_Nam":"Canis Majoris Resrugence","Intermedia":" ","County":"Pocahontas","Comment":" ","Reference":"Jones 1997","Ref_Locat":"page 81 right map","Area":"Clover Lick Creek Area","Orginal_Tr":"Medville and Werner summer 1972"}},{"type":"Feature","id":100,"geometry":{"type":"LineString","coordinates":[[-80.136612296999772,38.23075923552306],[-80.139928956978792,38.216603814613414]]},"properties":{"Shape_Length":2039.5163834634623,"OBJECTID":100,"Sink_Name":"Wolfs Swallow Hole","Spring_Nam":"Hause Waterfall Cave","Intermedia":" ","County":"Pocahontas","Comment":"Also in Storrick 1992 page 188","Reference":"Jones 1997","Ref_Locat":"page 83","Area":"Clover Lick Creek Area","Orginal_Tr":"Hermine Zotter 1961"}},{"type":"Feature","id":101,"geometry":{"type":"LineString","coordinates":[[-80.09973434713902,38.282928752550433],[-80.105746613232128,38.271881185513678]]},"properties":{"Shape_Length":1703.5723715092518,"OBJECTID":101,"Sink_Name":"Edray(Allen Sharp) Sink","Spring_Nam":"Averill Spring (Salmon Cave)","Intermedia":" ","County":"Pocahontas","Comment":"Also documented in Medvilles 1976","Reference":"Jones 1997","Ref_Locat":"page 81 left map","Area":"Edray Area","Orginal_Tr":"Doug Medville March 1974"}},{"type":"Feature","id":102,"geometry":{"type":"LineString","coordinates":[[-80.083436654012033,38.416721597588698],[-80.11939237902908,38.416877803653684]]},"properties":{"Shape_Length":4002.6345283248988,"OBJECTID":102,"Sink_Name":"Sharps Cave","Spring_Nam":"Big Spring Fork Spring","Intermedia":" ","County":"Pocahontas","Comment":"Also documented in Medvilles 1976","Reference":"NSS Bulletin V39n1","Ref_Locat":"pages 18 and 25","Area":"Big Springs Fork Area","Orginal_Tr":"Doug Medville May 1974"}},{"type":"Feature","id":103,"geometry":{"type":"LineString","coordinates":[[-80.117614199856774,38.364196935892025],[-80.122014086134641,38.409875137737032]]},"properties":{"Shape_Length":6505.6468207528042,"OBJECTID":103,"Sink_Name":"Mill Creek Sink","Spring_Nam":"Old Field Fork Spring","Intermedia":" ","County":"Pocahontas","Comment":"Also documented in Jones 1997","Reference":"NSS Bulletin V39n1","Ref_Locat":"pages 18 and 25","Area":"Old Fields Fork Area","Orginal_Tr":"Doug Medville August 1974"}},{"type":"Feature","id":104,"geometry":{"type":"LineString","coordinates":[[-80.080820273916103,38.413444944552438],[-80.119583662692406,38.416759748572581]]},"properties":{"Shape_Length":4340.744099068158,"OBJECTID":104,"Sink_Name":"Cemetary Swallowhole","Spring_Nam":"Big Spring Fork Spring","Intermedia":" ","County":"Pocahontas","Comment":"Also documented in Medvilles 1976","Reference":"NSS Bulletin V39n1","Ref_Locat":"pages 18 and 25","Area":"Big Springs Fork Area","Orginal_Tr":"Doug Medville April 1974"}},{"type":"Feature","id":105,"geometry":{"type":"LineString","coordinates":[[-80.055730904749069,38.402027618420895],[-80.061395367418683,38.416178594936518]]},"properties":{"Shape_Length":2106.8971817414986,"OBJECTID":105,"Sink_Name":"Mill Run Sink","Spring_Nam":"Mill Run Spring","Intermedia":" ","County":"Pocahontas","Comment":"Also documented in Jones 1997","Reference":"NSS Bulletin V39n1","Ref_Locat":"pages 18 and 25","Area":"Big Springs Fork Area","Orginal_Tr":"Doug Medville April 1974"}},{"type":"Feature","id":106,"geometry":{"type":"LineString","coordinates":[[-80.044702208954178,38.44687778595604],[-80.04427805412142,38.420985752568527]]},"properties":{"Shape_Length":3679.8565341626613,"OBJECTID":106,"Sink_Name":"Beales Insurgence","Spring_Nam":"Linwood Spring (Linwood Water Cave)","Intermedia":" ","County":"Pocahontas","Comment":"This is an overflow water route","Reference":"NSS Bulletin V39n1","Ref_Locat":"pages 18 and 25","Area":"Big Springs Fork Area","Orginal_Tr":"Doug Medville Mar 1974"}},{"type":"Feature","id":107,"geometry":{"type":"LineString","coordinates":[[-80.075640823346475,38.48339565618015],[-80.11407423217284,38.468206825273619]]},"properties":{"Shape_Length":4792.6151351906356,"OBJECTID":107,"Sink_Name":"Simmons-Mingo Cave","Spring_Nam":"My Cave","Intermedia":" ","County":"Rand-Poca","Comment":"Also documented in Jones 1997","Reference":"NSS Bulletin V39n1","Ref_Locat":"pages 18 and 25","Area":"Upper Elk River","Orginal_Tr":"Doug Medville November 1973"}},{"type":"Feature","id":108,"geometry":{"type":"LineString","coordinates":[[-80.044810430793078,38.446964676778151],[-80.094293052935413,38.460559958101449],[-80.114129331239099,38.468143183610124]]},"properties":{"Shape_Length":8294.8603317061134,"OBJECTID":108,"Sink_Name":"Beales Insurgence","Spring_Nam":"My Cave","Intermedia":" ","County":"Pocahontas","Comment":"Also documented in Jones 1997","Reference":"NSS Bulletin V39n1","Ref_Locat":"pages 18 and 25","Area":"Upper Elk River","Orginal_Tr":"Doug Medville 1972 and 1983"}},{"type":"Feature","id":109,"geometry":{"type":"LineString","coordinates":[[-80.119533440579843,38.468725367872473],[-80.114224121467885,38.468165252999441]]},"properties":{"Shape_Length":596.37178693874137,"OBJECTID":109,"Sink_Name":"Black Hole (Sinks of the Elk River)","Spring_Nam":"My Cave","Intermedia":" ","County":"Pocahontas","Comment":"Also documented in Medvilles 1995","Reference":"NSS Bulletin V39n1","Ref_Locat":"pages 18 and 25","Area":"Upper Elk River","Orginal_Tr":"Doug Medville December 1974"}},{"type":"Feature","id":110,"geometry":{"type":"LineString","coordinates":[[-80.114167597673585,38.468176832076203],[-80.149272248010675,38.529197419061511],[-80.149272478877691,38.529177771747484]]},"properties":{"Shape_Length":9521.4667054935526,"OBJECTID":110,"Sink_Name":"My Cave","Spring_Nam":"Cowgar Mill (Elk River) Springs","Intermedia":" ","County":"Pocahontas","Comment":"Also documented in Medvilles 1976 and 1995","Reference":"Jones 1997","Ref_Locat":"page 79","Area":"Upper Elk River","Orginal_Tr":"Doug Medville unknown date"}},{"type":"Feature","id":111,"geometry":{"type":"LineString","coordinates":[[-80.109462834866392,38.485536370242819],[-80.14919813789804,38.529118285146126]]},"properties":{"Shape_Length":7615.9810327022906,"OBJECTID":111,"Sink_Name":"Falling Springs Cave","Spring_Nam":"Cowger Mill (Elk River) Springs","Intermedia":" ","County":"Pocahontas","Comment":"Also documented in Medvilles 1995","Reference":"NSS Bulletin V39n1","Ref_Locat":"pages 18 and 25","Area":"Upper Elk River","Orginal_Tr":"Doug Medville 1972 and 1973"}},{"type":"Feature","id":112,"geometry":{"type":"LineString","coordinates":[[-79.95158221239177,38.400308222493507],[-79.941449199817214,38.41119442738372]]},"properties":{"Shape_Length":1914.1310088496161,"OBJECTID":112,"Sink_Name":"Cass Cave","Spring_Nam":"Cass Cave Spring","Intermedia":" ","County":"Pocahontas","Comment":"This spring is on Leatherbark Run","Reference":"Jones 1997","Ref_Locat":"page 77","Area":"Back Allegheny Mountain","Orginal_Tr":"Mike Balister unknown date"}},{"type":"Feature","id":113,"geometry":{"type":"LineString","coordinates":[[-79.91237762325018,38.440679897223056],[-79.912307393859592,38.435029920680307]]},"properties":{"Shape_Length":803.00785754378887,"OBJECTID":113,"Sink_Name":"Wanless Cave","Spring_Nam":"Cup Run","Intermedia":" ","County":"Pocahontas","Comment":" ","Reference":"Jones 1997","Ref_Locat":"page 77","Area":"Back Allegheny Mountain","Orginal_Tr":"Mike Balister unknown date"}},{"type":"Feature","id":114,"geometry":{"type":"LineString","coordinates":[[-79.908030217449522,38.443942621564624],[-79.89627244627512,38.458539709652413]]},"properties":{"Shape_Length":2453.2410173020526,"OBJECTID":114,"Sink_Name":"Cemetary Sink","Spring_Nam":"Trout Run Spring (Cassell Cave Rise)","Intermedia":" ","County":"Pocahontas","Comment":" ","Reference":"Jones 1997","Ref_Locat":"page 77","Area":"Back Allegheny Mountain","Orginal_Tr":"Mike Balister unknown date"}},{"type":"Feature","id":115,"geometry":{"type":"LineString","coordinates":[[-79.890530012533787,38.47334428233939],[-79.891923882546067,38.467103882716003]]},"properties":{"Shape_Length":900.74344315568351,"OBJECTID":115,"Sink_Name":"Horrible Hole","Spring_Nam":"Overhang Cave Rise","Intermedia":" ","County":"Pocahontas","Comment":" ","Reference":"Jones 1997","Ref_Locat":"page 77","Area":"Back Allegheny Mountain","Orginal_Tr":"Mike Balister unknown date"}},{"type":"Feature","id":116,"geometry":{"type":"LineString","coordinates":[[-79.873667743522091,38.500397343516511],[-79.888305846772369,38.466627878601855]]},"properties":{"Shape_Length":5071.2550110456905,"OBJECTID":116,"Sink_Name":"Moore Cave","Spring_Nam":"Roaring Spring","Intermedia":" ","County":"Pocahontas","Comment":"Also documented in Medvilles 1976","Reference":"Jones 1997","Ref_Locat":"page 77","Area":"Back Allegheny Mountain","Orginal_Tr":"Mike Balister unknown date"}},{"type":"Feature","id":117,"geometry":{"type":"LineString","coordinates":[[-80.53840370101419,37.817592310273206],[-80.548746691193145,37.805413109452488]]},"properties":{"Shape_Length":2066.5682266932226,"OBJECTID":117,"Sink_Name":"Deel's Hole","Spring_Nam":"Upper Spring","Intermedia":" ","County":"Greenbrier","Comment":" ","Reference":"Aaron Bird 2002","Ref_Locat":"West Virginia Caver V20n5","Area":"Raders Valley","Orginal_Tr":"Aaron Bird 2002"}},{"type":"Feature","id":118,"geometry":{"type":"LineString","coordinates":[[-80.542877519538266,37.854641782318808],[-80.552570051298076,37.801728145909877]]},"properties":{"Shape_Length":7535.1340315773559,"OBJECTID":118,"Sink_Name":"Middle Rader's","Spring_Nam":"Lower Spring","Intermedia":" ","County":"Greenbrier","Comment":" ","Reference":"Aaron BIrd 2002","Ref_Locat":"West Virginia Caver V20n5","Area":"Raders Valley","Orginal_Tr":"Aaron Bird 2002"}},{"type":"Feature","id":119,"geometry":{"type":"LineString","coordinates":[[-80.534838702673184,37.86735943297262],[-80.552487956959212,37.80195206782232]]},"properties":{"Shape_Length":9426.1475689358413,"OBJECTID":119,"Sink_Name":"Toler's Sink","Spring_Nam":"Lower Spring","Intermedia":" ","County":"Greenbrier","Comment":" ","Reference":"Aaron Bird 2002","Ref_Locat":"West Virginia Caver V20n5","Area":"Raders Valley","Orginal_Tr":"Aaron Bird 2002"}},{"type":"Feature","id":120,"geometry":{"type":"LineString","coordinates":[[-81.217105874924655,37.272621649420714],[-81.217144294971035,37.272557510548474],[-81.178056766192455,37.281437950382809]]},"properties":{"Shape_Length":4535.0286847241177,"OBJECTID":120,"Sink_Name":"NS Railyard (Grant Street Bridge)","Spring_Nam":"Morris Spring","Intermedia":" ","County":"Mercer","Comment":"This spring is a filled-in cave entrance","Reference":"Nick Schaer","Ref_Locat":"West Virginia Caver V28n1","Area":"Upper East River Valley","Orginal_Tr":"Nick Schaer 2009"}},{"type":"Feature","id":121,"geometry":{"type":"LineString","coordinates":[[-80.676120603874182,37.587525068308594],[-80.68675518629604,37.582942917005298]]},"properties":{"Shape_Length":1347.5137211721319,"OBJECTID":121,"Sink_Name":"Greens Cave","Spring_Nam":"Indian Draft Cave","Intermedia":" ","County":"Monroe","Comment":" ","Reference":"Jones 1997","Ref_Locat":"page 93 dye trace no 4","Area":"Indian Creek Basin","Orginal_Tr":"Bill Jones 1972"}},{"type":"Feature","id":122,"geometry":{"type":"LineString","coordinates":[[-80.589219987180158,37.623882926745971],[-80.58758587172828,37.638515967372122]]},"properties":{"Shape_Length":2064.8850651421503,"OBJECTID":122,"Sink_Name":"Christie Pit","Spring_Nam":"Argobrites Cave","Intermedia":" ","County":"Monroe","Comment":"Also dcoumented in Hempel 1975","Reference":"Jones 1997","Ref_Locat":"page 93 dye trace no 22","Area":"Wolf Creek Basin","Orginal_Tr":"Bill Jones 1972"}},{"type":"Feature","id":123,"geometry":{"type":"LineString","coordinates":[[-80.66476495994344,37.558981093817096],[-80.68205290643229,37.54716137794091]]},"properties":{"Shape_Length":2541.2858215293427,"OBJECTID":123,"Sink_Name":"Laurel Creek Cave (main entrance)","Spring_Nam":"Greenville Saltpeter Cave (Millpond Entrance)","Intermedia":"Rimstone-Crossroads Cave","County":"Monroe","Comment":"Also documented in Hempel 1975","Reference":"Jones 1997","Ref_Locat":"page 93 dye trace no 3","Area":"Indian Creek Basin","Orginal_Tr":"Bill Jones 1972"}},{"type":"Feature","id":124,"geometry":{"type":"LineString","coordinates":[[-80.532486562018093,37.66607379285773],[-80.56354905139311,37.661955384325609]]},"properties":{"Shape_Length":3506.0253131758013,"OBJECTID":124,"Sink_Name":"Marcus Wiley Cave","Spring_Nam":"Mystic River in Scott Hollow Cave","Intermedia":" ","County":"Monroe","Comment":"These springs are in the Greenbrier River","Reference":"Jones 1997","Ref_Locat":"page 93 dye trace no 7","Area":"Scott Hollow Cave Plateau","Orginal_Tr":"Bill Jones 1985"}},{"type":"Feature","id":125,"geometry":{"type":"LineString","coordinates":[[-80.538918272178606,37.64714739460512],[-80.563473446483869,37.661955104850392]]},"properties":{"Shape_Length":3436.1085925506504,"OBJECTID":125,"Sink_Name":"Boyd Springs Sink","Spring_Nam":"Mystic River in Scott Hollow Cave","Intermedia":" ","County":"Monroe","Comment":"These springs are in the Greenbrier River","Reference":"Jones 1997","Ref_Locat":"page 93 dye trace no 6","Area":"Scott Hollow Cave Plateau","Orginal_Tr":"Bill Jones 1985"}},{"type":"Feature","id":126,"geometry":{"type":"LineString","coordinates":[[-80.497651731456372,37.507215416301229],[-80.523202182502558,37.502499724077055]]},"properties":{"Shape_Length":2920.2250910318676,"OBJECTID":126,"Sink_Name":"Evlen Millers Cave","Spring_Nam":"Dropping Lick Spring","Intermedia":"Zenith-McClung Cave","County":"Monroe","Comment":" ","Reference":"Jones 1997","Ref_Locat":"page 93 dye trace no 2","Area":"Dropping Lick Creek Plateau","Orginal_Tr":"Bill Jones 1973"}},{"type":"Feature","id":127,"geometry":{"type":"LineString","coordinates":[[-80.433614224195054,37.525589829471031],[-80.399459584491751,37.543929582964793]]},"properties":{"Shape_Length":4591.7391162904096,"OBJECTID":127,"Sink_Name":"Peters Mountain Sink","Spring_Nam":"Second Creek Spring","Intermedia":" Chambers and Patton Caves","County":"Monroe","Comment":" ","Reference":"Jones 1997","Ref_Locat":"page 93 dye trace no 1","Area":"Gap Mills Area","Orginal_Tr":"Bill Jones 1972"}},{"type":"Feature","id":128,"geometry":{"type":"LineString","coordinates":[[-80.525246133641559,37.589201344548378],[-80.529321558320277,37.577420015838342]]},"properties":{"Shape_Length":1716.004132728011,"OBJECTID":128,"Sink_Name":"Gulf Station Sink","Spring_Nam":"Cold Spring","Intermedia":" ","County":"Monroe","Comment":" ","Reference":"Jones 1997","Ref_Locat":"page 93 dye trace no 16","Area":"Indian Creek Basin","Orginal_Tr":"Bill Jones 1972"}},{"type":"Feature","id":129,"geometry":{"type":"LineString","coordinates":[[-80.553781832802272,37.603214243364476],[-80.566998971054659,37.574924844974994]]},"properties":{"Shape_Length":4237.7915472441873,"OBJECTID":129,"Sink_Name":"Rainbow Run Cave","Spring_Nam":"Walters Spring","Intermedia":" ","County":"Monroe","Comment":" ","Reference":"Jones 1997","Ref_Locat":"page 93 dye trace no 21","Area":"Indian Creek Basin","Orginal_Tr":"Bill Jones 1972"}},{"type":"Feature","id":130,"geometry":{"type":"LineString","coordinates":[[-80.555076058988305,37.609020104790609],[-80.566999063581122,37.574908933963819]]},"properties":{"Shape_Length":4972.6273769238414,"OBJECTID":130,"Sink_Name":"Earson Hollow Cave","Spring_Nam":"Walters Spring","Intermedia":" ","County":"Monroe","Comment":" ","Reference":"Jones 1997","Ref_Locat":"page 93 dye trace no 20","Area":"Indian Creek Basin","Orginal_Tr":"Bill Jones 1973"}},{"type":"Feature","id":131,"geometry":{"type":"LineString","coordinates":[[-80.542349844648783,37.607671759695044],[-80.567008782454181,37.574956703297467]]},"properties":{"Shape_Length":5353.3879032261029,"OBJECTID":131,"Sink_Name":"Bear Hole Cave","Spring_Nam":"Walters Spring","Intermedia":" ","County":"Monroe","Comment":" ","Reference":"Jones 1997","Ref_Locat":"page 93 dye trace no 19","Area":"Indian Creek Basin","Orginal_Tr":"Bill Jones 1972"}},{"type":"Feature","id":132,"geometry":{"type":"LineString","coordinates":[[-80.539614200622481,37.602962275099678],[-80.566978611637055,37.574988415653422]]},"properties":{"Shape_Length":4972.2188026062813,"OBJECTID":132,"Sink_Name":"Walnut Grove Sink","Spring_Nam":"Walters Spring","Intermedia":" ","County":"Monroe","Comment":" ","Reference":"Jones 1997","Ref_Locat":"page 93 dye trace no 18","Area":"Indian Creek Basin","Orginal_Tr":"Bill Jones 1973"}},{"type":"Feature","id":133,"geometry":{"type":"LineString","coordinates":[[-80.540634106473576,37.59322474206823],[-80.556301492189874,37.568288042846767]]},"properties":{"Shape_Length":3912.9734420579439,"OBJECTID":133,"Sink_Name":"Union storm sewer overflow","Spring_Nam":"Indian Creek Spring","Intermedia":"Boyles Cave","County":"Monroe","Comment":" ","Reference":"Jones 1997","Ref_Locat":"page 93 dye trace no 17","Area":"Indian Creek Basin","Orginal_Tr":"Bill Jones 1972"}},{"type":"Feature","id":134,"geometry":{"type":"LineString","coordinates":[[-80.542632312703347,37.593144415020284],[-80.564218257652229,37.573220249998265]]},"properties":{"Shape_Length":3688.8059888713296,"OBJECTID":134,"Sink_Name":"Union storm sewer","Spring_Nam":"McPeat Spring","Intermedia":" ","County":"Monroe","Comment":" ","Reference":"Jones 1997","Ref_Locat":"page 93 dye trace no 17","Area":"Indian Creek Basin","Orginal_Tr":"Bill Jones 1972"}},{"type":"Feature","id":135,"geometry":{"type":"LineString","coordinates":[[-80.499139332583724,37.680178601672282],[-80.493491230032063,37.690685796113222]]},"properties":{"Shape_Length":1606.1734454865446,"OBJECTID":135,"Sink_Name":"Deals Hole","Spring_Nam":"Rodgers Spring","Intermedia":" ","County":"Monroe","Comment":" ","Reference":"Jones 1997","Ref_Locat":"page 93 dye trace no 8","Area":"Dickson Spring Basin","Orginal_Tr":"Bill Jones 1973"}},{"type":"Feature","id":136,"geometry":{"type":"LineString","coordinates":[[-80.469180790047872,37.638393509248807],[-80.470791563675391,37.691069784694555]]},"properties":{"Shape_Length":7409.8227875119564,"OBJECTID":136,"Sink_Name":"Rayburn Draft Cave","Spring_Nam":"Dickson Spring","Intermedia":" ","County":"Monroe","Comment":" ","Reference":"Jones 1997","Ref_Locat":"page 93 dye trace no 10","Area":"Dickson Spring Basin","Orginal_Tr":"Bill Jones 1974"}},{"type":"Feature","id":137,"geometry":{"type":"LineString","coordinates":[[-80.458888255543485,37.575785027000315],[-80.470756916553214,37.691083357025029]]},"properties":{"Shape_Length":16260.878059803874,"OBJECTID":137,"Sink_Name":"Burnside Branch Cave","Spring_Nam":"Dickson Spring","Intermedia":" ","County":"Monroe","Comment":" ","Reference":"Jones 1997","Ref_Locat":"page 93 dye trace no 11","Area":"Dickson Spring Basin","Orginal_Tr":"Bill Jones 1972"}},{"type":"Feature","id":138,"geometry":{"type":"LineString","coordinates":[[-80.478856296038103,37.558445026467439],[-80.470804544331259,37.691066410982309]]},"properties":{"Shape_Length":18661.523173450601,"OBJECTID":138,"Sink_Name":"Ash Cave","Spring_Nam":"Dickson Spring","Intermedia":" ","County":"Monroe","Comment":" ","Reference":"Jones 1997","Ref_Locat":"page 93 dye trace no 12","Area":"Dickson Spring Basin","Orginal_Tr":"Bill Jones 1975"}},{"type":"Feature","id":139,"geometry":{"type":"LineString","coordinates":[[-80.495347376682815,37.56991645422454],[-80.470812864527417,37.691111063963547]]},"properties":{"Shape_Length":17252.813904122209,"OBJECTID":139,"Sink_Name":"Ellisons Cave","Spring_Nam":"Diickson Spring","Intermedia":" ","County":"Monroe","Comment":" ","Reference":"Jones 1997","Ref_Locat":"page 93 dye trace no 13","Area":"Dickson Spring Basin","Orginal_Tr":"Bill Jones 1974"}},{"type":"Feature","id":140,"geometry":{"type":"LineString","coordinates":[[-80.507552283391576,37.590588338622744],[-80.47083011487581,37.691114573446789]]},"properties":{"Shape_Length":14711.421769702882,"OBJECTID":140,"Sink_Name":"Hillsdale Sink","Spring_Nam":"Dickson Spring","Intermedia":" ","County":"Monroe","Comment":" ","Reference":"Jones 1997","Ref_Locat":"page 93 dye trace no 14","Area":"Dickson Spring Basin","Orginal_Tr":"Bill Jones 1972"}},{"type":"Feature","id":141,"geometry":{"type":"LineString","coordinates":[[-80.513504800738531,37.652969335506953],[-80.470842973360789,37.691128359025043]]},"properties":{"Shape_Length":7166.2491487479901,"OBJECTID":141,"Sink_Name":"Black Hollow Sink","Spring_Nam":"Dickson Spring","Intermedia":" ","County":"Monroe","Comment":" ","Reference":"Jones 1997","Ref_Locat":"page 93 dye trace no 15","Area":"Dickson Spring Basin","Orginal_Tr":"Bill Jones 1972"}},{"type":"Feature","id":142,"geometry":{"type":"LineString","coordinates":[[-79.374862737280054,38.784493526455535],[-79.390005557176067,38.77605370122982]]},"properties":{"Shape_Length":2072.2109096208192,"OBJECTID":142,"Sink_Name":"Schoolhouse Cave","Spring_Nam":"Judy Springs","Intermedia":"Judy Spring Cave","County":"Pendleton","Comment":"This spring drains all of Germany Valley","Reference":"Bruce Smith 2000","Ref_Locat":"West Virginia Caver V18n5","Area":"Germany Valley","Orginal_Tr":"Bruce Smith 1971"}},{"type":"Feature","id":143,"geometry":{"type":"LineString","coordinates":[[-78.075159469963793,39.318980267360132],[-78.058146855312899,39.331194581749479]]},"properties":{"Shape_Length":2583.8193083672518,"OBJECTID":143,"Sink_Name":"Rest Area Sinkhole","Spring_Nam":"LeFevre Spring","Intermedia":" ","County":"Berkeley","Comment":" ","Reference":"Jones 1997","Ref_Locat":"page 69","Area":"Bunker Hill Area","Orginal_Tr":"Hobba 1974"}},{"type":"Feature","id":144,"geometry":{"type":"LineString","coordinates":[[-77.963283720162451,39.497892378668993],[-77.95459184695045,39.5501003284745]]},"properties":{"Shape_Length":7596.3287396206233,"OBJECTID":144,"Sink_Name":"Cloverleaf Sinkhole","Spring_Nam":"Harlan Spring","Intermedia":" ","County":"Berkeley","Comment":" ","Reference":"Jones 1997","Ref_Locat":"page 69","Area":"Harlan Spring Area","Orginal_Tr":"Jones and Hobba 1974"}},{"type":"Feature","id":145,"geometry":{"type":"LineString","coordinates":[[-77.983115557195362,39.514231670242012],[-77.954686230242402,39.549965784242936]]},"properties":{"Shape_Length":6051.1613904784754,"OBJECTID":145,"Sink_Name":"Spiro Sink","Spring_Nam":"Harlan Spring","Intermedia":" ","County":"Berkeley","Comment":" ","Reference":"Jones 1997","Ref_Locat":"page 69","Area":"Harlan Spring Area","Orginal_Tr":"Rob Shultz 1989"}},{"type":"Feature","id":146,"geometry":{"type":"LineString","coordinates":[[-77.998921268194081,39.493031301202969],[-77.983829574115816,39.470619644012565]]},"properties":{"Shape_Length":3642.9154969926162,"OBJECTID":146,"Sink_Name":"Dry Run Sink","Spring_Nam":"Kilmer Springs","Intermedia":" ","County":"Berkeley","Comment":" ","Reference":"Jones 1997","Ref_Locat":"page 69","Area":"Martinsburg Area","Orginal_Tr":"Field 1995"}},{"type":"Feature","id":147,"geometry":{"type":"LineString","coordinates":[[-77.998844375100688,39.492988648726211],[-77.971010748860394,39.468578173181442]]},"properties":{"Shape_Length":4689.8965902600912,"OBJECTID":147,"Sink_Name":"Dry Run Sink","Spring_Nam":"Martinsburg Water Plant Spring","Intermedia":" ","County":"Berkeley","Comment":" ","Reference":"Jones 1997","Ref_Locat":"page 69","Area":"Martinsburg Area","Orginal_Tr":"Field 1995"}},{"type":"Feature","id":148,"geometry":{"type":"LineString","coordinates":[[-77.882451903237325,39.458637541687843],[-77.858053627781288,39.467170945462101]]},"properties":{"Shape_Length":2981.7152633093892,"OBJECTID":148,"Sink_Name":"Files Crossroad Sinkhole","Spring_Nam":"Well A6","Intermedia":" ","County":"Berkeley","Comment":" ","Reference":"Jones 1997","Ref_Locat":"page 69","Area":"VA Hospital Area","Orginal_Tr":"Rob Shultz 1989"}},{"type":"Feature","id":149,"geometry":{"type":"LineString","coordinates":[[-78.042464591698874,39.359923213739506],[-78.042632247873598,39.326917258327057]]},"properties":{"Shape_Length":4751.001657941043,"OBJECTID":149,"Sink_Name":"Inwood Sink","Spring_Nam":"Boiling Spring","Intermedia":" ","County":"Berkeley","Comment":" ","Reference":"Jones 1997","Ref_Locat":"page 69","Area":"Inwood Area","Orginal_Tr":"Jones and Hobba 1974"}},{"type":"Feature","id":150,"geometry":{"type":"LineString","coordinates":[[-78.079983537125557,39.509535935129321],[-78.094343581252673,39.492981855744816]]},"properties":{"Shape_Length":2873.858684801045,"OBJECTID":150,"Sink_Name":"Jones Spring Sinkhole","Spring_Nam":"Jones Spring","Intermedia":" ","County":"Berkeley","Comment":" ","Reference":"Jones 1997","Ref_Locat":"page 69","Area":"North Mountain","Orginal_Tr":"Rob Shultz 1989"}},{"type":"Feature","id":151,"geometry":{"type":"LineString","coordinates":[[-78.079753672617386,39.509802765430209],[-78.060432915895703,39.531169620912465]]},"properties":{"Shape_Length":3759.4374168635745,"OBJECTID":151,"Sink_Name":"Jones Spring Sinkhole","Spring_Nam":"Boyd Rooney Spring","Intermedia":" ","County":"Berkeley","Comment":" ","Reference":"Jones 1997","Ref_Locat":"page 69","Area":"North Mountain","Orginal_Tr":"Rob Shultz 1989"}},{"type":"Feature","id":152,"geometry":{"type":"LineString","coordinates":[[-78.079875307201803,39.509509379567284],[-78.054002418460797,39.530386993257302]]},"properties":{"Shape_Length":4168.007186206898,"OBJECTID":152,"Sink_Name":"Jones Spring Sinkhole","Spring_Nam":"Tomahawk Spring","Intermedia":" ","County":"Berkeley","Comment":" ","Reference":"Jones 1997","Ref_Locat":"page 69","Area":"North Mountain","Orginal_Tr":"Rob Shultz 1989"}},{"type":"Feature","id":153,"geometry":{"type":"LineString","coordinates":[[-77.882529939886055,39.458581096493475],[-77.878623764095096,39.468252279194388]]},"properties":{"Shape_Length":1460.715790586823,"OBJECTID":153,"Sink_Name":"Files Crossroad Sinkhole","Spring_Nam":"Well A7","Intermedia":" ","County":"Berkeley","Comment":" ","Reference":"Jones 1997","Ref_Locat":"page 69","Area":"VA Hospital Area","Orginal_Tr":"Rob Shultz 1989"}},{"type":"Feature","id":154,"geometry":{"type":"LineString","coordinates":[[-77.86054597568932,39.309907771023859],[-77.827523046157367,39.282204444843089]]},"properties":{"Shape_Length":5421.6081799263438,"OBJECTID":154,"Sink_Name":"Ranson Sinkhole","Spring_Nam":"Stonefield Springs","Intermedia":" ","County":"Jefferson","Comment":" ","Reference":"Jones 1997","Ref_Locat":"page 71","Area":"Charles Town Area","Orginal_Tr":"Kozar and Jones 1987"}},{"type":"Feature","id":155,"geometry":{"type":"LineString","coordinates":[[-77.860547996000378,39.309862618905633],[-77.837320614330082,39.286811041037275]]},"properties":{"Shape_Length":4204.9113722001775,"OBJECTID":155,"Sink_Name":"Ranson Sinkhole","Spring_Nam":"Cammack Farm Spring","Intermedia":" ","County":"Jefferson","Comment":" ","Reference":"Jones 1997","Ref_Locat":"page 71","Area":"Charles Town Area","Orginal_Tr":"Kozar and Jones 1987"}},{"type":"Feature","id":156,"geometry":{"type":"LineString","coordinates":[[-77.907001390308508,39.418268605022327],[-77.904589676977039,39.440526323569237]]},"properties":{"Shape_Length":3218.9997201467067,"OBJECTID":156,"Sink_Name":"VA Hospital Well","Spring_Nam":"Couchman Springs","Intermedia":" ","County":"Berkeley","Comment":" ","Reference":"George Dasher 2008","Ref_Locat":"personal communication","Area":"VA Hospital Area","Orginal_Tr":"Bill Jones date unknown"}},{"type":"Feature","id":157,"geometry":{"type":"LineString","coordinates":[[-77.860662218585389,39.309910908497969],[-77.869382773207775,39.289215393504847]]},"properties":{"Shape_Length":3131.3759800177054,"OBJECTID":157,"Sink_Name":"Ranson Sinkhole","Spring_Nam":"Charles Town Well","Intermedia":" ","County":"Jefferson","Comment":" ","Reference":"Jones 1997","Ref_Locat":"page 71","Area":"Charles Town Area","Orginal_Tr":"Kozar and Jones 1987"}},{"type":"Feature","id":158,"geometry":{"type":"LineString","coordinates":[[-77.860547996000378,39.309862618905633],[-77.815383127169497,39.29208928174711]]},"properties":{"Shape_Length":5640.5002437696221,"OBJECTID":158,"Sink_Name":"Ranson Sinkhole","Spring_Nam":"Marlow","Intermedia":" ","County":"Jefferson","Comment":" ","Reference":"Jones 1997","Ref_Locat":"page 71","Area":"Charles Town Area","Orginal_Tr":"Kozar and Jones 1987"}},{"type":"Feature","id":159,"geometry":{"type":"LineString","coordinates":[[-77.860662218585389,39.309910908497969],[-77.842245281125557,39.310542476942736]]},"properties":{"Shape_Length":2052.1767852096077,"OBJECTID":159,"Sink_Name":"Ranson Sinkhole","Spring_Nam":"Flowing Springs","Intermedia":" ","County":"Jefferson","Comment":" ","Reference":"Jones 1997","Ref_Locat":"page 71","Area":"Charles Town Area","Orginal_Tr":"Kozar and Jones 1987"}},{"type":"Feature","id":160,"geometry":{"type":"LineString","coordinates":[[-77.860882936447339,39.373058466389836],[-77.824018472095617,39.364241187926048]]},"properties":{"Shape_Length":4295.6508043872536,"OBJECTID":160,"Sink_Name":"Shenandoah Junction Sinkhole","Spring_Nam":"Elk Branch","Intermedia":" ","County":"Jefferson","Comment":" ","Reference":"Jones 1997","Ref_Locat":"page 71","Area":"Shenandoah Junction Area","Orginal_Tr":"Kozar and Jones 1988"}},{"type":"Feature","id":161,"geometry":{"type":"LineString","coordinates":[[-77.861184312242003,39.373185774079737],[-77.816023272030847,39.39388472957107]]},"properties":{"Shape_Length":5844.7571644711843,"OBJECTID":161,"Sink_Name":"Shenandoah Junction Sinkhole","Spring_Nam":"Elmwood Farm Spring","Intermedia":" ","County":"Jefferson","Comment":" ","Reference":"Jones 1997","Ref_Locat":"page 71","Area":"Shenandoah Junction Area","Orginal_Tr":"Kozar and Jones 1988"}},{"type":"Feature","id":162,"geometry":{"type":"LineString","coordinates":[[-77.86119498153262,39.372947721954915],[-77.813281511375777,39.421514739339401]]},"properties":{"Shape_Length":8797.4984160841013,"OBJECTID":162,"Sink_Name":"Shenandoah Junction Sinkhole","Spring_Nam":"Morgan Spring","Intermedia":" ","County":"Jefferson","Comment":" ","Reference":"Jones 1997","Ref_Locat":"page 71","Area":"Shenandoah Junction Area","Orginal_Tr":"Kozar and Jones 1988"}},{"type":"Feature","id":163,"geometry":{"type":"LineString","coordinates":[[-77.861512360814089,39.372717950094348],[-77.848405444050428,39.43976003723359]]},"properties":{"Shape_Length":9768.4837433939701,"OBJECTID":163,"Sink_Name":"Shenandoah Junction Sinkhole","Spring_Nam":"Rockymarsh Run Spring","Intermedia":" ","County":"Jefferson","Comment":" ","Reference":"Jones 1997","Ref_Locat":"page 71","Area":"Shenandoah Junction Area","Orginal_Tr":"Kozar and Jones 1988"}},{"type":"Feature","id":164,"geometry":{"type":"LineString","coordinates":[[-77.861348337426364,39.372951862131671],[-77.901711651774818,39.387502703142594]]},"properties":{"Shape_Length":4957.8784476321835,"OBJECTID":164,"Sink_Name":"Shenandoah Junction Sinkhole","Spring_Nam":"Gates Spring","Intermedia":" ","County":"Jefferson","Comment":" ","Reference":"Jones 1997","Ref_Locat":"page 71","Area":"Shenandoah Junction Area","Orginal_Tr":"Kozar and Jones 1988"}},{"type":"Feature","id":165,"geometry":{"type":"LineString","coordinates":[[-77.901270374154436,39.359843411868191],[-77.929488677864015,39.352446923989632]]},"properties":{"Shape_Length":3316.8312151827149,"OBJECTID":165,"Sink_Name":"Leetown Sinkhole","Spring_Nam":"Balch Spring","Intermedia":" ","County":"Jefferson","Comment":" ","Reference":"Jones 1997","Ref_Locat":"page 71","Area":"Leetown Area","Orginal_Tr":"Bill Jones 1979"}},{"type":"Feature","id":166,"geometry":{"type":"LineString","coordinates":[[-77.901270374154436,39.359843411868191],[-77.901801635118531,39.387431287795721]]},"properties":{"Shape_Length":3973.2304579427,"OBJECTID":166,"Sink_Name":"Leetown Sinkhole","Spring_Nam":"Gates Spring","Intermedia":" ","County":"Jefferson","Comment":" ","Reference":"Jones 1997","Ref_Locat":"page 71","Area":"Leetown Area","Orginal_Tr":"Bill Jones 1979"}},{"type":"Feature","id":167,"geometry":{"type":"LineString","coordinates":[[-77.901279149796451,39.359644984747966],[-77.929422037242972,39.343554165936311]]},"properties":{"Shape_Length":3896.227897683244,"OBJECTID":167,"Sink_Name":"Leetown Sinkhole","Spring_Nam":"Gray Spring","Intermedia":" ","County":"Jefferson","Comment":" ","Reference":"Jones 1997","Ref_Locat":"page 71","Area":"Leetown Area","Orginal_Tr":"Bill Jones 1979"}},{"type":"Feature","id":168,"geometry":{"type":"LineString","coordinates":[[-77.901048658264216,39.330916491288292],[-77.910483518166245,39.343594219993321]]},"properties":{"Shape_Length":2105.3846198644078,"OBJECTID":168,"Sink_Name":"Browns Corner Sinkhole","Spring_Nam":"Bell Spring","Intermedia":" ","County":"Jefferson","Comment":" ","Reference":"Jones 1997","Ref_Locat":"page 71","Area":"Leetown Area","Orginal_Tr":"Bill Jones 1980"}},{"type":"Feature","id":169,"geometry":{"type":"LineString","coordinates":[[-77.901141342841953,39.330986872835254],[-77.929419066514328,39.352383949375664]]},"properties":{"Shape_Length":4403.9377406352733,"OBJECTID":169,"Sink_Name":"Browns Corner Sinkhole","Spring_Nam":"Balch Spring","Intermedia":" ","County":"Jefferson","Comment":" ","Reference":"Jones 1997","Ref_Locat":"page 71","Area":"Leetown Area","Orginal_Tr":"Bill Jones 1980"}},{"type":"Feature","id":170,"geometry":{"type":"LineString","coordinates":[[-77.901041847237721,39.330959523743672],[-77.919479804376891,39.302828692322862]]},"properties":{"Shape_Length":4538.3448846407546,"OBJECTID":170,"Sink_Name":"Browns Corner Sinkhole","Spring_Nam":"Aldrich Spring","Intermedia":" ","County":"Jefferson","Comment":" ","Reference":"Jones 1997","Ref_Locat":"page 71","Area":"Leetown Area","Orginal_Tr":"Bill Jones 1980"}},{"type":"Feature","id":171,"geometry":{"type":"LineString","coordinates":[[-77.901142796316094,39.33095398166018],[-77.929383021613546,39.34352489113369]]},"properties":{"Shape_Length":3627.1816205453392,"OBJECTID":171,"Sink_Name":"Browns Corner Sinkhole","Spring_Nam":"Gray Spring","Intermedia":" ","County":"Jefferson","Comment":" ","Reference":"Jones 1997","Ref_Locat":"page 71","Area":"Leetown Area","Orginal_Tr":"Bill Jones 1980"}},{"type":"Feature","id":172,"geometry":{"type":"LineString","coordinates":[[-77.901283538066622,39.35954577167103],[-77.910501035314297,39.343614116753372]]},"properties":{"Shape_Length":2512.5792175481088,"OBJECTID":172,"Sink_Name":"Leetown Sinkhole","Spring_Nam":"Bell Spring","Intermedia":" ","County":"Jefferson","Comment":" ","Reference":"Jones 1997","Ref_Locat":"page 71","Area":"Leetown Area","Orginal_Tr":"Bill Jones 1980"}},{"type":"Feature","id":173,"geometry":{"type":"LineString","coordinates":[[-77.926073680209157,39.329418052309528],[-77.910581771400459,39.343558396084902]]},"properties":{"Shape_Length":2667.6025839650333,"OBJECTID":173,"Sink_Name":"Lyle Tabb Farm Sinkhole","Spring_Nam":"Bell Spring","Intermedia":" ","County":"Jefferson","Comment":" ","Reference":"Jones 1997","Ref_Locat":"page 71","Area":"Leetown Area","Orginal_Tr":"Bill Jones 1980"}},{"type":"Feature","id":174,"geometry":{"type":"LineString","coordinates":[[-77.926073680209157,39.329418052309528],[-77.929450531803795,39.352173799262573]]},"properties":{"Shape_Length":3296.9002216891108,"OBJECTID":174,"Sink_Name":"Lyle Tabb Farm Sinkhole","Spring_Nam":"Bell Spring","Intermedia":" ","County":"Jefferson","Comment":" ","Reference":"Jones 1997","Ref_Locat":"page 71","Area":"Leetown Area","Orginal_Tr":"Bill Jones 1980"}},{"type":"Feature","id":175,"geometry":{"type":"LineString","coordinates":[[-77.926206928213546,39.329528829623932],[-77.929330990293991,39.343339996702049]]},"properties":{"Shape_Length":2018.0092400949418,"OBJECTID":175,"Sink_Name":"Lyle Tabb Farm Sinkhole","Spring_Nam":"Gray Spring","Intermedia":" ","County":"Jefferson","Comment":" ","Reference":"Jones 1997","Ref_Locat":"page 71","Area":"Leetown Area","Orginal_Tr":"Bill Jones 1980"}},{"type":"Feature","id":176,"geometry":{"type":"LineString","coordinates":[[-77.926070550478713,39.329489472790023],[-77.920337019940121,39.303846828755802]]},"properties":{"Shape_Length":3744.4555855549393,"OBJECTID":176,"Sink_Name":"Lyle Tabb Farm Sinkhole","Spring_Nam":"Aldrige Spring","Intermedia":" ","County":"Jefferson","Comment":" ","Reference":"Jones 1997","Ref_Locat":"page 71","Area":"Leetown Area","Orginal_Tr":"Bill Jones 1980"}},{"type":"Feature","id":177,"geometry":{"type":"LineString","coordinates":[[-77.916431833194295,39.211853551400047],[-77.924581561454247,39.189263999026458]]},"properties":{"Shape_Length":3369.4115635974426,"OBJECTID":177,"Sink_Name":"Rippon Sinkhole","Spring_Nam":"Long Marsh Spring","Intermedia":" ","County":"Jefferson","Comment":" ","Reference":"Jones 1997","Ref_Locat":"page 71","Area":"Rippon Area","Orginal_Tr":"Kozar and Jones 1987"}},{"type":"Feature","id":178,"geometry":{"type":"LineString","coordinates":[[-77.916432304809831,39.211842770636963],[-77.916591236546523,39.200286929864347]]},"properties":{"Shape_Length":1660.2149717703044,"OBJECTID":178,"Sink_Name":"Rippon Sinkhole","Spring_Nam":"Lippett Spring","Intermedia":" ","County":"Jefferson","Comment":" ","Reference":"Jones 1997","Ref_Locat":"page 71","Area":"RIppon Area","Orginal_Tr":"Koazar and Jones 1987"}},{"type":"Feature","id":179,"geometry":{"type":"LineString","coordinates":[[-77.916429945833883,39.211896676523899],[-77.899422721074686,39.235147673608985]]},"properties":{"Shape_Length":3840.2080715673583,"OBJECTID":179,"Sink_Name":"Rippon Sinkhole","Spring_Nam":"Joseph Bell Spring","Intermedia":" ","County":"Jefferson","Comment":" ","Reference":"Jones 1997","Ref_Locat":"page 71","Area":"RIppon Area","Orginal_Tr":"Kozar and Jones 1987"}},{"type":"Feature","id":180,"geometry":{"type":"LineString","coordinates":[[-77.916473880637795,39.211843871751867],[-77.904443455503284,39.207607312381853]]},"properties":{"Shape_Length":1471.0466102180601,"OBJECTID":180,"Sink_Name":"Rippon Sinkhole","Spring_Nam":"Adams Farm Spring","Intermedia":" ","County":"Jefferson","Comment":" ","Reference":"Jones 1997","Ref_Locat":"page 71","Area":"Rippon Area","Orginal_Tr":"Kozar and Jones 1987"}},{"type":"Feature","id":181,"geometry":{"type":"LineString","coordinates":[[-77.916445219888672,39.211864699663664],[-77.873189485733889,39.194473217491783]]},"properties":{"Shape_Length":5424.7641301215954,"OBJECTID":181,"Sink_Name":"Rippon Sinkhole","Spring_Nam":"Robert Smith Farm Spring","Intermedia":" ","County":"Jefferson","Comment":" ","Reference":"Jones 1997","Ref_Locat":"page 71","Area":"Rippon Area","Orginal_Tr":"Kozar and Jones 1987"}},{"type":"Feature","id":182,"geometry":{"type":"LineString","coordinates":[[-81.21532573203514,37.247325120217333],[-81.234269754191303,37.240837354878963]]},"properties":{"Shape_Length":2295.7069323620258,"OBJECTID":182,"Sink_Name":"AEP Sinkhole","Spring_Nam":"Beaver Pond Spring","Intermedia":"Beacon Cave","County":"Mercer","Comment":" ","Reference":"Nick Schaer 2008","Ref_Locat":"personal communication","Area":"Upper Beaver Pond Run","Orginal_Tr":"Bill Balfour date unknown"}},{"type":"Feature","id":183,"geometry":{"type":"LineString","coordinates":[[-81.195625332901329,37.257436986888948],[-81.234261430401872,37.240884776308718]]},"properties":{"Shape_Length":4884.2958894617886,"OBJECTID":183,"Sink_Name":"KFC Cave","Spring_Nam":"Beaver Pond Spring","Intermedia":"Beacon Cave","County":"Mercer","Comment":" ","Reference":"Nick Schaer 2008","Ref_Locat":"personal communication","Area":"Upper Beaver Pond Run","Orginal_Tr":"Nick Schaer 2006"}},{"type":"Feature","id":184,"geometry":{"type":"LineString","coordinates":[[-79.643009179446523,38.714617349946693],[-79.63459296416093,38.71891695263713]]},"properties":{"Shape_Length":1119.8485575018774,"OBJECTID":184,"Sink_Name":"Sinks of Gandy (Upstream Entrance)","Spring_Nam":"Sinks of Gandy (Wet Downstream Entrance)","Intermedia":" ","County":"Randolph","Comment":"You can walk entirely through this cave","Reference":"George Dasher 2008","Ref_Locat":"personal communication","Area":"Upper Gandy Creek Area","Orginal_Tr":"none"}},{"type":"Feature","id":185,"geometry":{"type":"LineString","coordinates":[[-79.414892596995045,38.817823011150281],[-79.412375248972666,38.833215270661121]]},"properties":{"Shape_Length":2217.1760873118005,"OBJECTID":185,"Sink_Name":"Mystic Cave (South Entrance)","Spring_Nam":"Mystic Cave (West Entrance)","Intermedia":"Mystic Cave","County":"Pendleton","Comment":" ","Reference":"Dasher: Caves and Karst of Pendleton County","Ref_Locat":"page 250","Area":"Timber RIdge Area","Orginal_Tr":"none"}},{"type":"Feature","id":186,"geometry":{"type":"LineString","coordinates":[[-80.078233672073551,38.546976807442086],[-80.076917594368226,38.54808470985229]]},"properties":{"Shape_Length":215.24670023952754,"OBJECTID":186,"Sink_Name":"unnamed sink near Brady Gate","Spring_Nam":"unnamed spring at Brady Gate","Intermedia":" ","County":"Randolph","Comment":"water flows onto quarry property","Reference":"Darley Ware","Ref_Locat":"personal communication","Area":"Head of Elkwater Run","Orginal_Tr":"unknown"}},{"type":"Feature","id":187,"geometry":{"type":"LineString","coordinates":[[-80.403828421400135,37.977973878998206],[-80.3998517422324,37.976046342124654]]},"properties":{"Shape_Length":519.67883650031445,"OBJECTID":187,"Sink_Name":"Turner Hollow","Spring_Nam":"Buckeye Creek Cave","Intermedia":" ","County":"Greenbrier","Comment":"surface stream","Reference":"Dasher-Boyer 2000","Ref_Locat":" ","Area":"Buckeye Creek Basin","Orginal_Tr":"none"}},{"type":"Feature","id":188,"geometry":{"type":"LineString","coordinates":[[-80.484367664223754,37.982972175918192],[-80.482414716016294,37.986852041782946]]},"properties":{"Shape_Length":589.53182549779251,"OBJECTID":188,"Sink_Name":"Longs Ridge Sink","Spring_Nam":"Simmons Spring","Intermedia":" ","County":"Greenbrier","Comment":" ","Reference":"Dasher-Boyer 2000","Ref_Locat":"LT to SM","Area":"Culverson Creek Basin","Orginal_Tr":"George Dasher 1997"}},{"type":"Feature","id":189,"geometry":{"type":"LineString","coordinates":[[-80.478786811350872,37.987861470880453],[-80.466674036755961,37.981598465174741]]},"properties":{"Shape_Length":1612.6411132264277,"OBJECTID":189,"Sink_Name":"Vanishing Lake Water Sinks","Spring_Nam":"DePriest Box Spring","Intermedia":" ","County":"Greenbrier","Comment":" ","Reference":"Dasher-Boyer 2000","Ref_Locat":"VL to DB","Area":"Culverson Creek Basin","Orginal_Tr":"George Dasher 1997"}},{"type":"Feature","id":190,"geometry":{"type":"LineString","coordinates":[[-80.481818940743452,38.005199476091839],[-80.470655572216117,37.990205919153965]]},"properties":{"Shape_Length":2455.6699589985797,"OBJECTID":190,"Sink_Name":"Charley Run Sink","Spring_Nam":"Bransford Cave","Intermedia":" ","County":"Greenbrier","Comment":" ","Reference":"Dasher-Boyer 2000","Ref_Locat":"CR to BF","Area":"Culverson Creek Basin","Orginal_Tr":"Baroody and Jones 1971"}},{"type":"Feature","id":191,"geometry":{"type":"LineString","coordinates":[[-80.469789762470555,37.989391261494795],[-80.466077179911508,37.985846956652729]]},"properties":{"Shape_Length":649.16095161574833,"OBJECTID":191,"Sink_Name":"Casteret Cave (North Entrance)","Spring_Nam":"Casteret Cave (South Entrance)","Intermedia":" ","County":"Greenbrier","Comment":" ","Reference":"Dasher-Boyer 2000","Ref_Locat":"CN to CS","Area":"Culverson Creek Basin","Orginal_Tr":"none"}},{"type":"Feature","id":192,"geometry":{"type":"LineString","coordinates":[[-80.465862353201203,37.985732190980272],[-80.466247737644608,37.982149533218653]]},"properties":{"Shape_Length":507.81400319521725,"OBJECTID":192,"Sink_Name":"DePriest Cave #2","Spring_Nam":"DePriest Cave","Intermedia":" ","County":"Greenbrier","Comment":" ","Reference":"Dasher-Boyer 2000","Ref_Locat":"D2 to DC","Area":"Culverson Creek Basin","Orginal_Tr":"Baroody and Jones 1971"}},{"type":"Feature","id":193,"geometry":{"type":"LineString","coordinates":[[-80.466587466112031,37.979903706857606],[-80.466488505005387,37.978680006717703]]},"properties":{"Shape_Length":173.16975956752168,"OBJECTID":193,"Sink_Name":"DePriest Insurgence","Spring_Nam":"DePriest Spring","Intermedia":" ","County":"Greenbrier","Comment":" ","Reference":"Dasher-Boyer 2000","Ref_Locat":"DI to DP","Area":"Culverson Creek Basin","Orginal_Tr":"Baroody and Jones 1971"}},{"type":"Feature","id":194,"geometry":{"type":"LineString","coordinates":[[-80.400328461984017,37.973220461215071],[-80.399336654536683,37.974996611944228],[-80.399760580299059,37.975970345245997]]},"properties":{"Shape_Length":419.42870653149771,"OBJECTID":194,"Sink_Name":"Upper Buckeye Creek Cave","Spring_Nam":"Buckeye Creek Cave","Intermedia":" ","County":"Greenbrier","Comment":"surface stream","Reference":"Dasher-Boyer 2000","Ref_Locat":"UB to BC","Area":"Buckeye Creek Basin","Orginal_Tr":"none"}},{"type":"Feature","id":195,"geometry":{"type":"LineString","coordinates":[[-80.406328320546422,37.972949218817547],[-80.401550097108569,37.976786461204085]]},"properties":{"Shape_Length":759.32220720052339,"OBJECTID":195,"Sink_Name":"Fuells Fruit Cave","Spring_Nam":"Cliff Spring","Intermedia":" ","County":"Greenbrier","Comment":" ","Reference":"Dasher-Boyer 2000","Ref_Locat":"FF to CF","Area":"Buckeye Creek Basin","Orginal_Tr":"George Dasher 1994"}},{"type":"Feature","id":196,"geometry":{"type":"LineString","coordinates":[[-79.139144541724065,38.850543445560852],[-79.080615431021442,38.916316115083703],[-79.080694007557668,38.916317407436793]]},"properties":{"Shape_Length":11450.850854707773,"OBJECTID":196,"Sink_Name":"Wind Cave","Spring_Nam":"Spring Run Spring","Intermedia":" ","County":"Grant","Comment":"The cave follows a lineament or fault","Reference":"Tommy Shifflett","Ref_Locat":"personal communication","Area":"Spring Run Spring Basin","Orginal_Tr":"Tommy Shifflett date unknown"}},{"type":"Feature","id":197,"geometry":{"type":"LineString","coordinates":[[-80.445587031387234,37.706470898439285],[-80.473491442176993,37.69631792716077]]},"properties":{"Shape_Length":3419.0169504007504,"OBJECTID":197,"Sink_Name":"Whites Cave","Spring_Nam":"Organ Cave Resurgence","Intermedia":"unknown","County":"Greenbrier","Comment":" ","Reference":"George Dasher 2009","Ref_Locat":" ","Area":"Organ Cave Plateau","Orginal_Tr":"George Dasher 2009"}},{"type":"Feature","id":198,"geometry":{"type":"LineString","coordinates":[[-80.506708927934852,37.751234590170121],[-80.514393929850556,37.730274362241261]]},"properties":{"Shape_Length":3072.0951529071685,"OBJECTID":198,"Sink_Name":"unnamed western stream","Spring_Nam":"Indian Rockland Spring","Intermedia":" ","County":"Greenbrier","Comment":" ","Reference":"George Dasher 2009","Ref_Locat":" ","Area":"Rockland Area","Orginal_Tr":"George Dasher 2009"}},{"type":"Feature","id":199,"geometry":{"type":"LineString","coordinates":[[-80.5042166249426,37.753665810961969],[-80.514314909546584,37.730147195837233]]},"properties":{"Shape_Length":3496.4127370527567,"OBJECTID":199,"Sink_Name":"unnamed central stream","Spring_Nam":"Indian Rockland Spring","Intermedia":" ","County":"Greenbrier","Comment":" ","Reference":"George Dasher 2009","Ref_Locat":" ","Area":"Rockland Area","Orginal_Tr":"George Dasher 2009"}},{"type":"Feature","id":200,"geometry":{"type":"LineString","coordinates":[[-80.536002091933042,37.914161010155411],[-80.547262960906338,37.899401749977883]]},"properties":{"Shape_Length":2430.5464233554285,"OBJECTID":200,"Sink_Name":"Tater Run","Spring_Nam":"Head of eastern tributary of Hughart Creek","Intermedia":" ","County":"Greenbrier","Comment":" ","Reference":"George Dasher 2009","Ref_Locat":" ","Area":"Sinking Creek Basin","Orginal_Tr":"George Dasher 2009"}},{"type":"Feature","id":201,"geometry":{"type":"LineString","coordinates":[[-80.238360152827056,38.127302906152579],[-80.253107972712868,38.11254157553018]]},"properties":{"Shape_Length":2656.673895465402,"OBJECTID":201,"Sink_Name":"Marthas Upper Cave","Spring_Nam":"Locust Spring","Intermedia":" ","County":"Pocahontas","Comment":" ","Reference":"Bill Jones","Ref_Locat":"unreferenced","Area":"Locust Spring Basin","Orginal_Tr":"Hermine Zotter 1962"}},{"type":"Feature","id":202,"geometry":{"type":"LineString","coordinates":[[-77.87744527325701,39.50082763758595],[-77.870186637826293,39.513157984451439],[-77.869424389459951,39.514847838704782]]},"properties":{"Shape_Length":2212.1173237015955,"OBJECTID":202,"Sink_Name":"Grove Farm Sink","Spring_Nam":"Creek bed of Opequon Creek","Intermedia":"Karst Window","County":"Berkeley","Comment":"This is the Swan Pond dye trace","Reference":"Bill Jones","Ref_Locat":"2005 report to Twila Carr","Area":"Lower Opequon Creek Basin","Orginal_Tr":"Bill Jones date unknown"}},{"type":"Feature","id":203,"geometry":{"type":"LineString","coordinates":[[-80.500138333739827,37.83970071620486],[-80.505928143730941,37.837453319079202]]},"properties":{"Shape_Length":718.16265408894139,"OBJECTID":203,"Sink_Name":"Upstream Milligan Creek","Spring_Nam":"Downstream Milligan Creek","Intermedia":" ","County":"Greenbrier","Comment":" ","Reference":"Steve Stutler","Ref_Locat":"unreferenced","Area":"Davis Spring Basin","Orginal_Tr":"none"}},{"type":"Feature","id":204,"geometry":{"type":"LineString","coordinates":[[-79.805875303525994,39.609548812415916],[-79.787932908301514,39.612431150101024]]},"properties":{"Shape_Length":2040.3000893604456,"OBJECTID":204,"Sink_Name":"Lick Run","Spring_Nam":"Druid Cave","Intermedia":" ","County":"Mon-Preston","Comment":" ","Reference":"Dave Riggs 2009","Ref_Locat":" ","Area":"Cheat River Gorge","Orginal_Tr":"Dave Riggs 2009"}},{"type":"Feature","id":205,"geometry":{"type":"LineString","coordinates":[[-79.80758477954538,39.608293411133495],[-79.787347908320513,39.612098645049961]]},"properties":{"Shape_Length":2318.8884499339824,"OBJECTID":205,"Sink_Name":"New Years Day Cave","Spring_Nam":"Original Sin Spring","Intermedia":" ","County":"Mon-Preston","Comment":" ","Reference":"Dave Riggs 2009","Ref_Locat":" ","Area":"Cheat River Gorge","Orginal_Tr":"Dave Riggs 2009"}},{"type":"Feature","id":206,"geometry":{"type":"LineString","coordinates":[[-79.78734847785239,39.612066011067533],[-79.780801594689279,39.607591090070521]]},"properties":{"Shape_Length":974.28917056281432,"OBJECTID":206,"Sink_Name":"Original Sin Spring","Spring_Nam":"Hero Hole","Intermedia":" ","County":"Preston","Comment":" ","Reference":"Dave Riggs 2009","Ref_Locat":" ","Area":"Cheat River Gorge","Orginal_Tr":"Dave Riggs 2009"}},{"type":"Feature","id":207,"geometry":{"type":"LineString","coordinates":[[-79.787305716248241,39.612098204910652],[-79.77879313149559,39.606623435002184]]},"properties":{"Shape_Length":1234.4112687782251,"OBJECTID":207,"Sink_Name":"Original Sin Spring","Spring_Nam":"Twin Springs","Intermedia":" ","County":"Preston","Comment":" ","Reference":"Dave Riggs 2009","Ref_Locat":" ","Area":"Cheat River Gorge","Orginal_Tr":"Dave Riggs 2009"}},{"type":"Feature","id":208,"geometry":{"type":"LineString","coordinates":[[-79.629359532029241,39.06886355355298],[-79.614242705784278,39.066491690182453]]},"properties":{"Shape_Length":1716.8161878919675,"OBJECTID":208,"Sink_Name":"Bob White Cave","Spring_Nam":"Suicide Sump","Intermedia":"Stillhouse Hollow","County":"Tucker","Comment":" ","Reference":"John Chenger 1998","Ref_Locat":"John Chenger 1990s","Area":"Dry Fork Area","Orginal_Tr":"WVU Student Grotto 1990s"}},{"type":"Feature","id":209,"geometry":{"type":"LineString","coordinates":[[-79.615155908847598,39.066502540653346],[-79.614461874052338,39.066494295216259]]},"properties":{"Shape_Length":77.268644281297725,"OBJECTID":209,"Sink_Name":"Nettlesink","Spring_Nam":"Suicide Sump","Intermedia":" ","County":"Tucker","Comment":" ","Reference":"John Chenger 1998","Ref_Locat":"John Chenger 1990s","Area":"Dry Fork Area","Orginal_Tr":"WVU Student Grotto 1990s"}},{"type":"Feature","id":210,"geometry":{"type":"LineString","coordinates":[[-79.614785060942111,39.066782963754761],[-79.614315205217594,39.066521034644964]]},"properties":{"Shape_Length":64.389900969759353,"OBJECTID":210,"Sink_Name":"Bray Don't Fit","Spring_Nam":"Suicide Sump","Intermedia":" ","County":"Tucker","Comment":" ","Reference":"John Chenger 1998","Ref_Locat":"John Chenger 1990s","Area":"Dry Fork Area","Orginal_Tr":"WVU Student Grotto 1990s"}},{"type":"Feature","id":211,"geometry":{"type":"LineString","coordinates":[[-79.628484877471394,39.066859468395144],[-79.623768830925911,39.067003278621179]]},"properties":{"Shape_Length":525.39265547918706,"OBJECTID":211,"Sink_Name":"Rabid Yak Sink","Spring_Nam":"Slis Spring","Intermedia":" ","County":"Tucker","Comment":" ","Reference":"John Chenger 1998","Ref_Locat":"John Chenger 1990s","Area":"Dry Fork Area","Orginal_Tr":"WVU Student Grotto 1990s"}},{"type":"Feature","id":212,"geometry":{"type":"LineString","coordinates":[[-79.623782380215346,39.066571898676564],[-79.61590742773619,39.066332428623802]]},"properties":{"Shape_Length":877.30781067538658,"OBJECTID":212,"Sink_Name":"Soggy Sink","Spring_Nam":"Waterworld","Intermedia":" ","County":"Tucker","Comment":" ","Reference":"John Chenger 1998","Ref_Locat":"John Chenger 1990s","Area":"Dry Fork Area","Orginal_Tr":"WVU Student Grotto 1990s"}},{"type":"Feature","id":213,"geometry":{"type":"LineString","coordinates":[[-79.624234231904936,39.065845955476924],[-79.612367096234564,39.064686471386182]]},"properties":{"Shape_Length":1331.4621787720696,"OBJECTID":213,"Sink_Name":"Under the Ledge","Spring_Nam":"Deer Run Resurgence #2","Intermedia":"Hypothermic Hole and Sleeping Deer","County":"Tucker","Comment":" ","Reference":"John Chenger 1998","Ref_Locat":"John Chenger 1990s","Area":"Dry Fork Area","Orginal_Tr":"WVU Student Grotto 1990s"}},{"type":"Feature","id":214,"geometry":{"type":"LineString","coordinates":[[-80.400707469287212,37.869789435043202],[-80.545338740821677,37.755674501595202]]},"properties":{"Shape_Length":22754.646732676803,"OBJECTID":214,"Sink_Name":"Maxwelton Sink","Spring_Nam":"Davis Spring","Intermedia":" ","County":"Greenbrier","Comment":" ","Reference":"John Tudek 2009","Ref_Locat":" ","Area":"Davis Spring Basin","Orginal_Tr":"John Tudek 2008"}},{"type":"Feature","id":215,"geometry":{"type":"LineString","coordinates":[[-80.498310053727508,37.775016694117646],[-80.545368141782617,37.755698072129128]]},"properties":{"Shape_Length":5902.7308114843872,"OBJECTID":215,"Sink_Name":"Wood Sink","Spring_Nam":"Davis Spring","Intermedia":" ","County":"Greenbrier","Comment":" ","Reference":"John Tudek 2009","Ref_Locat":" ","Area":"Davis Spring Basin","Orginal_Tr":"John Tudek 2008"}},{"type":"Feature","id":216,"geometry":{"type":"LineString","coordinates":[[-80.430004463701749,37.702240688856698],[-80.455201992723957,37.683297957592828]]},"properties":{"Shape_Length":3869.0179531781605,"OBJECTID":216,"Sink_Name":"Cricket Cave","Spring_Nam":"Destitute (U.S. 219) Spring","Intermedia":" ","County":"Greenbrier","Comment":" ","Reference":"Paul Stevens 1988","Ref_Locat":"page 45","Area":"Organ Cave Plateau","Orginal_Tr":"Organ Cave Project 1981"}},{"type":"Feature","id":217,"geometry":{"type":"LineString","coordinates":[[-80.457183534306921,37.714134087812027],[-80.473401856786964,37.696353020942617]]},"properties":{"Shape_Length":3085.2483974391298,"OBJECTID":217,"Sink_Name":"Humphreys Entrance (Organ Cave)","Spring_Nam":"Organ Cave Resurgence","Intermedia":"Lipps Sump","County":"Greenbrier","Comment":"This is an entrance to Organ Cave","Reference":"Paul Stevens 1988","Ref_Locat":"page 45","Area":"Organ Cave Plateau","Orginal_Tr":"Organ Cave Project 1983"}},{"type":"Feature","id":218,"geometry":{"type":"LineString","coordinates":[[-80.448957938829665,37.719186608225662],[-80.473447025876084,37.696282234865521]]},"properties":{"Shape_Length":4221.166310997748,"OBJECTID":218,"Sink_Name":"Lipps Entrance (Organ Cave)","Spring_Nam":"Organ Cave Resurgence","Intermedia":"Lipps Sump","County":"Greenbrier","Comment":"This is an entrance to Organ Cave","Reference":"Paul Stevens 1988","Ref_Locat":"page 45","Area":"Organ Cave Plateau","Orginal_Tr":"Organ Cave Project 1973"}},{"type":"Feature","id":219,"geometry":{"type":"LineString","coordinates":[[-80.433820959779609,37.721468603558392],[-80.473377578019765,37.696381683363605]]},"properties":{"Shape_Length":5643.6562805319636,"OBJECTID":219,"Sink_Name":"Sively No. 2 Entrance (Organ Cave)","Spring_Nam":"Organ Cave Resurgence","Intermedia":"Bowden Sump","County":"Greenbrier","Comment":"This is an entrance to Organ Cave","Reference":"Paul Stevens 1988","Ref_Locat":"page 45","Area":"Organ Cave Plateau","Orginal_Tr":"Organ Cave Project 1979"}},{"type":"Feature","id":220,"geometry":{"type":"LineString","coordinates":[[-80.441289435372454,37.717042425629487],[-80.473377578019765,37.696381683363605]]},"properties":{"Shape_Length":4605.4928308913159,"OBJECTID":220,"Sink_Name":"Foxhole No. 2 Cave","Spring_Nam":"Organ Cave Resurgence","Intermedia":"Bowden Sump","County":"Greenbrier","Comment":"Foxhole Cave overlies Organ Cave","Reference":"Paul Stevens 1988","Ref_Locat":"page 45","Area":"Organ Cave Plateau","Orginal_Tr":"Organ Cave Project 1979"}},{"type":"Feature","id":221,"geometry":{"type":"LineString","coordinates":[[-80.551413314961209,37.585869137749683],[-80.566978841605774,37.574948638153018]]},"properties":{"Shape_Length":2314.186411609579,"OBJECTID":221,"Sink_Name":"unnamed west-of-Union sinking stream","Spring_Nam":"Walters Spring","Intermedia":" ","County":"Monroe","Comment":" ","Reference":"George Dasher 2009","Ref_Locat":" ","Area":"Indian Creek Basin","Orginal_Tr":"George Dasher 2009"}},{"type":"Feature","id":222,"geometry":{"type":"LineString","coordinates":[[-80.489256620291741,37.618058573264378],[-80.470818470913116,37.69103819789899]]},"properties":{"Shape_Length":10464.687823083661,"OBJECTID":222,"Sink_Name":"Kessell Dig","Spring_Nam":"Dickson Spring","Intermedia":" ","County":"Monroe","Comment":" ","Reference":"George Dasher 2009","Ref_Locat":" ","Area":"Dickson Spring Basin","Orginal_Tr":"George Dasher 2009"}},{"type":"Feature","id":223,"geometry":{"type":"LineString","coordinates":[[-80.438530951680079,37.690793743298329],[-80.455418587318746,37.683174553134094]]},"properties":{"Shape_Length":2163.9818116346,"OBJECTID":223,"Sink_Name":"Destitute Cave","Spring_Nam":"Destitute (US 219) Spring","Intermedia":" ","County":"Monroe","Comment":" ","Reference":"Paul Stevens 1988","Ref_Locat":"page 45","Area":"Organ Cave Plateau","Orginal_Tr":"Organ Cave Project 1973"}},{"type":"Feature","id":224,"geometry":{"type":"LineString","coordinates":[[-80.527339105845613,37.672965395296067],[-80.563662635275961,37.661925752126926]]},"properties":{"Shape_Length":4331.3205929253054,"OBJECTID":224,"Sink_Name":"Anderson Sink","Spring_Nam":"Mystic River in Scott Hollow Cave","Intermedia":" ","County":"Monroe","Comment":" ","Reference":"Melisa Bishop 2009","Ref_Locat":" ","Area":"Scott Hollow Cave Plateau","Orginal_Tr":"Melisa Bishop 2008"}},{"type":"Feature","id":225,"geometry":{"type":"LineString","coordinates":[[-80.545916772571033,37.673839504379224],[-80.565134067626502,37.66890342254338]]},"properties":{"Shape_Length":2249.0774928640876,"OBJECTID":225,"Sink_Name":"Dore House Sink","Spring_Nam":"Little Mystic River in Scott Hollow Cave","Intermedia":"Scott Hollow Cave (Little Mystic)","County":"Monroe","Comment":" ","Reference":"Melisa Bishop 2009","Ref_Locat":" ","Area":"Scoitt Hollow Cave Plateau","Orginal_Tr":"Melisa Bishop 2008"}},{"type":"Feature","id":226,"geometry":{"type":"LineString","coordinates":[[-80.544785247452637,37.675698683279286],[-80.565057929117984,37.668993299839272]]},"properties":{"Shape_Length":2445.8608592288665,"OBJECTID":226,"Sink_Name":"Rolling Rock Cave","Spring_Nam":"Little Mystic River in Scott Hollow Cave","Intermedia":" ","County":"Monroe","Comment":" ","Reference":"Melisa Bishop 2009","Ref_Locat":" ","Area":"Scott Hollow Cave Plateau","Orginal_Tr":"Melisa Bishop 2008"}},{"type":"Feature","id":227,"geometry":{"type":"LineString","coordinates":[[-80.443090533262605,37.93906372330936],[-80.380247413426645,37.967386676863981]]},"properties":{"Shape_Length":8057.7660891646165,"OBJECTID":227,"Sink_Name":"Hinkle-Unus Cave (Culverson Creek Cave)","Spring_Nam":"Matts Black Cave","Intermedia":"Culverson Creek Cave","County":"Greenbrier","Comment":"Matts is a series of five resurgences","Reference":"Bill Jones 1973","Ref_Locat":"pocket map","Area":"Culverson Creek Basin","Orginal_Tr":"unknown"}},{"type":"Feature","id":228,"geometry":{"type":"LineString","coordinates":[[-80.444954797090276,37.944557054546976],[-80.380341637716796,37.967239938341336]]},"properties":{"Shape_Length":7873.3978929036284,"OBJECTID":228,"Sink_Name":"Wildcat Entrance (Culverson Creek Cave)","Spring_Nam":"Matts Black Cave","Intermedia":"Culverson Creek Cave","County":"Greenbrier","Comment":"Matts is a series of five resurgences","Reference":"Bill Jones 1973","Ref_Locat":"pocket map","Area":"Culverson Creek Basin","Orginal_Tr":"unknown"}},{"type":"Feature","id":229,"geometry":{"type":"LineString","coordinates":[[-80.511713868184145,37.89704483515623],[-80.495938696311853,37.888389709231319]]},"properties":{"Shape_Length":2138.7884915233512,"OBJECTID":229,"Sink_Name":"Jarrets Water Cave","Spring_Nam":"Milligan Creek Cave (Head Spring)","Intermedia":" ","County":"Greenbrier","Comment":" ","Reference":"Bill Jones 1973","Ref_Locat":"pocket map","Area":"Davis Spring Basin","Orginal_Tr":"Bill Jones 1971"}},{"type":"Feature","id":230,"geometry":{"type":"LineString","coordinates":[[-80.495726811584092,37.888422351072876],[-80.491256094044388,37.886021110185709]]},"properties":{"Shape_Length":601.99453797775709,"OBJECTID":230,"Sink_Name":"Milligan Creek Cave (Head Spring)","Spring_Nam":"Milligan Creek","Intermedia":" ","County":"Greenbrier","Comment":" ","Reference":"Bill Jones 1973","Ref_Locat":"pocket map","Area":"Davis Spring Basin","Orginal_Tr":" "}},{"type":"Feature","id":231,"geometry":{"type":"LineString","coordinates":[[-80.426176906667806,37.931751308318738],[-80.380344911177701,37.967248414057046]]},"properties":{"Shape_Length":7151.3277864856627,"OBJECTID":231,"Sink_Name":"Fullers Cave (Culverson Creek Cave)","Spring_Nam":"Matts Black Cave","Intermedia":"Culverson Creek Cave","County":"Greenbrier","Comment":"Matts is a series of five resurgences","Reference":"Bill Jones 1973","Ref_Locat":"pocket map","Area":"Culverson Creek Basin","Orginal_Tr":"unknown"}},{"type":"Feature","id":232,"geometry":{"type":"LineString","coordinates":[[-80.474151282600943,37.875926001363737],[-80.487840059733699,37.867505986526538]]},"properties":{"Shape_Length":1931.8254763393074,"OBJECTID":232,"Sink_Name":"Biggers Cave","Spring_Nam":"Richland Cave","Intermedia":" ","County":"Greenbrier","Comment":" ","Reference":"Bill Jones 1973","Ref_Locat":"pocket map","Area":"Davis Spring Basin","Orginal_Tr":"Bill Jones 1966"}},{"type":"Feature","id":233,"geometry":{"type":"LineString","coordinates":[[-80.477129916420026,37.847794041317712],[-80.501316717678407,37.831948863615793]]},"properties":{"Shape_Length":3498.2828979339238,"OBJECTID":233,"Sink_Name":"Herns Mills Cave","Spring_Nam":"Herns Mill Spring","Intermedia":" ","County":"Greenbrier","Comment":"Herns Mill Cave is a walk-through cave","Reference":"unreferenced","Ref_Locat":" ","Area":"Davis Spring Basin","Orginal_Tr":"none"}},{"type":"Feature","id":234,"geometry":{"type":"LineString","coordinates":[[-79.622690504038644,39.067714375084464],[-79.614312819292209,39.066531313887374]]},"properties":{"Shape_Length":947.90002162554151,"OBJECTID":234,"Sink_Name":"Stillhouse Hollow Cave","Spring_Nam":"Suicide Sump","Intermedia":" ","County":"Tucker","Comment":" ","Reference":"John Chenger 1998","Ref_Locat":" ","Area":"Dry Fork Area","Orginal_Tr":"WVU Student Grotto 1990s"}},{"type":"Feature","id":235,"geometry":{"type":"LineString","coordinates":[[-79.616084191031277,39.06519183954407],[-79.612367096234564,39.064686471386182]]},"properties":{"Shape_Length":420.08095636422058,"OBJECTID":235,"Sink_Name":"Waterfall Hole","Spring_Nam":"Deer Run Resurgence #2","Intermedia":"Hypothermic Hole and Sleeping Deer","County":"Tucker","Comment":" ","Reference":"John Chenger 1998","Ref_Locat":" ","Area":"Dry Fork Area","Orginal_Tr":"WVU Student Grotto 1990s"}},{"type":"Feature","id":236,"geometry":{"type":"LineString","coordinates":[[-79.612373867735187,39.06434065896714],[-79.612367096234564,39.064686471386182]]},"properties":{"Shape_Length":49.585629963177155,"OBJECTID":236,"Sink_Name":"Deer Pit","Spring_Nam":"Deer Run Resurgence #2","Intermedia":" ","County":"Tucker","Comment":" ","Reference":"John Chenger 1998","Ref_Locat":" ","Area":"Dry Fork Area","Orginal_Tr":"WVU Student Grotto 1990s"}},{"type":"Feature","id":237,"geometry":{"type":"LineString","coordinates":[[-79.623558438299838,39.067194254906624],[-79.614401538706289,39.066532368454737]]},"properties":{"Shape_Length":1023.7493672249041,"OBJECTID":237,"Sink_Name":"Still Blows Cave","Spring_Nam":"Stillhouse Hollow Cave","Intermedia":" ","County":"Tucker","Comment":" ","Reference":"John Chenger 1998","Ref_Locat":" ","Area":"Dry Fork Area","Orginal_Tr":"WVU Student Grotto 1990s"}},{"type":"Feature","id":238,"geometry":{"type":"LineString","coordinates":[[-80.392114094549498,37.555224698596263],[-80.40580958299573,37.552710960501543]]},"properties":{"Shape_Length":1564.9015005583908,"OBJECTID":238,"Sink_Name":"Fletcher Cave (upstream entrance)","Spring_Nam":"Fletcher Cave (downstream entrance)","Intermedia":" ","County":"Monroe","Comment":"This is a \"walk through\" cave","Reference":"John Hempel 1975","Ref_Locat":"page 54","Area":"Gap Mills Area","Orginal_Tr":"unknown"}},{"type":"Feature","id":239,"geometry":{"type":"LineString","coordinates":[[-79.888686223108067,38.475742212354078],[-79.89189998107129,38.467032046749367]]},"properties":{"Shape_Length":1289.0938099038369,"OBJECTID":239,"Sink_Name":"Williamson FRO","Spring_Nam":"Overhang Cave Rise","Intermedia":" ","County":"Pocahontas","Comment":" ","Reference":"Medvilles 1976","Ref_Locat":"page 47","Area":"Back Allegheny Mountain","Orginal_Tr":"Mike Ballister unknown date"}},{"type":"Feature","id":240,"geometry":{"type":"LineString","coordinates":[[-80.038058446080953,38.373451021325572],[-80.03350610312296,38.369170000458944],[-80.029433196421991,38.364124007213135]]},"properties":{"Shape_Length":1639.2298024579122,"OBJECTID":240,"Sink_Name":"Needle Pit","Spring_Nam":"Falling Rock Cave","Intermedia":"Eb's Cave","County":"Pocahontas","Comment":" ","Reference":"Medvilles 1976","Ref_Locat":"pages 72 and 76","Area":"Clover Lick Creek area","Orginal_Tr":"Doug Medville summer 1971"}},{"type":"Feature","id":241,"geometry":{"type":"LineString","coordinates":[[-80.02724396524367,38.321606089276834],[-80.020556287329441,38.353449438495232]]},"properties":{"Shape_Length":4580.1842429653534,"OBJECTID":241,"Sink_Name":"Shinaberry Cave","Spring_Nam":"Gardner Cave Spring","Intermedia":" ","County":"Pocahontas","Comment":" ","Reference":"Medvilles 1976","Ref_Locat":"pages 91 and 92","Area":"Clover Lick Creek area","Orginal_Tr":"Doug Medville January 1974"}},{"type":"Feature","id":242,"geometry":{"type":"LineString","coordinates":[[-80.130624317758674,38.499624404870694],[-80.149268433763979,38.529117376497389]]},"properties":{"Shape_Length":4681.2012834899879,"OBJECTID":242,"Sink_Name":"Elk River (Fortune Radish) Cave","Spring_Nam":"Cowger Mill (Elk River) Springs","Intermedia":" ","County":"Pocahontas","Comment":" ","Reference":"Medvilles 1995","Ref_Locat":"page 71","Area":"Upper Elk River","Orginal_Tr":"unknown"}},{"type":"Feature","id":243,"geometry":{"type":"LineString","coordinates":[[-80.127832874878493,38.488820606353059],[-80.149164535516505,38.529075621510088]]},"properties":{"Shape_Length":6199.4687112922757,"OBJECTID":243,"Sink_Name":"Badshaw Run Cave","Spring_Nam":"Cowger Mill (Elk River) Springs","Intermedia":" ","County":"Pocahontas","Comment":" ","Reference":"Medvilles 1995","Ref_Locat":"page 71","Area":"Upper Elk River","Orginal_Tr":"unknown"}},{"type":"Feature","id":244,"geometry":{"type":"LineString","coordinates":[[-80.127417069886292,38.48869450899528],[-80.149268675410781,38.529096878137558]]},"properties":{"Shape_Length":6241.1641993513795,"OBJECTID":244,"Sink_Name":"Left Tit Pit","Spring_Nam":"Cowger Mill (Elk River) Springs","Intermedia":" ","County":"Pocahontas","Comment":" ","Reference":"Medvilles 1995","Ref_Locat":"page 71","Area":"Upper Elk River","Orginal_Tr":"unknown"}},{"type":"Feature","id":245,"geometry":{"type":"LineString","coordinates":[[-79.637724625988639,38.715343890961414],[-79.634611046349264,38.718969877302136]]},"properties":{"Shape_Length":622.70621823373153,"OBJECTID":245,"Sink_Name":"Stillhouse Cave","Spring_Nam":"Sinks of Gandy (Wet Downstream Entrance)","Intermedia":"Sinks of Gandy","County":"Randolph","Comment":" ","Reference":"Medvilles 1995","Ref_Locat":"page 148","Area":"Upper Gandy Creek Area","Orginal_Tr":"unknown"}},{"type":"Feature","id":246,"geometry":{"type":"LineString","coordinates":[[-79.533231353363107,38.831241831770335],[-79.573609655203768,38.827625100630385]]},"properties":{"Shape_Length":4524.5065117325466,"OBJECTID":246,"Sink_Name":"Flower Pot","Spring_Nam":"Roy Mullenax (Big) Spring","Intermedia":" ","County":"Randolph","Comment":" ","Reference":"Medvilles 1995","Ref_Locat":"pages 50 and 82","Area":"Dry Fork area","Orginal_Tr":"unknown"}},{"type":"Feature","id":247,"geometry":{"type":"LineString","coordinates":[[-79.62230265192315,38.764306954968681],[-79.573608954517852,38.827660205678761]]},"properties":{"Shape_Length":10548.118269725725,"OBJECTID":247,"Sink_Name":"Brison's Bathtub","Spring_Nam":"Roy Mullenax (Big) Spring","Intermedia":" ","County":"Randolph","Comment":" ","Reference":"Medvilles 1995","Ref_Locat":"page 50","Area":"Dry Fork area","Orginal_Tr":"unknown"}},{"type":"Feature","id":248,"geometry":{"type":"LineString","coordinates":[[-79.617265663377793,38.767331485093678],[-79.573654533238724,38.827625649289054]]},"properties":{"Shape_Length":9886.1404829408566,"OBJECTID":248,"Sink_Name":"Falling Water Caves","Spring_Nam":"Roy Mullenax (Big) Spring","Intermedia":" ","County":"Randolph","Comment":" ","Reference":"Medvilles 1995","Ref_Locat":"page 50","Area":"Dry Fork area","Orginal_Tr":"unknown"}},{"type":"Feature","id":249,"geometry":{"type":"LineString","coordinates":[[-79.60851746310253,38.772667505596537],[-79.573608253831921,38.827695310709821]]},"properties":{"Shape_Length":8768.2915313583781,"OBJECTID":249,"Sink_Name":"Mullenax Cave","Spring_Nam":"Roy Mullenax (Big) Spring","Intermedia":" ","County":"Randolph","Comment":" ","Reference":"Medvilles 1995","Ref_Locat":"page 50","Area":"Dry Fork area","Orginal_Tr":"unknown"}},{"type":"Feature","id":250,"geometry":{"type":"LineString","coordinates":[[-80.151058833617398,38.212058192568996],[-80.144053527588397,38.202882547669603]]},"properties":{"Shape_Length":1515.8701318115591,"OBJECTID":250,"Sink_Name":"Barnes Pit","Spring_Nam":"Cave Creek Cave","Intermedia":" ","County":"Pocahontas","Comment":" ","Reference":"Gary Storrick 1992","Ref_Locat":"page 190","Area":"Swago Creek Area","Orginal_Tr":"Hermine Zotter 1962"}},{"type":"Feature","id":251,"geometry":{"type":"LineString","coordinates":[[-80.139874157949848,38.216646252116213],[-80.142278223923313,38.206125379802408],[-80.142223936934059,38.206124983093446]]},"properties":{"Shape_Length":1520.4305944753314,"OBJECTID":251,"Sink_Name":"Schoolberry Cave","Spring_Nam":"Overholts Blowing Cave","Intermedia":" ","County":"Pocahontas","Comment":" ","Reference":"Gary Storrick 1992","Ref_Locat":"page 188","Area":"Swago Creek Area","Orginal_Tr":"Robert Dunn 1960"}},{"type":"Feature","id":252,"geometry":{"type":"LineString","coordinates":[[-80.216482509634062,38.178366538259908],[-80.198540050629205,38.171432410092827]]},"properties":{"Shape_Length":2225.6523169878415,"OBJECTID":252,"Sink_Name":"Stamping Creek streambed","Spring_Nam":"Roadside Resurgence","Intermedia":" ","County":"Pocahontas","Comment":" ","Reference":"Gary Storrick 1992","Ref_Locat":"pages 192 and 193","Area":"Mill Point Area","Orginal_Tr":"Hermine Zotter 1962"}},{"type":"Feature","id":253,"geometry":{"type":"LineString","coordinates":[[-80.235912102642331,38.128414977827781],[-80.234262438251207,38.128860784120306]]},"properties":{"Shape_Length":194.17443122401619,"OBJECTID":253,"Sink_Name":"Beards (Blue Hole) Cave West Entrance","Spring_Nam":"Beards (Blue Hole) Cave Main Entrance","Intermedia":" ","County":"Pocahontas","Comment":" ","Reference":"Gary Storrick 1992","Ref_Locat":"page 194","Area":"Little Levels area","Orginal_Tr":"unknown"}},{"type":"Feature","id":254,"geometry":{"type":"LineString","coordinates":[[-80.197194616878718,38.160255446535864],[-80.187446696795135,38.160890782735883],[-80.18744630692629,38.160925898445136]]},"properties":{"Shape_Length":1093.8269383936008,"OBJECTID":254,"Sink_Name":"Stream Cave","Spring_Nam":"Blue Springs Cave","Intermedia":" ","County":"Pocahontas","Comment":" ","Reference":"Gary Storrick 1992","Ref_Locat":"page 195","Area":"Mill Point Area","Orginal_Tr":"Hermine Zotter 1962"}},{"type":"Feature","id":255,"geometry":{"type":"LineString","coordinates":[[-80.218037464644794,38.120255087033392],[-80.231167352228567,38.114511970906733]]},"properties":{"Shape_Length":1672.3185201706551,"OBJECTID":255,"Sink_Name":"Poor Farm Water Cave","Spring_Nam":"McNeel's Mill Run Cave","Intermedia":" ","County":"Pocahontas","Comment":" ","Reference":"Gary Storrick 1992","Ref_Locat":"page 197","Area":"Little Levels area","Orginal_Tr":"Hermine Zotter 1960"}},{"type":"Feature","id":256,"geometry":{"type":"LineString","coordinates":[[-80.253946886000506,38.129970782847892],[-80.238368893434767,38.127307121328911]]},"properties":{"Shape_Length":1774.6299245454252,"OBJECTID":256,"Sink_Name":"Hughes Creek Lower Cave","Spring_Nam":"Marthas Upper Cave","Intermedia":" ","County":"Pocahontas","Comment":"This is a bifuricating stream","Reference":"Gary Storrick 1992","Ref_Locat":"pages 194 and 196","Area":"Little Levels Area","Orginal_Tr":"unknown"}},{"type":"Feature","id":257,"geometry":{"type":"LineString","coordinates":[[-80.284948004271968,38.1150623185369],[-80.286096491379553,38.111241303257479]]},"properties":{"Shape_Length":555.52818729444789,"OBJECTID":257,"Sink_Name":"Cutlip Cave","Spring_Nam":"Joe Hollow Cave","Intermedia":" ","County":"Pocahontas","Comment":" ","Reference":"Gary Storrick 1982","Ref_Locat":"page 199","Area":"Droop Mountain","Orginal_Tr":"unknown"}},{"type":"Feature","id":258,"geometry":{"type":"LineString","coordinates":[[-80.286095124143699,38.111381771823837],[-80.293111966337591,38.098184211848874]]},"properties":{"Shape_Length":2023.8542241134103,"OBJECTID":258,"Sink_Name":"Joe Hollow Cave","Spring_Nam":"Clyde Cochrane Cave","Intermedia":" ","County":"Pocahontas","Comment":" ","Reference":"Gary Storrick 1982","Ref_Locat":"pages 198 and 199","Area":"Droop Mountain","Orginal_Tr":"unknown"}},{"type":"Feature","id":259,"geometry":{"type":"LineString","coordinates":[[-79.313558819597972,38.591641469200241],[-79.33167692619034,38.601381907122089]]},"properties":{"Shape_Length":2447.9866424020092,"OBJECTID":259,"Sink_Name":"unnamed tributary of Dry Run","Spring_Nam":"Town of Franklin Spring","Intermedia":" ","County":"Pendleton","Comment":"Town Spring is Franklin's water supply","Reference":"William K. Jones 2006","Ref_Locat":"Franklin Spring report","Area":"Thorn Creek area","Orginal_Tr":"Bill Jones 2005"}},{"type":"Feature","id":260,"geometry":{"type":"LineString","coordinates":[[-79.224579723220387,38.994466271164448],[-79.21748761388379,38.992005666613736]]},"properties":{"Shape_Length":864.58030827503978,"OBJECTID":260,"Sink_Name":"Goldizen Cave","Spring_Nam":"Poor Farm Spring","Intermedia":" ","County":"Grant","Comment":" ","Reference":"Roy Sites","Ref_Locat":"personal communication","Area":"Camp Echo Area","Orginal_Tr":"unknown"}},{"type":"Feature","id":261,"geometry":{"type":"LineString","coordinates":[[-79.156190942012799,39.214072918839356],[-79.164132662673765,39.191605292897776]]},"properties":{"Shape_Length":3346.4563372531238,"OBJECTID":261,"Sink_Name":"Kessel Cave","Spring_Nam":"Scherr (Spouting) Spring","Intermedia":" ","County":"Grant","Comment":" ","Reference":"William Davies 1958","Ref_Locat":" ","Area":"Greenland Gap Area","Orginal_Tr":"unknown"}},{"type":"Feature","id":262,"geometry":{"type":"LineString","coordinates":[[-79.839211463021115,38.600007965064833],[-79.838370171892905,38.59906448280708]]},"properties":{"Shape_Length":163.80158085199059,"OBJECTID":262,"Sink_Name":"Pink Helectite Cave","Spring_Nam":"Cherry Run Cave entrance area","Intermedia":" ","County":"Pocahontas","Comment":" ","Reference":"George Phillips","Ref_Locat":"WVC V27n6p9","Area":"Back Allegheny Mountain","Orginal_Tr":"George Phillips 2009"}},{"type":"Feature","id":263,"geometry":{"type":"LineString","coordinates":[[-79.87963068491959,38.484908855075176],[-79.88835786551553,38.466397737840019]]},"properties":{"Shape_Length":2805.7269207155368,"OBJECTID":263,"Sink_Name":"Moore's Insurgence Cave","Spring_Nam":"Roaring Spring","Intermedia":" ","County":"Pocahontas","Comment":" ","Reference":"Medvilles 1976","Ref_Locat":"page 16","Area":"Back Allegheny Mountain","Orginal_Tr":"Mike Ballister date unknown"}},{"type":"Feature","id":264,"geometry":{"type":"LineString","coordinates":[[-80.073737680433325,38.417407489434638],[-80.077983563132136,38.416234918800981]]},"properties":{"Shape_Length":501.15052000919883,"OBJECTID":264,"Sink_Name":"Whirlpool Sink","Spring_Nam":"Split Rock Spring","Intermedia":" ","County":"Pocahontas","Comment":" ","Reference":"Medvilles 1976","Ref_Locat":"page 21","Area":"Big Springs Fork Area","Orginal_Tr":"Doug Medville 1972 and 1973"}},{"type":"Feature","id":265,"geometry":{"type":"LineString","coordinates":[[-80.070887116729352,38.462804698992265],[-80.114078346456836,38.468156445782043]]},"properties":{"Shape_Length":4867.8583369701546,"OBJECTID":265,"Sink_Name":"Little Bear Pit","Spring_Nam":"My Cave","Intermedia":"Swecker Stream and Widows Caves","County":"Pocahontas","Comment":" ","Reference":"NSS Bulletin V39n1","Ref_Locat":"pages 18 and 25","Area":"Upper Elk River","Orginal_Tr":"Doug Medville March 1974"}},{"type":"Feature","id":266,"geometry":{"type":"LineString","coordinates":[[-80.070101326214356,38.461881870542861],[-80.114018171010912,38.468059507239033]]},"properties":{"Shape_Length":4967.0682790559704,"OBJECTID":266,"Sink_Name":"Douglas Fork FRO Cave","Spring_Nam":"My Cave","Intermedia":"Swecker Stream and Widows Caves","County":"Pocahontas","Comment":" ","Reference":"NSS Bulletin V39n1","Ref_Locat":"paegs 18 and 25","Area":"Upper Elk River","Orginal_Tr":"Medville date unknown"}},{"type":"Feature","id":267,"geometry":{"type":"LineString","coordinates":[[-79.903524585089684,38.453494429813709],[-79.89620713965229,38.458635763411401]]},"properties":{"Shape_Length":1094.3933656123893,"OBJECTID":267,"Sink_Name":"Lower Moore Cave","Spring_Nam":"Trout Run Spring (Cassell Cave Rise)","Intermedia":" ","County":"Pocahontas","Comment":" ","Reference":"Medville old field notes","Ref_Locat":" ","Area":"Back Allegheny Mountain","Orginal_Tr":"Ballister date unknown"}},{"type":"Feature","id":268,"geometry":{"type":"LineString","coordinates":[[-79.899517511424321,38.458811631849969],[-79.899468403222684,38.462043329673953]]},"properties":{"Shape_Length":459.46232265594847,"OBJECTID":268,"Sink_Name":"Grimes Cave","Spring_Nam":"unnamed spring","Intermedia":" ","County":"Pocahontas","Comment":" ","Reference":"Medville old field notes","Ref_Locat":" ","Area":"Back Allegheny Mountain","Orginal_Tr":"Ballister date unknown"}},{"type":"Feature","id":269,"geometry":{"type":"LineString","coordinates":[[-80.045426557398699,38.425357318044803],[-80.04437875975637,38.421103483330661]]},"properties":{"Shape_Length":615.58042102025183,"OBJECTID":269,"Sink_Name":"Linwood Cave","Spring_Nam":"Linwood Spring (Linwood Water Cave)","Intermedia":" ","County":"Pocahontas","Comment":" ","Reference":"NSS Bulletin V39n1","Ref_Locat":"pages 18 and 25","Area":"Big Springs Fork","Orginal_Tr":"Doug Medville September 1974"}},{"type":"Feature","id":270,"geometry":{"type":"LineString","coordinates":[[-80.078492773150941,38.463009498947301],[-80.113894869153327,38.468106816015769]]},"properties":{"Shape_Length":4007.022673524275,"OBJECTID":270,"Sink_Name":"Swecker Stream Cave","Spring_Nam":"My Cave","Intermedia":" ","County":"Pocahontas","Comment":" ","Reference":"Medville old field notes","Ref_Locat":" ","Area":"Upper Elk River","Orginal_Tr":"Doug Medivlle April 1974"}},{"type":"Feature","id":271,"geometry":{"type":"LineString","coordinates":[[-80.033535791544779,38.447885272364879],[-80.113956224985543,38.468107280220195],[-80.113894869153327,38.468106816015769]]},"properties":{"Shape_Length":9409.4306191938213,"OBJECTID":271,"Sink_Name":"Uncle Charlie's Cave","Spring_Nam":"My Cave","Intermedia":" ","County":"Pocahontas","Comment":" ","Reference":"NSS Bulletin V39n1","Ref_Locat":"page 25","Area":"Upper Elk River","Orginal_Tr":"Doug Medville December 1974"}},{"type":"Feature","id":272,"geometry":{"type":"LineString","coordinates":[[-79.493460715998054,38.897788322445678],[-79.513076743563758,38.910864092159798]]},"properties":{"Shape_Length":2875.2305631356012,"OBJECTID":272,"Sink_Name":"Harmans Waterfall Cave","Spring_Nam":"Bazzel Cave","Intermedia":" ","County":"Randolph","Comment":" ","Reference":"Doug Medville","Ref_Locat":"personal communication","Area":"Harman","Orginal_Tr":"Doug Medville date unknown"}},{"type":"Feature","id":273,"geometry":{"type":"LineString","coordinates":[[-79.512967184133402,38.910905160538348],[-79.512290976404955,38.915012694781595]]},"properties":{"Shape_Length":592.4483962632678,"OBJECTID":273,"Sink_Name":"Bazzel Cave","Spring_Nam":"unnamed spring on Horsecamp Run","Intermedia":" ","County":"Randolph","Comment":"speculated only--not traced","Reference":"Doug Medville","Ref_Locat":"personal communication","Area":"Harman","Orginal_Tr":"none"}},{"type":"Feature","id":274,"geometry":{"type":"LineString","coordinates":[[-79.968046012997931,38.553739629726941],[-79.965843790383971,38.557892664553549]]},"properties":{"Shape_Length":640.00611937964493,"OBJECTID":274,"Sink_Name":"Stewart Run Cave","Spring_Nam":"unnamed spring on Stewart Run","Intermedia":" ","County":"Randolph","Comment":" ","Reference":"Doug Medville","Ref_Locat":"personal communication","Area":"Valley Head area","Orginal_Tr":"Doug Medville date unknown"}},{"type":"Feature","id":275,"geometry":{"type":"LineString","coordinates":[[-80.060149627800129,38.426704457145775],[-80.063837964829631,38.41740950240056]]},"properties":{"Shape_Length":1383.0519981637303,"OBJECTID":275,"Sink_Name":"Billy Clay Pit","Spring_Nam":"Billy Clay Pit Resurgence","Intermedia":" ","County":"Pocahontas","Comment":" ","Reference":"Doug Medville","Ref_Locat":"personal communication","Area":"Big Springs Fork Area","Orginal_Tr":"Walt Hamm 2000"}},{"type":"Feature","id":276,"geometry":{"type":"LineString","coordinates":[[-80.636110044463052,37.615795508201884],[-80.631522496529087,37.632192064214323],[-80.625290683078831,37.646412344824505]]},"properties":{"Shape_Length":4476.4279920361769,"OBJECTID":276,"Sink_Name":"Johnson Crossroads Sinkhole South","Spring_Nam":"Wolf Creek Spring","Intermedia":"Elmhurst Cave","County":"Monroe","Comment":" ","Reference":"George Dasher 2010","Ref_Locat":"West Virginia Caver V28n4","Area":"Wolf Creek Basin","Orginal_Tr":"George Dasher April 2010"}},{"type":"Feature","id":277,"geometry":{"type":"LineString","coordinates":[[-80.634142177035358,37.618856492542683],[-80.631520923579018,37.632510715401978],[-80.625290182717222,37.646511923480681]]},"properties":{"Shape_Length":4028.0857781423224,"OBJECTID":277,"Sink_Name":"Johnson Crossroads Sinkhole North","Spring_Nam":"Wolf Creek Spring","Intermedia":"Elmhurst Cave","County":"Monroe","Comment":" ","Reference":"George Dasher 2010","Ref_Locat":"West Virginia Caver V28n4","Area":"Wolf Creek Basin","Orginal_Tr":"George Dasher April 2010"}},{"type":"Feature","id":278,"geometry":{"type":"LineString","coordinates":[[-80.64934421836648,37.61798650855367],[-80.631472020193272,37.632271570805443],[-80.625140102979344,37.646471614480113]]},"properties":{"Shape_Length":4943.5534399058179,"OBJECTID":278,"Sink_Name":"Wolf Creek Insurgence","Spring_Nam":"Wolf Creek Spring","Intermedia":"Elmhurst Cave","County":"Monroe","Comment":" ","Reference":"George Dasher 2010","Ref_Locat":"West Virginia Caver V28n4","Area":"Wolf Creek Basin","Orginal_Tr":"George Dasher April 2010"}},{"type":"Feature","id":279,"geometry":{"type":"LineString","coordinates":[[-80.606428463309086,37.652474267198443],[-80.615019404510704,37.646797508541994]]},"properties":{"Shape_Length":1245.6355705968767,"OBJECTID":279,"Sink_Name":"Taylor #2 Sink","Spring_Nam":"Hardy Run Spring","Intermedia":" ","County":"Monroe","Comment":" ","Reference":"Rocky Parsons 2010","Ref_Locat":"West Virginia Caver V28n4","Area":"Wolf Creek Basin","Orginal_Tr":"Rocky Parsons 2009"}},{"type":"Feature","id":280,"geometry":{"type":"LineString","coordinates":[[-80.601696301885724,37.646296139801592],[-80.60338288793335,37.652817788834042],[-80.602986969844906,37.654693713303821]]},"properties":{"Shape_Length":1203.3718340300861,"OBJECTID":280,"Sink_Name":"Hylton Sink","Spring_Nam":"Hedrick Spring","Intermedia":"Taylor Sink","County":"Monroe","Comment":" ","Reference":"Rocky Parsons 2010","Ref_Locat":"West Virginia Caver V28n4","Area":"Wolf Creek Basin","Orginal_Tr":"Rocky Parsons 2010"}},{"type":"Feature","id":281,"geometry":{"type":"LineString","coordinates":[[-80.563473446483869,37.661955104850392],[-80.579648748644956,37.736454113321521]]},"properties":{"Shape_Length":10634.909653225373,"OBJECTID":281,"Sink_Name":"Scott Hollow Cave","Spring_Nam":"Greenbrier River (Gloria) Springs","Intermedia":" ","County":"Monroe","Comment":"Dye was placed in Mystic River","Reference":"Bill Jones 1997","Ref_Locat":"page 93 trace number 6","Area":"Scott Hollow Basin","Orginal_Tr":"Bill Jones 1989"}},{"type":"Feature","id":282,"geometry":{"type":"LineString","coordinates":[[-80.497319103272972,37.6666943322737],[-80.470842910478723,37.691223338909616]]},"properties":{"Shape_Length":4537.587828148783,"OBJECTID":282,"Sink_Name":"Bailey Sinkhole","Spring_Nam":"Dickson Spring","Intermedia":" ","County":"Monroe","Comment":" ","Reference":"George Dasher 2010","Ref_Locat":"West Virginia CaverV28n4","Area":"Dickson Spring Basin","Orginal_Tr":"George Dasher 2010"}},{"type":"Feature","id":283,"geometry":{"type":"LineString","coordinates":[[-80.52803113739779,37.609547643489478],[-80.532550239096992,37.605643216397866]]},"properties":{"Shape_Length":744.36638385715401,"OBJECTID":283,"Sink_Name":"Kennedy Cave Sinkhole","Spring_Nam":"Gazebo Stream","Intermedia":" ","County":"Monroe","Comment":" ","Reference":"George Dasher 2010","Ref_Locat":"West Virginia Caver V28n4","Area":"Indian Creek Basin","Orginal_Tr":"George Dasher 2010"}},{"type":"Feature","id":284,"geometry":{"type":"LineString","coordinates":[[-80.545460510153404,37.598347237326834],[-80.566988745531788,37.574964585465978]]},"properties":{"Shape_Length":4066.0660792992567,"OBJECTID":284,"Sink_Name":"Gazebo Stream","Spring_Nam":"Walters Spring","Intermedia":" ","County":"Monroe","Comment":" ","Reference":"George Dasher 2010","Ref_Locat":"West Virginia Caver V28n4","Area":"Indian Creek Basin","Orginal_Tr":"George Dasher 2010"}},{"type":"Feature","id":285,"geometry":{"type":"LineString","coordinates":[[-80.51933150992825,37.619487151120438],[-80.524861338492968,37.610616874545251]]},"properties":{"Shape_Length":1390.2666133592716,"OBJECTID":285,"Sink_Name":"U.S. Route 219 Rest Area Stream","Spring_Nam":"Kennedy Cave","Intermedia":" ","County":"Monroe","Comment":" ","Reference":"George Dasher","Ref_Locat":"West Vrginia Caver V26n4","Area":"Indian Creek Basin","Orginal_Tr":"George Dasher 2010"}},{"type":"Feature","id":286,"geometry":{"type":"LineString","coordinates":[[-80.486210228347403,37.654357842250803],[-80.457342270210873,37.663826289284103]]},"properties":{"Shape_Length":3478.4561711774577,"OBJECTID":286,"Sink_Name":"Monitor Sinkhole","Spring_Nam":"Mud River","Intermedia":" ","County":"Monroe","Comment":"This water may stay above the Taggard shales","Reference":"George Dasher","Ref_Locat":"West Virginia Caver V26n4","Area":"Second Creek Basin","Orginal_Tr":"George Dasher 2010"}},{"type":"Feature","id":287,"geometry":{"type":"LineString","coordinates":[[-80.570585376248886,37.661109679756578],[-80.56354905139311,37.661955384325609]]},"properties":{"Shape_Length":792.25650593839748,"OBJECTID":287,"Sink_Name":"Lilly Sink","Spring_Nam":"Mystic River in Scott Hollow Cave","Intermedia":" ","County":"Monroe","Comment":" ","Reference":"Mike Dore","Ref_Locat":"personal communication","Area":"Scott Hollow Basin","Orginal_Tr":"Mike Dore year unknown"}},{"type":"Feature","id":288,"geometry":{"type":"LineString","coordinates":[[-80.565945850894252,37.665841033862627],[-80.565020298690712,37.668963107997236]]},"properties":{"Shape_Length":450.98748950182949,"OBJECTID":288,"Sink_Name":"Erskin Cave","Spring_Nam":"Mystic River in Scott Hollow Cave","Intermedia":" ","County":"Monroe","Comment":" ","Reference":"Mike Dore","Ref_Locat":"personal communication","Area":"Scott Hollow Basin","Orginal_Tr":"Mike Dore year unknown"}},{"type":"Feature","id":289,"geometry":{"type":"LineString","coordinates":[[-80.564674192184782,37.68290627914331],[-80.568114159411294,37.683099242913968]]},"properties":{"Shape_Length":383.8961193482034,"OBJECTID":289,"Sink_Name":"McDowell Sink","Spring_Nam":"Mystic River in Scott Hollow Cave","Intermedia":" ","County":"Monroe","Comment":" ","Reference":"Mike Dore","Ref_Locat":"personal communication","Area":"Scott Hollow Basin","Orginal_Tr":"Mike Dore year unknown"}},{"type":"Feature","id":290,"geometry":{"type":"LineString","coordinates":[[-80.328457687665974,38.033061118961513],[-80.376181055444121,37.974655271602103]]},"properties":{"Shape_Length":9813.5498837433115,"OBJECTID":290,"Sink_Name":"Murphy's Dry Lake Cave Insurgence","Spring_Nam":"Spring Creek Cenotes","Intermedia":" ","County":"Greenbrier","Comment":" ","Reference":"John Pearson","Ref_Locat":"personal communication","Area":"Spring Creek Basin","Orginal_Tr":"John Pearson 2002"}},{"type":"Feature","id":291,"geometry":{"type":"LineString","coordinates":[[-80.506572255552598,37.638585419996694],[-80.470941072084784,37.69098085754095]]},"properties":{"Shape_Length":8367.9472702782132,"OBJECTID":291,"Sink_Name":"Pickaway car wash","Spring_Nam":"DIckson Spring","Intermedia":" ","County":"Monroe","Comment":" ","Reference":"Rocky Parsons","Ref_Locat":"personal communication","Area":"Dickson Spring Basin","Orginal_Tr":"Car wash discharge"}},{"type":"Feature","id":292,"geometry":{"type":"LineString","coordinates":[[-79.597803301624609,39.130977230238912],[-79.59685430429046,39.131288904660259]]},"properties":{"Shape_Length":114.72043489582609,"OBJECTID":292,"Sink_Name":"76 Cave","Spring_Nam":"Lukes Cave","Intermedia":" ","County":"Tucker","Comment":" ","Reference":"Masney and McCarty","Ref_Locat":"Tucker Co Bulletin 2010","Area":"Backbone Mountain","Orginal_Tr":"Garton and Carpenter date unknown"}},{"type":"Feature","id":293,"geometry":{"type":"LineString","coordinates":[[-79.590069979329769,39.038393093310447],[-79.59779375971965,39.039942421201509]]},"properties":{"Shape_Length":888.01756475989794,"OBJECTID":293,"Sink_Name":"Red Run Cave","Spring_Nam":"Fieldhouse Cave","Intermedia":"Reed Run Resurgence Cave","County":"Tucker","Comment":" ","Reference":"Masney and McCarty","Ref_Locat":"Tucker Co Bulletin 2010","Area":"Red Run area","Orginal_Tr":"Carpenter date unknown"}},{"type":"Feature","id":294,"geometry":{"type":"LineString","coordinates":[[-80.329404047546461,38.037378207027487],[-80.341010290898751,38.033737797820095]]},"properties":{"Shape_Length":1390.6814496507918,"OBJECTID":294,"Sink_Name":"Renick Valley Stream","Spring_Nam":"Cannon Hole","Intermedia":"Zotters Folly Cave","County":"Greenbrier","Comment":"stream flows into Browns Cave","Reference":"Doug Medville","Ref_Locat":"personal communication","Area":"Spring Creek Basin","Orginal_Tr":"Zotter and Williams date unknown"}},{"type":"Feature","id":295,"geometry":{"type":"LineString","coordinates":[[-78.095766730055018,39.368536749175739],[-78.087879432927238,39.366807358587522]]},"properties":{"Shape_Length":912.64017875573165,"OBJECTID":295,"Sink_Name":"Mill Creek streambed","Spring_Nam":"Marshy Dale Spring","Intermedia":" ","County":"Berkeley","Comment":"Dye Trace Study for a North Mountain Shale Quarry","Reference":"Geo-Concepts 2010","Ref_Locat":"Shale Quarry Study","Area":"Gerrardstown","Orginal_Tr":"Ozark Underground Laboratory"}},{"type":"Feature","id":296,"geometry":{"type":"LineString","coordinates":[[-78.096209937256646,39.368597241774097],[-78.090033510333555,39.354802040300839]]},"properties":{"Shape_Length":2101.873835916429,"OBJECTID":296,"Sink_Name":"Mill Creek streambed","Spring_Nam":"Springdale Well","Intermedia":" ","County":"Berkeley","Comment":"Dye Trace Study for a North Mountain Shale Quarry","Reference":"Geo-Concepts 2010","Ref_Locat":"Shale Quarry Study","Area":"Gerrardstown","Orginal_Tr":"Ozark Underground Laboratry"}},{"type":"Feature","id":297,"geometry":{"type":"LineString","coordinates":[[-80.026857201886287,38.342529812692632],[-80.020555834578545,38.353483091098994]]},"properties":{"Shape_Length":1705.6557475622647,"OBJECTID":297,"Sink_Name":"Canis Majoris Cave","Spring_Nam":"Gardner Spring","Intermedia":" ","County":"Poachontas","Comment":" ","Reference":"George Phillips","Ref_Locat":"personal communication","Area":"Clover Lick","Orginal_Tr":"George Phillips 2010"}},{"type":"Feature","id":298,"geometry":{"type":"LineString","coordinates":[[-79.830273923036785,38.623437502132937],[-79.821585299031156,38.640296544387461]]},"properties":{"Shape_Length":2589.8512235559874,"OBJECTID":298,"Sink_Name":"sinking stream north of Durbin","Spring_Nam":"large spring north of Durbin","Intermedia":" ","County":"Pocahontas","Comment":" ","Reference":"George Phillips","Ref_Locat":"personal communication","Area":"West Fork of Greenbrier River","Orginal_Tr":"George Phillips 2010"}},{"type":"Feature","id":299,"geometry":{"type":"LineString","coordinates":[[-80.023517280032976,38.335102006894431],[-80.022634042072596,38.33536759828025]]},"properties":{"Shape_Length":105.29877221085643,"OBJECTID":299,"Sink_Name":"sinking stream south of Canis Majoris","Spring_Nam":"Resurgence in same hollow","Intermedia":" ","County":"Pocahontas","Comment":"Is not connected to the deeper Walt Allen trace","Reference":"George Phillips","Ref_Locat":"personal communication","Area":"Clover Lick","Orginal_Tr":"George Phillips 2010"}},{"type":"Feature","id":300,"geometry":{"type":"LineString","coordinates":[[-79.597860968075949,38.983813520386846],[-79.599191172687412,38.980524774250462]]},"properties":{"Shape_Length":493.69624102138289,"OBJECTID":300,"Sink_Name":"Natural Bridge Caves","Spring_Nam":"Shavers Mountain Cave","Intermedia":" ","County":"Randolph","Comment":" ","Reference":"Rocky Parsons","Ref_Locat":"2005 Shavers Mt Report","Area":"Shavers Mountain","Orginal_Tr":"Rocky Parsons date unknown"}},{"type":"Feature","id":301,"geometry":{"type":"LineString","coordinates":[[-79.604536259120692,38.977342138488424],[-79.609907357171366,38.972127043001095]]},"properties":{"Shape_Length":956.62482835646529,"OBJECTID":301,"Sink_Name":"Ginger Root Cave","Spring_Nam":"Mint Springs Resurgence","Intermedia":" ","County":"Randolph","Comment":" ","Reference":"Rocky Parsons","Ref_Locat":"2005 Shavers Mt Report","Area":"Shavers Mountain","Orginal_Tr":"Rocky Parsons date unknown"}},{"type":"Feature","id":302,"geometry":{"type":"LineString","coordinates":[[-79.60824346705941,38.970756711216744],[-79.614505275256988,38.966196570058443]]},"properties":{"Shape_Length":955.08445480281296,"OBJECTID":302,"Sink_Name":"Mint Springs Caves","Spring_Nam":"Three Springs Run Resurgence","Intermedia":" ","County":"Randolph","Comment":" ","Reference":"Rocky Parsons","Ref_Locat":"2005 Shavers Mt Report","Area":"Shavers Mountain","Orginal_Tr":"Rocky Parsons date unknown"}},{"type":"Feature","id":303,"geometry":{"type":"LineString","coordinates":[[-79.612421816211793,38.968197559549893],[-79.615586266547382,38.965196526279165]]},"properties":{"Shape_Length":555.61409724835903,"OBJECTID":303,"Sink_Name":"Jumble Sinks Caves","Spring_Nam":"Ordinance Trash Pit","Intermedia":" ","County":"Randolph","Comment":" ","Reference":"Rocky Parsons","Ref_Locat":"2005 Shavers Mt Report","Area":"Shavers Mountain","Orginal_Tr":"Rocky Parsons date unknown"}},{"type":"Feature","id":304,"geometry":{"type":"LineString","coordinates":[[-79.615997242196613,38.964280606658455],[-79.616375372744102,38.965052420155139]]},"properties":{"Shape_Length":118.24638009406414,"OBJECTID":304,"Sink_Name":"GROSS Grotto Quarry Cave","Spring_Nam":"Three Springs Run Cave","Intermedia":" ","County":"Randolph","Comment":" ","Reference":"Rocky Parsons","Ref_Locat":"2005 Shavers Mt. Report","Area":"Shavers Mountain","Orginal_Tr":"Rocky Parsons date unknown"}},{"type":"Feature","id":305,"geometry":{"type":"LineString","coordinates":[[-81.241203871428979,37.262963727576597],[-81.242067232367077,37.261079933209622],[-81.253515922896639,37.258606681723599]]},"properties":{"Shape_Length":1601.0435087397279,"OBJECTID":305,"Sink_Name":"Lin Electric","Spring_Nam":"Whitley Branch at the Old Bramwell Road","Intermedia":"Main storm drain on Lynn Street","County":"Mercer","Comment":" ","Reference":"Schaer and Harris","Ref_Locat":"2009 Memo for File","Area":"Whitley Branch","Orginal_Tr":"Penny Harris May 2009"}},{"type":"Feature","id":306,"geometry":{"type":"LineString","coordinates":[[-80.502766702751529,37.661824891341602],[-80.471068234901452,37.691000443716767]]},"properties":{"Shape_Length":5412.0256979357773,"OBJECTID":306,"Sink_Name":"Jim Allen Sinkhole","Spring_Nam":"Dickson Spring","Intermedia":" ","County":"Monroe","Comment":" ","Reference":"George Dasher","Ref_Locat":"West Virginia Caver V30n2","Area":"Dickson Spring Basin","Orginal_Tr":"George Dasher 2011"}},{"type":"Feature","id":307,"geometry":{"type":"LineString","coordinates":[[-80.434483457420171,37.723859279565488],[-80.473474127149871,37.696382114820949]]},"properties":{"Shape_Length":5812.7501387433877,"OBJECTID":307,"Sink_Name":"Sively #2","Spring_Nam":"Organ Cave Resurgence","Intermedia":"Organ Cave tourist section","County":"Greenbrier","Comment":" ","Reference":"Paul Stevens 1988","Ref_Locat":"page 45","Area":"Organ Cave Plateau","Orginal_Tr":"Paul Stevens 1979"}},{"type":"Feature","id":308,"geometry":{"type":"LineString","coordinates":[[-80.443005170852757,37.721841215098891],[-80.473308116688742,37.696366362005911]]},"properties":{"Shape_Length":4922.2303485456505,"OBJECTID":308,"Sink_Name":"Foxhole #1","Spring_Nam":"Organ Cave Resurgence","Intermedia":"east waterfall in Waterfall Room","County":"Greenbrier","Comment":" ","Reference":"Paul Stevens 1988","Ref_Locat":"page 45","Area":"Organ Cave Plateau","Orginal_Tr":"Paul Stevens 1979"}},{"type":"Feature","id":309,"geometry":{"type":"LineString","coordinates":[[-80.605170261362574,37.653127386664927],[-80.603217761414456,37.658993422268125]]},"properties":{"Shape_Length":852.97749664830121,"OBJECTID":309,"Sink_Name":"Rocky Parsons home","Spring_Nam":"Schmitz Spring","Intermedia":" ","County":"Monroe","Comment":" ","Reference":"Rocky Parsons 2011","Ref_Locat":"West Virginia Caver V30n2","Area":"Wolf Creek","Orginal_Tr":"Rocky Parsons 2012"}},{"type":"Feature","id":310,"geometry":{"type":"LineString","coordinates":[[-80.605636219297082,37.655238608239046],[-80.603281315424169,37.659010809445682]]},"properties":{"Shape_Length":591.65959015471742,"OBJECTID":310,"Sink_Name":"Parsons Cave","Spring_Nam":"Schmitz Spring","Intermedia":" ","County":"Monroe","Comment":" ","Reference":"Rocky Parsons 2012","Ref_Locat":"West Virginia Caver V30n3","Area":"Wolf Creek","Orginal_Tr":"Rocky Parsons 2012"}},{"type":"Feature","id":311,"geometry":{"type":"LineString","coordinates":[[-80.13148184773226,38.392224258660313],[-80.122014556851852,38.409836193333042]]},"properties":{"Shape_Length":2714.6422439605126,"OBJECTID":311,"Sink_Name":"Blasted Bridge Sinkhole","Spring_Nam":"Old Field Fork Spring","Intermedia":" ","County":"Pocahontas","Comment":" ","Reference":"George Phillips 2012","Ref_Locat":"George Phillips 2012","Area":"Old Field Fork","Orginal_Tr":"George Phillips 2012"}},{"type":"Feature","id":312,"geometry":{"type":"LineString","coordinates":[[-80.415574539628679,37.918923813036066],[-80.415732209232416,37.898988715612056]]},"properties":{"Shape_Length":2812.7271627162545,"OBJECTID":312,"Sink_Name":"Coffman Cave","Spring_Nam":"Savannah Cave","Intermedia":" ","County":"Greenbrier","Comment":"water appears below 85-foot drop","Reference":"none as yet","Ref_Locat":"none as yet","Area":"Davis Spring","Orginal_Tr":"Bill Jones 2012"}},{"type":"Feature","id":313,"geometry":{"type":"LineString","coordinates":[[-80.427446432776804,37.914379396656486],[-80.415732209232416,37.898988715612056]]},"properties":{"Shape_Length":2532.8968778251451,"OBJECTID":313,"Sink_Name":"Sicarri","Spring_Nam":"Savannah Cave","Intermedia":" ","County":"Greenbrier","Comment":" ","Reference":"Water appears below 80-foot drop","Ref_Locat":"none as yet","Area":"None","Orginal_Tr":"Bill Jones 2012"}}]}