{"type":"FeatureCollection","features":[{"type":"Feature","properties":{"id":"US-AL","subdivision":"Alabama"},"geometry":{"type":"Point","coordinates":[-86.3009417,32.3774472]}},{"type":"Feature","properties":{"id":"US-AL","radiusMeters":5000},"geometry":{"type":"Polygon","coordinates":[[[-86.3009417,32.4225354],[-86.3027969,32.4225079],[-86.3046499,32.4224255],[-86.3064983,32.4222883],[-86.30834,32.4220964],[-86.3101726,32.42185],[-86.311994,32.4215496],[-86.3138019,32.4211954],[-86.3155941,32.4207879],[-86.3173684,32.4203275],[-86.3191226,32.4198149],[-86.3208547,32.4192507],[-86.3225625,32.4186355],[-86.324244,32.41797],[-86.3258969,32.4172552],[-86.3275195,32.4164919],[-86.3291096,32.415681],[-86.3306654,32.4148235],[-86.3321849,32.4139205],[-86.3336663,32.4129729],[-86.3351077,32.4119821],[-86.3365075,32.4109493],[-86.337864,32.4098755],[-86.3391754,32.4087623],[-86.3404401,32.4076109],[-86.3416567,32.4064228],[-86.3428237,32.4051993],[-86.3439395,32.4039421],[-86.3450029,32.4026525],[-86.3460127,32.4013323],[-86.3469674,32.3999829],[-86.347866,32.3986061],[-86.3487075,32.3972035],[-86.3494906,32.3957769],[-86.3502147,32.3943279],[-86.3508786,32.3928584],[-86.3514817,32.3913701],[-86.3520231,32.3898649],[-86.3525023,32.3883445],[-86.3529187,32.3868109],[-86.3532717,32.3852658],[-86.353561,32.3837113],[-86.3537861,32.3821491],[-86.3539468,32.3805813],[-86.354043,32.3790096],[-86.3540744,32.377436],[-86.3540411,32.3758625],[-86.3539431,32.3742909],[-86.3537806,32.3727231],[-86.3535537,32.3711611],[-86.3532627,32.3696068],[-86.352908,32.3680621],[-86.3524899,32.3665288],[-86.3520091,32.3650088],[-86.3514662,32.363504],[-86.3508616,32.3620162],[-86.3501963,32.3605472],[-86.349471,32.3590988],[-86.3486867,32.3576727],[-86.3478442,32.3562708],[-86.3469446,32.3548946],[-86.3459889,32.3535459],[-86.3449785,32.3522264],[-86.3439144,32.3509376],[-86.3427981,32.349681],[-86.3416307,32.3484583],[-86.3404139,32.347271],[-86.339149,32.3461203],[-86.3378376,32.3450079],[-86.3364813,32.3439349],[-86.3350818,32.3429028],[-86.3336407,32.3419128],[-86.3321598,32.340966],[-86.3306409,32.3400637],[-86.3290859,32.3392069],[-86.3274966,32.3383966],[-86.3258751,32.337634],[-86.3242232,32.3369198],[-86.3225429,32.336255],[-86.3208364,32.3356403],[-86.3191057,32.3350766],[-86.3173529,32.3345644],[-86.3155801,32.3341045],[-86.3137895,32.3336974],[-86.3119833,32.3333435],[-86.3101636,32.3330434],[-86.3083327,32.3327973],[-86.3064928,32.3326056],[-86.3046462,32.3324685],[-86.3027951,32.3323862],[-86.3009417,32.3323587],[-86.2990883,32.3323862],[-86.2972372,32.3324685],[-86.2953906,32.3326056],[-86.2935507,32.3327973],[-86.2917198,32.3330434],[-86.2899001,32.3333435],[-86.2880939,32.3336974],[-86.2863033,32.3341045],[-86.2845305,32.3345644],[-86.2827777,32.3350766],[-86.281047,32.3356403],[-86.2793405,32.336255],[-86.2776602,32.3369198],[-86.2760083,32.337634],[-86.2743868,32.3383966],[-86.2727975,32.3392069],[-86.2712425,32.3400637],[-86.2697236,32.340966],[-86.2682427,32.3419128],[-86.2668016,32.3429028],[-86.2654021,32.3439349],[-86.2640458,32.3450079],[-86.2627344,32.3461203],[-86.2614695,32.347271],[-86.2602527,32.3484583],[-86.2590853,32.349681],[-86.257969,32.3509376],[-86.2569049,32.3522264],[-86.2558945,32.3535459],[-86.2549388,32.3548946],[-86.2540392,32.3562708],[-86.2531967,32.3576727],[-86.2524124,32.3590988],[-86.2516871,32.3605472],[-86.2510218,32.3620162],[-86.2504172,32.363504],[-86.2498743,32.3650088],[-86.2493935,32.3665288],[-86.2489754,32.3680621],[-86.2486207,32.3696068],[-86.2483297,32.3711611],[-86.2481028,32.3727231],[-86.2479403,32.3742909],[-86.2478423,32.3758625],[-86.247809,32.377436],[-86.2478404,32.3790096],[-86.2479366,32.3805813],[-86.2480973,32.3821491],[-86.2483224,32.3837113],[-86.2486117,32.3852658],[-86.2489647,32.3868109],[-86.2493811,32.3883445],[-86.2498603,32.3898649],[-86.2504017,32.3913701],[-86.2510048,32.3928584],[-86.2516687,32.3943279],[-86.2523928,32.3957769],[-86.2531759,32.3972035],[-86.2540174,32.3986061],[-86.254916,32.3999829],[-86.2558707,32.4013323],[-86.2568805,32.4026525],[-86.2579439,32.4039421],[-86.2590597,32.4051993],[-86.2602267,32.4064228],[-86.2614433,32.4076109],[-86.262708,32.4087623],[-86.2640194,32.4098755],[-86.2653759,32.4109493],[-86.2667757,32.4119821],[-86.2682171,32.4129729],[-86.2696985,32.4139205],[-86.271218,32.4148235],[-86.2727738,32.415681],[-86.2743639,32.4164919],[-86.2759865,32.4172552],[-86.2776394,32.41797],[-86.2793209,32.4186355],[-86.2810287,32.4192507],[-86.2827608,32.4198149],[-86.284515,32.4203275],[-86.2862893,32.4207879],[-86.2880815,32.4211954],[-86.2898894,32.4215496],[-86.2917108,32.42185],[-86.2935434,32.4220964],[-86.2953851,32.4222883],[-86.2972335,32.4224255],[-86.2990865,32.4225079],[-86.3009417,32.4225354]]]}},{"type":"Feature","properties":{"id":"US-AK","subdivision":"Alaska"},"geometry":{"type":"Point","coordinates":[-134.4104667,58.3021972]}},{"type":"Feature","properties":{"id":"US-AK","radiusMeters":5000},"geometry":{"type":"Polygon","coordinates":[[[-134.4104667,58.3470872],[-134.4134465,58.3470598],[-134.4164227,58.3469777],[-134.4193916,58.346841],[-134.4223496,58.3466498],[-134.425293,58.3464044],[-134.4282184,58.346105],[-134.431122,58.3457521],[-134.4340003,58.3453461],[-134.4368499,58.3448874],[-134.4396672,58.3443767],[-134.4424488,58.3438145],[-134.4451913,58.3432016],[-134.4478914,58.3425386],[-134.4505457,58.3418265],[-134.453151,58.341066],[-134.4557041,58.3402581],[-134.458202,58.3394038],[-134.4606415,58.3385042],[-134.4630197,58.3375603],[-134.4653336,58.3365732],[-134.4675805,58.3355443],[-134.4697577,58.3344747],[-134.4718624,58.3333657],[-134.4738921,58.3322188],[-134.4758443,58.3310353],[-134.4777167,58.3298166],[-134.479507,58.3285643],[-134.4812129,58.3272799],[-134.4828325,58.3259649],[-134.4843638,58.3246209],[-134.4858048,58.3232496],[-134.4871539,58.3218527],[-134.4884094,58.3204319],[-134.4895698,58.3189889],[-134.4906336,58.3175254],[-134.4915997,58.3160433],[-134.4924668,58.3145443],[-134.493234,58.3130303],[-134.4939001,58.3115032],[-134.4944646,58.3099647],[-134.4949266,58.3084168],[-134.4952857,58.3068614],[-134.4955414,58.3053003],[-134.4956934,58.3037355],[-134.4957416,58.3021688],[-134.4956859,58.3006022],[-134.4955264,58.2990375],[-134.4952633,58.2974768],[-134.4948969,58.2959218],[-134.4944276,58.2943745],[-134.4938562,58.2928368],[-134.4931833,58.2913105],[-134.4924096,58.2897975],[-134.4915363,58.2882997],[-134.4905642,58.2868188],[-134.4894948,58.2853566],[-134.4883291,58.283915],[-134.4870688,58.2824957],[-134.4857153,58.2811004],[-134.4842702,58.2797308],[-134.4827355,58.2783886],[-134.4811128,58.2770754],[-134.4794043,58.2757928],[-134.4776119,58.2745424],[-134.475738,58.2733256],[-134.4737847,58.2721441],[-134.4717545,58.2709991],[-134.4696498,58.2698921],[-134.4674731,58.2688245],[-134.4652273,58.2677975],[-134.4629149,58.2668124],[-134.4605388,58.2658704],[-134.4581018,58.2649726],[-134.4556071,58.2641201],[-134.4530575,58.263314],[-134.4504562,58.2625552],[-134.4478063,58.2618446],[-134.4451111,58.2611832],[-134.4423738,58.2605716],[-134.4395978,58.2600108],[-134.4367864,58.2595013],[-134.4339431,58.2590437],[-134.4310713,58.2586387],[-134.4281744,58.2582866],[-134.4252561,58.257988],[-134.4223198,58.2577432],[-134.4193692,58.2575525],[-134.4164077,58.2574161],[-134.413439,58.2573342],[-134.4104667,58.2573069],[-134.4074944,58.2573342],[-134.4045257,58.2574161],[-134.4015642,58.2575525],[-134.3986136,58.2577432],[-134.3956773,58.257988],[-134.392759,58.2582866],[-134.3898621,58.2586387],[-134.3869903,58.2590437],[-134.384147,58.2595013],[-134.3813356,58.2600108],[-134.3785596,58.2605716],[-134.3758223,58.2611832],[-134.3731271,58.2618446],[-134.3704772,58.2625552],[-134.3678759,58.263314],[-134.3653263,58.2641201],[-134.3628316,58.2649726],[-134.3603946,58.2658704],[-134.3580185,58.2668124],[-134.3557061,58.2677975],[-134.3534603,58.2688245],[-134.3512836,58.2698921],[-134.3491789,58.2709991],[-134.3471487,58.2721441],[-134.3451954,58.2733256],[-134.3433215,58.2745424],[-134.3415291,58.2757928],[-134.3398206,58.2770754],[-134.3381979,58.2783886],[-134.3366632,58.2797308],[-134.3352181,58.2811004],[-134.3338646,58.2824957],[-134.3326043,58.283915],[-134.3314386,58.2853566],[-134.3303692,58.2868188],[-134.3293971,58.2882997],[-134.3285238,58.2897975],[-134.3277501,58.2913105],[-134.3270772,58.2928368],[-134.3265058,58.2943745],[-134.3260365,58.2959218],[-134.3256701,58.2974768],[-134.325407,58.2990375],[-134.3252475,58.3006022],[-134.3251918,58.3021688],[-134.32524,58.3037355],[-134.325392,58.3053003],[-134.3256477,58.3068614],[-134.3260068,58.3084168],[-134.3264688,58.3099647],[-134.3270333,58.3115032],[-134.3276994,58.3130303],[-134.3284666,58.3145443],[-134.3293337,58.3160433],[-134.3302998,58.3175254],[-134.3313636,58.3189889],[-134.332524,58.3204319],[-134.3337795,58.3218527],[-134.3351286,58.3232496],[-134.3365696,58.3246209],[-134.3381009,58.3259649],[-134.3397205,58.3272799],[-134.3414264,58.3285643],[-134.3432167,58.3298166],[-134.3450891,58.3310353],[-134.3470413,58.3322188],[-134.349071,58.3333657],[-134.3511757,58.3344747],[-134.3533529,58.3355443],[-134.3555998,58.3365732],[-134.3579137,58.3375603],[-134.3602919,58.3385042],[-134.3627314,58.3394038],[-134.3652293,58.3402581],[-134.3677824,58.341066],[-134.3703877,58.3418265],[-134.373042,58.3425386],[-134.3757421,58.3432016],[-134.3784846,58.3438145],[-134.3812662,58.3443767],[-134.3840835,58.3448874],[-134.3869331,58.3453461],[-134.3898114,58.3457521],[-134.392715,58.346105],[-134.3956404,58.3464044],[-134.3985838,58.3466498],[-134.4015418,58.346841],[-134.4045107,58.3469777],[-134.4074869,58.3470598],[-134.4104667,58.3470872]]]}},{"type":"Feature","properties":{"id":"US-AZ","subdivision":"Arizona"},"geometry":{"type":"Point","coordinates":[-112.0978012,33.4481203]}},{"type":"Feature","properties":{"id":"US-AZ","radiusMeters":5000},"geometry":{"type":"Polygon","coordinates":[[[-112.0978012,33.4932007],[-112.0996789,33.4931733],[-112.1015544,33.4930909],[-112.1034252,33.4929537],[-112.1052892,33.4927618],[-112.1071441,33.4925155],[-112.1089876,33.4922151],[-112.1108174,33.491861],[-112.1126313,33.4914535],[-112.1144271,33.4909932],[-112.1162027,33.4904807],[-112.1179558,33.4899165],[-112.1196843,33.4893014],[-112.1213861,33.4886361],[-112.1230591,33.4879214],[-112.1247014,33.4871582],[-112.1263108,33.4863474],[-112.1278854,33.48549],[-112.1294233,33.4845871],[-112.1309226,33.4836398],[-112.1323816,33.4826491],[-112.1337983,33.4816164],[-112.1351712,33.4805429],[-112.1364985,33.4794298],[-112.1377785,33.4782786],[-112.1390099,33.4770906],[-112.1401909,33.4758674],[-112.1413203,33.4746103],[-112.1423966,33.473321],[-112.1434185,33.4720009],[-112.1443848,33.4706518],[-112.1452943,33.4692752],[-112.1461459,33.4678729],[-112.1469385,33.4664465],[-112.1476713,33.4649977],[-112.1483432,33.4635285],[-112.1489536,33.4620404],[-112.1495016,33.4605354],[-112.1499865,33.4590153],[-112.1504079,33.4574819],[-112.1507652,33.4559371],[-112.1510579,33.4543829],[-112.1512857,33.452821],[-112.1514483,33.4512534],[-112.1515456,33.4496819],[-112.1515774,33.4481086],[-112.1515437,33.4465354],[-112.1514445,33.444964],[-112.1512799,33.4433966],[-112.1510502,33.4418349],[-112.1507557,33.4402808],[-112.1503966,33.4387364],[-112.1499735,33.4372033],[-112.1494868,33.4356836],[-112.1489372,33.4341791],[-112.1483254,33.4326915],[-112.147652,33.4312228],[-112.1469179,33.4297746],[-112.146124,33.4283488],[-112.1452712,33.4269471],[-112.1443607,33.4255712],[-112.1433935,33.4242228],[-112.1423708,33.4229035],[-112.1412938,33.4216149],[-112.1401639,33.4203586],[-112.1389825,33.4191361],[-112.1377509,33.417949],[-112.1364707,33.4167986],[-112.1351434,33.4156863],[-112.1337707,33.4146136],[-112.1323542,33.4135816],[-112.1308956,33.4125918],[-112.1293968,33.4116452],[-112.1278596,33.410743],[-112.1262858,33.4098864],[-112.1246773,33.4090763],[-112.1230361,33.4083138],[-112.1213642,33.4075998],[-112.1196636,33.4069351],[-112.1179365,33.4063205],[-112.1161848,33.4057569],[-112.1144108,33.4052448],[-112.1126166,33.404785],[-112.1108043,33.404378],[-112.1089762,33.4040242],[-112.1071346,33.4037241],[-112.1052816,33.403478],[-112.1034195,33.4032864],[-112.1015505,33.4031493],[-112.099677,33.403067],[-112.0978012,33.4030395],[-112.0959254,33.403067],[-112.0940519,33.4031493],[-112.0921829,33.4032864],[-112.0903208,33.403478],[-112.0884678,33.4037241],[-112.0866262,33.4040242],[-112.0847981,33.404378],[-112.0829858,33.404785],[-112.0811916,33.4052448],[-112.0794176,33.4057569],[-112.0776659,33.4063205],[-112.0759388,33.4069351],[-112.0742382,33.4075998],[-112.0725663,33.4083138],[-112.0709251,33.4090763],[-112.0693166,33.4098864],[-112.0677428,33.410743],[-112.0662056,33.4116452],[-112.0647068,33.4125918],[-112.0632482,33.4135816],[-112.0618317,33.4146136],[-112.060459,33.4156863],[-112.0591317,33.4167986],[-112.0578515,33.417949],[-112.0566199,33.4191361],[-112.0554385,33.4203586],[-112.0543086,33.4216149],[-112.0532316,33.4229035],[-112.0522089,33.4242228],[-112.0512417,33.4255712],[-112.0503312,33.4269471],[-112.0494784,33.4283488],[-112.0486845,33.4297746],[-112.0479504,33.4312228],[-112.047277,33.4326915],[-112.0466652,33.4341791],[-112.0461156,33.4356836],[-112.0456289,33.4372033],[-112.0452058,33.4387364],[-112.0448467,33.4402808],[-112.0445522,33.4418349],[-112.0443225,33.4433966],[-112.0441579,33.444964],[-112.0440587,33.4465354],[-112.044025,33.4481086],[-112.0440568,33.4496819],[-112.0441541,33.4512534],[-112.0443167,33.452821],[-112.0445445,33.4543829],[-112.0448372,33.4559371],[-112.0451945,33.4574819],[-112.0456159,33.4590153],[-112.0461008,33.4605354],[-112.0466488,33.4620404],[-112.0472592,33.4635285],[-112.0479311,33.4649977],[-112.0486639,33.4664465],[-112.0494565,33.4678729],[-112.0503081,33.4692752],[-112.0512176,33.4706518],[-112.0521839,33.4720009],[-112.0532058,33.473321],[-112.0542821,33.4746103],[-112.0554115,33.4758674],[-112.0565925,33.4770906],[-112.0578239,33.4782786],[-112.0591039,33.4794298],[-112.0604312,33.4805429],[-112.0618041,33.4816164],[-112.0632208,33.4826491],[-112.0646798,33.4836398],[-112.0661791,33.4845871],[-112.067717,33.48549],[-112.0692916,33.4863474],[-112.070901,33.4871582],[-112.0725433,33.4879214],[-112.0742163,33.4886361],[-112.0759181,33.4893014],[-112.0776466,33.4899165],[-112.0793997,33.4904807],[-112.0811753,33.4909932],[-112.0829711,33.4914535],[-112.084785,33.491861],[-112.0866148,33.4922151],[-112.0884583,33.4925155],[-112.0903132,33.4927618],[-112.0921772,33.4929537],[-112.094048,33.4930909],[-112.0959235,33.4931733],[-112.0978012,33.4932007]]]}},{"type":"Feature","properties":{"id":"US-AR","subdivision":"Arkansas"},"geometry":{"type":"Point","coordinates":[-92.2887611,34.7467583]}},{"type":"Feature","properties":{"id":"US-AR","radiusMeters":5000},"geometry":{"type":"Polygon","coordinates":[[[-92.2887611,34.7918292],[-92.2906678,34.7918017],[-92.2925721,34.7917193],[-92.2944718,34.7915822],[-92.2963646,34.7913903],[-92.298248,34.7911441],[-92.3001199,34.7908438],[-92.301978,34.7904897],[-92.3038198,34.7900823],[-92.3056434,34.7896221],[-92.3074463,34.7891097],[-92.3092264,34.7885456],[-92.3109815,34.7879306],[-92.3127096,34.7872654],[-92.3144084,34.7865508],[-92.3160759,34.7857878],[-92.3177101,34.7849772],[-92.319309,34.78412],[-92.3208706,34.7832172],[-92.322393,34.78227],[-92.3238744,34.7812796],[-92.325313,34.780247],[-92.326707,34.7791737],[-92.3280547,34.7780609],[-92.3293545,34.7769099],[-92.3306047,34.7757222],[-92.331804,34.7744991],[-92.3329507,34.7732423],[-92.3340436,34.7719532],[-92.3350812,34.7706335],[-92.3360623,34.7692846],[-92.3369858,34.7679083],[-92.3378505,34.7665062],[-92.3386553,34.7650801],[-92.3393993,34.7636317],[-92.3400815,34.7621627],[-92.3407012,34.7606749],[-92.3412576,34.7591702],[-92.34175,34.7576504],[-92.3421778,34.7561174],[-92.3425405,34.7545729],[-92.3428377,34.753019],[-92.343069,34.7514574],[-92.3432341,34.7498901],[-92.3433328,34.748319],[-92.343365,34.7467461],[-92.3433307,34.7451731],[-92.3432299,34.7436021],[-92.3430628,34.742035],[-92.3428295,34.7404736],[-92.3425304,34.7389199],[-92.3421658,34.7373758],[-92.3417361,34.7358431],[-92.3412419,34.7343237],[-92.3406838,34.7328195],[-92.3400625,34.7313323],[-92.3393787,34.7298638],[-92.3386332,34.728416],[-92.3378271,34.7269905],[-92.3369612,34.7255891],[-92.3360366,34.7242136],[-92.3350545,34.7228654],[-92.3340161,34.7215464],[-92.3329225,34.7202581],[-92.3317752,34.7190021],[-92.3305755,34.7177799],[-92.329325,34.716593],[-92.3280251,34.7154429],[-92.3266774,34.7143309],[-92.3252835,34.7132584],[-92.3238452,34.7122267],[-92.3223642,34.7112371],[-92.3208424,34.7102907],[-92.3192815,34.7093888],[-92.3176834,34.7085323],[-92.3160502,34.7077224],[-92.3143838,34.7069601],[-92.3126862,34.7062462],[-92.3109595,34.7055817],[-92.3092058,34.7049673],[-92.3074272,34.7044038],[-92.3056259,34.7038919],[-92.3038041,34.7034321],[-92.301964,34.7030252],[-92.3001079,34.7026715],[-92.2982379,34.7023714],[-92.2963564,34.7021255],[-92.2944657,34.7019339],[-92.292568,34.7017968],[-92.2906657,34.7017145],[-92.2887611,34.7016871],[-92.2868565,34.7017145],[-92.2849542,34.7017968],[-92.2830565,34.7019339],[-92.2811658,34.7021255],[-92.2792843,34.7023714],[-92.2774143,34.7026715],[-92.2755582,34.7030252],[-92.2737181,34.7034321],[-92.2718963,34.7038919],[-92.270095,34.7044038],[-92.2683164,34.7049673],[-92.2665627,34.7055817],[-92.264836,34.7062462],[-92.2631384,34.7069601],[-92.261472,34.7077224],[-92.2598388,34.7085323],[-92.2582407,34.7093888],[-92.2566798,34.7102907],[-92.255158,34.7112371],[-92.253677,34.7122267],[-92.2522387,34.7132584],[-92.2508448,34.7143309],[-92.2494971,34.7154429],[-92.2481972,34.716593],[-92.2469467,34.7177799],[-92.245747,34.7190021],[-92.2445997,34.7202581],[-92.2435061,34.7215464],[-92.2424677,34.7228654],[-92.2414856,34.7242136],[-92.240561,34.7255891],[-92.2396951,34.7269905],[-92.238889,34.728416],[-92.2381435,34.7298638],[-92.2374597,34.7313323],[-92.2368384,34.7328195],[-92.2362803,34.7343237],[-92.2357861,34.7358431],[-92.2353564,34.7373758],[-92.2349918,34.7389199],[-92.2346927,34.7404736],[-92.2344594,34.742035],[-92.2342923,34.7436021],[-92.2341915,34.7451731],[-92.2341572,34.7467461],[-92.2341894,34.748319],[-92.2342881,34.7498901],[-92.2344532,34.7514574],[-92.2346845,34.753019],[-92.2349817,34.7545729],[-92.2353444,34.7561174],[-92.2357722,34.7576504],[-92.2362646,34.7591702],[-92.236821,34.7606749],[-92.2374407,34.7621627],[-92.2381229,34.7636317],[-92.2388669,34.7650801],[-92.2396717,34.7665062],[-92.2405364,34.7679083],[-92.2414599,34.7692846],[-92.242441,34.7706335],[-92.2434786,34.7719532],[-92.2445715,34.7732423],[-92.2457182,34.7744991],[-92.2469175,34.7757222],[-92.2481677,34.7769099],[-92.2494675,34.7780609],[-92.2508152,34.7791737],[-92.2522092,34.780247],[-92.2536478,34.7812796],[-92.2551292,34.78227],[-92.2566516,34.7832172],[-92.2582132,34.78412],[-92.2598121,34.7849772],[-92.2614463,34.7857878],[-92.2631138,34.7865508],[-92.2648126,34.7872654],[-92.2665407,34.7879306],[-92.2682958,34.7885456],[-92.2700759,34.7891097],[-92.2718788,34.7896221],[-92.2737024,34.7900823],[-92.2755442,34.7904897],[-92.2774023,34.7908438],[-92.2792742,34.7911441],[-92.2811576,34.7913903],[-92.2830504,34.7915822],[-92.2849501,34.7917193],[-92.2868544,34.7918017],[-92.2887611,34.7918292]]]}},{"type":"Feature","properties":{"id":"US-CA","subdivision":"California"},"geometry":{"type":"Point","coordinates":[-121.4934111,38.5765722]}},{"type":"Feature","properties":{"id":"US-CA","radiusMeters":5000},"geometry":{"type":"Polygon","coordinates":[[[-121.4934111,38.6216141],[-121.4954148,38.6215866],[-121.4974161,38.6215043],[-121.4994125,38.6213672],[-121.5014016,38.6211754],[-121.5033809,38.6209294],[-121.5053481,38.6206292],[-121.5073007,38.6202753],[-121.5092363,38.6198682],[-121.5111526,38.6194082],[-121.5130473,38.6188961],[-121.514918,38.6183323],[-121.5167624,38.6177177],[-121.5185784,38.6170529],[-121.5203636,38.6163387],[-121.522116,38.6155761],[-121.5238333,38.6147659],[-121.5255135,38.6139092],[-121.5271545,38.613007],[-121.5287544,38.6120604],[-121.5303111,38.6110705],[-121.5318228,38.6100386],[-121.5332876,38.6089658],[-121.5347038,38.6078537],[-121.5360696,38.6067034],[-121.5373834,38.6055163],[-121.5386435,38.604294],[-121.5398485,38.603038],[-121.5409968,38.6017497],[-121.5420871,38.6004307],[-121.543118,38.5990826],[-121.5440883,38.5977071],[-121.5449969,38.5963059],[-121.5458425,38.5948807],[-121.5466242,38.5934331],[-121.547341,38.591965],[-121.547992,38.5904782],[-121.5485765,38.5889745],[-121.5490938,38.5874556],[-121.5495432,38.5859235],[-121.5499242,38.58438],[-121.5502363,38.582827],[-121.5504792,38.5812665],[-121.5506525,38.5797002],[-121.5507561,38.5781301],[-121.5507898,38.5765581],[-121.5507536,38.5749862],[-121.5506475,38.5734162],[-121.5504718,38.5718501],[-121.5502265,38.5702898],[-121.549912,38.5687371],[-121.5495287,38.567194],[-121.549077,38.5656623],[-121.5485576,38.5641439],[-121.547971,38.5626407],[-121.5473179,38.5611545],[-121.5465993,38.559687],[-121.5458158,38.5582402],[-121.5449686,38.5568157],[-121.5440586,38.5554152],[-121.543087,38.5540406],[-121.5420549,38.5526934],[-121.5409636,38.5513753],[-121.5398144,38.5500879],[-121.5386088,38.5488328],[-121.5373481,38.5476114],[-121.536034,38.5464254],[-121.534668,38.545276],[-121.5332518,38.5441648],[-121.5317871,38.5430931],[-121.5302758,38.5420621],[-121.5287196,38.5410732],[-121.5271204,38.5401275],[-121.5254803,38.5392261],[-121.5238011,38.5383703],[-121.522085,38.537561],[-121.5203339,38.5367992],[-121.5185502,38.5360858],[-121.5167358,38.5354218],[-121.5148931,38.5348078],[-121.5130243,38.5342447],[-121.5111316,38.5337332],[-121.5092173,38.5332738],[-121.5072839,38.5328671],[-121.5053335,38.5325137],[-121.5033687,38.5322139],[-121.5013917,38.5319681],[-121.4994051,38.5317766],[-121.4974111,38.5316396],[-121.4954123,38.5315574],[-121.4934111,38.53153],[-121.4914099,38.5315574],[-121.4894111,38.5316396],[-121.4874171,38.5317766],[-121.4854305,38.5319681],[-121.4834535,38.5322139],[-121.4814887,38.5325137],[-121.4795383,38.5328671],[-121.4776049,38.5332738],[-121.4756906,38.5337332],[-121.4737979,38.5342447],[-121.4719291,38.5348078],[-121.4700864,38.5354218],[-121.468272,38.5360858],[-121.4664883,38.5367992],[-121.4647372,38.537561],[-121.4630211,38.5383703],[-121.4613419,38.5392261],[-121.4597018,38.5401275],[-121.4581026,38.5410732],[-121.4565464,38.5420621],[-121.4550351,38.5430931],[-121.4535704,38.5441648],[-121.4521542,38.545276],[-121.4507882,38.5464254],[-121.4494741,38.5476114],[-121.4482134,38.5488328],[-121.4470078,38.5500879],[-121.4458586,38.5513753],[-121.4447673,38.5526934],[-121.4437352,38.5540406],[-121.4427636,38.5554152],[-121.4418536,38.5568157],[-121.4410064,38.5582402],[-121.4402229,38.559687],[-121.4395043,38.5611545],[-121.4388512,38.5626407],[-121.4382646,38.5641439],[-121.4377452,38.5656623],[-121.4372935,38.567194],[-121.4369102,38.5687371],[-121.4365957,38.5702898],[-121.4363504,38.5718501],[-121.4361747,38.5734162],[-121.4360686,38.5749862],[-121.4360324,38.5765581],[-121.4360661,38.5781301],[-121.4361697,38.5797002],[-121.436343,38.5812665],[-121.4365859,38.582827],[-121.436898,38.58438],[-121.437279,38.5859235],[-121.4377284,38.5874556],[-121.4382457,38.5889745],[-121.4388302,38.5904782],[-121.4394812,38.591965],[-121.440198,38.5934331],[-121.4409797,38.5948807],[-121.4418253,38.5963059],[-121.4427339,38.5977071],[-121.4437042,38.5990826],[-121.4447351,38.6004307],[-121.4458254,38.6017497],[-121.4469737,38.603038],[-121.4481787,38.604294],[-121.4494388,38.6055163],[-121.4507526,38.6067034],[-121.4521184,38.6078537],[-121.4535346,38.6089658],[-121.4549994,38.6100386],[-121.4565111,38.6110705],[-121.4580678,38.6120604],[-121.4596677,38.613007],[-121.4613087,38.6139092],[-121.4629889,38.6147659],[-121.4647062,38.6155761],[-121.4664586,38.6163387],[-121.4682438,38.6170529],[-121.4700598,38.6177177],[-121.4719042,38.6183323],[-121.4737749,38.6188961],[-121.4756696,38.6194082],[-121.4775859,38.6198682],[-121.4795215,38.6202753],[-121.4814741,38.6206292],[-121.4834413,38.6209294],[-121.4854206,38.6211754],[-121.4874097,38.6213672],[-121.4894061,38.6215043],[-121.4914074,38.6215866],[-121.4934111,38.6216141]]]}},{"type":"Feature","properties":{"id":"US-CO","subdivision":"Colorado"},"geometry":{"type":"Point","coordinates":[-104.9848972,39.7390944]}},{"type":"Feature","properties":{"id":"US-CO","radiusMeters":5000},"geometry":{"type":"Polygon","coordinates":[[[-104.9848972,39.7841273],[-104.9869342,39.7840998],[-104.9889688,39.7840175],[-104.9909984,39.7838804],[-104.9930205,39.7836887],[-104.9950327,39.7834427],[-104.9970326,39.7831425],[-104.9990176,39.7827887],[-105.0009854,39.7823816],[-105.0029336,39.7819218],[-105.0048597,39.7814097],[-105.0067615,39.7808461],[-105.0086366,39.7802315],[-105.0104827,39.7795669],[-105.0122976,39.7788528],[-105.0140791,39.7780903],[-105.0158249,39.7772803],[-105.017533,39.7764238],[-105.0192013,39.7755217],[-105.0208277,39.7745752],[-105.0224102,39.7735855],[-105.023947,39.7725538],[-105.0254362,39.7714813],[-105.0268759,39.7703693],[-105.0282643,39.7692192],[-105.0295999,39.7680324],[-105.0308809,39.7668103],[-105.0321059,39.7655545],[-105.0332733,39.7642664],[-105.0343816,39.7629477],[-105.0354296,39.7615999],[-105.036416,39.7602247],[-105.0373396,39.7588237],[-105.0381992,39.7573987],[-105.0389938,39.7559514],[-105.0397224,39.7544836],[-105.0403843,39.7529971],[-105.0409784,39.7514936],[-105.0415043,39.7499751],[-105.0419611,39.7484433],[-105.0423483,39.7469001],[-105.0426656,39.7453474],[-105.0429124,39.7437871],[-105.0430886,39.7422212],[-105.0431938,39.7406514],[-105.043228,39.7390797],[-105.0431912,39.7375081],[-105.0430833,39.7359385],[-105.0429045,39.7343727],[-105.0426551,39.7328126],[-105.0423354,39.7312603],[-105.0419456,39.7297175],[-105.0414864,39.7281861],[-105.0409583,39.7266681],[-105.040362,39.7251652],[-105.039698,39.7236792],[-105.0389674,39.7222121],[-105.038171,39.7207656],[-105.0373096,39.7193414],[-105.0363845,39.7179412],[-105.0353967,39.7165669],[-105.0343475,39.7152199],[-105.0332381,39.7139021],[-105.0320698,39.712615],[-105.0308441,39.7113601],[-105.0295625,39.7101391],[-105.0282266,39.7089533],[-105.0268379,39.7078042],[-105.0253982,39.7066932],[-105.0239093,39.7056217],[-105.0223729,39.7045909],[-105.0207908,39.7036022],[-105.0191652,39.7026567],[-105.0174978,39.7017556],[-105.0157908,39.7009],[-105.0140462,39.7000909],[-105.0122661,39.6993292],[-105.0104528,39.698616],[-105.0086084,39.6979521],[-105.0067351,39.6973383],[-105.0048353,39.6967753],[-105.0029113,39.6962639],[-105.0009653,39.6958046],[-104.9989998,39.695398],[-104.9970171,39.6950447],[-104.9950198,39.6947449],[-104.9930101,39.6944992],[-104.9909905,39.6943077],[-104.9889635,39.6941708],[-104.9869316,39.6940886],[-104.9848972,39.6940612],[-104.9828628,39.6940886],[-104.9808309,39.6941708],[-104.9788039,39.6943077],[-104.9767843,39.6944992],[-104.9747746,39.6947449],[-104.9727773,39.6950447],[-104.9707946,39.695398],[-104.9688291,39.6958046],[-104.9668831,39.6962639],[-104.9649591,39.6967753],[-104.9630593,39.6973383],[-104.961186,39.6979521],[-104.9593416,39.698616],[-104.9575283,39.6993292],[-104.9557482,39.7000909],[-104.9540036,39.7009],[-104.9522966,39.7017556],[-104.9506292,39.7026567],[-104.9490036,39.7036022],[-104.9474215,39.7045909],[-104.9458851,39.7056217],[-104.9443962,39.7066932],[-104.9429565,39.7078042],[-104.9415678,39.7089533],[-104.9402319,39.7101391],[-104.9389503,39.7113601],[-104.9377246,39.712615],[-104.9365563,39.7139021],[-104.9354469,39.7152199],[-104.9343977,39.7165669],[-104.9334099,39.7179412],[-104.9324848,39.7193414],[-104.9316234,39.7207656],[-104.930827,39.7222121],[-104.9300964,39.7236792],[-104.9294324,39.7251652],[-104.9288361,39.7266681],[-104.928308,39.7281861],[-104.9278488,39.7297175],[-104.927459,39.7312603],[-104.9271393,39.7328126],[-104.9268899,39.7343727],[-104.9267111,39.7359385],[-104.9266032,39.7375081],[-104.9265664,39.7390797],[-104.9266006,39.7406514],[-104.9267058,39.7422212],[-104.926882,39.7437871],[-104.9271288,39.7453474],[-104.9274461,39.7469001],[-104.9278333,39.7484433],[-104.9282901,39.7499751],[-104.928816,39.7514936],[-104.9294101,39.7529971],[-104.930072,39.7544836],[-104.9308006,39.7559514],[-104.9315952,39.7573987],[-104.9324548,39.7588237],[-104.9333784,39.7602247],[-104.9343648,39.7615999],[-104.9354128,39.7629477],[-104.9365211,39.7642664],[-104.9376885,39.7655545],[-104.9389135,39.7668103],[-104.9401945,39.7680324],[-104.9415301,39.7692192],[-104.9429185,39.7703693],[-104.9443582,39.7714813],[-104.9458474,39.7725538],[-104.9473842,39.7735855],[-104.9489667,39.7745752],[-104.9505931,39.7755217],[-104.9522614,39.7764238],[-104.9539695,39.7772803],[-104.9557153,39.7780903],[-104.9574968,39.7788528],[-104.9593117,39.7795669],[-104.9611578,39.7802315],[-104.9630329,39.7808461],[-104.9649347,39.7814097],[-104.9668608,39.7819218],[-104.968809,39.7823816],[-104.9707768,39.7827887],[-104.9727618,39.7831425],[-104.9747617,39.7834427],[-104.9767739,39.7836887],[-104.978796,39.7838804],[-104.9808256,39.7840175],[-104.9828602,39.7840998],[-104.9848972,39.7841273]]]}},{"type":"Feature","properties":{"id":"US-CT","subdivision":"Connecticut"},"geometry":{"type":"Point","coordinates":[-72.68278,41.7641361]}},{"type":"Feature","properties":{"id":"US-CT","radiusMeters":5000},"geometry":{"type":"Polygon","coordinates":[[[-72.68278,41.8091531],[-72.6848799,41.8091257],[-72.6869772,41.8090434],[-72.6890695,41.8089063],[-72.691154,41.8087147],[-72.6932283,41.8084687],[-72.6952899,41.8081687],[-72.6973361,41.807815],[-72.6993647,41.807408],[-72.7013729,41.8069483],[-72.7033585,41.8064364],[-72.7053189,41.8058729],[-72.7072519,41.8052586],[-72.7091549,41.8045941],[-72.7110258,41.8038803],[-72.7128622,41.8031181],[-72.7146619,41.8023083],[-72.7164226,41.801452],[-72.7181423,41.8005502],[-72.7198189,41.799604],[-72.7214502,41.7986147],[-72.7230344,41.7975832],[-72.7245694,41.7965111],[-72.7260534,41.7953994],[-72.7274847,41.7942497],[-72.7288614,41.7930633],[-72.7301819,41.7918416],[-72.7314445,41.7905862],[-72.7326478,41.7892985],[-72.7337903,41.7879802],[-72.7348705,41.7866328],[-72.7358872,41.7852581],[-72.7368392,41.7838576],[-72.7377252,41.7824331],[-72.7385443,41.7809863],[-72.7392953,41.779519],[-72.7399774,41.7780329],[-72.7405898,41.77653],[-72.7411317,41.7750119],[-72.7416025,41.7734806],[-72.7420016,41.771938],[-72.7423286,41.7703858],[-72.7425829,41.7688261],[-72.7427644,41.7672607],[-72.7428728,41.7656915],[-72.7429079,41.7641204],[-72.7428698,41.7625493],[-72.7427585,41.7609802],[-72.7425742,41.759415],[-72.742317,41.7578555],[-72.7419873,41.7563037],[-72.7415854,41.7547614],[-72.741112,41.7532306],[-72.7405675,41.7517131],[-72.7399527,41.7502108],[-72.7392683,41.7487254],[-72.7385151,41.7472588],[-72.737694,41.7458128],[-72.7368061,41.7443891],[-72.7358524,41.7429895],[-72.7348341,41.7416157],[-72.7337525,41.7402693],[-72.7326088,41.7389519],[-72.7314045,41.7376653],[-72.7301411,41.7364109],[-72.72882,41.7351903],[-72.7274429,41.734005],[-72.7260114,41.7328563],[-72.7245274,41.7317458],[-72.7229926,41.7306747],[-72.7214088,41.7296443],[-72.7197781,41.728656],[-72.7181023,41.7277109],[-72.7163836,41.7268101],[-72.7146241,41.7259548],[-72.7128258,41.725146],[-72.710991,41.7243847],[-72.7091218,41.7236718],[-72.7072206,41.7230081],[-72.7052897,41.7223945],[-72.7033315,41.7218318],[-72.7013482,41.7213206],[-72.6993424,41.7208615],[-72.6973164,41.720455],[-72.6952728,41.7201018],[-72.6932139,41.7198022],[-72.6911424,41.7195565],[-72.6890607,41.7193652],[-72.6869714,41.7192283],[-72.684877,41.7191461],[-72.68278,41.7191187],[-72.680683,41.7191461],[-72.6785886,41.7192283],[-72.6764993,41.7193652],[-72.6744176,41.7195565],[-72.6723461,41.7198022],[-72.6702872,41.7201018],[-72.6682436,41.720455],[-72.6662176,41.7208615],[-72.6642118,41.7213206],[-72.6622285,41.7218318],[-72.6602703,41.7223945],[-72.6583394,41.7230081],[-72.6564382,41.7236718],[-72.654569,41.7243847],[-72.6527342,41.725146],[-72.6509359,41.7259548],[-72.6491764,41.7268101],[-72.6474577,41.7277109],[-72.6457819,41.728656],[-72.6441512,41.7296443],[-72.6425674,41.7306747],[-72.6410326,41.7317458],[-72.6395486,41.7328563],[-72.6381171,41.734005],[-72.63674,41.7351903],[-72.6354189,41.7364109],[-72.6341555,41.7376653],[-72.6329512,41.7389519],[-72.6318075,41.7402693],[-72.6307259,41.7416157],[-72.6297076,41.7429895],[-72.6287539,41.7443891],[-72.627866,41.7458128],[-72.6270449,41.7472588],[-72.6262917,41.7487254],[-72.6256073,41.7502108],[-72.6249925,41.7517131],[-72.624448,41.7532306],[-72.6239746,41.7547614],[-72.6235727,41.7563037],[-72.623243,41.7578555],[-72.6229858,41.759415],[-72.6228015,41.7609802],[-72.6226902,41.7625493],[-72.6226521,41.7641204],[-72.6226872,41.7656915],[-72.6227956,41.7672607],[-72.6229771,41.7688261],[-72.6232314,41.7703858],[-72.6235584,41.771938],[-72.6239575,41.7734806],[-72.6244283,41.7750119],[-72.6249702,41.77653],[-72.6255826,41.7780329],[-72.6262647,41.779519],[-72.6270157,41.7809863],[-72.6278348,41.7824331],[-72.6287208,41.7838576],[-72.6296728,41.7852581],[-72.6306895,41.7866328],[-72.6317697,41.7879802],[-72.6329122,41.7892985],[-72.6341155,41.7905862],[-72.6353781,41.7918416],[-72.6366986,41.7930633],[-72.6380753,41.7942497],[-72.6395066,41.7953994],[-72.6409906,41.7965111],[-72.6425256,41.7975832],[-72.6441098,41.7986147],[-72.6457411,41.799604],[-72.6474177,41.8005502],[-72.6491374,41.801452],[-72.6508981,41.8023083],[-72.6526978,41.8031181],[-72.6545342,41.8038803],[-72.6564051,41.8045941],[-72.6583081,41.8052586],[-72.6602411,41.8058729],[-72.6622015,41.8064364],[-72.6641871,41.8069483],[-72.6661953,41.807408],[-72.6682239,41.807815],[-72.6702701,41.8081687],[-72.6723317,41.8084687],[-72.674406,41.8087147],[-72.6764905,41.8089063],[-72.6785828,41.8090434],[-72.6806801,41.8091257],[-72.68278,41.8091531]]]}},{"type":"Feature","properties":{"id":"US-DE","subdivision":"Delaware"},"geometry":{"type":"Point","coordinates":[-75.51972,39.157306]}},{"type":"Feature","properties":{"id":"US-DE","radiusMeters":5000},"geometry":{"type":"Polygon","coordinates":[[[-75.51972,39.2023434],[-75.5217401,39.2023159],[-75.5237578,39.2022336],[-75.5257705,39.2020965],[-75.5277759,39.2019048],[-75.5297714,39.2016587],[-75.5317547,39.2013586],[-75.5337232,39.2010047],[-75.5356747,39.2005976],[-75.5376067,39.2001377],[-75.5395168,39.1996256],[-75.5414028,39.1990619],[-75.5432624,39.1984473],[-75.5450932,39.1977826],[-75.546893,39.1970685],[-75.5486597,39.1963059],[-75.5503911,39.1954958],[-75.552085,39.1946392],[-75.5537394,39.1937371],[-75.5553523,39.1927905],[-75.5569218,39.1918007],[-75.5584458,39.1907689],[-75.5599226,39.1896963],[-75.5613504,39.1885842],[-75.5627274,39.187434],[-75.5640519,39.1862471],[-75.5653223,39.1850249],[-75.5665371,39.1837689],[-75.5676948,39.1824807],[-75.568794,39.1811619],[-75.5698333,39.179814],[-75.5708115,39.1784386],[-75.5717275,39.1770375],[-75.57258,39.1756124],[-75.573368,39.174165],[-75.5740907,39.172697],[-75.574747,39.1712104],[-75.5753363,39.1697067],[-75.5758578,39.168188],[-75.5763108,39.1666561],[-75.5766949,39.1651128],[-75.5770095,39.1635599],[-75.5772544,39.1619995],[-75.5774291,39.1604334],[-75.5775335,39.1588634],[-75.5775674,39.1572916],[-75.5775309,39.1557199],[-75.5774239,39.1541501],[-75.5772467,39.1525841],[-75.5769994,39.1510239],[-75.5766823,39.1494714],[-75.5762958,39.1479284],[-75.5758405,39.1463969],[-75.5753167,39.1448787],[-75.5747253,39.1433756],[-75.5740669,39.1418896],[-75.5733424,39.1404223],[-75.5725526,39.1389756],[-75.5716984,39.1375512],[-75.570781,39.1361509],[-75.5698014,39.1347764],[-75.5687608,39.1334294],[-75.5676606,39.1321114],[-75.566502,39.1308241],[-75.5652865,39.1295691],[-75.5640156,39.1283479],[-75.5626907,39.127162],[-75.5613135,39.1260128],[-75.5598858,39.1249017],[-75.5584092,39.1238301],[-75.5568855,39.1227992],[-75.5553166,39.1218104],[-75.5537043,39.1208648],[-75.5520508,39.1199636],[-75.5503579,39.1191078],[-75.5486278,39.1182986],[-75.5468624,39.1175369],[-75.5450641,39.1168236],[-75.543235,39.1161596],[-75.5413772,39.1155458],[-75.5394931,39.1149827],[-75.537585,39.1144712],[-75.5356551,39.1140119],[-75.5337059,39.1136053],[-75.5317397,39.1132518],[-75.5297588,39.1129521],[-75.5277657,39.1127063],[-75.5257629,39.1125148],[-75.5237527,39.1123779],[-75.5217376,39.1122957],[-75.51972,39.1122683],[-75.5177024,39.1122957],[-75.5156873,39.1123779],[-75.5136771,39.1125148],[-75.5116743,39.1127063],[-75.5096812,39.1129521],[-75.5077003,39.1132518],[-75.5057341,39.1136053],[-75.5037849,39.1140119],[-75.501855,39.1144712],[-75.4999469,39.1149827],[-75.4980628,39.1155458],[-75.496205,39.1161596],[-75.4943759,39.1168236],[-75.4925776,39.1175369],[-75.4908122,39.1182986],[-75.4890821,39.1191078],[-75.4873892,39.1199636],[-75.4857357,39.1208648],[-75.4841234,39.1218104],[-75.4825545,39.1227992],[-75.4810308,39.1238301],[-75.4795542,39.1249017],[-75.4781265,39.1260128],[-75.4767493,39.127162],[-75.4754244,39.1283479],[-75.4741535,39.1295691],[-75.472938,39.1308241],[-75.4717794,39.1321114],[-75.4706792,39.1334294],[-75.4696386,39.1347764],[-75.468659,39.1361509],[-75.4677416,39.1375512],[-75.4668874,39.1389756],[-75.4660976,39.1404223],[-75.4653731,39.1418896],[-75.4647147,39.1433756],[-75.4641233,39.1448787],[-75.4635995,39.1463969],[-75.4631442,39.1479284],[-75.4627577,39.1494714],[-75.4624406,39.1510239],[-75.4621933,39.1525841],[-75.4620161,39.1541501],[-75.4619091,39.1557199],[-75.4618726,39.1572916],[-75.4619065,39.1588634],[-75.4620109,39.1604334],[-75.4621856,39.1619995],[-75.4624305,39.1635599],[-75.4627451,39.1651128],[-75.4631292,39.1666561],[-75.4635822,39.168188],[-75.4641037,39.1697067],[-75.464693,39.1712104],[-75.4653493,39.172697],[-75.466072,39.174165],[-75.46686,39.1756124],[-75.4677125,39.1770375],[-75.4686285,39.1784386],[-75.4696067,39.179814],[-75.470646,39.1811619],[-75.4717452,39.1824807],[-75.4729029,39.1837689],[-75.4741177,39.1850249],[-75.4753881,39.1862471],[-75.4767126,39.187434],[-75.4780896,39.1885842],[-75.4795174,39.1896963],[-75.4809942,39.1907689],[-75.4825182,39.1918007],[-75.4840877,39.1927905],[-75.4857006,39.1937371],[-75.487355,39.1946392],[-75.4890489,39.1954958],[-75.4907803,39.1963059],[-75.492547,39.1970685],[-75.4943468,39.1977826],[-75.4961776,39.1984473],[-75.4980372,39.1990619],[-75.4999232,39.1996256],[-75.5018333,39.2001377],[-75.5037653,39.2005976],[-75.5057168,39.2010047],[-75.5076853,39.2013586],[-75.5096686,39.2016587],[-75.5116641,39.2019048],[-75.5136695,39.2020965],[-75.5156822,39.2022336],[-75.5176999,39.2023159],[-75.51972,39.2023434]]]}},{"type":"Feature","properties":{"id":"US-FL","subdivision":"Florida"},"geometry":{"type":"Point","coordinates":[-84.2821703,30.4381743]}},{"type":"Feature","properties":{"id":"US-FL","radiusMeters":5000},"geometry":{"type":"Polygon","coordinates":[[[-84.2821703,30.4832761],[-84.2839877,30.4832486],[-84.2858029,30.4831662],[-84.2876136,30.4830289],[-84.2894177,30.482837],[-84.291213,30.4825906],[-84.2929972,30.4822901],[-84.2947682,30.4819358],[-84.2965239,30.4815282],[-84.298262,30.4810677],[-84.2999805,30.480555],[-84.3016773,30.4799905],[-84.3033503,30.4793752],[-84.3049974,30.4787096],[-84.3066167,30.4779946],[-84.3082062,30.4772311],[-84.3097639,30.4764199],[-84.311288,30.4755622],[-84.3127765,30.4746589],[-84.3142277,30.4737111],[-84.3156399,30.47272],[-84.3170112,30.4716869],[-84.31834,30.4706129],[-84.3196247,30.4694993],[-84.3208637,30.4683476],[-84.3220555,30.4671591],[-84.3231987,30.4659353],[-84.3242919,30.4646777],[-84.3253337,30.4633878],[-84.3263228,30.4620672],[-84.3272582,30.4607175],[-84.3281386,30.4593403],[-84.3289629,30.4579373],[-84.3297302,30.4565102],[-84.3304395,30.4550609],[-84.33109,30.4535909],[-84.3316808,30.4521022],[-84.3322113,30.4505965],[-84.3326808,30.4490757],[-84.3330888,30.4475416],[-84.3334346,30.4459961],[-84.3337181,30.4444411],[-84.3339387,30.4428785],[-84.3340962,30.4413101],[-84.3341904,30.439738],[-84.3342213,30.4381639],[-84.3341888,30.4365899],[-84.3340929,30.4350178],[-84.3339337,30.4334496],[-84.3337115,30.4318871],[-84.3334265,30.4303324],[-84.333079,30.4287871],[-84.3326696,30.4272534],[-84.3321986,30.4257329],[-84.3316667,30.4242276],[-84.3310746,30.4227393],[-84.3304229,30.4212699],[-84.3297124,30.419821],[-84.328944,30.4183945],[-84.3281187,30.4169921],[-84.3272374,30.4156155],[-84.3263013,30.4142664],[-84.3253115,30.4129464],[-84.3242691,30.4116572],[-84.3231755,30.4104002],[-84.3220319,30.4091771],[-84.3208398,30.4079894],[-84.3196007,30.4068384],[-84.318316,30.4057256],[-84.3169873,30.4046523],[-84.3156163,30.4036198],[-84.3142045,30.4026294],[-84.3127537,30.4016823],[-84.3112658,30.4007797],[-84.3097424,30.3999226],[-84.3081854,30.3991121],[-84.3065969,30.3983492],[-84.3049785,30.3976348],[-84.3033325,30.3969697],[-84.3016606,30.3963549],[-84.2999651,30.3957909],[-84.2982479,30.3952786],[-84.2965112,30.3948186],[-84.294757,30.3944113],[-84.2929874,30.3940573],[-84.2912048,30.393757],[-84.2894111,30.3935109],[-84.2876086,30.3933191],[-84.2857995,30.393182],[-84.283986,30.3930996],[-84.2821703,30.3930722],[-84.2803546,30.3930996],[-84.2785411,30.393182],[-84.276732,30.3933191],[-84.2749295,30.3935109],[-84.2731358,30.393757],[-84.2713532,30.3940573],[-84.2695836,30.3944113],[-84.2678294,30.3948186],[-84.2660927,30.3952786],[-84.2643755,30.3957909],[-84.26268,30.3963549],[-84.2610081,30.3969697],[-84.2593621,30.3976348],[-84.2577437,30.3983492],[-84.2561552,30.3991121],[-84.2545982,30.3999226],[-84.2530748,30.4007797],[-84.2515869,30.4016823],[-84.2501361,30.4026294],[-84.2487243,30.4036198],[-84.2473533,30.4046523],[-84.2460246,30.4057256],[-84.2447399,30.4068384],[-84.2435008,30.4079894],[-84.2423087,30.4091771],[-84.2411651,30.4104002],[-84.2400715,30.4116572],[-84.2390291,30.4129464],[-84.2380393,30.4142664],[-84.2371032,30.4156155],[-84.2362219,30.4169921],[-84.2353966,30.4183945],[-84.2346282,30.419821],[-84.2339177,30.4212699],[-84.233266,30.4227393],[-84.2326739,30.4242276],[-84.232142,30.4257329],[-84.231671,30.4272534],[-84.2312616,30.4287871],[-84.2309141,30.4303324],[-84.2306291,30.4318871],[-84.2304069,30.4334496],[-84.2302477,30.4350178],[-84.2301518,30.4365899],[-84.2301193,30.4381639],[-84.2301502,30.439738],[-84.2302444,30.4413101],[-84.2304019,30.4428785],[-84.2306225,30.4444411],[-84.230906,30.4459961],[-84.2312518,30.4475416],[-84.2316598,30.4490757],[-84.2321293,30.4505965],[-84.2326598,30.4521022],[-84.2332506,30.4535909],[-84.2339011,30.4550609],[-84.2346104,30.4565102],[-84.2353777,30.4579373],[-84.236202,30.4593403],[-84.2370824,30.4607175],[-84.2380178,30.4620672],[-84.2390069,30.4633878],[-84.2400487,30.4646777],[-84.2411419,30.4659353],[-84.2422851,30.4671591],[-84.2434769,30.4683476],[-84.2447159,30.4694993],[-84.2460006,30.4706129],[-84.2473294,30.4716869],[-84.2487007,30.47272],[-84.2501129,30.4737111],[-84.2515641,30.4746589],[-84.2530526,30.4755622],[-84.2545767,30.4764199],[-84.2561344,30.4772311],[-84.2577239,30.4779946],[-84.2593432,30.4787096],[-84.2609903,30.4793752],[-84.2626633,30.4799905],[-84.2643601,30.480555],[-84.2660786,30.4810677],[-84.2678167,30.4815282],[-84.2695724,30.4819358],[-84.2713434,30.4822901],[-84.2731276,30.4825906],[-84.2749229,30.482837],[-84.276727,30.4830289],[-84.2785377,30.4831662],[-84.2803529,30.4832486],[-84.2821703,30.4832761]]]}},{"type":"Feature","properties":{"id":"US-GA","subdivision":"Georgia"},"geometry":{"type":"Point","coordinates":[-84.3882611,33.7492722]}},{"type":"Feature","properties":{"id":"US-GA","radiusMeters":5000},"geometry":{"type":"Polygon","coordinates":[[[-84.3882611,33.7943504],[-84.3901454,33.794323],[-84.3920274,33.7942406],[-84.3939048,33.7941034],[-84.3957753,33.7939115],[-84.3976366,33.7936652],[-84.3994865,33.7933649],[-84.4013227,33.7930107],[-84.4031429,33.7926033],[-84.404945,33.792143],[-84.4067268,33.7916305],[-84.408486,33.7910664],[-84.4102205,33.7904513],[-84.4119282,33.789786],[-84.4136071,33.7890713],[-84.4152551,33.7883082],[-84.4168701,33.7874974],[-84.4184502,33.7866401],[-84.4199934,33.7857372],[-84.421498,33.7847899],[-84.422962,33.7837993],[-84.4243837,33.7827666],[-84.4257614,33.7816931],[-84.4270933,33.7805801],[-84.4283778,33.7794289],[-84.4296134,33.778241],[-84.4307986,33.7770178],[-84.4319319,33.7757608],[-84.4330119,33.7744716],[-84.4340374,33.7731516],[-84.435007,33.7718025],[-84.4359197,33.770426],[-84.4367742,33.7690237],[-84.4375696,33.7675974],[-84.4383049,33.7661487],[-84.4389792,33.7646795],[-84.4395917,33.7631915],[-84.4401416,33.7616866],[-84.4406282,33.7601665],[-84.441051,33.7586332],[-84.4414095,33.7570885],[-84.4417033,33.7555343],[-84.4419318,33.7539725],[-84.442095,33.752405],[-84.4421926,33.7508336],[-84.4422245,33.7492604],[-84.4421907,33.7476872],[-84.4420911,33.746116],[-84.441926,33.7445486],[-84.4416955,33.7429869],[-84.4413999,33.741433],[-84.4410396,33.7398886],[-84.440615,33.7383556],[-84.4401266,33.736836],[-84.4395751,33.7353315],[-84.4389611,33.733844],[-84.4382853,33.7323754],[-84.4375487,33.7309273],[-84.436752,33.7295016],[-84.4358963,33.7280999],[-84.4349826,33.7267241],[-84.434012,33.7253758],[-84.4329857,33.7240565],[-84.431905,33.722768],[-84.4307712,33.7215118],[-84.4295856,33.7202894],[-84.4283497,33.7191023],[-84.427065,33.7179519],[-84.4257332,33.7168397],[-84.4243557,33.7157671],[-84.4229342,33.7147352],[-84.4214706,33.7137454],[-84.4199666,33.7127988],[-84.418424,33.7118967],[-84.4168447,33.7110401],[-84.4152306,33.7102301],[-84.4135837,33.7094676],[-84.411906,33.7087536],[-84.4101995,33.7080889],[-84.4084664,33.7074744],[-84.4067086,33.7069108],[-84.4049284,33.7063988],[-84.403128,33.705939],[-84.4013094,33.705532],[-84.399475,33.7051782],[-84.3976269,33.7048781],[-84.3957675,33.7046321],[-84.3938989,33.7044405],[-84.3920234,33.7043034],[-84.3901434,33.7042211],[-84.3882611,33.7041936],[-84.3863788,33.7042211],[-84.3844988,33.7043034],[-84.3826233,33.7044405],[-84.3807547,33.7046321],[-84.3788953,33.7048781],[-84.3770472,33.7051782],[-84.3752128,33.705532],[-84.3733942,33.705939],[-84.3715938,33.7063988],[-84.3698136,33.7069108],[-84.3680558,33.7074744],[-84.3663227,33.7080889],[-84.3646162,33.7087536],[-84.3629385,33.7094676],[-84.3612916,33.7102301],[-84.3596775,33.7110401],[-84.3580982,33.7118967],[-84.3565556,33.7127988],[-84.3550516,33.7137454],[-84.353588,33.7147352],[-84.3521665,33.7157671],[-84.350789,33.7168397],[-84.3494572,33.7179519],[-84.3481725,33.7191023],[-84.3469366,33.7202894],[-84.345751,33.7215118],[-84.3446172,33.722768],[-84.3435365,33.7240565],[-84.3425102,33.7253758],[-84.3415396,33.7267241],[-84.3406259,33.7280999],[-84.3397702,33.7295016],[-84.3389735,33.7309273],[-84.3382369,33.7323754],[-84.3375611,33.733844],[-84.3369471,33.7353315],[-84.3363956,33.736836],[-84.3359072,33.7383556],[-84.3354826,33.7398886],[-84.3351223,33.741433],[-84.3348267,33.7429869],[-84.3345962,33.7445486],[-84.3344311,33.746116],[-84.3343315,33.7476872],[-84.3342977,33.7492604],[-84.3343296,33.7508336],[-84.3344272,33.752405],[-84.3345904,33.7539725],[-84.3348189,33.7555343],[-84.3351127,33.7570885],[-84.3354712,33.7586332],[-84.335894,33.7601665],[-84.3363806,33.7616866],[-84.3369305,33.7631915],[-84.337543,33.7646795],[-84.3382173,33.7661487],[-84.3389526,33.7675974],[-84.339748,33.7690237],[-84.3406025,33.770426],[-84.3415152,33.7718025],[-84.3424848,33.7731516],[-84.3435103,33.7744716],[-84.3445903,33.7757608],[-84.3457236,33.7770178],[-84.3469088,33.778241],[-84.3481444,33.7794289],[-84.3494289,33.7805801],[-84.3507608,33.7816931],[-84.3521385,33.7827666],[-84.3535602,33.7837993],[-84.3550242,33.7847899],[-84.3565288,33.7857372],[-84.358072,33.7866401],[-84.3596521,33.7874974],[-84.3612671,33.7883082],[-84.3629151,33.7890713],[-84.364594,33.789786],[-84.3663017,33.7904513],[-84.3680362,33.7910664],[-84.3697954,33.7916305],[-84.3715772,33.792143],[-84.3733793,33.7926033],[-84.3751995,33.7930107],[-84.3770357,33.7933649],[-84.3788856,33.7936652],[-84.3807469,33.7939115],[-84.3826174,33.7941034],[-84.3844948,33.7942406],[-84.3863768,33.794323],[-84.3882611,33.7943504]]]}},{"type":"Feature","properties":{"id":"US-HI","subdivision":"Hawaii"},"geometry":{"type":"Point","coordinates":[-157.8572667,21.3073417]}},{"type":"Feature","properties":{"id":"US-HI","radiusMeters":5000},"geometry":{"type":"Polygon","coordinates":[[[-157.8572667,21.3525001],[-157.858949,21.3524726],[-157.8606293,21.3523901],[-157.8623055,21.3522527],[-157.8639755,21.3520605],[-157.8656373,21.3518138],[-157.867289,21.351513],[-157.8689284,21.3511583],[-157.8705536,21.3507502],[-157.8721625,21.3502892],[-157.8737534,21.3497759],[-157.8753241,21.3492109],[-157.8768728,21.3485948],[-157.8783976,21.3479285],[-157.8798966,21.3472127],[-157.8813681,21.3464483],[-157.8828101,21.3456363],[-157.884221,21.3447776],[-157.885599,21.3438733],[-157.8869425,21.3429244],[-157.8882499,21.3419322],[-157.8895194,21.3408979],[-157.8907496,21.3398226],[-157.891939,21.3387078],[-157.8930861,21.3375548],[-157.8941896,21.3363649],[-157.895248,21.3351397],[-157.8962602,21.3338807],[-157.8972248,21.3325892],[-157.8981407,21.3312671],[-157.8990068,21.3299158],[-157.899822,21.3285369],[-157.9005853,21.3271323],[-157.9012959,21.3257035],[-157.9019528,21.3242524],[-157.9025552,21.3227807],[-157.9031024,21.3212902],[-157.9035938,21.3197827],[-157.9040287,21.31826],[-157.9044066,21.3167241],[-157.9047271,21.3151767],[-157.9049897,21.3136198],[-157.9051942,21.3120552],[-157.9053403,21.3104849],[-157.9054278,21.3089108],[-157.9054566,21.3073348],[-157.9054268,21.3057588],[-157.9053382,21.3041847],[-157.9051911,21.3026145],[-157.9049856,21.3010501],[-157.904722,21.2994933],[-157.9044006,21.2979461],[-157.9040217,21.2964104],[-157.9035859,21.2948879],[-157.9030937,21.2933807],[-157.9025457,21.2918905],[-157.9019425,21.2904191],[-157.9012849,21.2889683],[-157.9005737,21.2875399],[-157.8998098,21.2861356],[-157.898994,21.2847572],[-157.8981275,21.2834063],[-157.8972112,21.2820846],[-157.8962462,21.2807936],[-157.8952338,21.279535],[-157.8941751,21.2783103],[-157.8930715,21.2771209],[-157.8919243,21.2759683],[-157.8907349,21.274854],[-157.8895048,21.2737792],[-157.8882354,21.2727453],[-157.8869283,21.2717536],[-157.885585,21.2708052],[-157.8842074,21.2699013],[-157.8827969,21.2690431],[-157.8813553,21.2682314],[-157.8798844,21.2674675],[-157.878386,21.2667521],[-157.8768619,21.2660861],[-157.8753139,21.2654704],[-157.8737439,21.2649056],[-157.8721539,21.2643926],[-157.8705458,21.2639319],[-157.8689214,21.2635241],[-157.867283,21.2631696],[-157.8656323,21.2628689],[-157.8639714,21.2626224],[-157.8623024,21.2624304],[-157.8606272,21.262293],[-157.858948,21.2622105],[-157.8572667,21.262183],[-157.8555854,21.2622105],[-157.8539062,21.262293],[-157.852231,21.2624304],[-157.850562,21.2626224],[-157.8489011,21.2628689],[-157.8472504,21.2631696],[-157.845612,21.2635241],[-157.8439876,21.2639319],[-157.8423795,21.2643926],[-157.8407895,21.2649056],[-157.8392195,21.2654704],[-157.8376715,21.2660861],[-157.8361474,21.2667521],[-157.834649,21.2674675],[-157.8331781,21.2682314],[-157.8317365,21.2690431],[-157.830326,21.2699013],[-157.8289484,21.2708052],[-157.8276051,21.2717536],[-157.826298,21.2727453],[-157.8250286,21.2737792],[-157.8237985,21.274854],[-157.8226091,21.2759683],[-157.8214619,21.2771209],[-157.8203583,21.2783103],[-157.8192996,21.279535],[-157.8182872,21.2807936],[-157.8173222,21.2820846],[-157.8164059,21.2834063],[-157.8155394,21.2847572],[-157.8147236,21.2861356],[-157.8139597,21.2875399],[-157.8132485,21.2889683],[-157.8125909,21.2904191],[-157.8119877,21.2918905],[-157.8114397,21.2933807],[-157.8109475,21.2948879],[-157.8105117,21.2964104],[-157.8101328,21.2979461],[-157.8098114,21.2994933],[-157.8095478,21.3010501],[-157.8093423,21.3026145],[-157.8091952,21.3041847],[-157.8091066,21.3057588],[-157.8090768,21.3073348],[-157.8091056,21.3089108],[-157.8091931,21.3104849],[-157.8093392,21.3120552],[-157.8095437,21.3136198],[-157.8098063,21.3151767],[-157.8101268,21.3167241],[-157.8105047,21.31826],[-157.8109396,21.3197827],[-157.811431,21.3212902],[-157.8119782,21.3227807],[-157.8125806,21.3242524],[-157.8132375,21.3257035],[-157.8139481,21.3271323],[-157.8147114,21.3285369],[-157.8155266,21.3299158],[-157.8163927,21.3312671],[-157.8173086,21.3325892],[-157.8182732,21.3338807],[-157.8192854,21.3351397],[-157.8203438,21.3363649],[-157.8214473,21.3375548],[-157.8225944,21.3387078],[-157.8237838,21.3398226],[-157.825014,21.3408979],[-157.8262835,21.3419322],[-157.8275909,21.3429244],[-157.8289344,21.3438733],[-157.8303124,21.3447776],[-157.8317233,21.3456363],[-157.8331653,21.3464483],[-157.8346368,21.3472127],[-157.8361358,21.3479285],[-157.8376606,21.3485948],[-157.8392093,21.3492109],[-157.84078,21.3497759],[-157.8423709,21.3502892],[-157.8439798,21.3507502],[-157.845605,21.3511583],[-157.8472444,21.351513],[-157.8488961,21.3518138],[-157.8505579,21.3520605],[-157.8522279,21.3522527],[-157.8539041,21.3523901],[-157.8555844,21.3524726],[-157.8572667,21.3525001]]]}},{"type":"Feature","properties":{"id":"US-ID","subdivision":"Idaho"},"geometry":{"type":"Point","coordinates":[-116.1996139,43.6176972]}},{"type":"Feature","properties":{"id":"US-ID","radiusMeters":5000},"geometry":{"type":"Polygon","coordinates":[[[-116.1996139,43.6626996],[-116.2017773,43.6626722],[-116.203938,43.6625899],[-116.2060935,43.6624529],[-116.2082411,43.6622613],[-116.2103781,43.6620154],[-116.212502,43.6617155],[-116.2146101,43.6613618],[-116.2166999,43.660955],[-116.2187689,43.6604954],[-116.2208145,43.6599837],[-116.2228342,43.6594203],[-116.2248256,43.6588062],[-116.2267861,43.6581419],[-116.2287135,43.6574283],[-116.2306054,43.6566662],[-116.2324595,43.6558567],[-116.2342734,43.6550006],[-116.236045,43.6540991],[-116.2377722,43.6531532],[-116.2394528,43.6521641],[-116.2410848,43.651133],[-116.2426662,43.6500611],[-116.244195,43.6489498],[-116.2456695,43.6478004],[-116.2470877,43.6466144],[-116.248448,43.6453931],[-116.2497488,43.644138],[-116.2509884,43.6428507],[-116.2521653,43.6415328],[-116.2532781,43.6401858],[-116.2543255,43.6388115],[-116.2553061,43.6374114],[-116.2562188,43.6359874],[-116.2570625,43.634541],[-116.2578361,43.6330741],[-116.2585387,43.6315886],[-116.2591695,43.6300861],[-116.2597277,43.6285685],[-116.2602127,43.6270377],[-116.2606237,43.6254955],[-116.2609604,43.6239439],[-116.2612223,43.6223846],[-116.2614092,43.6208197],[-116.2615207,43.619251],[-116.2615569,43.6176804],[-116.2615175,43.6161099],[-116.2614028,43.6145413],[-116.2612127,43.6129766],[-116.2609477,43.6114176],[-116.2606079,43.6098663],[-116.2601939,43.6083246],[-116.2597061,43.6067943],[-116.2591451,43.6052773],[-116.2585116,43.6037755],[-116.2578064,43.6022906],[-116.2570304,43.6008245],[-116.2561845,43.599379],[-116.2552697,43.5979558],[-116.2542872,43.5965567],[-116.2532381,43.5951833],[-116.2521238,43.5938374],[-116.2509455,43.5925205],[-116.2497049,43.5912343],[-116.2484032,43.5899804],[-116.2470422,43.5887602],[-116.2456235,43.5875753],[-116.2441489,43.586427],[-116.24262,43.5853169],[-116.2410389,43.5842462],[-116.2394073,43.5832162],[-116.2377274,43.5822282],[-116.2360011,43.5812835],[-116.2342306,43.580383],[-116.2324179,43.579528],[-116.2305654,43.5787195],[-116.2286752,43.5779585],[-116.2267497,43.5772458],[-116.2247912,43.5765824],[-116.2228021,43.575969],[-116.2207848,43.5754065],[-116.2187418,43.5748955],[-116.2166755,43.5744365],[-116.2145884,43.5740303],[-116.2124832,43.5736772],[-116.2103623,43.5733776],[-116.2082283,43.5731321],[-116.2060839,43.5729408],[-116.2039316,43.572804],[-116.2017741,43.5727219],[-116.1996139,43.5726945],[-116.1974537,43.5727219],[-116.1952962,43.572804],[-116.1931439,43.5729408],[-116.1909995,43.5731321],[-116.1888655,43.5733776],[-116.1867446,43.5736772],[-116.1846394,43.5740303],[-116.1825523,43.5744365],[-116.180486,43.5748955],[-116.178443,43.5754065],[-116.1764257,43.575969],[-116.1744366,43.5765824],[-116.1724781,43.5772458],[-116.1705526,43.5779585],[-116.1686624,43.5787195],[-116.1668099,43.579528],[-116.1649972,43.580383],[-116.1632267,43.5812835],[-116.1615004,43.5822282],[-116.1598205,43.5832162],[-116.1581889,43.5842462],[-116.1566078,43.5853169],[-116.1550789,43.586427],[-116.1536043,43.5875753],[-116.1521856,43.5887602],[-116.1508246,43.5899804],[-116.1495229,43.5912343],[-116.1482823,43.5925205],[-116.147104,43.5938374],[-116.1459897,43.5951833],[-116.1449406,43.5965567],[-116.1439581,43.5979558],[-116.1430433,43.599379],[-116.1421974,43.6008245],[-116.1414214,43.6022906],[-116.1407162,43.6037755],[-116.1400827,43.6052773],[-116.1395217,43.6067943],[-116.1390339,43.6083246],[-116.1386199,43.6098663],[-116.1382801,43.6114176],[-116.1380151,43.6129766],[-116.137825,43.6145413],[-116.1377103,43.6161099],[-116.1376709,43.6176804],[-116.1377071,43.619251],[-116.1378186,43.6208197],[-116.1380055,43.6223846],[-116.1382674,43.6239439],[-116.1386041,43.6254955],[-116.1390151,43.6270377],[-116.1395001,43.6285685],[-116.1400583,43.6300861],[-116.1406891,43.6315886],[-116.1413917,43.6330741],[-116.1421653,43.634541],[-116.143009,43.6359874],[-116.1439217,43.6374114],[-116.1449023,43.6388115],[-116.1459497,43.6401858],[-116.1470625,43.6415328],[-116.1482394,43.6428507],[-116.149479,43.644138],[-116.1507798,43.6453931],[-116.1521401,43.6466144],[-116.1535583,43.6478004],[-116.1550328,43.6489498],[-116.1565616,43.6500611],[-116.158143,43.651133],[-116.159775,43.6521641],[-116.1614556,43.6531532],[-116.1631828,43.6540991],[-116.1649544,43.6550006],[-116.1667683,43.6558567],[-116.1686224,43.6566662],[-116.1705143,43.6574283],[-116.1724417,43.6581419],[-116.1744022,43.6588062],[-116.1763936,43.6594203],[-116.1784133,43.6599837],[-116.1804589,43.6604954],[-116.1825279,43.660955],[-116.1846177,43.6613618],[-116.1867258,43.6617155],[-116.1888497,43.6620154],[-116.1909867,43.6622613],[-116.1931343,43.6624529],[-116.1952898,43.6625899],[-116.1974505,43.6626722],[-116.1996139,43.6626996]]]}},{"type":"Feature","properties":{"id":"US-IL","subdivision":"Illinois"},"geometry":{"type":"Point","coordinates":[-89.654889,39.7985167]}},{"type":"Feature","properties":{"id":"US-IL","radiusMeters":5000},"geometry":{"type":"Polygon","coordinates":[[[-89.654889,39.8435491],[-89.6569278,39.8435216],[-89.6589641,39.8434393],[-89.6609954,39.8433022],[-89.6630193,39.8431106],[-89.6650333,39.8428645],[-89.6670348,39.8425644],[-89.6690216,39.8422106],[-89.6709911,39.8418035],[-89.6729409,39.8413437],[-89.6748687,39.8408316],[-89.6767721,39.840268],[-89.6786489,39.8396534],[-89.6804966,39.8389887],[-89.682313,39.8382747],[-89.684096,39.8375122],[-89.6858433,39.8367022],[-89.6875529,39.8358457],[-89.6892226,39.8349436],[-89.6908504,39.8339972],[-89.6924343,39.8330075],[-89.6939725,39.8319757],[-89.6954629,39.8309032],[-89.6969038,39.8297913],[-89.6982935,39.8286412],[-89.6996302,39.8274544],[-89.7009123,39.8262323],[-89.7021383,39.8249765],[-89.7033067,39.8236884],[-89.704416,39.8223697],[-89.7054649,39.8210219],[-89.7064521,39.8196467],[-89.7073765,39.8182458],[-89.7082368,39.8168208],[-89.7090321,39.8153735],[-89.7097614,39.8139058],[-89.7104238,39.8124192],[-89.7110185,39.8109158],[-89.7115448,39.8093972],[-89.712002,39.8078654],[-89.7123896,39.8063223],[-89.7127071,39.8047696],[-89.7129541,39.8032094],[-89.7131304,39.8016434],[-89.7132358,39.8000736],[-89.71327,39.798502],[-89.7132331,39.7969304],[-89.7131251,39.7953608],[-89.7129462,39.793795],[-89.7126966,39.792235],[-89.7123765,39.7906826],[-89.7119865,39.7891398],[-89.7115269,39.7876085],[-89.7109983,39.7860905],[-89.7104014,39.7845876],[-89.709737,39.7831017],[-89.7090057,39.7816346],[-89.7082085,39.780188],[-89.7073465,39.7787638],[-89.7064206,39.7773637],[-89.7054319,39.7759894],[-89.7043818,39.7746425],[-89.7032714,39.7733247],[-89.7021021,39.7720376],[-89.7008754,39.7707827],[-89.6995927,39.7695616],[-89.6982556,39.7683758],[-89.6968658,39.7672268],[-89.6954248,39.7661158],[-89.6939346,39.7650443],[-89.6923968,39.7640136],[-89.6908135,39.7630249],[-89.6891864,39.7620794],[-89.6875176,39.7611783],[-89.6858091,39.7603227],[-89.684063,39.7595136],[-89.6822814,39.7587519],[-89.6804666,39.7580387],[-89.6786206,39.7573748],[-89.6767457,39.756761],[-89.6748442,39.7561981],[-89.6729185,39.7556866],[-89.6709709,39.7552273],[-89.6690037,39.7548208],[-89.6670194,39.7544674],[-89.6650202,39.7541677],[-89.6630088,39.7539219],[-89.6609875,39.7537305],[-89.6589588,39.7535936],[-89.6569251,39.7535114],[-89.654889,39.753484],[-89.6528529,39.7535114],[-89.6508192,39.7535936],[-89.6487905,39.7537305],[-89.6467692,39.7539219],[-89.6447578,39.7541677],[-89.6427586,39.7544674],[-89.6407743,39.7548208],[-89.6388071,39.7552273],[-89.6368595,39.7556866],[-89.6349338,39.7561981],[-89.6330323,39.756761],[-89.6311574,39.7573748],[-89.6293114,39.7580387],[-89.6274966,39.7587519],[-89.625715,39.7595136],[-89.6239689,39.7603227],[-89.6222604,39.7611783],[-89.6205916,39.7620794],[-89.6189645,39.7630249],[-89.6173812,39.7640136],[-89.6158434,39.7650443],[-89.6143532,39.7661158],[-89.6129122,39.7672268],[-89.6115224,39.7683758],[-89.6101853,39.7695616],[-89.6089026,39.7707827],[-89.6076759,39.7720376],[-89.6065066,39.7733247],[-89.6053962,39.7746425],[-89.6043461,39.7759894],[-89.6033574,39.7773637],[-89.6024315,39.7787638],[-89.6015695,39.780188],[-89.6007723,39.7816346],[-89.600041,39.7831017],[-89.5993766,39.7845876],[-89.5987797,39.7860905],[-89.5982511,39.7876085],[-89.5977915,39.7891398],[-89.5974015,39.7906826],[-89.5970814,39.792235],[-89.5968318,39.793795],[-89.5966529,39.7953608],[-89.5965449,39.7969304],[-89.596508,39.798502],[-89.5965422,39.8000736],[-89.5966476,39.8016434],[-89.5968239,39.8032094],[-89.5970709,39.8047696],[-89.5973884,39.8063223],[-89.597776,39.8078654],[-89.5982332,39.8093972],[-89.5987595,39.8109158],[-89.5993542,39.8124192],[-89.6000166,39.8139058],[-89.6007459,39.8153735],[-89.6015412,39.8168208],[-89.6024015,39.8182458],[-89.6033259,39.8196467],[-89.6043131,39.8210219],[-89.605362,39.8223697],[-89.6064713,39.8236884],[-89.6076397,39.8249765],[-89.6088657,39.8262323],[-89.6101478,39.8274544],[-89.6114845,39.8286412],[-89.6128742,39.8297913],[-89.6143151,39.8309032],[-89.6158055,39.8319757],[-89.6173437,39.8330075],[-89.6189276,39.8339972],[-89.6205554,39.8349436],[-89.6222251,39.8358457],[-89.6239347,39.8367022],[-89.625682,39.8375122],[-89.627465,39.8382747],[-89.6292814,39.8389887],[-89.6311291,39.8396534],[-89.6330059,39.840268],[-89.6349093,39.8408316],[-89.6368371,39.8413437],[-89.6387869,39.8418035],[-89.6407564,39.8422106],[-89.6427432,39.8425644],[-89.6447447,39.8428645],[-89.6467587,39.8431106],[-89.6487826,39.8433022],[-89.6508139,39.8434393],[-89.6528502,39.8435216],[-89.654889,39.8435491]]]}},{"type":"Feature","properties":{"id":"US-IN","subdivision":"Indiana"},"geometry":{"type":"Point","coordinates":[-86.1625,39.76861]}},{"type":"Feature","properties":{"id":"US-IN","radiusMeters":5000},"geometry":{"type":"Polygon","coordinates":[[[-86.1625,39.8136426],[-86.1645379,39.8136152],[-86.1665733,39.8135329],[-86.1686038,39.8133958],[-86.1706268,39.8132041],[-86.1726399,39.812958],[-86.1746406,39.8126579],[-86.1766265,39.8123041],[-86.1785951,39.811897],[-86.1805441,39.8114372],[-86.1824711,39.8109251],[-86.1843737,39.8103615],[-86.1862496,39.8097469],[-86.1880965,39.8090822],[-86.1899121,39.8083682],[-86.1916943,39.8076057],[-86.1934409,39.8067957],[-86.1951497,39.8059392],[-86.1968187,39.8050371],[-86.1984458,39.8040907],[-86.2000291,39.803101],[-86.2015665,39.8020692],[-86.2030563,39.8009967],[-86.2044966,39.7998847],[-86.2058857,39.7987346],[-86.2072218,39.7975478],[-86.2085034,39.7963258],[-86.2097289,39.7950699],[-86.2108967,39.7937819],[-86.2120056,39.7924631],[-86.213054,39.7911153],[-86.2140408,39.7897401],[-86.2149648,39.7883392],[-86.2158247,39.7869142],[-86.2166197,39.7854669],[-86.2173487,39.7839991],[-86.2180108,39.7825126],[-86.2186052,39.7810091],[-86.2191312,39.7794906],[-86.2195882,39.7779588],[-86.2199757,39.7764156],[-86.220293,39.774863],[-86.22054,39.7733027],[-86.2207162,39.7717367],[-86.2208215,39.770167],[-86.2208557,39.7685953],[-86.2208188,39.7670237],[-86.2207109,39.7654541],[-86.2205321,39.7638883],[-86.2202826,39.7623283],[-86.2199627,39.7607759],[-86.2195728,39.7592331],[-86.2191134,39.7577018],[-86.218585,39.7561837],[-86.2179884,39.7546808],[-86.2173242,39.7531949],[-86.2165933,39.7517278],[-86.2157965,39.7502812],[-86.2149348,39.748857],[-86.2140093,39.7474569],[-86.2130211,39.7460826],[-86.2119714,39.7447357],[-86.2108615,39.7434178],[-86.2096927,39.7421307],[-86.2084665,39.7408759],[-86.2071844,39.7396548],[-86.2058479,39.738469],[-86.2044586,39.7373199],[-86.2030183,39.736209],[-86.2015287,39.7351374],[-86.1999916,39.7341067],[-86.1984089,39.733118],[-86.1967826,39.7321725],[-86.1951145,39.7312714],[-86.1934068,39.7304158],[-86.1916614,39.7296067],[-86.1898806,39.728845],[-86.1880665,39.7281318],[-86.1862213,39.7274679],[-86.1843472,39.7268541],[-86.1824466,39.7262911],[-86.1805217,39.7257797],[-86.178575,39.7253204],[-86.1766086,39.7249138],[-86.1746251,39.7245605],[-86.1726269,39.7242607],[-86.1706163,39.724015],[-86.1685959,39.7238236],[-86.166568,39.7236867],[-86.1645353,39.7236044],[-86.1625,39.723577],[-86.1604647,39.7236044],[-86.158432,39.7236867],[-86.1564041,39.7238236],[-86.1543837,39.724015],[-86.1523731,39.7242607],[-86.1503749,39.7245605],[-86.1483914,39.7249138],[-86.146425,39.7253204],[-86.1444783,39.7257797],[-86.1425534,39.7262911],[-86.1406528,39.7268541],[-86.1387787,39.7274679],[-86.1369335,39.7281318],[-86.1351194,39.728845],[-86.1333386,39.7296067],[-86.1315932,39.7304158],[-86.1298855,39.7312714],[-86.1282174,39.7321725],[-86.1265911,39.733118],[-86.1250084,39.7341067],[-86.1234713,39.7351374],[-86.1219817,39.736209],[-86.1205414,39.7373199],[-86.1191521,39.738469],[-86.1178156,39.7396548],[-86.1165335,39.7408759],[-86.1153073,39.7421307],[-86.1141385,39.7434178],[-86.1130286,39.7447357],[-86.1119789,39.7460826],[-86.1109907,39.7474569],[-86.1100652,39.748857],[-86.1092035,39.7502812],[-86.1084067,39.7517278],[-86.1076758,39.7531949],[-86.1070116,39.7546808],[-86.106415,39.7561837],[-86.1058866,39.7577018],[-86.1054272,39.7592331],[-86.1050373,39.7607759],[-86.1047174,39.7623283],[-86.1044679,39.7638883],[-86.1042891,39.7654541],[-86.1041812,39.7670237],[-86.1041443,39.7685953],[-86.1041785,39.770167],[-86.1042838,39.7717367],[-86.10446,39.7733027],[-86.104707,39.774863],[-86.1050243,39.7764156],[-86.1054118,39.7779588],[-86.1058688,39.7794906],[-86.1063948,39.7810091],[-86.1069892,39.7825126],[-86.1076513,39.7839991],[-86.1083803,39.7854669],[-86.1091753,39.7869142],[-86.1100352,39.7883392],[-86.1109592,39.7897401],[-86.111946,39.7911153],[-86.1129944,39.7924631],[-86.1141033,39.7937819],[-86.1152711,39.7950699],[-86.1164966,39.7963258],[-86.1177782,39.7975478],[-86.1191143,39.7987346],[-86.1205034,39.7998847],[-86.1219437,39.8009967],[-86.1234335,39.8020692],[-86.1249709,39.803101],[-86.1265542,39.8040907],[-86.1281813,39.8050371],[-86.1298503,39.8059392],[-86.1315591,39.8067957],[-86.1333057,39.8076057],[-86.1350879,39.8083682],[-86.1369035,39.8090822],[-86.1387504,39.8097469],[-86.1406263,39.8103615],[-86.1425289,39.8109251],[-86.1444559,39.8114372],[-86.1464049,39.811897],[-86.1483735,39.8123041],[-86.1503594,39.8126579],[-86.1523601,39.812958],[-86.1543732,39.8132041],[-86.1563962,39.8133958],[-86.1584267,39.8135329],[-86.1604621,39.8136152],[-86.1625,39.8136426]]]}},{"type":"Feature","properties":{"id":"US-IA","subdivision":"Iowa"},"geometry":{"type":"Point","coordinates":[-93.6038694,41.5911778]}},{"type":"Feature","properties":{"id":"US-IA","radiusMeters":5000},"geometry":{"type":"Polygon","coordinates":[[[-93.6038694,41.6361962],[-93.6059637,41.6361687],[-93.6080554,41.6360864],[-93.610142,41.6359494],[-93.612221,41.6357577],[-93.6142897,41.6355118],[-93.6163458,41.6352117],[-93.6183866,41.634858],[-93.6204096,41.634451],[-93.6224125,41.6339913],[-93.6243928,41.6334794],[-93.626348,41.6329159],[-93.6282757,41.6323015],[-93.6301737,41.631637],[-93.6320396,41.6309232],[-93.633871,41.630161],[-93.6356659,41.6293512],[-93.6374219,41.6284948],[-93.639137,41.627593],[-93.6408091,41.6266469],[-93.6424361,41.6256574],[-93.644016,41.624626],[-93.6455469,41.6235538],[-93.647027,41.6224421],[-93.6484544,41.6212924],[-93.6498274,41.6201059],[-93.6511444,41.6188842],[-93.6524037,41.6176287],[-93.6536038,41.616341],[-93.6547432,41.6150227],[-93.6558205,41.6136753],[-93.6568345,41.6123005],[-93.657784,41.6109],[-93.6586676,41.6094754],[-93.6594845,41.6080286],[-93.6602335,41.6065612],[-93.6609138,41.6050751],[-93.6615246,41.6035721],[-93.6620651,41.602054],[-93.6625346,41.6005227],[-93.6629327,41.59898],[-93.6632587,41.5974278],[-93.6635124,41.595868],[-93.6636934,41.5943026],[-93.6638015,41.5927333],[-93.6638366,41.5911622],[-93.6637986,41.5895911],[-93.6636876,41.5880219],[-93.6635037,41.5864566],[-93.6632472,41.5848971],[-93.6629184,41.5833452],[-93.6625177,41.581803],[-93.6620455,41.5802721],[-93.6615025,41.5787545],[-93.6608893,41.5772521],[-93.6602067,41.5757667],[-93.6594555,41.5743001],[-93.6586367,41.572854],[-93.6577511,41.5714303],[-93.6568,41.5700307],[-93.6557845,41.5686568],[-93.6547057,41.5673103],[-93.6535651,41.565993],[-93.6523641,41.5647063],[-93.651104,41.5634518],[-93.6497864,41.5622312],[-93.648413,41.5610458],[-93.6469854,41.5598971],[-93.6455053,41.5587865],[-93.6439746,41.5577154],[-93.6423951,41.556685],[-93.6407687,41.5556967],[-93.6390974,41.5547515],[-93.6373833,41.5538507],[-93.6356285,41.5529954],[-93.633835,41.5521866],[-93.632005,41.5514252],[-93.6301409,41.5507123],[-93.6282448,41.5500486],[-93.626319,41.549435],[-93.624366,41.5488722],[-93.622388,41.548361],[-93.6203876,41.5479019],[-93.618367,41.5474954],[-93.6163288,41.5471422],[-93.6142755,41.5468425],[-93.6122095,41.5465969],[-93.6101333,41.5464055],[-93.6080496,41.5462687],[-93.6059608,41.5461865],[-93.6038694,41.5461591],[-93.601778,41.5461865],[-93.5996892,41.5462687],[-93.5976055,41.5464055],[-93.5955293,41.5465969],[-93.5934633,41.5468425],[-93.59141,41.5471422],[-93.5893718,41.5474954],[-93.5873512,41.5479019],[-93.5853508,41.548361],[-93.5833728,41.5488722],[-93.5814198,41.549435],[-93.579494,41.5500486],[-93.5775979,41.5507123],[-93.5757338,41.5514252],[-93.5739038,41.5521866],[-93.5721103,41.5529954],[-93.5703555,41.5538507],[-93.5686414,41.5547515],[-93.5669701,41.5556967],[-93.5653437,41.556685],[-93.5637642,41.5577154],[-93.5622335,41.5587865],[-93.5607534,41.5598971],[-93.5593258,41.5610458],[-93.5579524,41.5622312],[-93.5566348,41.5634518],[-93.5553747,41.5647063],[-93.5541737,41.565993],[-93.5530331,41.5673103],[-93.5519543,41.5686568],[-93.5509388,41.5700307],[-93.5499877,41.5714303],[-93.5491021,41.572854],[-93.5482833,41.5743001],[-93.5475321,41.5757667],[-93.5468495,41.5772521],[-93.5462363,41.5787545],[-93.5456933,41.5802721],[-93.5452211,41.581803],[-93.5448204,41.5833452],[-93.5444916,41.5848971],[-93.5442351,41.5864566],[-93.5440512,41.5880219],[-93.5439402,41.5895911],[-93.5439022,41.5911622],[-93.5439373,41.5927333],[-93.5440454,41.5943026],[-93.5442264,41.595868],[-93.5444801,41.5974278],[-93.5448061,41.59898],[-93.5452042,41.6005227],[-93.5456737,41.602054],[-93.5462142,41.6035721],[-93.546825,41.6050751],[-93.5475053,41.6065612],[-93.5482543,41.6080286],[-93.5490712,41.6094754],[-93.5499548,41.6109],[-93.5509043,41.6123005],[-93.5519183,41.6136753],[-93.5529956,41.6150227],[-93.554135,41.616341],[-93.5553351,41.6176287],[-93.5565944,41.6188842],[-93.5579114,41.6201059],[-93.5592844,41.6212924],[-93.5607118,41.6224421],[-93.5621919,41.6235538],[-93.5637228,41.624626],[-93.5653027,41.6256574],[-93.5669297,41.6266469],[-93.5686018,41.627593],[-93.5703169,41.6284948],[-93.5720729,41.6293512],[-93.5738678,41.630161],[-93.5756992,41.6309232],[-93.5775651,41.631637],[-93.5794631,41.6323015],[-93.5813908,41.6329159],[-93.583346,41.6334794],[-93.5853263,41.6339913],[-93.5873292,41.634451],[-93.5893522,41.634858],[-93.591393,41.6352117],[-93.5934491,41.6355118],[-93.5955178,41.6357577],[-93.5975968,41.6359494],[-93.5996834,41.6360864],[-93.6017751,41.6361687],[-93.6038694,41.6361962]]]}},{"type":"Feature","properties":{"id":"US-KS","subdivision":"Kansas"},"geometry":{"type":"Point","coordinates":[-95.6781556,39.0480083]}},{"type":"Feature","properties":{"id":"US-KS","radiusMeters":5000},"geometry":{"type":"Polygon","coordinates":[[[-95.6781556,39.0930465],[-95.6801726,39.0930191],[-95.6821872,39.0929367],[-95.6841968,39.0927996],[-95.686199,39.0926079],[-95.6881915,39.0923619],[-95.6901717,39.0920617],[-95.6921372,39.0917079],[-95.6940856,39.0913007],[-95.6960146,39.0908408],[-95.6979219,39.0903287],[-95.6998049,39.089765],[-95.7016616,39.0891504],[-95.7034896,39.0884856],[-95.7052866,39.0877715],[-95.7070506,39.087009],[-95.7087793,39.0861989],[-95.7104706,39.0853422],[-95.7121225,39.0844401],[-95.7137329,39.0834935],[-95.7152999,39.0825037],[-95.7168216,39.0814718],[-95.7182961,39.0803992],[-95.7197217,39.0792871],[-95.7210965,39.0781369],[-95.722419,39.07695],[-95.7236875,39.0757278],[-95.7249004,39.0744718],[-95.7260563,39.0731836],[-95.7271538,39.0718647],[-95.7281915,39.0705167],[-95.7291682,39.0691414],[-95.7300828,39.0677402],[-95.7309339,39.0663151],[-95.7317208,39.0648677],[-95.7324423,39.0633997],[-95.7330977,39.061913],[-95.733686,39.0604093],[-95.7342067,39.0588906],[-95.7346591,39.0573586],[-95.7350426,39.0558153],[-95.7353567,39.0542624],[-95.7356012,39.0527019],[-95.7357756,39.0511358],[-95.7358799,39.0495658],[-95.7359138,39.047994],[-95.7358773,39.0464222],[-95.7357705,39.0448523],[-95.7355935,39.0432864],[-95.7353466,39.0417261],[-95.73503,39.0401736],[-95.7346442,39.0386306],[-95.7341895,39.0370991],[-95.7336666,39.0355808],[-95.7330761,39.0340777],[-95.7324187,39.0325916],[-95.7316953,39.0311243],[-95.7309067,39.0296776],[-95.7300539,39.0282532],[-95.7291378,39.0268529],[-95.7281598,39.0254783],[-95.7271208,39.0241313],[-95.7260223,39.0228133],[-95.7248655,39.021526],[-95.7236519,39.020271],[-95.7223829,39.0190497],[-95.7210601,39.0178638],[-95.719685,39.0167145],[-95.7182595,39.0156034],[-95.7167851,39.0145318],[-95.7152638,39.0135009],[-95.7136973,39.012512],[-95.7120876,39.0115664],[-95.7104366,39.0106652],[-95.7087463,39.0098094],[-95.7070188,39.0090002],[-95.7052562,39.0082385],[-95.7034607,39.0075252],[-95.7016343,39.0068612],[-95.6997795,39.0062473],[-95.6978983,39.0056842],[-95.6959931,39.0051727],[-95.6940662,39.0047134],[-95.69212,39.0043067],[-95.6901567,39.0039533],[-95.6881789,39.0036535],[-95.6861889,39.0034078],[-95.6841892,39.0032163],[-95.6821821,39.0030794],[-95.6801701,39.0029972],[-95.6781556,39.0029697],[-95.6761411,39.0029972],[-95.6741291,39.0030794],[-95.672122,39.0032163],[-95.6701223,39.0034078],[-95.6681323,39.0036535],[-95.6661545,39.0039533],[-95.6641912,39.0043067],[-95.662245,39.0047134],[-95.6603181,39.0051727],[-95.6584129,39.0056842],[-95.6565317,39.0062473],[-95.6546769,39.0068612],[-95.6528505,39.0075252],[-95.651055,39.0082385],[-95.6492924,39.0090002],[-95.6475649,39.0098094],[-95.6458746,39.0106652],[-95.6442236,39.0115664],[-95.6426139,39.012512],[-95.6410474,39.0135009],[-95.6395261,39.0145318],[-95.6380517,39.0156034],[-95.6366262,39.0167145],[-95.6352511,39.0178638],[-95.6339283,39.0190497],[-95.6326593,39.020271],[-95.6314457,39.021526],[-95.6302889,39.0228133],[-95.6291904,39.0241313],[-95.6281514,39.0254783],[-95.6271734,39.0268529],[-95.6262573,39.0282532],[-95.6254045,39.0296776],[-95.6246159,39.0311243],[-95.6238925,39.0325916],[-95.6232351,39.0340777],[-95.6226446,39.0355808],[-95.6221217,39.0370991],[-95.621667,39.0386306],[-95.6212812,39.0401736],[-95.6209646,39.0417261],[-95.6207177,39.0432864],[-95.6205407,39.0448523],[-95.6204339,39.0464222],[-95.6203974,39.047994],[-95.6204313,39.0495658],[-95.6205356,39.0511358],[-95.62071,39.0527019],[-95.6209545,39.0542624],[-95.6212686,39.0558153],[-95.6216521,39.0573586],[-95.6221045,39.0588906],[-95.6226252,39.0604093],[-95.6232135,39.061913],[-95.6238689,39.0633997],[-95.6245904,39.0648677],[-95.6253773,39.0663151],[-95.6262284,39.0677402],[-95.627143,39.0691414],[-95.6281197,39.0705167],[-95.6291574,39.0718647],[-95.6302549,39.0731836],[-95.6314108,39.0744718],[-95.6326237,39.0757278],[-95.6338922,39.07695],[-95.6352147,39.0781369],[-95.6365895,39.0792871],[-95.6380151,39.0803992],[-95.6394896,39.0814718],[-95.6410113,39.0825037],[-95.6425783,39.0834935],[-95.6441887,39.0844401],[-95.6458406,39.0853422],[-95.6475319,39.0861989],[-95.6492606,39.087009],[-95.6510246,39.0877715],[-95.6528216,39.0884856],[-95.6546496,39.0891504],[-95.6565063,39.089765],[-95.6583893,39.0903287],[-95.6602966,39.0908408],[-95.6622256,39.0913007],[-95.664174,39.0917079],[-95.6661395,39.0920617],[-95.6681197,39.0923619],[-95.6701122,39.0926079],[-95.6721144,39.0927996],[-95.674124,39.0929367],[-95.6761386,39.0930191],[-95.6781556,39.0930465]]]}},{"type":"Feature","properties":{"id":"US-KY","subdivision":"Kentucky"},"geometry":{"type":"Point","coordinates":[-84.8721744,38.2000189]}},{"type":"Feature","properties":{"id":"US-KY","radiusMeters":5000},"geometry":{"type":"Polygon","coordinates":[[[-84.8721744,38.2450637],[-84.8741678,38.2450362],[-84.8761587,38.2449539],[-84.8781447,38.2448168],[-84.8801235,38.244625],[-84.8820926,38.2443789],[-84.8840496,38.2440787],[-84.885992,38.2437248],[-84.8879176,38.2433177],[-84.889824,38.2428577],[-84.8917089,38.2423455],[-84.8935699,38.2417817],[-84.8954048,38.2411671],[-84.8972113,38.2405022],[-84.8989873,38.239788],[-84.9007306,38.2390254],[-84.902439,38.2382151],[-84.9041105,38.2373584],[-84.9057431,38.2364561],[-84.9073346,38.2355094],[-84.9088833,38.2345195],[-84.9103872,38.2334875],[-84.9118444,38.2324147],[-84.9132533,38.2313025],[-84.9146121,38.2301521],[-84.915919,38.228965],[-84.9171727,38.2277426],[-84.9183714,38.2264865],[-84.9195138,38.2251981],[-84.9205984,38.223879],[-84.921624,38.2225309],[-84.9225893,38.2211554],[-84.9234932,38.2197541],[-84.9243344,38.2183287],[-84.9251121,38.2168811],[-84.9258252,38.2154129],[-84.9264729,38.213926],[-84.9270544,38.2124221],[-84.927569,38.2109032],[-84.9280161,38.209371],[-84.9283952,38.2078274],[-84.9287057,38.2062743],[-84.9289473,38.2047137],[-84.9291197,38.2031473],[-84.9292228,38.2015771],[-84.9292563,38.200005],[-84.9292203,38.198433],[-84.9291148,38.1968629],[-84.92894,38.1952967],[-84.928696,38.1937362],[-84.9283831,38.1921835],[-84.9280018,38.1906402],[-84.9275525,38.1891085],[-84.9270358,38.18759],[-84.9264522,38.1860867],[-84.9258026,38.1846004],[-84.9250876,38.1831328],[-84.9243083,38.1816859],[-84.9234655,38.1802613],[-84.9225602,38.1788607],[-84.9215936,38.177486],[-84.9205668,38.1761387],[-84.9194812,38.1748205],[-84.9183379,38.173533],[-84.9171385,38.1722778],[-84.9158844,38.1710564],[-84.9145771,38.1698702],[-84.9132182,38.1687208],[-84.9118093,38.1676095],[-84.9103522,38.1665377],[-84.9088487,38.1655066],[-84.9073005,38.1645176],[-84.9057096,38.1635719],[-84.9040779,38.1626705],[-84.9024074,38.1618146],[-84.9007002,38.1610052],[-84.8989582,38.1602434],[-84.8971836,38.15953],[-84.8953787,38.1588659],[-84.8935455,38.1582519],[-84.8916863,38.1576887],[-84.8898034,38.1571771],[-84.887899,38.1567177],[-84.8859755,38.156311],[-84.8840353,38.1559575],[-84.8820806,38.1556577],[-84.8801138,38.1554119],[-84.8781374,38.1552204],[-84.8761538,38.1550834],[-84.8741653,38.1550012],[-84.8721744,38.1549738],[-84.8701835,38.1550012],[-84.868195,38.1550834],[-84.8662114,38.1552204],[-84.864235,38.1554119],[-84.8622682,38.1556577],[-84.8603135,38.1559575],[-84.8583733,38.156311],[-84.8564498,38.1567177],[-84.8545454,38.1571771],[-84.8526625,38.1576887],[-84.8508033,38.1582519],[-84.8489701,38.1588659],[-84.8471652,38.15953],[-84.8453906,38.1602434],[-84.8436486,38.1610052],[-84.8419414,38.1618146],[-84.8402709,38.1626705],[-84.8386392,38.1635719],[-84.8370483,38.1645176],[-84.8355001,38.1655066],[-84.8339966,38.1665377],[-84.8325395,38.1676095],[-84.8311306,38.1687208],[-84.8297717,38.1698702],[-84.8284644,38.1710564],[-84.8272103,38.1722778],[-84.8260109,38.173533],[-84.8248676,38.1748205],[-84.823782,38.1761387],[-84.8227552,38.177486],[-84.8217886,38.1788607],[-84.8208833,38.1802613],[-84.8200405,38.1816859],[-84.8192612,38.1831328],[-84.8185462,38.1846004],[-84.8178966,38.1860867],[-84.817313,38.18759],[-84.8167963,38.1891085],[-84.816347,38.1906402],[-84.8159657,38.1921835],[-84.8156528,38.1937362],[-84.8154088,38.1952967],[-84.815234,38.1968629],[-84.8151285,38.198433],[-84.8150925,38.200005],[-84.815126,38.2015771],[-84.8152291,38.2031473],[-84.8154015,38.2047137],[-84.8156431,38.2062743],[-84.8159536,38.2078274],[-84.8163327,38.209371],[-84.8167798,38.2109032],[-84.8172944,38.2124221],[-84.8178759,38.213926],[-84.8185236,38.2154129],[-84.8192367,38.2168811],[-84.8200144,38.2183287],[-84.8208556,38.2197541],[-84.8217595,38.2211554],[-84.8227248,38.2225309],[-84.8237504,38.223879],[-84.824835,38.2251981],[-84.8259774,38.2264865],[-84.8271761,38.2277426],[-84.8284298,38.228965],[-84.8297367,38.2301521],[-84.8310955,38.2313025],[-84.8325044,38.2324147],[-84.8339616,38.2334875],[-84.8354655,38.2345195],[-84.8370142,38.2355094],[-84.8386057,38.2364561],[-84.8402383,38.2373584],[-84.8419098,38.2382151],[-84.8436182,38.2390254],[-84.8453615,38.239788],[-84.8471375,38.2405022],[-84.848944,38.2411671],[-84.8507789,38.2417817],[-84.8526399,38.2423455],[-84.8545248,38.2428577],[-84.8564312,38.2433177],[-84.8583568,38.2437248],[-84.8602992,38.2440787],[-84.8622562,38.2443789],[-84.8642253,38.244625],[-84.8662041,38.2448168],[-84.8681901,38.2449539],[-84.870181,38.2450362],[-84.8721744,38.2450637]]]}},{"type":"Feature","properties":{"id":"US-LA","subdivision":"Louisiana"},"geometry":{"type":"Point","coordinates":[-91.1874056,30.4570722]}},{"type":"Feature","properties":{"id":"US-LA","radiusMeters":5000},"geometry":{"type":"Polygon","coordinates":[[[-91.1874056,30.5021739],[-91.1892233,30.5021464],[-91.1910389,30.502064],[-91.19285,30.5019267],[-91.1946544,30.5017348],[-91.19645,30.5014884],[-91.1982346,30.5011879],[-91.2000059,30.5008336],[-91.2017619,30.500426],[-91.2035004,30.4999655],[-91.2052192,30.4994527],[-91.2069164,30.4988883],[-91.2085897,30.4982729],[-91.2102371,30.4976074],[-91.2118567,30.4968924],[-91.2134465,30.4961288],[-91.2150045,30.4953177],[-91.2165289,30.49446],[-91.2180177,30.4935567],[-91.2194692,30.4926089],[-91.2208816,30.4916178],[-91.2222532,30.4905847],[-91.2235822,30.4895107],[-91.2248672,30.4883971],[-91.2261064,30.4872454],[-91.2272985,30.486057],[-91.2284419,30.4848332],[-91.2295353,30.4835756],[-91.2305773,30.4822856],[-91.2315667,30.480965],[-91.2325022,30.4796153],[-91.2333827,30.4782381],[-91.2342072,30.4768351],[-91.2349747,30.4754081],[-91.2356841,30.4739587],[-91.2363347,30.4724888],[-91.2369257,30.471],[-91.2374563,30.4694943],[-91.2379259,30.4679735],[-91.2383339,30.4664395],[-91.2386798,30.464894],[-91.2389633,30.463339],[-91.239184,30.4617764],[-91.2393415,30.460208],[-91.2394358,30.4586359],[-91.2394667,30.4570618],[-91.2394341,30.4554878],[-91.2393382,30.4539157],[-91.239179,30.4523475],[-91.2389567,30.450785],[-91.2386716,30.4492303],[-91.2383241,30.4476851],[-91.2379146,30.4461513],[-91.2374436,30.4446308],[-91.2369116,30.4431256],[-91.2363193,30.4416373],[-91.2356675,30.4401678],[-91.2349568,30.4387189],[-91.2341883,30.4372924],[-91.2333629,30.43589],[-91.2324814,30.4345134],[-91.2315451,30.4331643],[-91.2305551,30.4318444],[-91.2295125,30.4305551],[-91.2284187,30.4292982],[-91.2272749,30.4280751],[-91.2260826,30.4268874],[-91.2248432,30.4257364],[-91.2235583,30.4246235],[-91.2222293,30.4235503],[-91.220858,30.4225178],[-91.219446,30.4215274],[-91.2179949,30.4205803],[-91.2165067,30.4196777],[-91.214983,30.4188206],[-91.2134258,30.4180101],[-91.2118369,30.4172472],[-91.2102182,30.4165328],[-91.2085718,30.4158678],[-91.2068997,30.4152529],[-91.2052038,30.414689],[-91.2034863,30.4141767],[-91.2017492,30.4137166],[-91.1999947,30.4133093],[-91.1982248,30.4129553],[-91.1964418,30.4126551],[-91.1946478,30.4124089],[-91.192845,30.4122171],[-91.1910355,30.41208],[-91.1892217,30.4119976],[-91.1874056,30.4119702],[-91.1855895,30.4119976],[-91.1837757,30.41208],[-91.1819662,30.4122171],[-91.1801634,30.4124089],[-91.1783694,30.4126551],[-91.1765864,30.4129553],[-91.1748165,30.4133093],[-91.173062,30.4137166],[-91.1713249,30.4141767],[-91.1696074,30.414689],[-91.1679115,30.4152529],[-91.1662394,30.4158678],[-91.164593,30.4165328],[-91.1629743,30.4172472],[-91.1613854,30.4180101],[-91.1598282,30.4188206],[-91.1583045,30.4196777],[-91.1568163,30.4205803],[-91.1553652,30.4215274],[-91.1539532,30.4225178],[-91.1525819,30.4235503],[-91.1512529,30.4246235],[-91.149968,30.4257364],[-91.1487286,30.4268874],[-91.1475363,30.4280751],[-91.1463925,30.4292982],[-91.1452987,30.4305551],[-91.1442561,30.4318444],[-91.1432661,30.4331643],[-91.1423298,30.4345134],[-91.1414483,30.43589],[-91.1406229,30.4372924],[-91.1398544,30.4387189],[-91.1391437,30.4401678],[-91.1384919,30.4416373],[-91.1378996,30.4431256],[-91.1373676,30.4446308],[-91.1368966,30.4461513],[-91.1364871,30.4476851],[-91.1361396,30.4492303],[-91.1358545,30.450785],[-91.1356322,30.4523475],[-91.135473,30.4539157],[-91.1353771,30.4554878],[-91.1353445,30.4570618],[-91.1353754,30.4586359],[-91.1354697,30.460208],[-91.1356272,30.4617764],[-91.1358479,30.463339],[-91.1361314,30.464894],[-91.1364773,30.4664395],[-91.1368853,30.4679735],[-91.1373549,30.4694943],[-91.1378855,30.471],[-91.1384765,30.4724888],[-91.1391271,30.4739587],[-91.1398365,30.4754081],[-91.140604,30.4768351],[-91.1414285,30.4782381],[-91.142309,30.4796153],[-91.1432445,30.480965],[-91.1442339,30.4822856],[-91.1452759,30.4835756],[-91.1463693,30.4848332],[-91.1475127,30.486057],[-91.1487048,30.4872454],[-91.149944,30.4883971],[-91.151229,30.4895107],[-91.152558,30.4905847],[-91.1539296,30.4916178],[-91.155342,30.4926089],[-91.1567935,30.4935567],[-91.1582823,30.49446],[-91.1598067,30.4953177],[-91.1613647,30.4961288],[-91.1629545,30.4968924],[-91.1645741,30.4976074],[-91.1662215,30.4982729],[-91.1678948,30.4988883],[-91.169592,30.4994527],[-91.1713108,30.4999655],[-91.1730493,30.500426],[-91.1748053,30.5008336],[-91.1765766,30.5011879],[-91.1783612,30.5014884],[-91.1801568,30.5017348],[-91.1819612,30.5019267],[-91.1837723,30.502064],[-91.1855879,30.5021464],[-91.1874056,30.5021739]]]}},{"type":"Feature","properties":{"id":"US-ME","subdivision":"Maine"},"geometry":{"type":"Point","coordinates":[-69.7816778,44.3072361]}},{"type":"Feature","properties":{"id":"US-ME","radiusMeters":5000},"geometry":{"type":"Polygon","coordinates":[[[-69.7816778,44.352233],[-69.7838664,44.3522056],[-69.7860523,44.3521233],[-69.7882329,44.3519863],[-69.7904055,44.3517948],[-69.7925674,44.3515489],[-69.794716,44.351249],[-69.7968487,44.3508954],[-69.7989629,44.3504886],[-69.801056,44.3500291],[-69.8031254,44.3495174],[-69.8051686,44.3489541],[-69.8071832,44.34834],[-69.8091666,44.3476758],[-69.8111164,44.3469623],[-69.8130303,44.3462003],[-69.814906,44.3453909],[-69.816741,44.3445349],[-69.8185333,44.3436335],[-69.8202806,44.3426877],[-69.8219808,44.3416987],[-69.8236317,44.3406677],[-69.8252315,44.3395959],[-69.8267782,44.3384847],[-69.8282697,44.3373355],[-69.8297045,44.3361495],[-69.8310806,44.3349283],[-69.8323965,44.3336734],[-69.8336505,44.3323863],[-69.8348411,44.3310685],[-69.8359668,44.3297217],[-69.8370263,44.3283475],[-69.8380183,44.3269476],[-69.8389416,44.3255237],[-69.8397951,44.3240775],[-69.8405777,44.3226108],[-69.8412885,44.3211254],[-69.8419266,44.3196231],[-69.8424912,44.3181057],[-69.8429818,44.3165751],[-69.8433976,44.3150331],[-69.8437381,44.3134816],[-69.8440031,44.3119226],[-69.8441921,44.3103578],[-69.8443049,44.3087893],[-69.8443414,44.3072189],[-69.8443015,44.3056486],[-69.8441854,44.3040802],[-69.8439931,44.3025156],[-69.8437249,44.3009569],[-69.8433812,44.2994058],[-69.8429623,44.2978642],[-69.8424688,44.2963341],[-69.8419012,44.2948173],[-69.8412603,44.2933157],[-69.8405469,44.291831],[-69.8397618,44.2903651],[-69.8389061,44.2889198],[-69.8379806,44.2874968],[-69.8369866,44.2860978],[-69.8359253,44.2847246],[-69.834798,44.2833789],[-69.8336061,44.2820622],[-69.832351,44.2807762],[-69.8310342,44.2795224],[-69.8296573,44.2783024],[-69.8282221,44.2771176],[-69.8267303,44.2759695],[-69.8251837,44.2748595],[-69.8235841,44.2737889],[-69.8219336,44.2727591],[-69.8202342,44.2717713],[-69.8184878,44.2708266],[-69.8166967,44.2699263],[-69.8148629,44.2690714],[-69.8129889,44.268263],[-69.8110767,44.2675021],[-69.8091289,44.2667895],[-69.8071476,44.2661262],[-69.8051354,44.2655129],[-69.8030946,44.2649505],[-69.8010279,44.2644395],[-69.7989376,44.2639806],[-69.7968263,44.2635744],[-69.7946966,44.2632214],[-69.792551,44.2629219],[-69.7903923,44.2626764],[-69.788223,44.2624851],[-69.7860457,44.2623483],[-69.7838631,44.2622662],[-69.7816778,44.2622388],[-69.7794925,44.2622662],[-69.7773099,44.2623483],[-69.7751326,44.2624851],[-69.7729633,44.2626764],[-69.7708046,44.2629219],[-69.768659,44.2632214],[-69.7665293,44.2635744],[-69.764418,44.2639806],[-69.7623277,44.2644395],[-69.760261,44.2649505],[-69.7582202,44.2655129],[-69.756208,44.2661262],[-69.7542267,44.2667895],[-69.7522789,44.2675021],[-69.7503667,44.268263],[-69.7484927,44.2690714],[-69.7466589,44.2699263],[-69.7448678,44.2708266],[-69.7431214,44.2717713],[-69.741422,44.2727591],[-69.7397715,44.2737889],[-69.7381719,44.2748595],[-69.7366253,44.2759695],[-69.7351335,44.2771176],[-69.7336983,44.2783024],[-69.7323214,44.2795224],[-69.7310046,44.2807762],[-69.7297495,44.2820622],[-69.7285576,44.2833789],[-69.7274303,44.2847246],[-69.726369,44.2860978],[-69.725375,44.2874968],[-69.7244495,44.2889198],[-69.7235938,44.2903651],[-69.7228087,44.291831],[-69.7220953,44.2933157],[-69.7214544,44.2948173],[-69.7208868,44.2963341],[-69.7203933,44.2978642],[-69.7199744,44.2994058],[-69.7196307,44.3009569],[-69.7193625,44.3025156],[-69.7191702,44.3040802],[-69.7190541,44.3056486],[-69.7190142,44.3072189],[-69.7190507,44.3087893],[-69.7191635,44.3103578],[-69.7193525,44.3119226],[-69.7196175,44.3134816],[-69.719958,44.3150331],[-69.7203738,44.3165751],[-69.7208644,44.3181057],[-69.721429,44.3196231],[-69.7220671,44.3211254],[-69.7227779,44.3226108],[-69.7235605,44.3240775],[-69.724414,44.3255237],[-69.7253373,44.3269476],[-69.7263293,44.3283475],[-69.7273888,44.3297217],[-69.7285145,44.3310685],[-69.7297051,44.3323863],[-69.7309591,44.3336734],[-69.732275,44.3349283],[-69.7336511,44.3361495],[-69.7350859,44.3373355],[-69.7365774,44.3384847],[-69.7381241,44.3395959],[-69.7397239,44.3406677],[-69.7413748,44.3416987],[-69.743075,44.3426877],[-69.7448223,44.3436335],[-69.7466146,44.3445349],[-69.7484496,44.3453909],[-69.7503253,44.3462003],[-69.7522392,44.3469623],[-69.754189,44.3476758],[-69.7561724,44.34834],[-69.758187,44.3489541],[-69.7602302,44.3495174],[-69.7622996,44.3500291],[-69.7643927,44.3504886],[-69.7665069,44.3508954],[-69.7686396,44.351249],[-69.7707882,44.3515489],[-69.7729501,44.3517948],[-69.7751227,44.3519863],[-69.7773033,44.3521233],[-69.7794892,44.3522056],[-69.7816778,44.352233]]]}},{"type":"Feature","properties":{"id":"US-MD","subdivision":"Maryland"},"geometry":{"type":"Point","coordinates":[-76.49111,38.97861]}},{"type":"Feature","properties":{"id":"US-MD","radiusMeters":5000},"geometry":{"type":"Polygon","coordinates":[[[-76.49111,39.0236488],[-76.493125,39.0236213],[-76.4951376,39.023539],[-76.4971453,39.0234019],[-76.4991456,39.0232102],[-76.5011361,39.0229641],[-76.5031143,39.0226639],[-76.5050779,39.0223101],[-76.5070245,39.021903],[-76.5089516,39.021443],[-76.5108569,39.0209309],[-76.5127382,39.0203672],[-76.514593,39.0197526],[-76.5164192,39.0190878],[-76.5182145,39.0183737],[-76.5199767,39.0176112],[-76.5217037,39.016801],[-76.5233934,39.0159444],[-76.5250436,39.0150422],[-76.5266525,39.0140956],[-76.528218,39.0131058],[-76.5297382,39.012074],[-76.5312113,39.0110013],[-76.5326354,39.0098892],[-76.5340089,39.008739],[-76.5353301,39.007552],[-76.5365973,39.0063298],[-76.5378091,39.0050738],[-76.5389639,39.0037856],[-76.5400603,39.0024667],[-76.541097,39.0011187],[-76.5420728,38.9997433],[-76.5429864,38.9983422],[-76.5438368,38.996917],[-76.5446228,38.9954696],[-76.5453437,38.9940016],[-76.5459984,38.9925149],[-76.5465862,38.9910112],[-76.5471063,38.9894925],[-76.5475583,38.9879605],[-76.5479414,38.9864171],[-76.5482552,38.9848642],[-76.5484994,38.9833037],[-76.5486737,38.9817376],[-76.5487779,38.9801676],[-76.5488117,38.9785957],[-76.5487753,38.9770239],[-76.5486686,38.975454],[-76.5484918,38.973888],[-76.5482452,38.9723278],[-76.5479289,38.9707752],[-76.5475434,38.9692322],[-76.5470892,38.9677007],[-76.5465668,38.9661824],[-76.5459769,38.9646793],[-76.5453202,38.9631932],[-76.5445974,38.9617258],[-76.5438096,38.9602791],[-76.5429576,38.9588547],[-76.5420425,38.9574543],[-76.5410654,38.9560798],[-76.5400274,38.9547327],[-76.53893,38.9534147],[-76.5377743,38.9521274],[-76.5365619,38.9508723],[-76.5352941,38.9496511],[-76.5339726,38.9484651],[-76.5325989,38.9473159],[-76.5311748,38.9462047],[-76.5297018,38.9451331],[-76.528182,38.9441022],[-76.526617,38.9431133],[-76.5250089,38.9421677],[-76.5233595,38.9412665],[-76.5216709,38.9404107],[-76.5199451,38.9396014],[-76.5181842,38.9388397],[-76.5163904,38.9381264],[-76.5145658,38.9374624],[-76.5127128,38.9368485],[-76.5108334,38.9362854],[-76.5089301,38.9357739],[-76.5070051,38.9353146],[-76.5050607,38.9349079],[-76.5030994,38.9345545],[-76.5011236,38.9342547],[-76.4991355,38.9340089],[-76.4971377,38.9338175],[-76.4951325,38.9336805],[-76.4931225,38.9335983],[-76.49111,38.9335709],[-76.4890975,38.9335983],[-76.4870875,38.9336805],[-76.4850823,38.9338175],[-76.4830845,38.9340089],[-76.4810964,38.9342547],[-76.4791206,38.9345545],[-76.4771593,38.9349079],[-76.4752149,38.9353146],[-76.4732899,38.9357739],[-76.4713866,38.9362854],[-76.4695072,38.9368485],[-76.4676542,38.9374624],[-76.4658296,38.9381264],[-76.4640358,38.9388397],[-76.4622749,38.9396014],[-76.4605491,38.9404107],[-76.4588605,38.9412665],[-76.4572111,38.9421677],[-76.455603,38.9431133],[-76.454038,38.9441022],[-76.4525182,38.9451331],[-76.4510452,38.9462047],[-76.4496211,38.9473159],[-76.4482474,38.9484651],[-76.4469259,38.9496511],[-76.4456581,38.9508723],[-76.4444457,38.9521274],[-76.44329,38.9534147],[-76.4421926,38.9547327],[-76.4411546,38.9560798],[-76.4401775,38.9574543],[-76.4392624,38.9588547],[-76.4384104,38.9602791],[-76.4376226,38.9617258],[-76.4368998,38.9631932],[-76.4362431,38.9646793],[-76.4356532,38.9661824],[-76.4351308,38.9677007],[-76.4346766,38.9692322],[-76.4342911,38.9707752],[-76.4339748,38.9723278],[-76.4337282,38.973888],[-76.4335514,38.975454],[-76.4334447,38.9770239],[-76.4334083,38.9785957],[-76.4334421,38.9801676],[-76.4335463,38.9817376],[-76.4337206,38.9833037],[-76.4339648,38.9848642],[-76.4342786,38.9864171],[-76.4346617,38.9879605],[-76.4351137,38.9894925],[-76.4356338,38.9910112],[-76.4362216,38.9925149],[-76.4368763,38.9940016],[-76.4375972,38.9954696],[-76.4383832,38.996917],[-76.4392336,38.9983422],[-76.4401472,38.9997433],[-76.441123,39.0011187],[-76.4421597,39.0024667],[-76.4432561,39.0037856],[-76.4444109,39.0050738],[-76.4456227,39.0063298],[-76.4468899,39.007552],[-76.4482111,39.008739],[-76.4495846,39.0098892],[-76.4510087,39.0110013],[-76.4524818,39.012074],[-76.454002,39.0131058],[-76.4555675,39.0140956],[-76.4571764,39.0150422],[-76.4588266,39.0159444],[-76.4605163,39.016801],[-76.4622433,39.0176112],[-76.4640055,39.0183737],[-76.4658008,39.0190878],[-76.467627,39.0197526],[-76.4694818,39.0203672],[-76.4713631,39.0209309],[-76.4732684,39.021443],[-76.4751955,39.021903],[-76.4771421,39.0223101],[-76.4791057,39.0226639],[-76.4810839,39.0229641],[-76.4830744,39.0232102],[-76.4850747,39.0234019],[-76.4870824,39.023539],[-76.489095,39.0236213],[-76.49111,39.0236488]]]}},{"type":"Feature","properties":{"id":"US-MA","subdivision":"Massachusetts"},"geometry":{"type":"Point","coordinates":[-71.0637,42.358175]}},{"type":"Feature","properties":{"id":"US-MA","radiusMeters":5000},"geometry":{"type":"Polygon","coordinates":[[[-71.0637,42.4031873],[-71.0658196,42.4031599],[-71.0679366,42.4030776],[-71.0700484,42.4029406],[-71.0721525,42.402749],[-71.0742463,42.402503],[-71.0763272,42.402203],[-71.0783927,42.4018493],[-71.0804402,42.4014424],[-71.0824673,42.4009827],[-71.0844715,42.4004709],[-71.0864503,42.3999075],[-71.0884014,42.3992932],[-71.0903223,42.3986287],[-71.0922107,42.397915],[-71.0940643,42.3971528],[-71.0958808,42.3963431],[-71.0976581,42.3954869],[-71.0993939,42.3945852],[-71.1010861,42.3936391],[-71.1027328,42.3926498],[-71.1043318,42.3916185],[-71.1058812,42.3905464],[-71.1073791,42.3894349],[-71.1088238,42.3882853],[-71.1102133,42.387099],[-71.1115462,42.3858774],[-71.1128207,42.3846221],[-71.1140352,42.3833346],[-71.1151884,42.3820164],[-71.1162787,42.3806692],[-71.1173049,42.3792945],[-71.1182658,42.3778942],[-71.1191601,42.3764698],[-71.1199868,42.3750231],[-71.1207448,42.373556],[-71.1214333,42.3720701],[-71.1220514,42.3705673],[-71.1225984,42.3690494],[-71.1230736,42.3675182],[-71.1234764,42.3659758],[-71.1238063,42.3644238],[-71.124063,42.3628642],[-71.1242462,42.3612989],[-71.1243555,42.3597299],[-71.124391,42.3581589],[-71.1243525,42.356588],[-71.1242401,42.3550191],[-71.124054,42.353454],[-71.1237944,42.3518947],[-71.1234616,42.3503431],[-71.123056,42.348801],[-71.1225781,42.3472704],[-71.1220285,42.345753],[-71.1214078,42.3442508],[-71.120717,42.3427656],[-71.1199567,42.3412992],[-71.1191279,42.3398533],[-71.1182317,42.3384298],[-71.117269,42.3370304],[-71.1162412,42.3356567],[-71.1151494,42.3343104],[-71.1139951,42.3329932],[-71.1127795,42.3317067],[-71.1115042,42.3304525],[-71.1101707,42.329232],[-71.1087807,42.3280468],[-71.1073358,42.3268983],[-71.1058379,42.3257879],[-71.1042887,42.3247169],[-71.1026901,42.3236867],[-71.1010441,42.3226985],[-71.0993527,42.3217535],[-71.0976179,42.3208528],[-71.0958419,42.3199976],[-71.0940268,42.3191889],[-71.0921748,42.3184276],[-71.0902881,42.3177148],[-71.0883692,42.3170512],[-71.0864202,42.3164377],[-71.0844436,42.315875],[-71.0824418,42.3153639],[-71.0804172,42.3149048],[-71.0783723,42.3144985],[-71.0763096,42.3141453],[-71.0742315,42.3138457],[-71.0721406,42.3136001],[-71.0700394,42.3134087],[-71.0679306,42.3132719],[-71.0658166,42.3131897],[-71.0637,42.3131623],[-71.0615834,42.3131897],[-71.0594694,42.3132719],[-71.0573606,42.3134087],[-71.0552594,42.3136001],[-71.0531685,42.3138457],[-71.0510904,42.3141453],[-71.0490277,42.3144985],[-71.0469828,42.3149048],[-71.0449582,42.3153639],[-71.0429564,42.315875],[-71.0409798,42.3164377],[-71.0390308,42.3170512],[-71.0371119,42.3177148],[-71.0352252,42.3184276],[-71.0333732,42.3191889],[-71.0315581,42.3199976],[-71.0297821,42.3208528],[-71.0280473,42.3217535],[-71.0263559,42.3226985],[-71.0247099,42.3236867],[-71.0231113,42.3247169],[-71.0215621,42.3257879],[-71.0200642,42.3268983],[-71.0186193,42.3280468],[-71.0172293,42.329232],[-71.0158958,42.3304525],[-71.0146205,42.3317067],[-71.0134049,42.3329932],[-71.0122506,42.3343104],[-71.0111588,42.3356567],[-71.010131,42.3370304],[-71.0091683,42.3384298],[-71.0082721,42.3398533],[-71.0074433,42.3412992],[-71.006683,42.3427656],[-71.0059922,42.3442508],[-71.0053715,42.345753],[-71.0048219,42.3472704],[-71.004344,42.348801],[-71.0039384,42.3503431],[-71.0036056,42.3518947],[-71.003346,42.353454],[-71.0031599,42.3550191],[-71.0030475,42.356588],[-71.003009,42.3581589],[-71.0030445,42.3597299],[-71.0031538,42.3612989],[-71.003337,42.3628642],[-71.0035937,42.3644238],[-71.0039236,42.3659758],[-71.0043264,42.3675182],[-71.0048016,42.3690494],[-71.0053486,42.3705673],[-71.0059667,42.3720701],[-71.0066552,42.373556],[-71.0074132,42.3750231],[-71.0082399,42.3764698],[-71.0091342,42.3778942],[-71.0100951,42.3792945],[-71.0111213,42.3806692],[-71.0122116,42.3820164],[-71.0133648,42.3833346],[-71.0145793,42.3846221],[-71.0158538,42.3858774],[-71.0171867,42.387099],[-71.0185762,42.3882853],[-71.0200209,42.3894349],[-71.0215188,42.3905464],[-71.0230682,42.3916185],[-71.0246672,42.3926498],[-71.0263139,42.3936391],[-71.0280061,42.3945852],[-71.0297419,42.3954869],[-71.0315192,42.3963431],[-71.0333357,42.3971528],[-71.0351893,42.397915],[-71.0370777,42.3986287],[-71.0389986,42.3992932],[-71.0409497,42.3999075],[-71.0429285,42.4004709],[-71.0449327,42.4009827],[-71.0469598,42.4014424],[-71.0490073,42.4018493],[-71.0510728,42.402203],[-71.0531537,42.402503],[-71.0552475,42.402749],[-71.0573516,42.4029406],[-71.0594634,42.4030776],[-71.0615804,42.4031599],[-71.0637,42.4031873]]]}},{"type":"Feature","properties":{"id":"US-MI","subdivision":"Michigan"},"geometry":{"type":"Point","coordinates":[-84.5555889,42.7337278]}},{"type":"Feature","properties":{"id":"US-MI","radiusMeters":5000},"geometry":{"type":"Polygon","coordinates":[[[-84.5555889,42.7787372],[-84.5577213,42.7787097],[-84.559851,42.7786274],[-84.5619756,42.7784904],[-84.5640923,42.7782988],[-84.5661987,42.7780529],[-84.5682921,42.7777529],[-84.57037,42.7773992],[-84.5724299,42.7769923],[-84.5744692,42.7765327],[-84.5764854,42.7760209],[-84.5784762,42.7754575],[-84.580439,42.7748432],[-84.5823714,42.7741788],[-84.5842712,42.7734651],[-84.586136,42.772703],[-84.5879634,42.7718934],[-84.5897514,42.7710372],[-84.5914977,42.7701355],[-84.5932001,42.7691895],[-84.5948566,42.7682003],[-84.5964652,42.767169],[-84.598024,42.766097],[-84.5995309,42.7649855],[-84.6009842,42.763836],[-84.6023822,42.7626497],[-84.603723,42.7614283],[-84.6050052,42.760173],[-84.606227,42.7588856],[-84.6073871,42.7575675],[-84.608484,42.7562203],[-84.6095164,42.7548458],[-84.610483,42.7534455],[-84.6113826,42.7520212],[-84.6122143,42.7505747],[-84.6129769,42.7491076],[-84.6136695,42.7476218],[-84.6142913,42.7461191],[-84.6148415,42.7446013],[-84.6153195,42.7430702],[-84.6157248,42.7415278],[-84.6160567,42.739976],[-84.6163149,42.7384165],[-84.6164991,42.7368513],[-84.6166091,42.7352824],[-84.6166448,42.7337115],[-84.616606,42.7321407],[-84.616493,42.7305719],[-84.6163057,42.7290069],[-84.6160445,42.7274477],[-84.6157097,42.7258962],[-84.6153016,42.7243542],[-84.6148208,42.7228237],[-84.6142679,42.7213064],[-84.6136435,42.7198044],[-84.6129485,42.7183192],[-84.6121836,42.7168529],[-84.6113498,42.7154072],[-84.6104482,42.7139837],[-84.6094797,42.7125844],[-84.6084457,42.7112108],[-84.6073474,42.7098646],[-84.6061861,42.7085475],[-84.6049632,42.7072611],[-84.6036802,42.706007],[-84.6023387,42.7047866],[-84.6009403,42.7036015],[-84.5994868,42.702453],[-84.5979798,42.7013427],[-84.5964213,42.7002718],[-84.5948131,42.6992417],[-84.5931573,42.6982535],[-84.5914557,42.6973086],[-84.5897105,42.696408],[-84.5879238,42.6955528],[-84.5860977,42.6947442],[-84.5842346,42.693983],[-84.5823367,42.6932702],[-84.5804062,42.6926067],[-84.5784455,42.6919932],[-84.5764571,42.6914306],[-84.5744432,42.6909195],[-84.5724065,42.6904605],[-84.5703493,42.6900541],[-84.5682742,42.6897009],[-84.5661836,42.6894014],[-84.5640802,42.6891558],[-84.5619664,42.6889645],[-84.5598449,42.6888276],[-84.5577182,42.6887455],[-84.5555889,42.6887181],[-84.5534596,42.6887455],[-84.5513329,42.6888276],[-84.5492114,42.6889645],[-84.5470976,42.6891558],[-84.5449942,42.6894014],[-84.5429036,42.6897009],[-84.5408285,42.6900541],[-84.5387713,42.6904605],[-84.5367346,42.6909195],[-84.5347207,42.6914306],[-84.5327323,42.6919932],[-84.5307716,42.6926067],[-84.5288411,42.6932702],[-84.5269432,42.693983],[-84.5250801,42.6947442],[-84.523254,42.6955528],[-84.5214673,42.696408],[-84.5197221,42.6973086],[-84.5180205,42.6982535],[-84.5163647,42.6992417],[-84.5147565,42.7002718],[-84.513198,42.7013427],[-84.511691,42.702453],[-84.5102375,42.7036015],[-84.5088391,42.7047866],[-84.5074976,42.706007],[-84.5062146,42.7072611],[-84.5049917,42.7085475],[-84.5038304,42.7098646],[-84.5027321,42.7112108],[-84.5016981,42.7125844],[-84.5007296,42.7139837],[-84.499828,42.7154072],[-84.4989942,42.7168529],[-84.4982293,42.7183192],[-84.4975343,42.7198044],[-84.4969099,42.7213064],[-84.496357,42.7228237],[-84.4958762,42.7243542],[-84.4954681,42.7258962],[-84.4951333,42.7274477],[-84.4948721,42.7290069],[-84.4946848,42.7305719],[-84.4945718,42.7321407],[-84.494533,42.7337115],[-84.4945687,42.7352824],[-84.4946787,42.7368513],[-84.4948629,42.7384165],[-84.4951211,42.739976],[-84.495453,42.7415278],[-84.4958583,42.7430702],[-84.4963363,42.7446013],[-84.4968865,42.7461191],[-84.4975083,42.7476218],[-84.4982009,42.7491076],[-84.4989635,42.7505747],[-84.4997952,42.7520212],[-84.5006948,42.7534455],[-84.5016614,42.7548458],[-84.5026938,42.7562203],[-84.5037907,42.7575675],[-84.5049508,42.7588856],[-84.5061726,42.760173],[-84.5074548,42.7614283],[-84.5087956,42.7626497],[-84.5101936,42.763836],[-84.5116469,42.7649855],[-84.5131538,42.766097],[-84.5147126,42.767169],[-84.5163212,42.7682003],[-84.5179777,42.7691895],[-84.5196801,42.7701355],[-84.5214264,42.7710372],[-84.5232144,42.7718934],[-84.5250418,42.772703],[-84.5269066,42.7734651],[-84.5288064,42.7741788],[-84.5307388,42.7748432],[-84.5327016,42.7754575],[-84.5346924,42.7760209],[-84.5367086,42.7765327],[-84.5387479,42.7769923],[-84.5408078,42.7773992],[-84.5428857,42.7777529],[-84.5449791,42.7780529],[-84.5470855,42.7782988],[-84.5492022,42.7784904],[-84.5513268,42.7786274],[-84.5534565,42.7787097],[-84.5555889,42.7787372]]]}},{"type":"Feature","properties":{"id":"US-MN","subdivision":"Minnesota"},"geometry":{"type":"Point","coordinates":[-93.1022361,44.9551472]}},{"type":"Feature","properties":{"id":"US-MN","radiusMeters":5000},"geometry":{"type":"Polygon","coordinates":[[[-93.1022361,45.000139],[-93.1044492,45.0001116],[-93.1066596,45.0000293],[-93.1088647,44.9998923],[-93.1110616,44.9997008],[-93.1132477,44.999455],[-93.1154204,44.9991551],[-93.117577,44.9988015],[-93.1197149,44.9983948],[-93.1218314,44.9979353],[-93.123924,44.9974236],[-93.1259901,44.9968604],[-93.1280272,44.9962464],[-93.1300329,44.9955822],[-93.1320046,44.9948687],[-93.1339399,44.9941069],[-93.1358365,44.9932975],[-93.1376921,44.9924416],[-93.1395045,44.9915403],[-93.1412713,44.9905946],[-93.1429905,44.9896057],[-93.14466,44.9885748],[-93.1462777,44.9875031],[-93.1478416,44.9863921],[-93.1493499,44.9852429],[-93.1508006,44.9840571],[-93.1521922,44.982836],[-93.1535227,44.9815813],[-93.1547908,44.9802943],[-93.1559946,44.9789766],[-93.157133,44.97763],[-93.1582043,44.9762559],[-93.1592074,44.9748561],[-93.160141,44.9734324],[-93.161004,44.9719864],[-93.1617953,44.9705198],[-93.162514,44.9690346],[-93.1631592,44.9675324],[-93.1637302,44.9660152],[-93.1642262,44.9644847],[-93.1646466,44.9629429],[-93.1649909,44.9613916],[-93.1652588,44.9598328],[-93.1654498,44.9582682],[-93.1655639,44.9566998],[-93.1656008,44.9551296],[-93.1655604,44.9535594],[-93.165443,44.9519912],[-93.1652485,44.9504269],[-93.1649773,44.9488683],[-93.1646296,44.9473174],[-93.164206,44.945776],[-93.1637069,44.9442461],[-93.163133,44.9427295],[-93.1624849,44.941228],[-93.1617635,44.9397435],[-93.1609696,44.9382778],[-93.1601042,44.9368326],[-93.1591684,44.9354098],[-93.1581633,44.934011],[-93.1570901,44.932638],[-93.1559501,44.9312924],[-93.1547448,44.9299759],[-93.1534757,44.92869],[-93.1521441,44.9274364],[-93.1507519,44.9262165],[-93.1493006,44.9250319],[-93.1477921,44.923884],[-93.1462282,44.9227741],[-93.1446107,44.9217037],[-93.1429418,44.920674],[-93.1412233,44.9196863],[-93.1394574,44.9187417],[-93.1376462,44.9178415],[-93.135792,44.9169868],[-93.133897,44.9161785],[-93.1319635,44.9154176],[-93.1299939,44.9147052],[-93.1279905,44.9140419],[-93.1259557,44.9134287],[-93.1238922,44.9128664],[-93.1218023,44.9123554],[-93.1196887,44.9118966],[-93.1175538,44.9114905],[-93.1154003,44.9111375],[-93.1132308,44.910838],[-93.1110479,44.9105926],[-93.1088544,44.9104013],[-93.1066528,44.9102645],[-93.1044458,44.9101824],[-93.1022361,44.910155],[-93.1000264,44.9101824],[-93.0978194,44.9102645],[-93.0956178,44.9104013],[-93.0934243,44.9105926],[-93.0912414,44.910838],[-93.0890719,44.9111375],[-93.0869184,44.9114905],[-93.0847835,44.9118966],[-93.0826699,44.9123554],[-93.08058,44.9128664],[-93.0785165,44.9134287],[-93.0764817,44.9140419],[-93.0744783,44.9147052],[-93.0725087,44.9154176],[-93.0705752,44.9161785],[-93.0686802,44.9169868],[-93.066826,44.9178415],[-93.0650148,44.9187417],[-93.0632489,44.9196863],[-93.0615304,44.920674],[-93.0598615,44.9217037],[-93.058244,44.9227741],[-93.0566801,44.923884],[-93.0551716,44.9250319],[-93.0537203,44.9262165],[-93.0523281,44.9274364],[-93.0509965,44.92869],[-93.0497274,44.9299759],[-93.0485221,44.9312924],[-93.0473821,44.932638],[-93.0463089,44.934011],[-93.0453038,44.9354098],[-93.044368,44.9368326],[-93.0435026,44.9382778],[-93.0427087,44.9397435],[-93.0419873,44.941228],[-93.0413392,44.9427295],[-93.0407653,44.9442461],[-93.0402662,44.945776],[-93.0398426,44.9473174],[-93.0394949,44.9488683],[-93.0392237,44.9504269],[-93.0390292,44.9519912],[-93.0389118,44.9535594],[-93.0388714,44.9551296],[-93.0389083,44.9566998],[-93.0390224,44.9582682],[-93.0392134,44.9598328],[-93.0394813,44.9613916],[-93.0398256,44.9629429],[-93.040246,44.9644847],[-93.040742,44.9660152],[-93.041313,44.9675324],[-93.0419582,44.9690346],[-93.0426769,44.9705198],[-93.0434682,44.9719864],[-93.0443312,44.9734324],[-93.0452648,44.9748561],[-93.0462679,44.9762559],[-93.0473392,44.97763],[-93.0484776,44.9789766],[-93.0496814,44.9802943],[-93.0509495,44.9815813],[-93.05228,44.982836],[-93.0536716,44.9840571],[-93.0551223,44.9852429],[-93.0566306,44.9863921],[-93.0581945,44.9875031],[-93.0598122,44.9885748],[-93.0614817,44.9896057],[-93.0632009,44.9905946],[-93.0649677,44.9915403],[-93.0667801,44.9924416],[-93.0686357,44.9932975],[-93.0705323,44.9941069],[-93.0724676,44.9948687],[-93.0744393,44.9955822],[-93.076445,44.9962464],[-93.0784821,44.9968604],[-93.0805482,44.9974236],[-93.0826408,44.9979353],[-93.0847573,44.9983948],[-93.0868952,44.9988015],[-93.0890518,44.9991551],[-93.0912245,44.999455],[-93.0934106,44.9997008],[-93.0956075,44.9998923],[-93.0978126,45.0000293],[-93.100023,45.0001116],[-93.1022361,45.000139]]]}},{"type":"Feature","properties":{"id":"US-MS","subdivision":"Mississippi"},"geometry":{"type":"Point","coordinates":[-90.18222,32.30389]}},{"type":"Feature","properties":{"id":"US-MS","radiusMeters":5000},"geometry":{"type":"Polygon","coordinates":[[[-90.18222,32.3489787],[-90.1840737,32.3489512],[-90.1859252,32.3488688],[-90.1877721,32.3487316],[-90.1896123,32.3485397],[-90.1914434,32.3482934],[-90.1932633,32.3479929],[-90.1950697,32.3476387],[-90.1968605,32.3472312],[-90.1986334,32.3467708],[-90.2003862,32.3462582],[-90.2021169,32.345694],[-90.2038233,32.3450787],[-90.2055034,32.3444133],[-90.207155,32.3436985],[-90.2087763,32.3429352],[-90.2103651,32.3421243],[-90.2119196,32.3412668],[-90.2134379,32.3403637],[-90.2149181,32.3394162],[-90.2163584,32.3384254],[-90.2177571,32.3373925],[-90.2191124,32.3363187],[-90.2204227,32.3352055],[-90.2216864,32.3340541],[-90.2229021,32.3328659],[-90.224068,32.3316425],[-90.225183,32.3303852],[-90.2262456,32.3290956],[-90.2272545,32.3277754],[-90.2282085,32.326426],[-90.2291064,32.3250492],[-90.2299471,32.3236466],[-90.2307297,32.3222199],[-90.2314531,32.320771],[-90.2321165,32.3193014],[-90.2327191,32.3178131],[-90.2332601,32.3163078],[-90.2337389,32.3147875],[-90.2341549,32.3132538],[-90.2345077,32.3117088],[-90.2347967,32.3101542],[-90.2350216,32.308592],[-90.2351822,32.3070241],[-90.2352783,32.3054524],[-90.2353097,32.3038788],[-90.2352765,32.3023053],[-90.2351786,32.3007337],[-90.2350162,32.2991659],[-90.2347895,32.2976039],[-90.2344987,32.2960496],[-90.2341443,32.2945048],[-90.2337266,32.2929715],[-90.2332462,32.2914515],[-90.2327036,32.2899467],[-90.2320996,32.2884588],[-90.2314348,32.2869898],[-90.2307101,32.2855414],[-90.2299264,32.2841153],[-90.2290846,32.2827133],[-90.2281857,32.2813372],[-90.2272308,32.2799885],[-90.2262212,32.2786689],[-90.225158,32.2773801],[-90.2240425,32.2761235],[-90.2228762,32.2749008],[-90.2216603,32.2737134],[-90.2203964,32.2725628],[-90.2190861,32.2714503],[-90.2177309,32.2703774],[-90.2163325,32.2693452],[-90.2148926,32.2683552],[-90.2134129,32.2674084],[-90.2118952,32.266506],[-90.2103415,32.2656492],[-90.2087535,32.264839],[-90.2071332,32.2640763],[-90.2054827,32.2633621],[-90.2038038,32.2626973],[-90.2020986,32.2620826],[-90.2003693,32.2615189],[-90.1986179,32.2610067],[-90.1968466,32.2605468],[-90.1950574,32.2601397],[-90.1932526,32.2597858],[-90.1914344,32.2594857],[-90.189605,32.2592396],[-90.1877667,32.2590479],[-90.1859215,32.2589108],[-90.1840719,32.2588284],[-90.18222,32.258801],[-90.1803681,32.2588284],[-90.1785185,32.2589108],[-90.1766733,32.2590479],[-90.174835,32.2592396],[-90.1730056,32.2594857],[-90.1711874,32.2597858],[-90.1693826,32.2601397],[-90.1675934,32.2605468],[-90.1658221,32.2610067],[-90.1640707,32.2615189],[-90.1623414,32.2620826],[-90.1606362,32.2626973],[-90.1589573,32.2633621],[-90.1573068,32.2640763],[-90.1556865,32.264839],[-90.1540985,32.2656492],[-90.1525448,32.266506],[-90.1510271,32.2674084],[-90.1495474,32.2683552],[-90.1481075,32.2693452],[-90.1467091,32.2703774],[-90.1453539,32.2714503],[-90.1440436,32.2725628],[-90.1427797,32.2737134],[-90.1415638,32.2749008],[-90.1403975,32.2761235],[-90.139282,32.2773801],[-90.1382188,32.2786689],[-90.1372092,32.2799885],[-90.1362543,32.2813372],[-90.1353554,32.2827133],[-90.1345136,32.2841153],[-90.1337299,32.2855414],[-90.1330052,32.2869898],[-90.1323404,32.2884588],[-90.1317364,32.2899467],[-90.1311938,32.2914515],[-90.1307134,32.2929715],[-90.1302957,32.2945048],[-90.1299413,32.2960496],[-90.1296505,32.2976039],[-90.1294238,32.2991659],[-90.1292614,32.3007337],[-90.1291635,32.3023053],[-90.1291303,32.3038788],[-90.1291617,32.3054524],[-90.1292578,32.3070241],[-90.1294184,32.308592],[-90.1296433,32.3101542],[-90.1299323,32.3117088],[-90.1302851,32.3132538],[-90.1307011,32.3147875],[-90.1311799,32.3163078],[-90.1317209,32.3178131],[-90.1323235,32.3193014],[-90.1329869,32.320771],[-90.1337103,32.3222199],[-90.1344929,32.3236466],[-90.1353336,32.3250492],[-90.1362315,32.326426],[-90.1371855,32.3277754],[-90.1381944,32.3290956],[-90.139257,32.3303852],[-90.140372,32.3316425],[-90.1415379,32.3328659],[-90.1427536,32.3340541],[-90.1440173,32.3352055],[-90.1453276,32.3363187],[-90.1466829,32.3373925],[-90.1480816,32.3384254],[-90.1495219,32.3394162],[-90.1510021,32.3403637],[-90.1525204,32.3412668],[-90.1540749,32.3421243],[-90.1556637,32.3429352],[-90.157285,32.3436985],[-90.1589366,32.3444133],[-90.1606167,32.3450787],[-90.1623231,32.345694],[-90.1640538,32.3462582],[-90.1658066,32.3467708],[-90.1675795,32.3472312],[-90.1693703,32.3476387],[-90.1711767,32.3479929],[-90.1729966,32.3482934],[-90.1748277,32.3485397],[-90.1766679,32.3487316],[-90.1785148,32.3488688],[-90.1803663,32.3489512],[-90.18222,32.3489787]]]}},{"type":"Feature","properties":{"id":"US-MO","subdivision":"Missouri"},"geometry":{"type":"Point","coordinates":[-92.1729917,38.5791194]}},{"type":"Feature","properties":{"id":"US-MO","radiusMeters":5000},"geometry":{"type":"Polygon","coordinates":[[[-92.1729917,38.6241612],[-92.1749955,38.6241338],[-92.1769969,38.6240515],[-92.1789933,38.6239143],[-92.1809825,38.6237226],[-92.1829619,38.6234765],[-92.1849291,38.6231764],[-92.1868818,38.6228225],[-92.1888175,38.6224153],[-92.1907339,38.6219554],[-92.1926286,38.6214433],[-92.1944994,38.6208795],[-92.1963439,38.6202649],[-92.1981599,38.6196001],[-92.1999452,38.6188859],[-92.2016976,38.6181233],[-92.203415,38.6173131],[-92.2050952,38.6164564],[-92.2067363,38.6155542],[-92.2083362,38.6146076],[-92.209893,38.6136177],[-92.2114047,38.6125857],[-92.2128696,38.611513],[-92.2142859,38.6104008],[-92.2156517,38.6092505],[-92.2169655,38.6080635],[-92.2182257,38.6068412],[-92.2194307,38.6055852],[-92.2205791,38.6042968],[-92.2216694,38.6029779],[-92.2227004,38.6016298],[-92.2236707,38.6002543],[-92.2245793,38.5988531],[-92.2254249,38.5974279],[-92.2262066,38.5959803],[-92.2269235,38.5945122],[-92.2275746,38.5930254],[-92.2281591,38.5915216],[-92.2286764,38.5900028],[-92.2291258,38.5884707],[-92.2295068,38.5869272],[-92.2298189,38.5853742],[-92.2300618,38.5838137],[-92.2302351,38.5822474],[-92.2303387,38.5806773],[-92.2303724,38.5791053],[-92.2303362,38.5775334],[-92.2302302,38.5759634],[-92.2300544,38.5743973],[-92.2298091,38.572837],[-92.2294946,38.5712843],[-92.2291112,38.5697412],[-92.2286596,38.5682095],[-92.2281401,38.5666911],[-92.2275535,38.5651879],[-92.2269004,38.5637017],[-92.2261817,38.5622343],[-92.2253983,38.5607874],[-92.224551,38.5593629],[-92.223641,38.5579625],[-92.2226694,38.5565878],[-92.2216372,38.5552406],[-92.2205459,38.5539225],[-92.2193967,38.5526351],[-92.218191,38.55138],[-92.2169303,38.5501586],[-92.2156161,38.5489726],[-92.21425,38.5478232],[-92.2128338,38.546712],[-92.2113691,38.5456403],[-92.2098577,38.5446093],[-92.2083014,38.5436204],[-92.2067022,38.5426747],[-92.205062,38.5417734],[-92.2033828,38.5409175],[-92.2016666,38.5401082],[-92.1999155,38.5393464],[-92.1981317,38.5386331],[-92.1963172,38.537969],[-92.1944745,38.537355],[-92.1926056,38.536792],[-92.1907128,38.5362804],[-92.1887985,38.535821],[-92.186865,38.5354143],[-92.1849145,38.5350609],[-92.1829496,38.5347611],[-92.1809726,38.5345153],[-92.1789859,38.5343238],[-92.1769919,38.5341869],[-92.174993,38.5341046],[-92.1729917,38.5340772],[-92.1709904,38.5341046],[-92.1689915,38.5341869],[-92.1669975,38.5343238],[-92.1650108,38.5345153],[-92.1630338,38.5347611],[-92.1610689,38.5350609],[-92.1591184,38.5354143],[-92.1571849,38.535821],[-92.1552706,38.5362804],[-92.1533778,38.536792],[-92.1515089,38.537355],[-92.1496662,38.537969],[-92.1478517,38.5386331],[-92.1460679,38.5393464],[-92.1443168,38.5401082],[-92.1426006,38.5409175],[-92.1409214,38.5417734],[-92.1392812,38.5426747],[-92.137682,38.5436204],[-92.1361257,38.5446093],[-92.1346143,38.5456403],[-92.1331496,38.546712],[-92.1317334,38.5478232],[-92.1303673,38.5489726],[-92.1290531,38.5501586],[-92.1277924,38.55138],[-92.1265867,38.5526351],[-92.1254375,38.5539225],[-92.1243462,38.5552406],[-92.123314,38.5565878],[-92.1223424,38.5579625],[-92.1214324,38.5593629],[-92.1205851,38.5607874],[-92.1198017,38.5622343],[-92.119083,38.5637017],[-92.1184299,38.5651879],[-92.1178433,38.5666911],[-92.1173238,38.5682095],[-92.1168722,38.5697412],[-92.1164888,38.5712843],[-92.1161743,38.572837],[-92.115929,38.5743973],[-92.1157532,38.5759634],[-92.1156472,38.5775334],[-92.115611,38.5791053],[-92.1156447,38.5806773],[-92.1157483,38.5822474],[-92.1159216,38.5838137],[-92.1161645,38.5853742],[-92.1164766,38.5869272],[-92.1168576,38.5884707],[-92.117307,38.5900028],[-92.1178243,38.5915216],[-92.1184088,38.5930254],[-92.1190599,38.5945122],[-92.1197768,38.5959803],[-92.1205585,38.5974279],[-92.1214041,38.5988531],[-92.1223127,38.6002543],[-92.123283,38.6016298],[-92.124314,38.6029779],[-92.1254043,38.6042968],[-92.1265527,38.6055852],[-92.1277577,38.6068412],[-92.1290179,38.6080635],[-92.1303317,38.6092505],[-92.1316975,38.6104008],[-92.1331138,38.611513],[-92.1345787,38.6125857],[-92.1360904,38.6136177],[-92.1376472,38.6146076],[-92.1392471,38.6155542],[-92.1408882,38.6164564],[-92.1425684,38.6173131],[-92.1442858,38.6181233],[-92.1460382,38.6188859],[-92.1478235,38.6196001],[-92.1496395,38.6202649],[-92.151484,38.6208795],[-92.1533548,38.6214433],[-92.1552495,38.6219554],[-92.1571659,38.6224153],[-92.1591016,38.6228225],[-92.1610543,38.6231764],[-92.1630215,38.6234765],[-92.1650009,38.6237226],[-92.1669901,38.6239143],[-92.1689865,38.6240515],[-92.1709879,38.6241338],[-92.1729917,38.6241612]]]}},{"type":"Feature","properties":{"id":"US-MT","subdivision":"Montana"},"geometry":{"type":"Point","coordinates":[-112.0184,46.5857]}},{"type":"Feature","properties":{"id":"US-MT","radiusMeters":5000},"geometry":{"type":"Polygon","coordinates":[[[-112.0184,46.6306789],[-112.0206787,46.6306515],[-112.0229546,46.6305693],[-112.0252249,46.6304323],[-112.0274869,46.6302408],[-112.0297378,46.629995],[-112.0319748,46.6296952],[-112.0341953,46.6293418],[-112.0363965,46.6289351],[-112.0385757,46.6284757],[-112.0407302,46.6279642],[-112.0428575,46.6274011],[-112.0449549,46.6267872],[-112.0470199,46.6261232],[-112.04905,46.6254099],[-112.0510426,46.6246482],[-112.0529954,46.6238391],[-112.0549059,46.6229834],[-112.0567719,46.6220823],[-112.058591,46.6211368],[-112.0603611,46.6201482],[-112.0620799,46.6191175],[-112.0637454,46.6180462],[-112.0653556,46.6169354],[-112.0669085,46.6157865],[-112.0684021,46.614601],[-112.0698348,46.6133803],[-112.0712047,46.6121258],[-112.0725102,46.6108391],[-112.0737496,46.6095219],[-112.0749215,46.6081755],[-112.0760245,46.6068019],[-112.0770572,46.6054025],[-112.0780184,46.6039791],[-112.0789068,46.6025334],[-112.0797214,46.6010673],[-112.0804613,46.5995825],[-112.0811255,46.5980807],[-112.0817133,46.5965639],[-112.0822238,46.5950339],[-112.0826566,46.5934925],[-112.083011,46.5919416],[-112.0832867,46.5903832],[-112.0834833,46.5888191],[-112.0836006,46.5872512],[-112.0836385,46.5856814],[-112.0835968,46.5841117],[-112.0834758,46.5825439],[-112.0832755,46.58098],[-112.0829961,46.5794219],[-112.0826381,46.5778714],[-112.0822019,46.5763305],[-112.0816879,46.5748011],[-112.0810969,46.5732849],[-112.0804296,46.5717839],[-112.0796868,46.5702998],[-112.0788693,46.5688345],[-112.0779783,46.5673898],[-112.0770147,46.5659674],[-112.0759798,46.5645691],[-112.0748748,46.5631965],[-112.0737011,46.5618513],[-112.0724601,46.5605352],[-112.0711534,46.5592497],[-112.0697824,46.5579965],[-112.068349,46.556777],[-112.0668548,46.5555928],[-112.0653017,46.5544452],[-112.0636915,46.5533357],[-112.0620262,46.5522656],[-112.0603079,46.5512362],[-112.0585387,46.5502488],[-112.0567206,46.5493046],[-112.0548559,46.5484047],[-112.0529469,46.5475502],[-112.0509959,46.5467422],[-112.0490053,46.5459816],[-112.0469774,46.5452693],[-112.0449148,46.5446063],[-112.04282,46.5439934],[-112.0406955,46.5434311],[-112.038544,46.5429204],[-112.0363679,46.5424617],[-112.03417,46.5420557],[-112.0319529,46.5417028],[-112.0297193,46.5414035],[-112.027472,46.5411581],[-112.0252137,46.5409669],[-112.0229471,46.5408302],[-112.0206749,46.5407481],[-112.0184,46.5407207],[-112.0161251,46.5407481],[-112.0138529,46.5408302],[-112.0115863,46.5409669],[-112.009328,46.5411581],[-112.0070807,46.5414035],[-112.0048471,46.5417028],[-112.00263,46.5420557],[-112.0004321,46.5424617],[-111.998256,46.5429204],[-111.9961045,46.5434311],[-111.99398,46.5439934],[-111.9918852,46.5446063],[-111.9898226,46.5452693],[-111.9877947,46.5459816],[-111.9858041,46.5467422],[-111.9838531,46.5475502],[-111.9819441,46.5484047],[-111.9800794,46.5493046],[-111.9782613,46.5502488],[-111.9764921,46.5512362],[-111.9747738,46.5522656],[-111.9731085,46.5533357],[-111.9714983,46.5544452],[-111.9699452,46.5555928],[-111.968451,46.556777],[-111.9670176,46.5579965],[-111.9656466,46.5592497],[-111.9643399,46.5605352],[-111.9630989,46.5618513],[-111.9619252,46.5631965],[-111.9608202,46.5645691],[-111.9597853,46.5659674],[-111.9588217,46.5673898],[-111.9579307,46.5688345],[-111.9571132,46.5702998],[-111.9563704,46.5717839],[-111.9557031,46.5732849],[-111.9551121,46.5748011],[-111.9545981,46.5763305],[-111.9541619,46.5778714],[-111.9538039,46.5794219],[-111.9535245,46.58098],[-111.9533242,46.5825439],[-111.9532032,46.5841117],[-111.9531615,46.5856814],[-111.9531994,46.5872512],[-111.9533167,46.5888191],[-111.9535133,46.5903832],[-111.953789,46.5919416],[-111.9541434,46.5934925],[-111.9545762,46.5950339],[-111.9550867,46.5965639],[-111.9556745,46.5980807],[-111.9563387,46.5995825],[-111.9570786,46.6010673],[-111.9578932,46.6025334],[-111.9587816,46.6039791],[-111.9597428,46.6054025],[-111.9607755,46.6068019],[-111.9618785,46.6081755],[-111.9630504,46.6095219],[-111.9642898,46.6108391],[-111.9655953,46.6121258],[-111.9669652,46.6133803],[-111.9683979,46.614601],[-111.9698915,46.6157865],[-111.9714444,46.6169354],[-111.9730546,46.6180462],[-111.9747201,46.6191175],[-111.9764389,46.6201482],[-111.978209,46.6211368],[-111.9800281,46.6220823],[-111.9818941,46.6229834],[-111.9838046,46.6238391],[-111.9857574,46.6246482],[-111.98775,46.6254099],[-111.9897801,46.6261232],[-111.9918451,46.6267872],[-111.9939425,46.6274011],[-111.9960698,46.6279642],[-111.9982243,46.6284757],[-112.0004035,46.6289351],[-112.0026047,46.6293418],[-112.0048252,46.6296952],[-112.0070622,46.629995],[-112.0093131,46.6302408],[-112.0115751,46.6304323],[-112.0138454,46.6305693],[-112.0161213,46.6306515],[-112.0184,46.6306789]]]}},{"type":"Feature","properties":{"id":"US-NE","subdivision":"Nebraska"},"geometry":{"type":"Point","coordinates":[-96.6995861,40.8080889]}},{"type":"Feature","properties":{"id":"US-NE","radiusMeters":5000},"geometry":{"type":"Polygon","coordinates":[[[-96.6995861,40.8531134],[-96.7016555,40.853086],[-96.7037224,40.8530037],[-96.7057843,40.8528666],[-96.7078386,40.8526749],[-96.7098828,40.8524289],[-96.7119144,40.8521289],[-96.713931,40.8517751],[-96.7159301,40.8513681],[-96.7179092,40.8509083],[-96.7198659,40.8503963],[-96.7217979,40.8498328],[-96.7237028,40.8492183],[-96.7255783,40.8485537],[-96.727422,40.8478398],[-96.7292318,40.8470775],[-96.7310053,40.8462676],[-96.7327406,40.8454112],[-96.7344353,40.8445093],[-96.7360876,40.843563],[-96.7376953,40.8425734],[-96.7392565,40.8415418],[-96.7407692,40.8404695],[-96.7422318,40.8393577],[-96.7436423,40.8382078],[-96.744999,40.8370212],[-96.7463004,40.8357993],[-96.7475448,40.8345437],[-96.7487306,40.8332559],[-96.7498566,40.8319373],[-96.7509212,40.8305898],[-96.7519232,40.8292148],[-96.7528614,40.8278141],[-96.7537346,40.8263894],[-96.7545418,40.8249423],[-96.755282,40.8234748],[-96.7559543,40.8219885],[-96.7565578,40.8204853],[-96.7570919,40.818967],[-96.757556,40.8174355],[-96.7579493,40.8158926],[-96.7582716,40.8143402],[-96.7585223,40.8127802],[-96.7587012,40.8112145],[-96.758808,40.809645],[-96.7588427,40.8080737],[-96.7588052,40.8065024],[-96.7586956,40.804933],[-96.7585139,40.8033675],[-96.7582605,40.8018078],[-96.7579356,40.8002557],[-96.7575397,40.7987132],[-96.7570731,40.7971821],[-96.7565366,40.7956643],[-96.7559307,40.7941617],[-96.7552562,40.7926761],[-96.754514,40.7912093],[-96.7537048,40.789763],[-96.7528298,40.7883391],[-96.75189,40.7869392],[-96.7508865,40.7855651],[-96.7498206,40.7842185],[-96.7486935,40.7829009],[-96.7475067,40.781614],[-96.7462615,40.7803594],[-96.7449596,40.7791386],[-96.7436024,40.777953],[-96.7421917,40.7768042],[-96.7407292,40.7756934],[-96.7392166,40.7746221],[-96.7376558,40.7735916],[-96.7360487,40.7726031],[-96.7343972,40.7716578],[-96.7327034,40.7707569],[-96.7309693,40.7699014],[-96.7291971,40.7690924],[-96.7273888,40.768331],[-96.7255467,40.7676179],[-96.7236731,40.7669541],[-96.7217701,40.7663405],[-96.7198402,40.7657776],[-96.7178856,40.7652663],[-96.7159088,40.7648071],[-96.7139122,40.7644006],[-96.7118981,40.7640473],[-96.7098691,40.7637476],[-96.7078275,40.7635019],[-96.7057759,40.7633105],[-96.7037168,40.7631736],[-96.7016527,40.7630915],[-96.6995861,40.763064],[-96.6975195,40.7630915],[-96.6954554,40.7631736],[-96.6933963,40.7633105],[-96.6913447,40.7635019],[-96.6893031,40.7637476],[-96.6872741,40.7640473],[-96.68526,40.7644006],[-96.6832634,40.7648071],[-96.6812866,40.7652663],[-96.679332,40.7657776],[-96.6774021,40.7663405],[-96.6754991,40.7669541],[-96.6736255,40.7676179],[-96.6717834,40.768331],[-96.6699751,40.7690924],[-96.6682029,40.7699014],[-96.6664688,40.7707569],[-96.664775,40.7716578],[-96.6631235,40.7726031],[-96.6615164,40.7735916],[-96.6599556,40.7746221],[-96.658443,40.7756934],[-96.6569805,40.7768042],[-96.6555698,40.777953],[-96.6542126,40.7791386],[-96.6529107,40.7803594],[-96.6516655,40.781614],[-96.6504787,40.7829009],[-96.6493516,40.7842185],[-96.6482857,40.7855651],[-96.6472822,40.7869392],[-96.6463424,40.7883391],[-96.6454674,40.789763],[-96.6446582,40.7912093],[-96.643916,40.7926761],[-96.6432415,40.7941617],[-96.6426356,40.7956643],[-96.6420991,40.7971821],[-96.6416325,40.7987132],[-96.6412366,40.8002557],[-96.6409117,40.8018078],[-96.6406583,40.8033675],[-96.6404766,40.804933],[-96.640367,40.8065024],[-96.6403295,40.8080737],[-96.6403642,40.809645],[-96.640471,40.8112145],[-96.6406499,40.8127802],[-96.6409006,40.8143402],[-96.6412229,40.8158926],[-96.6416162,40.8174355],[-96.6420803,40.818967],[-96.6426144,40.8204853],[-96.6432179,40.8219885],[-96.6438902,40.8234748],[-96.6446304,40.8249423],[-96.6454376,40.8263894],[-96.6463108,40.8278141],[-96.647249,40.8292148],[-96.648251,40.8305898],[-96.6493156,40.8319373],[-96.6504416,40.8332559],[-96.6516274,40.8345437],[-96.6528718,40.8357993],[-96.6541732,40.8370212],[-96.6555299,40.8382078],[-96.6569404,40.8393577],[-96.658403,40.8404695],[-96.6599157,40.8415418],[-96.6614769,40.8425734],[-96.6630846,40.843563],[-96.6647369,40.8445093],[-96.6664316,40.8454112],[-96.6681669,40.8462676],[-96.6699404,40.8470775],[-96.6717502,40.8478398],[-96.6735939,40.8485537],[-96.6754694,40.8492183],[-96.6773743,40.8498328],[-96.6793063,40.8503963],[-96.681263,40.8509083],[-96.6832421,40.8513681],[-96.6852412,40.8517751],[-96.6872578,40.8521289],[-96.6892894,40.8524289],[-96.6913336,40.8526749],[-96.6933879,40.8528666],[-96.6954498,40.8530037],[-96.6975167,40.853086],[-96.6995861,40.8531134]]]}},{"type":"Feature","properties":{"id":"US-NV","subdivision":"Nevada"},"geometry":{"type":"Point","coordinates":[-119.7662917,39.164075]}},{"type":"Feature","properties":{"id":"US-NV","radiusMeters":5000},"geometry":{"type":"Polygon","coordinates":[[[-119.7662917,39.2091123],[-119.768312,39.2090849],[-119.7703299,39.2090025],[-119.7723428,39.2088654],[-119.7743484,39.2086737],[-119.7763441,39.2084277],[-119.7783275,39.2081275],[-119.7802963,39.2077737],[-119.7822479,39.2073666],[-119.7841801,39.2069067],[-119.7860904,39.2063946],[-119.7879766,39.2058309],[-119.7898363,39.2052163],[-119.7916673,39.2045515],[-119.7934673,39.2038374],[-119.7952342,39.2030749],[-119.7969657,39.2022648],[-119.7986598,39.2014082],[-119.8003144,39.200506],[-119.8019275,39.1995595],[-119.8034971,39.1985697],[-119.8050213,39.1975378],[-119.8064982,39.1964652],[-119.8079261,39.1953532],[-119.8093032,39.194203],[-119.8106278,39.193016],[-119.8118984,39.1917939],[-119.8131133,39.1905379],[-119.8142711,39.1892497],[-119.8153704,39.1879309],[-119.8164098,39.1865829],[-119.8173881,39.1852076],[-119.8183041,39.1838065],[-119.8191567,39.1823814],[-119.8199449,39.180934],[-119.8206676,39.179466],[-119.821324,39.1779793],[-119.8219133,39.1764757],[-119.8224348,39.174957],[-119.8228879,39.1734251],[-119.8232721,39.1718817],[-119.8235867,39.1703289],[-119.8238316,39.1687685],[-119.8240063,39.1672024],[-119.8241107,39.1656324],[-119.8241447,39.1640606],[-119.8241081,39.1624889],[-119.8240012,39.1609191],[-119.8238239,39.1593531],[-119.8235766,39.1577929],[-119.8232594,39.1562404],[-119.8228729,39.1546974],[-119.8224175,39.1531659],[-119.8218938,39.1516477],[-119.8213023,39.1501446],[-119.8206439,39.1486586],[-119.8199192,39.1471913],[-119.8191293,39.1457446],[-119.8182751,39.1443202],[-119.8173576,39.1429199],[-119.8163779,39.1415454],[-119.8153372,39.1401984],[-119.8142369,39.1388804],[-119.8130782,39.1375932],[-119.8118626,39.1363382],[-119.8105915,39.135117],[-119.8092665,39.133931],[-119.8078892,39.1327818],[-119.8064613,39.1316707],[-119.8049846,39.1305991],[-119.8034607,39.1295682],[-119.8018917,39.1285794],[-119.8002793,39.1276338],[-119.7986256,39.1267326],[-119.7969325,39.1258769],[-119.7952022,39.1250677],[-119.7934367,39.124306],[-119.7916383,39.1235927],[-119.7898089,39.1229287],[-119.787951,39.1223148],[-119.7860667,39.1217518],[-119.7841584,39.1212403],[-119.7822284,39.1207809],[-119.7802789,39.1203743],[-119.7783125,39.1200209],[-119.7763315,39.1197211],[-119.7743382,39.1194754],[-119.7723352,39.1192839],[-119.7703248,39.119147],[-119.7683095,39.1190648],[-119.7662917,39.1190373],[-119.7642739,39.1190648],[-119.7622586,39.119147],[-119.7602482,39.1192839],[-119.7582452,39.1194754],[-119.7562519,39.1197211],[-119.7542709,39.1200209],[-119.7523045,39.1203743],[-119.750355,39.1207809],[-119.748425,39.1212403],[-119.7465167,39.1217518],[-119.7446324,39.1223148],[-119.7427745,39.1229287],[-119.7409451,39.1235927],[-119.7391467,39.124306],[-119.7373812,39.1250677],[-119.7356509,39.1258769],[-119.7339578,39.1267326],[-119.7323041,39.1276338],[-119.7306917,39.1285794],[-119.7291227,39.1295682],[-119.7275988,39.1305991],[-119.7261221,39.1316707],[-119.7246942,39.1327818],[-119.7233169,39.133931],[-119.7219919,39.135117],[-119.7207208,39.1363382],[-119.7195052,39.1375932],[-119.7183465,39.1388804],[-119.7172462,39.1401984],[-119.7162055,39.1415454],[-119.7152258,39.1429199],[-119.7143083,39.1443202],[-119.7134541,39.1457446],[-119.7126642,39.1471913],[-119.7119395,39.1486586],[-119.7112811,39.1501446],[-119.7106896,39.1516477],[-119.7101659,39.1531659],[-119.7097105,39.1546974],[-119.709324,39.1562404],[-119.7090068,39.1577929],[-119.7087595,39.1593531],[-119.7085822,39.1609191],[-119.7084753,39.1624889],[-119.7084387,39.1640606],[-119.7084727,39.1656324],[-119.7085771,39.1672024],[-119.7087518,39.1687685],[-119.7089967,39.1703289],[-119.7093113,39.1718817],[-119.7096955,39.1734251],[-119.7101486,39.174957],[-119.7106701,39.1764757],[-119.7112594,39.1779793],[-119.7119158,39.179466],[-119.7126385,39.180934],[-119.7134267,39.1823814],[-119.7142793,39.1838065],[-119.7151953,39.1852076],[-119.7161736,39.1865829],[-119.717213,39.1879309],[-119.7183123,39.1892497],[-119.7194701,39.1905379],[-119.720685,39.1917939],[-119.7219556,39.193016],[-119.7232802,39.194203],[-119.7246573,39.1953532],[-119.7260852,39.1964652],[-119.7275621,39.1975378],[-119.7290863,39.1985697],[-119.7306559,39.1995595],[-119.732269,39.200506],[-119.7339236,39.2014082],[-119.7356177,39.2022648],[-119.7373492,39.2030749],[-119.7391161,39.2038374],[-119.7409161,39.2045515],[-119.7427471,39.2052163],[-119.7446068,39.2058309],[-119.746493,39.2063946],[-119.7484033,39.2069067],[-119.7503355,39.2073666],[-119.7522871,39.2077737],[-119.7542559,39.2081275],[-119.7562393,39.2084277],[-119.758235,39.2086737],[-119.7602406,39.2088654],[-119.7622535,39.2090025],[-119.7642714,39.2090849],[-119.7662917,39.2091123]]]}},{"type":"Feature","properties":{"id":"US-NH","subdivision":"New Hampshire"},"geometry":{"type":"Point","coordinates":[-71.5381278,43.2067472]}},{"type":"Feature","properties":{"id":"US-NH","radiusMeters":5000},"geometry":{"type":"Polygon","coordinates":[[[-71.5381278,43.2517528],[-71.5402766,43.2517254],[-71.5424228,43.2516431],[-71.5445637,43.2515061],[-71.5466967,43.2513145],[-71.5488193,43.2510686],[-71.5509289,43.2507686],[-71.5530228,43.250415],[-71.5550985,43.2500081],[-71.5571535,43.2495485],[-71.5591853,43.2490367],[-71.5611914,43.2484734],[-71.5631693,43.2478592],[-71.5651167,43.2471948],[-71.5670311,43.2464812],[-71.5689102,43.2457191],[-71.5707517,43.2449095],[-71.5725534,43.2440534],[-71.5743131,43.2431518],[-71.5760287,43.2422059],[-71.577698,43.2412167],[-71.5793189,43.2401855],[-71.5808897,43.2391136],[-71.5824082,43.2380022],[-71.5838727,43.2368527],[-71.5852814,43.2356666],[-71.5866326,43.2344452],[-71.5879245,43.2331901],[-71.5891558,43.2319027],[-71.5903248,43.2305847],[-71.5914301,43.2292376],[-71.5924704,43.2278632],[-71.5934444,43.226463],[-71.594351,43.2250389],[-71.595189,43.2235924],[-71.5959574,43.2221255],[-71.5966554,43.2206398],[-71.5972819,43.2191372],[-71.5978364,43.2176195],[-71.5983181,43.2160886],[-71.5987264,43.2145463],[-71.5990608,43.2129946],[-71.599321,43.2114352],[-71.5995066,43.2098702],[-71.5996174,43.2083014],[-71.5996533,43.2067307],[-71.5996143,43.20516],[-71.5995003,43.2035913],[-71.5993116,43.2020264],[-71.5990484,43.2004674],[-71.5987109,43.198916],[-71.5982997,43.1973741],[-71.5978152,43.1958437],[-71.597258,43.1943266],[-71.5966288,43.1928247],[-71.5959284,43.1913397],[-71.5951576,43.1898735],[-71.5943174,43.1884279],[-71.5934088,43.1870046],[-71.5924329,43.1856053],[-71.5913909,43.1842318],[-71.5902841,43.1828858],[-71.5891138,43.1815689],[-71.5878815,43.1802826],[-71.5865887,43.1790285],[-71.5852368,43.1778082],[-71.5838277,43.1766232],[-71.582363,43.1754749],[-71.5808445,43.1743647],[-71.579274,43.1732939],[-71.5776534,43.1722638],[-71.5759848,43.1712758],[-71.5742701,43.1703309],[-71.5725115,43.1694304],[-71.5707111,43.1685753],[-71.568871,43.1677668],[-71.5669936,43.1670056],[-71.565081,43.1662929],[-71.5631357,43.1656295],[-71.56116,43.1650161],[-71.5591563,43.1644535],[-71.557127,43.1639424],[-71.5550746,43.1634834],[-71.5530016,43.1630771],[-71.5509105,43.162724],[-71.5488039,43.1624245],[-71.5466843,43.1621789],[-71.5445543,43.1619876],[-71.5424165,43.1618508],[-71.5402734,43.1617686],[-71.5381278,43.1617412],[-71.5359822,43.1617686],[-71.5338391,43.1618508],[-71.5317013,43.1619876],[-71.5295713,43.1621789],[-71.5274517,43.1624245],[-71.5253451,43.162724],[-71.523254,43.1630771],[-71.521181,43.1634834],[-71.5191286,43.1639424],[-71.5170993,43.1644535],[-71.5150956,43.1650161],[-71.5131199,43.1656295],[-71.5111746,43.1662929],[-71.509262,43.1670056],[-71.5073846,43.1677668],[-71.5055445,43.1685753],[-71.5037441,43.1694304],[-71.5019855,43.1703309],[-71.5002708,43.1712758],[-71.4986022,43.1722638],[-71.4969816,43.1732939],[-71.4954111,43.1743647],[-71.4938926,43.1754749],[-71.4924279,43.1766232],[-71.4910188,43.1778082],[-71.4896669,43.1790285],[-71.4883741,43.1802826],[-71.4871418,43.1815689],[-71.4859715,43.1828858],[-71.4848647,43.1842318],[-71.4838227,43.1856053],[-71.4828468,43.1870046],[-71.4819382,43.1884279],[-71.481098,43.1898735],[-71.4803272,43.1913397],[-71.4796268,43.1928247],[-71.4789976,43.1943266],[-71.4784404,43.1958437],[-71.4779559,43.1973741],[-71.4775447,43.198916],[-71.4772072,43.2004674],[-71.476944,43.2020264],[-71.4767553,43.2035913],[-71.4766413,43.20516],[-71.4766023,43.2067307],[-71.4766382,43.2083014],[-71.476749,43.2098702],[-71.4769346,43.2114352],[-71.4771948,43.2129946],[-71.4775292,43.2145463],[-71.4779375,43.2160886],[-71.4784192,43.2176195],[-71.4789737,43.2191372],[-71.4796002,43.2206398],[-71.4802982,43.2221255],[-71.4810666,43.2235924],[-71.4819046,43.2250389],[-71.4828112,43.226463],[-71.4837852,43.2278632],[-71.4848255,43.2292376],[-71.4859308,43.2305847],[-71.4870998,43.2319027],[-71.4883311,43.2331901],[-71.489623,43.2344452],[-71.4909742,43.2356666],[-71.4923829,43.2368527],[-71.4938474,43.2380022],[-71.4953659,43.2391136],[-71.4969367,43.2401855],[-71.4985576,43.2412167],[-71.5002269,43.2422059],[-71.5019425,43.2431518],[-71.5037022,43.2440534],[-71.5055039,43.2449095],[-71.5073454,43.2457191],[-71.5092245,43.2464812],[-71.5111389,43.2471948],[-71.5130863,43.2478592],[-71.5150642,43.2484734],[-71.5170703,43.2490367],[-71.5191021,43.2495485],[-71.5211571,43.2500081],[-71.5232328,43.250415],[-71.5253267,43.2507686],[-71.5274363,43.2510686],[-71.5295589,43.2513145],[-71.5316919,43.2515061],[-71.5338328,43.2516431],[-71.535979,43.2517254],[-71.5381278,43.2517528]]]}},{"type":"Feature","properties":{"id":"US-NJ","subdivision":"New Jersey"},"geometry":{"type":"Point","coordinates":[-74.7699028,40.2204361]}},{"type":"Feature","properties":{"id":"US-NJ","radiusMeters":5000},"geometry":{"type":"Polygon","coordinates":[[[-74.7699028,40.2654652],[-74.7719542,40.2654378],[-74.7740031,40.2653554],[-74.776047,40.2652184],[-74.7780834,40.2650267],[-74.7801098,40.2647807],[-74.7821238,40.2644806],[-74.7841228,40.2641268],[-74.7861045,40.2637197],[-74.7880664,40.2632599],[-74.7900061,40.2627479],[-74.7919213,40.2621843],[-74.7938096,40.2615698],[-74.7956687,40.2609051],[-74.7974964,40.2601912],[-74.7992904,40.2594287],[-74.8010486,40.2586188],[-74.8027687,40.2577623],[-74.8044487,40.2568603],[-74.8060866,40.2559139],[-74.8076803,40.2549243],[-74.8092279,40.2538926],[-74.8107275,40.2528202],[-74.8121774,40.2517083],[-74.8135756,40.2505583],[-74.8149206,40.2493715],[-74.8162106,40.2481496],[-74.8174442,40.2468938],[-74.8186198,40.2456058],[-74.8197359,40.2442872],[-74.8207913,40.2429395],[-74.8217846,40.2415644],[-74.8227147,40.2401636],[-74.8235803,40.2387387],[-74.8243805,40.2372915],[-74.8251143,40.2358238],[-74.8257808,40.2343374],[-74.8263791,40.2328341],[-74.8269086,40.2313156],[-74.8273686,40.2297839],[-74.8277586,40.2282409],[-74.828078,40.2266883],[-74.8283266,40.2251282],[-74.828504,40.2235623],[-74.8286099,40.2219927],[-74.8286443,40.2204212],[-74.8286072,40.2188497],[-74.8284985,40.2172802],[-74.8283185,40.2157145],[-74.8280673,40.2141546],[-74.8277453,40.2126024],[-74.8273528,40.2110597],[-74.8268903,40.2095285],[-74.8263585,40.2080106],[-74.8257579,40.2065078],[-74.8250893,40.205022],[-74.8243535,40.203555],[-74.8235514,40.2021086],[-74.822684,40.2006845],[-74.8217524,40.1992845],[-74.8207576,40.1979102],[-74.819701,40.1965635],[-74.8185837,40.1952458],[-74.8174072,40.1939587],[-74.8161729,40.192704],[-74.8148823,40.191483],[-74.8135369,40.1902973],[-74.8121385,40.1891483],[-74.8106887,40.1880375],[-74.8091892,40.1869661],[-74.807642,40.1859354],[-74.8060489,40.1849468],[-74.8044117,40.1840014],[-74.8027326,40.1831004],[-74.8010136,40.1822448],[-74.7992567,40.1814357],[-74.7974642,40.1806742],[-74.7956381,40.1799611],[-74.7937807,40.1792972],[-74.7918943,40.1786834],[-74.7899811,40.1781205],[-74.7880435,40.1776091],[-74.7860839,40.1771499],[-74.7841045,40.1767433],[-74.782108,40.17639],[-74.7800965,40.1760903],[-74.7780727,40.1758446],[-74.7760389,40.1756532],[-74.7739977,40.1755163],[-74.7719515,40.1754341],[-74.7699028,40.1754066],[-74.7678541,40.1754341],[-74.7658079,40.1755163],[-74.7637667,40.1756532],[-74.7617329,40.1758446],[-74.7597091,40.1760903],[-74.7576976,40.17639],[-74.7557011,40.1767433],[-74.7537217,40.1771499],[-74.7517621,40.1776091],[-74.7498245,40.1781205],[-74.7479113,40.1786834],[-74.7460249,40.1792972],[-74.7441675,40.1799611],[-74.7423414,40.1806742],[-74.7405489,40.1814357],[-74.738792,40.1822448],[-74.737073,40.1831004],[-74.7353939,40.1840014],[-74.7337567,40.1849468],[-74.7321636,40.1859354],[-74.7306164,40.1869661],[-74.7291169,40.1880375],[-74.7276671,40.1891483],[-74.7262687,40.1902973],[-74.7249233,40.191483],[-74.7236327,40.192704],[-74.7223984,40.1939587],[-74.7212219,40.1952458],[-74.7201046,40.1965635],[-74.719048,40.1979102],[-74.7180532,40.1992845],[-74.7171216,40.2006845],[-74.7162542,40.2021086],[-74.7154521,40.203555],[-74.7147163,40.205022],[-74.7140477,40.2065078],[-74.7134471,40.2080106],[-74.7129153,40.2095285],[-74.7124528,40.2110597],[-74.7120603,40.2126024],[-74.7117383,40.2141546],[-74.7114871,40.2157145],[-74.7113071,40.2172802],[-74.7111984,40.2188497],[-74.7111613,40.2204212],[-74.7111957,40.2219927],[-74.7113016,40.2235623],[-74.711479,40.2251282],[-74.7117276,40.2266883],[-74.712047,40.2282409],[-74.712437,40.2297839],[-74.712897,40.2313156],[-74.7134265,40.2328341],[-74.7140248,40.2343374],[-74.7146913,40.2358238],[-74.7154251,40.2372915],[-74.7162253,40.2387387],[-74.7170909,40.2401636],[-74.718021,40.2415644],[-74.7190143,40.2429395],[-74.7200697,40.2442872],[-74.7211858,40.2456058],[-74.7223614,40.2468938],[-74.723595,40.2481496],[-74.724885,40.2493715],[-74.72623,40.2505583],[-74.7276282,40.2517083],[-74.7290781,40.2528202],[-74.7305777,40.2538926],[-74.7321253,40.2549243],[-74.733719,40.2559139],[-74.7353569,40.2568603],[-74.7370369,40.2577623],[-74.738757,40.2586188],[-74.7405152,40.2594287],[-74.7423092,40.2601912],[-74.7441369,40.2609051],[-74.745996,40.2615698],[-74.7478843,40.2621843],[-74.7497995,40.2627479],[-74.7517392,40.2632599],[-74.7537011,40.2637197],[-74.7556828,40.2641268],[-74.7576818,40.2644806],[-74.7596958,40.2647807],[-74.7617222,40.2650267],[-74.7637586,40.2652184],[-74.7658025,40.2653554],[-74.7678514,40.2654378],[-74.7699028,40.2654652]]]}},{"type":"Feature","properties":{"id":"US-NM","subdivision":"New Mexico"},"geometry":{"type":"Point","coordinates":[-105.9396583,35.6822806]}},{"type":"Feature","properties":{"id":"US-NM","radiusMeters":5000},"geometry":{"type":"Polygon","coordinates":[[[-105.9396583,35.7273445],[-105.941587,35.727317],[-105.9435134,35.7272347],[-105.9454351,35.7270975],[-105.9473497,35.7269057],[-105.9492549,35.7266595],[-105.9511484,35.7263592],[-105.9530279,35.7260052],[-105.9548911,35.7255979],[-105.9567357,35.7251377],[-105.9585594,35.7246253],[-105.9603601,35.7240614],[-105.9621355,35.7234464],[-105.9638835,35.7227814],[-105.965602,35.7220669],[-105.9672888,35.7213039],[-105.9689418,35.7204934],[-105.9705592,35.7196363],[-105.9721388,35.7187337],[-105.9736788,35.7177867],[-105.9751773,35.7167963],[-105.9766325,35.715764],[-105.9780426,35.7146908],[-105.9794058,35.7135781],[-105.9807206,35.7124273],[-105.9819853,35.7112397],[-105.9831984,35.7100169],[-105.9843583,35.7087602],[-105.9854638,35.7074713],[-105.9865133,35.7061518],[-105.9875058,35.7048031],[-105.9884399,35.703427],[-105.9893145,35.7020251],[-105.9901286,35.7005992],[-105.9908812,35.699151],[-105.9915713,35.6976822],[-105.9921981,35.6961947],[-105.9927609,35.6946902],[-105.9932589,35.6931706],[-105.9936916,35.6916378],[-105.9940585,35.6900936],[-105.994359,35.6885399],[-105.9945929,35.6869785],[-105.9947599,35.6854115],[-105.9948597,35.6838407],[-105.9948923,35.6822679],[-105.9948576,35.6806952],[-105.9947556,35.6791245],[-105.9945865,35.6775576],[-105.9943505,35.6759965],[-105.9940479,35.674443],[-105.993679,35.6728991],[-105.9932443,35.6713667],[-105.9927444,35.6698475],[-105.9921798,35.6683436],[-105.9915513,35.6668566],[-105.9908596,35.6653884],[-105.9901055,35.6639408],[-105.9892901,35.6625155],[-105.9884142,35.6611144],[-105.9874789,35.659739],[-105.9864854,35.6583911],[-105.985435,35.6570723],[-105.9843288,35.6557843],[-105.9831682,35.6545285],[-105.9819547,35.6533065],[-105.9806897,35.6521198],[-105.9793748,35.6509698],[-105.9780115,35.649858],[-105.9766016,35.6487857],[-105.9751467,35.6477542],[-105.9736487,35.6467647],[-105.9721093,35.6458185],[-105.9705304,35.6449167],[-105.9689139,35.6440604],[-105.9672619,35.6432507],[-105.9655762,35.6424885],[-105.9638591,35.6417747],[-105.9621125,35.6411103],[-105.9603385,35.640496],[-105.9585395,35.6399326],[-105.9567174,35.6394208],[-105.9548746,35.6389611],[-105.9530133,35.6385542],[-105.9511358,35.6382006],[-105.9492443,35.6379006],[-105.9473411,35.6376547],[-105.9454286,35.6374631],[-105.9435091,35.6373261],[-105.9415849,35.6372438],[-105.9396583,35.6372164],[-105.9377317,35.6372438],[-105.9358075,35.6373261],[-105.933888,35.6374631],[-105.9319755,35.6376547],[-105.9300723,35.6379006],[-105.9281808,35.6382006],[-105.9263033,35.6385542],[-105.924442,35.6389611],[-105.9225992,35.6394208],[-105.9207771,35.6399326],[-105.9189781,35.640496],[-105.9172041,35.6411103],[-105.9154575,35.6417747],[-105.9137404,35.6424885],[-105.9120547,35.6432507],[-105.9104027,35.6440604],[-105.9087862,35.6449167],[-105.9072073,35.6458185],[-105.9056679,35.6467647],[-105.9041699,35.6477542],[-105.902715,35.6487857],[-105.9013051,35.649858],[-105.8999418,35.6509698],[-105.8986269,35.6521198],[-105.8973619,35.6533065],[-105.8961484,35.6545285],[-105.8949878,35.6557843],[-105.8938816,35.6570723],[-105.8928312,35.6583911],[-105.8918377,35.659739],[-105.8909024,35.6611144],[-105.8900265,35.6625155],[-105.8892111,35.6639408],[-105.888457,35.6653884],[-105.8877653,35.6668566],[-105.8871368,35.6683436],[-105.8865722,35.6698475],[-105.8860723,35.6713667],[-105.8856376,35.6728991],[-105.8852687,35.674443],[-105.8849661,35.6759965],[-105.8847301,35.6775576],[-105.884561,35.6791245],[-105.884459,35.6806952],[-105.8844243,35.6822679],[-105.8844569,35.6838407],[-105.8845567,35.6854115],[-105.8847237,35.6869785],[-105.8849576,35.6885399],[-105.8852581,35.6900936],[-105.885625,35.6916378],[-105.8860577,35.6931706],[-105.8865557,35.6946902],[-105.8871185,35.6961947],[-105.8877453,35.6976822],[-105.8884354,35.699151],[-105.889188,35.7005992],[-105.8900021,35.7020251],[-105.8908767,35.703427],[-105.8918108,35.7048031],[-105.8928033,35.7061518],[-105.8938528,35.7074713],[-105.8949583,35.7087602],[-105.8961182,35.7100169],[-105.8973313,35.7112397],[-105.898596,35.7124273],[-105.8999108,35.7135781],[-105.901274,35.7146908],[-105.9026841,35.715764],[-105.9041393,35.7167963],[-105.9056378,35.7177867],[-105.9071778,35.7187337],[-105.9087574,35.7196363],[-105.9103748,35.7204934],[-105.9120278,35.7213039],[-105.9137146,35.7220669],[-105.9154331,35.7227814],[-105.9171811,35.7234464],[-105.9189565,35.7240614],[-105.9207572,35.7246253],[-105.9225809,35.7251377],[-105.9244255,35.7255979],[-105.9262887,35.7260052],[-105.9281682,35.7263592],[-105.9300617,35.7266595],[-105.9319669,35.7269057],[-105.9338815,35.7270975],[-105.9358032,35.7272347],[-105.9377296,35.727317],[-105.9396583,35.7273445]]]}},{"type":"Feature","properties":{"id":"US-NY","subdivision":"New York"},"geometry":{"type":"Point","coordinates":[-73.7573222,42.6525528]}},{"type":"Feature","properties":{"id":"US-NY","radiusMeters":5000},"geometry":{"type":"Polygon","coordinates":[[[-73.7573222,42.6975628],[-73.7594518,42.6975354],[-73.7615788,42.6974531],[-73.7637005,42.6973161],[-73.7658145,42.6971245],[-73.7679182,42.6968785],[-73.7700089,42.6965785],[-73.7720841,42.6962249],[-73.7741412,42.695818],[-73.7761779,42.6953583],[-73.7781915,42.6948465],[-73.7801797,42.6942831],[-73.7821399,42.6936688],[-73.7840698,42.6930044],[-73.7859671,42.6922907],[-73.7878295,42.6915286],[-73.7896546,42.6907189],[-73.7914402,42.6898627],[-73.7931842,42.6889611],[-73.7948844,42.688015],[-73.7965388,42.6870258],[-73.7981453,42.6859945],[-73.799702,42.6849225],[-73.801207,42.683811],[-73.8026584,42.6826614],[-73.8040545,42.6814752],[-73.8053936,42.6802537],[-73.8066741,42.6789984],[-73.8078943,42.677711],[-73.8090529,42.6763928],[-73.8101484,42.6750457],[-73.8111794,42.6736711],[-73.8121448,42.6722708],[-73.8130433,42.6708465],[-73.8138738,42.6693999],[-73.8146354,42.6679328],[-73.8153271,42.666447],[-73.8159481,42.6649443],[-73.8164977,42.6634265],[-73.8169751,42.6618954],[-73.8173798,42.660353],[-73.8177113,42.6588011],[-73.8179692,42.6572416],[-73.8181531,42.6556764],[-73.818263,42.6541074],[-73.8182986,42.6525366],[-73.8182599,42.6509658],[-73.818147,42.6493969],[-73.81796,42.6478319],[-73.8176991,42.6462727],[-73.8173647,42.6447211],[-73.8169572,42.6431791],[-73.816477,42.6416486],[-73.8159248,42.6401313],[-73.8153013,42.6386292],[-73.8146072,42.6371441],[-73.8138433,42.6356777],[-73.8130106,42.6342319],[-73.8121101,42.6328085],[-73.811143,42.6314091],[-73.8101103,42.6300355],[-73.8090134,42.6286893],[-73.8078536,42.6273722],[-73.8066323,42.6260858],[-73.805351,42.6248316],[-73.8040112,42.6236112],[-73.8026147,42.6224261],[-73.801163,42.6212776],[-73.799658,42.6201673],[-73.7981015,42.6190964],[-73.7964955,42.6180662],[-73.7948417,42.617078],[-73.7931423,42.6161331],[-73.7913994,42.6152325],[-73.789615,42.6143773],[-73.7877914,42.6135687],[-73.7859307,42.6128075],[-73.7840352,42.6120947],[-73.7821072,42.6114311],[-73.7801491,42.6108177],[-73.7781632,42.610255],[-73.776152,42.6097439],[-73.7741179,42.6092848],[-73.7720634,42.6088785],[-73.769991,42.6085253],[-73.7679031,42.6082258],[-73.7658024,42.6079802],[-73.7636914,42.6077888],[-73.7615726,42.607652],[-73.7594487,42.6075698],[-73.7573222,42.6075424],[-73.7551957,42.6075698],[-73.7530718,42.607652],[-73.750953,42.6077888],[-73.748842,42.6079802],[-73.7467413,42.6082258],[-73.7446534,42.6085253],[-73.742581,42.6088785],[-73.7405265,42.6092848],[-73.7384924,42.6097439],[-73.7364812,42.610255],[-73.7344953,42.6108177],[-73.7325372,42.6114311],[-73.7306092,42.6120947],[-73.7287137,42.6128075],[-73.726853,42.6135687],[-73.7250294,42.6143773],[-73.723245,42.6152325],[-73.7215021,42.6161331],[-73.7198027,42.617078],[-73.7181489,42.6180662],[-73.7165429,42.6190964],[-73.7149864,42.6201673],[-73.7134814,42.6212776],[-73.7120297,42.6224261],[-73.7106332,42.6236112],[-73.7092934,42.6248316],[-73.7080121,42.6260858],[-73.7067908,42.6273722],[-73.705631,42.6286893],[-73.7045341,42.6300355],[-73.7035014,42.6314091],[-73.7025343,42.6328085],[-73.7016338,42.6342319],[-73.7008011,42.6356777],[-73.7000372,42.6371441],[-73.6993431,42.6386292],[-73.6987196,42.6401313],[-73.6981674,42.6416486],[-73.6976872,42.6431791],[-73.6972797,42.6447211],[-73.6969453,42.6462727],[-73.6966844,42.6478319],[-73.6964974,42.6493969],[-73.6963845,42.6509658],[-73.6963458,42.6525366],[-73.6963814,42.6541074],[-73.6964913,42.6556764],[-73.6966752,42.6572416],[-73.6969331,42.6588011],[-73.6972646,42.660353],[-73.6976693,42.6618954],[-73.6981467,42.6634265],[-73.6986963,42.6649443],[-73.6993173,42.666447],[-73.700009,42.6679328],[-73.7007706,42.6693999],[-73.7016011,42.6708465],[-73.7024996,42.6722708],[-73.703465,42.6736711],[-73.704496,42.6750457],[-73.7055915,42.6763928],[-73.7067501,42.677711],[-73.7079703,42.6789984],[-73.7092508,42.6802537],[-73.7105899,42.6814752],[-73.711986,42.6826614],[-73.7134374,42.683811],[-73.7149424,42.6849225],[-73.7164991,42.6859945],[-73.7181056,42.6870258],[-73.71976,42.688015],[-73.7214602,42.6889611],[-73.7232042,42.6898627],[-73.7249898,42.6907189],[-73.7268149,42.6915286],[-73.7286773,42.6922907],[-73.7305746,42.6930044],[-73.7325045,42.6936688],[-73.7344647,42.6942831],[-73.7364529,42.6948465],[-73.7384665,42.6953583],[-73.7405032,42.695818],[-73.7425603,42.6962249],[-73.7446355,42.6965785],[-73.7467262,42.6968785],[-73.7488299,42.6971245],[-73.7509439,42.6973161],[-73.7530656,42.6974531],[-73.7551926,42.6975354],[-73.7573222,42.6975628]]]}},{"type":"Feature","properties":{"id":"US-NC","subdivision":"North Carolina"},"geometry":{"type":"Point","coordinates":[-78.63917,35.78028]}},{"type":"Feature","properties":{"id":"US-NC","radiusMeters":5000},"geometry":{"type":"Polygon","coordinates":[[[-78.63917,35.8253432],[-78.6411011,35.8253157],[-78.6430298,35.8252333],[-78.6449538,35.8250962],[-78.6468708,35.8249044],[-78.6487784,35.8246582],[-78.6506742,35.8243579],[-78.652556,35.8240039],[-78.6544215,35.8235965],[-78.6562683,35.8231364],[-78.6580943,35.8226241],[-78.6598972,35.8220601],[-78.6616748,35.8214452],[-78.663425,35.8207801],[-78.6651455,35.8200656],[-78.6668344,35.8193027],[-78.6684895,35.8184922],[-78.6701088,35.8176351],[-78.6716904,35.8167325],[-78.6732323,35.8157855],[-78.6747326,35.8147952],[-78.6761896,35.8137628],[-78.6776014,35.8126896],[-78.6789663,35.811577],[-78.6802827,35.8104262],[-78.6815489,35.8092386],[-78.6827635,35.8080158],[-78.6839249,35.8067592],[-78.6850317,35.8054703],[-78.6860825,35.8041507],[-78.6870762,35.8028021],[-78.6880114,35.801426],[-78.6888871,35.8000242],[-78.6897022,35.7985983],[-78.6904557,35.7971501],[-78.6911466,35.7956813],[-78.6917742,35.7941938],[-78.6923377,35.7926894],[-78.6928363,35.7911698],[-78.6932696,35.789637],[-78.6936369,35.7880928],[-78.6939378,35.7865391],[-78.694172,35.7849778],[-78.6943392,35.7834108],[-78.6944391,35.78184],[-78.6944717,35.7802673],[-78.6944369,35.7786946],[-78.6943348,35.7771239],[-78.6941655,35.775557],[-78.6939292,35.7739959],[-78.6936262,35.7724425],[-78.6932569,35.7708986],[-78.6928217,35.7693662],[-78.6923211,35.7678471],[-78.6917559,35.7663431],[-78.6911266,35.7648562],[-78.690434,35.763388],[-78.689679,35.7619405],[-78.6888625,35.7605152],[-78.6879856,35.7591141],[-78.6870492,35.7577388],[-78.6860545,35.7563909],[-78.6850027,35.7550721],[-78.6838952,35.7537841],[-78.6827332,35.7525283],[-78.6815182,35.7513063],[-78.6802517,35.7501196],[-78.6789351,35.7489697],[-78.6775702,35.7478579],[-78.6761586,35.7467856],[-78.6747019,35.7457541],[-78.673202,35.7447647],[-78.6716607,35.7438185],[-78.6700799,35.7429167],[-78.6684614,35.7420604],[-78.6668073,35.7412507],[-78.6651196,35.7404885],[-78.6634004,35.7397748],[-78.6616516,35.7391103],[-78.6598756,35.7384961],[-78.6580743,35.7379327],[-78.65625,35.7374208],[-78.654405,35.7369612],[-78.6525414,35.7365543],[-78.6506615,35.7362007],[-78.6487677,35.7359007],[-78.6468622,35.7356548],[-78.6449474,35.7354632],[-78.6430255,35.7353262],[-78.6410989,35.7352439],[-78.63917,35.7352165],[-78.6372411,35.7352439],[-78.6353145,35.7353262],[-78.6333926,35.7354632],[-78.6314778,35.7356548],[-78.6295723,35.7359007],[-78.6276785,35.7362007],[-78.6257986,35.7365543],[-78.623935,35.7369612],[-78.62209,35.7374208],[-78.6202657,35.7379327],[-78.6184644,35.7384961],[-78.6166884,35.7391103],[-78.6149396,35.7397748],[-78.6132204,35.7404885],[-78.6115327,35.7412507],[-78.6098786,35.7420604],[-78.6082601,35.7429167],[-78.6066793,35.7438185],[-78.605138,35.7447647],[-78.6036381,35.7457541],[-78.6021814,35.7467856],[-78.6007698,35.7478579],[-78.5994049,35.7489697],[-78.5980883,35.7501196],[-78.5968218,35.7513063],[-78.5956068,35.7525283],[-78.5944448,35.7537841],[-78.5933373,35.7550721],[-78.5922855,35.7563909],[-78.5912908,35.7577388],[-78.5903544,35.7591141],[-78.5894775,35.7605152],[-78.588661,35.7619405],[-78.587906,35.763388],[-78.5872134,35.7648562],[-78.5865841,35.7663431],[-78.5860189,35.7678471],[-78.5855183,35.7693662],[-78.5850831,35.7708986],[-78.5847138,35.7724425],[-78.5844108,35.7739959],[-78.5841745,35.775557],[-78.5840052,35.7771239],[-78.5839031,35.7786946],[-78.5838683,35.7802673],[-78.5839009,35.78184],[-78.5840008,35.7834108],[-78.584168,35.7849778],[-78.5844022,35.7865391],[-78.5847031,35.7880928],[-78.5850704,35.789637],[-78.5855037,35.7911698],[-78.5860023,35.7926894],[-78.5865658,35.7941938],[-78.5871934,35.7956813],[-78.5878843,35.7971501],[-78.5886378,35.7985983],[-78.5894529,35.8000242],[-78.5903286,35.801426],[-78.5912638,35.8028021],[-78.5922575,35.8041507],[-78.5933083,35.8054703],[-78.5944151,35.8067592],[-78.5955765,35.8080158],[-78.5967911,35.8092386],[-78.5980573,35.8104262],[-78.5993737,35.811577],[-78.6007386,35.8126896],[-78.6021504,35.8137628],[-78.6036074,35.8147952],[-78.6051077,35.8157855],[-78.6066496,35.8167325],[-78.6082312,35.8176351],[-78.6098505,35.8184922],[-78.6115056,35.8193027],[-78.6131945,35.8200656],[-78.614915,35.8207801],[-78.6166652,35.8214452],[-78.6184428,35.8220601],[-78.6202457,35.8226241],[-78.6220717,35.8231364],[-78.6239185,35.8235965],[-78.625784,35.8240039],[-78.6276658,35.8243579],[-78.6295616,35.8246582],[-78.6314692,35.8249044],[-78.6333862,35.8250962],[-78.6353102,35.8252333],[-78.6372389,35.8253157],[-78.63917,35.8253432]]]}},{"type":"Feature","properties":{"id":"US-ND","subdivision":"North Dakota"},"geometry":{"type":"Point","coordinates":[-100.7827417,46.8208139]}},{"type":"Feature","properties":{"id":"US-ND","radiusMeters":5000},"geometry":{"type":"Polygon","coordinates":[[[-100.7827417,46.865791],[-100.7850303,46.8657635],[-100.7873161,46.8656813],[-100.7895963,46.8655444],[-100.7918682,46.8653529],[-100.7941289,46.8651071],[-100.7963757,46.8648073],[-100.7986058,46.8644539],[-100.8008166,46.8640472],[-100.8030053,46.8635878],[-100.8051692,46.8630763],[-100.8073058,46.8625133],[-100.8094123,46.8618994],[-100.8114863,46.8612354],[-100.8135252,46.8605222],[-100.8155265,46.8597605],[-100.8174878,46.8589514],[-100.8194067,46.8580957],[-100.8212807,46.8571946],[-100.8231078,46.8562492],[-100.8248855,46.8552606],[-100.8266119,46.85423],[-100.8282846,46.8531587],[-100.8299018,46.8520479],[-100.8314614,46.8508991],[-100.8329616,46.8497136],[-100.8344005,46.8484929],[-100.8357763,46.8472385],[-100.8370875,46.8459519],[-100.8383323,46.8446347],[-100.8395093,46.8432884],[-100.8406171,46.8419148],[-100.8416543,46.8405154],[-100.8426196,46.8390921],[-100.8435119,46.8376465],[-100.8443301,46.8361804],[-100.8450732,46.8346956],[-100.8457402,46.833194],[-100.8463305,46.8316772],[-100.8468433,46.8301472],[-100.8472779,46.8286059],[-100.8476339,46.8270551],[-100.8479107,46.8254967],[-100.8481082,46.8239327],[-100.848226,46.8223649],[-100.848264,46.8207951],[-100.8482222,46.8192255],[-100.8481006,46.8176578],[-100.8478994,46.8160939],[-100.8476188,46.8145359],[-100.8472592,46.8129855],[-100.8468211,46.8114447],[-100.8463049,46.8099153],[-100.8457113,46.8083992],[-100.845041,46.8068982],[-100.844295,46.8054142],[-100.8434739,46.803949],[-100.842579,46.8025043],[-100.8416112,46.801082],[-100.8405718,46.7996837],[-100.839462,46.7983112],[-100.8382832,46.7969661],[-100.8370368,46.79565],[-100.8357244,46.7943646],[-100.8343475,46.7931114],[-100.8329078,46.791892],[-100.8314071,46.7907078],[-100.8298472,46.7895603],[-100.82823,46.7884508],[-100.8265575,46.7873808],[-100.8248317,46.7863515],[-100.8230548,46.7853641],[-100.8212288,46.78442],[-100.819356,46.7835201],[-100.8174387,46.7826657],[-100.8154792,46.7818577],[-100.8134799,46.7810971],[-100.8114433,46.7803849],[-100.8093717,46.7797219],[-100.8072678,46.779109],[-100.8051341,46.7785468],[-100.8029732,46.7780361],[-100.8007876,46.7775774],[-100.7985802,46.7771714],[-100.7963535,46.7768185],[-100.7941102,46.7765192],[-100.7918531,46.7762738],[-100.789585,46.7760827],[-100.7873085,46.775946],[-100.7850265,46.7758639],[-100.7827417,46.7758365],[-100.7804569,46.7758639],[-100.7781749,46.775946],[-100.7758984,46.7760827],[-100.7736303,46.7762738],[-100.7713732,46.7765192],[-100.7691299,46.7768185],[-100.7669032,46.7771714],[-100.7646958,46.7775774],[-100.7625102,46.7780361],[-100.7603493,46.7785468],[-100.7582156,46.779109],[-100.7561117,46.7797219],[-100.7540401,46.7803849],[-100.7520035,46.7810971],[-100.7500042,46.7818577],[-100.7480447,46.7826657],[-100.7461274,46.7835201],[-100.7442546,46.78442],[-100.7424286,46.7853641],[-100.7406517,46.7863515],[-100.7389259,46.7873808],[-100.7372534,46.7884508],[-100.7356362,46.7895603],[-100.7340763,46.7907078],[-100.7325756,46.791892],[-100.7311359,46.7931114],[-100.729759,46.7943646],[-100.7284466,46.79565],[-100.7272002,46.7969661],[-100.7260214,46.7983112],[-100.7249116,46.7996837],[-100.7238722,46.801082],[-100.7229044,46.8025043],[-100.7220095,46.803949],[-100.7211884,46.8054142],[-100.7204424,46.8068982],[-100.7197721,46.8083992],[-100.7191785,46.8099153],[-100.7186623,46.8114447],[-100.7182242,46.8129855],[-100.7178646,46.8145359],[-100.717584,46.8160939],[-100.7173828,46.8176578],[-100.7172612,46.8192255],[-100.7172194,46.8207951],[-100.7172574,46.8223649],[-100.7173752,46.8239327],[-100.7175727,46.8254967],[-100.7178495,46.8270551],[-100.7182055,46.8286059],[-100.7186401,46.8301472],[-100.7191529,46.8316772],[-100.7197432,46.833194],[-100.7204102,46.8346956],[-100.7211533,46.8361804],[-100.7219715,46.8376465],[-100.7228638,46.8390921],[-100.7238291,46.8405154],[-100.7248663,46.8419148],[-100.7259741,46.8432884],[-100.7271511,46.8446347],[-100.7283959,46.8459519],[-100.7297071,46.8472385],[-100.7310829,46.8484929],[-100.7325218,46.8497136],[-100.734022,46.8508991],[-100.7355816,46.8520479],[-100.7371988,46.8531587],[-100.7388715,46.85423],[-100.7405979,46.8552606],[-100.7423756,46.8562492],[-100.7442027,46.8571946],[-100.7460767,46.8580957],[-100.7479956,46.8589514],[-100.7499569,46.8597605],[-100.7519582,46.8605222],[-100.7539971,46.8612354],[-100.7560711,46.8618994],[-100.7581776,46.8625133],[-100.7603142,46.8630763],[-100.7624781,46.8635878],[-100.7646668,46.8640472],[-100.7668776,46.8644539],[-100.7691077,46.8648073],[-100.7713545,46.8651071],[-100.7736152,46.8653529],[-100.7758871,46.8655444],[-100.7781673,46.8656813],[-100.7804531,46.8657635],[-100.7827417,46.865791]]]}},{"type":"Feature","properties":{"id":"US-OH","subdivision":"Ohio"},"geometry":{"type":"Point","coordinates":[-82.99889,39.96139]}},{"type":"Feature","properties":{"id":"US-OH","radiusMeters":5000},"geometry":{"type":"Polygon","coordinates":[[[-82.99889,40.0064211],[-83.0009336,40.0063937],[-83.0029748,40.0063114],[-83.0050109,40.0061743],[-83.0070396,40.0059826],[-83.0090583,40.0057366],[-83.0110647,40.0054364],[-83.0130561,40.0050826],[-83.0150303,40.0046756],[-83.0169847,40.0042157],[-83.0189171,40.0037037],[-83.0208251,40.0031401],[-83.0227062,40.0025255],[-83.0245583,40.0018609],[-83.0263791,40.0011469],[-83.0281663,40.0003844],[-83.0299178,39.9995744],[-83.0316314,39.9987179],[-83.033305,39.9978159],[-83.0349367,39.9968694],[-83.0365244,39.9958798],[-83.0380661,39.9948481],[-83.0395601,39.9937756],[-83.0410044,39.9926636],[-83.0423974,39.9915136],[-83.0437373,39.9903268],[-83.0450224,39.9891048],[-83.0462513,39.987849],[-83.0474225,39.986561],[-83.0485344,39.9852423],[-83.0495858,39.9838945],[-83.0505754,39.9825194],[-83.0515019,39.9811185],[-83.0523643,39.9796935],[-83.0531615,39.9782463],[-83.0538925,39.9767785],[-83.0545564,39.9752921],[-83.0551525,39.9737886],[-83.05568,39.9722701],[-83.0561383,39.9707384],[-83.0565268,39.9691953],[-83.0568451,39.9676427],[-83.0570927,39.9660824],[-83.0572694,39.9645165],[-83.057375,39.9629468],[-83.0574093,39.9613752],[-83.0573723,39.9598037],[-83.057264,39.9582341],[-83.0570847,39.9566683],[-83.0568345,39.9551084],[-83.0565137,39.9535561],[-83.0561227,39.9520133],[-83.055662,39.950482],[-83.0551322,39.948964],[-83.0545339,39.9474612],[-83.0538678,39.9459753],[-83.0531348,39.9445083],[-83.0523358,39.9430618],[-83.0514717,39.9416376],[-83.0505435,39.9402375],[-83.0495526,39.9388632],[-83.0484999,39.9375164],[-83.0473869,39.9361986],[-83.0462148,39.9349115],[-83.0449852,39.9336567],[-83.0436995,39.9324357],[-83.0423592,39.93125],[-83.0409661,39.9301009],[-83.0395217,39.92899],[-83.038028,39.9279185],[-83.0364866,39.9268878],[-83.0348995,39.9258992],[-83.0332685,39.9249537],[-83.0315958,39.9240526],[-83.0298833,39.923197],[-83.028133,39.9223879],[-83.0263472,39.9216263],[-83.024528,39.9209132],[-83.0226777,39.9202493],[-83.0207984,39.9196355],[-83.0188924,39.9190725],[-83.0169622,39.9185611],[-83.0150099,39.9181019],[-83.0130381,39.9176953],[-83.011049,39.9173419],[-83.0090452,39.9170422],[-83.007029,39.9167965],[-83.0050029,39.9166051],[-83.0029694,39.9164682],[-83.000931,39.9163859],[-82.99889,39.9163585],[-82.996849,39.9163859],[-82.9948106,39.9164682],[-82.9927771,39.9166051],[-82.990751,39.9167965],[-82.9887348,39.9170422],[-82.986731,39.9173419],[-82.9847419,39.9176953],[-82.9827701,39.9181019],[-82.9808178,39.9185611],[-82.9788876,39.9190725],[-82.9769816,39.9196355],[-82.9751023,39.9202493],[-82.973252,39.9209132],[-82.9714328,39.9216263],[-82.969647,39.9223879],[-82.9678967,39.923197],[-82.9661842,39.9240526],[-82.9645115,39.9249537],[-82.9628805,39.9258992],[-82.9612934,39.9268878],[-82.959752,39.9279185],[-82.9582583,39.92899],[-82.9568139,39.9301009],[-82.9554208,39.93125],[-82.9540805,39.9324357],[-82.9527948,39.9336567],[-82.9515652,39.9349115],[-82.9503931,39.9361986],[-82.9492801,39.9375164],[-82.9482274,39.9388632],[-82.9472365,39.9402375],[-82.9463083,39.9416376],[-82.9454442,39.9430618],[-82.9446452,39.9445083],[-82.9439122,39.9459753],[-82.9432461,39.9474612],[-82.9426478,39.948964],[-82.942118,39.950482],[-82.9416573,39.9520133],[-82.9412663,39.9535561],[-82.9409455,39.9551084],[-82.9406953,39.9566683],[-82.940516,39.9582341],[-82.9404077,39.9598037],[-82.9403707,39.9613752],[-82.940405,39.9629468],[-82.9405106,39.9645165],[-82.9406873,39.9660824],[-82.9409349,39.9676427],[-82.9412532,39.9691953],[-82.9416417,39.9707384],[-82.9421,39.9722701],[-82.9426275,39.9737886],[-82.9432236,39.9752921],[-82.9438875,39.9767785],[-82.9446185,39.9782463],[-82.9454157,39.9796935],[-82.9462781,39.9811185],[-82.9472046,39.9825194],[-82.9481942,39.9838945],[-82.9492456,39.9852423],[-82.9503575,39.986561],[-82.9515287,39.987849],[-82.9527576,39.9891048],[-82.9540427,39.9903268],[-82.9553826,39.9915136],[-82.9567756,39.9926636],[-82.9582199,39.9937756],[-82.9597139,39.9948481],[-82.9612556,39.9958798],[-82.9628433,39.9968694],[-82.964475,39.9978159],[-82.9661486,39.9987179],[-82.9678622,39.9995744],[-82.9696137,40.0003844],[-82.9714009,40.0011469],[-82.9732217,40.0018609],[-82.9750738,40.0025255],[-82.9769549,40.0031401],[-82.9788629,40.0037037],[-82.9807953,40.0042157],[-82.9827497,40.0046756],[-82.9847239,40.0050826],[-82.9867153,40.0054364],[-82.9887217,40.0057366],[-82.9907404,40.0059826],[-82.9927691,40.0061743],[-82.9948052,40.0063114],[-82.9968464,40.0063937],[-82.99889,40.0064211]]]}},{"type":"Feature","properties":{"id":"US-OK","subdivision":"Oklahoma"},"geometry":{"type":"Point","coordinates":[-97.5033722,35.4922806]}},{"type":"Feature","properties":{"id":"US-OK","radiusMeters":5000},"geometry":{"type":"Polygon","coordinates":[[[-97.5033722,35.5373459],[-97.5052964,35.5373185],[-97.5072182,35.5372361],[-97.5091353,35.5370989],[-97.5110454,35.5369071],[-97.5129461,35.5366609],[-97.5148352,35.5363606],[-97.5167102,35.5360066],[-97.518569,35.5355992],[-97.5204092,35.5351391],[-97.5222287,35.5346267],[-97.5240251,35.5340627],[-97.5257963,35.5334478],[-97.5275402,35.5327826],[-97.5292546,35.5320682],[-97.5309374,35.5313052],[-97.5325865,35.5304947],[-97.5342001,35.5296375],[-97.535776,35.5287349],[-97.5373123,35.5277878],[-97.5388073,35.5267975],[-97.5402591,35.5257651],[-97.5416658,35.5246918],[-97.5430258,35.5235791],[-97.5443375,35.5224283],[-97.5455992,35.5212407],[-97.5468094,35.5200178],[-97.5479666,35.5187611],[-97.5490695,35.5174722],[-97.5501166,35.5161526],[-97.5511067,35.5148039],[-97.5520386,35.5134277],[-97.5529112,35.5120258],[-97.5537233,35.5105999],[-97.5544741,35.5091516],[-97.5551626,35.5076828],[-97.5557879,35.5061952],[-97.5563494,35.5046907],[-97.5568463,35.5031711],[-97.557278,35.5016382],[-97.557644,35.5000939],[-97.5579438,35.4985402],[-97.5581772,35.4969788],[-97.5583438,35.4954117],[-97.5584434,35.4938408],[-97.5584759,35.492268],[-97.5584412,35.4906953],[-97.5583395,35.4891245],[-97.5581708,35.4875575],[-97.5579354,35.4859964],[-97.5576334,35.4844429],[-97.5572655,35.4828989],[-97.5568318,35.4813664],[-97.5563331,35.4798472],[-97.5557699,35.4783432],[-97.5551428,35.4768562],[-97.5544527,35.4753879],[-97.5537005,35.4739403],[-97.5528869,35.472515],[-97.5520131,35.4711138],[-97.5510801,35.4697384],[-97.5500889,35.4683904],[-97.5490409,35.4670716],[-97.5479374,35.4657835],[-97.5467796,35.4645276],[-97.5455689,35.4633056],[-97.5443069,35.4621189],[-97.5429951,35.4609689],[-97.5416351,35.459857],[-97.5402285,35.4587847],[-97.538777,35.4577531],[-97.5372825,35.4567636],[-97.5357467,35.4558174],[-97.5341715,35.4549156],[-97.5325589,35.4540592],[-97.5309107,35.4532495],[-97.5292291,35.4524872],[-97.5275159,35.4517734],[-97.5257735,35.451109],[-97.5240037,35.4504947],[-97.5222089,35.4499313],[-97.5203911,35.4494194],[-97.5185527,35.4489597],[-97.5166958,35.4485528],[-97.5148226,35.4481992],[-97.5129356,35.4478992],[-97.5110369,35.4476533],[-97.5091289,35.4474617],[-97.5072139,35.4473246],[-97.5052942,35.4472424],[-97.5033722,35.4472149],[-97.5014502,35.4472424],[-97.4995305,35.4473246],[-97.4976155,35.4474617],[-97.4957075,35.4476533],[-97.4938088,35.4478992],[-97.4919218,35.4481992],[-97.4900486,35.4485528],[-97.4881917,35.4489597],[-97.4863533,35.4494194],[-97.4845355,35.4499313],[-97.4827407,35.4504947],[-97.4809709,35.451109],[-97.4792285,35.4517734],[-97.4775153,35.4524872],[-97.4758337,35.4532495],[-97.4741855,35.4540592],[-97.4725729,35.4549156],[-97.4709977,35.4558174],[-97.4694619,35.4567636],[-97.4679674,35.4577531],[-97.4665159,35.4587847],[-97.4651093,35.459857],[-97.4637493,35.4609689],[-97.4624375,35.4621189],[-97.4611755,35.4633056],[-97.4599648,35.4645276],[-97.458807,35.4657835],[-97.4577035,35.4670716],[-97.4566555,35.4683904],[-97.4556643,35.4697384],[-97.4547313,35.4711138],[-97.4538575,35.472515],[-97.4530439,35.4739403],[-97.4522917,35.4753879],[-97.4516016,35.4768562],[-97.4509745,35.4783432],[-97.4504113,35.4798472],[-97.4499126,35.4813664],[-97.4494789,35.4828989],[-97.449111,35.4844429],[-97.448809,35.4859964],[-97.4485736,35.4875575],[-97.4484049,35.4891245],[-97.4483032,35.4906953],[-97.4482685,35.492268],[-97.448301,35.4938408],[-97.4484006,35.4954117],[-97.4485672,35.4969788],[-97.4488006,35.4985402],[-97.4491004,35.5000939],[-97.4494664,35.5016382],[-97.4498981,35.5031711],[-97.450395,35.5046907],[-97.4509565,35.5061952],[-97.4515818,35.5076828],[-97.4522703,35.5091516],[-97.4530211,35.5105999],[-97.4538332,35.5120258],[-97.4547058,35.5134277],[-97.4556377,35.5148039],[-97.4566278,35.5161526],[-97.4576749,35.5174722],[-97.4587778,35.5187611],[-97.459935,35.5200178],[-97.4611452,35.5212407],[-97.4624069,35.5224283],[-97.4637186,35.5235791],[-97.4650786,35.5246918],[-97.4664853,35.5257651],[-97.4679371,35.5267975],[-97.4694321,35.5277878],[-97.4709684,35.5287349],[-97.4725443,35.5296375],[-97.4741579,35.5304947],[-97.475807,35.5313052],[-97.4774898,35.5320682],[-97.4792042,35.5327826],[-97.4809481,35.5334478],[-97.4827193,35.5340627],[-97.4845157,35.5346267],[-97.4863352,35.5351391],[-97.4881754,35.5355992],[-97.4900342,35.5360066],[-97.4919092,35.5363606],[-97.4937983,35.5366609],[-97.495699,35.5369071],[-97.4976091,35.5370989],[-97.4995262,35.5372361],[-97.501448,35.5373185],[-97.5033722,35.5373459]]]}},{"type":"Feature","properties":{"id":"US-OR","subdivision":"Oregon"},"geometry":{"type":"Point","coordinates":[-123.0300972,44.9387306]}},{"type":"Feature","properties":{"id":"US-OR","radiusMeters":5000},"geometry":{"type":"Polygon","coordinates":[[[-123.0300972,44.9837225],[-123.0323097,44.9836951],[-123.0345195,44.9836129],[-123.0367239,44.9834759],[-123.0389202,44.9832843],[-123.0411057,44.9830385],[-123.0432778,44.9827386],[-123.0454338,44.9823851],[-123.047571,44.9819783],[-123.0496869,44.9815188],[-123.0517789,44.9810071],[-123.0538445,44.9804439],[-123.055881,44.9798299],[-123.057886,44.9791657],[-123.0598572,44.9784523],[-123.0617919,44.9776904],[-123.063688,44.976881],[-123.0655431,44.9760251],[-123.0673549,44.9751238],[-123.0691213,44.9741781],[-123.07084,44.9731892],[-123.072509,44.9721583],[-123.0741262,44.9710866],[-123.0756897,44.9699756],[-123.0771975,44.9688264],[-123.0786479,44.9676406],[-123.080039,44.9664195],[-123.0813692,44.9651647],[-123.0826369,44.9638777],[-123.0838404,44.9625601],[-123.0849784,44.9612134],[-123.0860494,44.9598394],[-123.0870522,44.9584396],[-123.0879856,44.9570158],[-123.0888483,44.9555698],[-123.0896394,44.9541033],[-123.0903579,44.952618],[-123.091003,44.9511159],[-123.0915737,44.9495986],[-123.0920696,44.9480682],[-123.0924899,44.9465264],[-123.0928341,44.9449751],[-123.0931019,44.9434162],[-123.0932929,44.9418516],[-123.0934069,44.9402833],[-123.0934438,44.938713],[-123.0934035,44.9371429],[-123.093286,44.9355746],[-123.0930916,44.9340103],[-123.0928205,44.9324517],[-123.092473,44.9309008],[-123.0920495,44.9293594],[-123.0915505,44.9278295],[-123.0909768,44.9263128],[-123.0903289,44.9248114],[-123.0896076,44.9233269],[-123.088814,44.9218611],[-123.0879488,44.920416],[-123.0870133,44.9189931],[-123.0860084,44.9175944],[-123.0849356,44.9162213],[-123.0837959,44.9148757],[-123.082591,44.9135592],[-123.0813222,44.9122733],[-123.079991,44.9110197],[-123.0785992,44.9097998],[-123.0771483,44.9086152],[-123.0756402,44.9074673],[-123.0740767,44.9063574],[-123.0724598,44.905287],[-123.0707913,44.9042573],[-123.0690733,44.9032696],[-123.0673079,44.902325],[-123.0654973,44.9014248],[-123.0636436,44.9005701],[-123.0617491,44.8997618],[-123.0598161,44.8990009],[-123.0578471,44.8982884],[-123.0558442,44.8976252],[-123.0538101,44.897012],[-123.0517471,44.8964496],[-123.0496579,44.8959387],[-123.0475448,44.8954799],[-123.0454105,44.8950737],[-123.0432577,44.8947207],[-123.0410888,44.8944213],[-123.0389065,44.8941758],[-123.0367136,44.8939846],[-123.0345126,44.8938478],[-123.0323062,44.8937657],[-123.0300972,44.8937383],[-123.0278882,44.8937657],[-123.0256818,44.8938478],[-123.0234808,44.8939846],[-123.0212879,44.8941758],[-123.0191056,44.8944213],[-123.0169367,44.8947207],[-123.0147839,44.8950737],[-123.0126496,44.8954799],[-123.0105365,44.8959387],[-123.0084473,44.8964496],[-123.0063843,44.897012],[-123.0043502,44.8976252],[-123.0023473,44.8982884],[-123.0003783,44.8990009],[-122.9984453,44.8997618],[-122.9965508,44.9005701],[-122.9946971,44.9014248],[-122.9928865,44.902325],[-122.9911211,44.9032696],[-122.9894031,44.9042573],[-122.9877346,44.905287],[-122.9861177,44.9063574],[-122.9845542,44.9074673],[-122.9830461,44.9086152],[-122.9815952,44.9097998],[-122.9802034,44.9110197],[-122.9788722,44.9122733],[-122.9776034,44.9135592],[-122.9763985,44.9148757],[-122.9752588,44.9162213],[-122.974186,44.9175944],[-122.9731811,44.9189931],[-122.9722456,44.920416],[-122.9713804,44.9218611],[-122.9705868,44.9233269],[-122.9698655,44.9248114],[-122.9692176,44.9263128],[-122.9686439,44.9278295],[-122.9681449,44.9293594],[-122.9677214,44.9309008],[-122.9673739,44.9324517],[-122.9671028,44.9340103],[-122.9669084,44.9355746],[-122.9667909,44.9371429],[-122.9667506,44.938713],[-122.9667875,44.9402833],[-122.9669015,44.9418516],[-122.9670925,44.9434162],[-122.9673603,44.9449751],[-122.9677045,44.9465264],[-122.9681248,44.9480682],[-122.9686207,44.9495986],[-122.9691914,44.9511159],[-122.9698365,44.952618],[-122.970555,44.9541033],[-122.9713461,44.9555698],[-122.9722088,44.9570158],[-122.9731422,44.9584396],[-122.974145,44.9598394],[-122.975216,44.9612134],[-122.976354,44.9625601],[-122.9775575,44.9638777],[-122.9788252,44.9651647],[-122.9801554,44.9664195],[-122.9815465,44.9676406],[-122.9829969,44.9688264],[-122.9845047,44.9699756],[-122.9860682,44.9710866],[-122.9876854,44.9721583],[-122.9893544,44.9731892],[-122.9910731,44.9741781],[-122.9928395,44.9751238],[-122.9946513,44.9760251],[-122.9965064,44.976881],[-122.9984025,44.9776904],[-123.0003372,44.9784523],[-123.0023084,44.9791657],[-123.0043134,44.9798299],[-123.0063499,44.9804439],[-123.0084155,44.9810071],[-123.0105075,44.9815188],[-123.0126234,44.9819783],[-123.0147606,44.9823851],[-123.0169166,44.9827386],[-123.0190887,44.9830385],[-123.0212742,44.9832843],[-123.0234705,44.9834759],[-123.0256749,44.9836129],[-123.0278847,44.9836951],[-123.0300972,44.9837225]]]}},{"type":"Feature","properties":{"id":"US-PA","subdivision":"Pennsylvania"},"geometry":{"type":"Point","coordinates":[-76.88333,40.26444]}},{"type":"Feature","properties":{"id":"US-PA","radiusMeters":5000},"geometry":{"type":"Polygon","coordinates":[[[-76.88333,40.3094688],[-76.8853827,40.3094413],[-76.887433,40.309359],[-76.8894782,40.3092219],[-76.8915159,40.3090303],[-76.8935436,40.3087842],[-76.8955589,40.3084841],[-76.8975592,40.3081303],[-76.8995422,40.3077233],[-76.9015054,40.3072635],[-76.9034463,40.3067515],[-76.9053628,40.3061879],[-76.9072523,40.3055734],[-76.9091126,40.3049087],[-76.9109415,40.3041948],[-76.9127367,40.3034323],[-76.914496,40.3026224],[-76.9162172,40.3017659],[-76.9178983,40.3008639],[-76.9195372,40.2999175],[-76.921132,40.2989279],[-76.9226806,40.2978962],[-76.9241812,40.2968238],[-76.925632,40.2957119],[-76.9270311,40.2945619],[-76.928377,40.2933752],[-76.9296679,40.2921532],[-76.9309022,40.2908975],[-76.9320786,40.2896095],[-76.9331954,40.2882909],[-76.9342515,40.2869432],[-76.9352455,40.2855681],[-76.9361761,40.2841673],[-76.9370423,40.2827424],[-76.937843,40.2812953],[-76.9385773,40.2798276],[-76.9392442,40.2783412],[-76.9398429,40.2768378],[-76.9403727,40.2753194],[-76.940833,40.2737877],[-76.9412233,40.2722447],[-76.9415429,40.2706922],[-76.9417916,40.269132],[-76.9419691,40.2675662],[-76.9420751,40.2659966],[-76.9421096,40.2644251],[-76.9420724,40.2628536],[-76.9419637,40.2612841],[-76.9417835,40.2597184],[-76.9415322,40.2581585],[-76.9412099,40.2566063],[-76.9408172,40.2550637],[-76.9403544,40.2535325],[-76.9398222,40.2520145],[-76.9392213,40.2505118],[-76.9385522,40.249026],[-76.9378159,40.247559],[-76.9370133,40.2461126],[-76.9361454,40.2446885],[-76.9352131,40.2432885],[-76.9342177,40.2419143],[-76.9331604,40.2405675],[-76.9320424,40.2392498],[-76.9308652,40.2379628],[-76.92963,40.2367081],[-76.9283386,40.2354871],[-76.9269924,40.2343014],[-76.925593,40.2331525],[-76.9241423,40.2320416],[-76.9226419,40.2309702],[-76.9210936,40.2299396],[-76.9194994,40.228951],[-76.9178613,40.2280056],[-76.9161811,40.2271045],[-76.9144609,40.226249],[-76.9127029,40.2254399],[-76.9109092,40.2246784],[-76.9090819,40.2239653],[-76.9072233,40.2233014],[-76.9053357,40.2226877],[-76.9034213,40.2221247],[-76.9014824,40.2216134],[-76.8995215,40.2211541],[-76.8975409,40.2207476],[-76.895543,40.2203942],[-76.8935303,40.2200945],[-76.8915052,40.2198488],[-76.8894701,40.2196574],[-76.8874275,40.2195205],[-76.88538,40.2194383],[-76.88333,40.2194109],[-76.88128,40.2194383],[-76.8792325,40.2195205],[-76.8771899,40.2196574],[-76.8751548,40.2198488],[-76.8731297,40.2200945],[-76.871117,40.2203942],[-76.8691191,40.2207476],[-76.8671385,40.2211541],[-76.8651776,40.2216134],[-76.8632387,40.2221247],[-76.8613243,40.2226877],[-76.8594367,40.2233014],[-76.8575781,40.2239653],[-76.8557508,40.2246784],[-76.8539571,40.2254399],[-76.8521991,40.226249],[-76.8504789,40.2271045],[-76.8487987,40.2280056],[-76.8471606,40.228951],[-76.8455664,40.2299396],[-76.8440181,40.2309702],[-76.8425177,40.2320416],[-76.841067,40.2331525],[-76.8396676,40.2343014],[-76.8383214,40.2354871],[-76.83703,40.2367081],[-76.8357948,40.2379628],[-76.8346176,40.2392498],[-76.8334996,40.2405675],[-76.8324423,40.2419143],[-76.8314469,40.2432885],[-76.8305146,40.2446885],[-76.8296467,40.2461126],[-76.8288441,40.247559],[-76.8281078,40.249026],[-76.8274387,40.2505118],[-76.8268378,40.2520145],[-76.8263056,40.2535325],[-76.8258428,40.2550637],[-76.8254501,40.2566063],[-76.8251278,40.2581585],[-76.8248765,40.2597184],[-76.8246963,40.2612841],[-76.8245876,40.2628536],[-76.8245504,40.2644251],[-76.8245849,40.2659966],[-76.8246909,40.2675662],[-76.8248684,40.269132],[-76.8251171,40.2706922],[-76.8254367,40.2722447],[-76.825827,40.2737877],[-76.8262873,40.2753194],[-76.8268171,40.2768378],[-76.8274158,40.2783412],[-76.8280827,40.2798276],[-76.828817,40.2812953],[-76.8296177,40.2827424],[-76.8304839,40.2841673],[-76.8314145,40.2855681],[-76.8324085,40.2869432],[-76.8334646,40.2882909],[-76.8345814,40.2896095],[-76.8357578,40.2908975],[-76.8369921,40.2921532],[-76.838283,40.2933752],[-76.8396289,40.2945619],[-76.841028,40.2957119],[-76.8424788,40.2968238],[-76.8439794,40.2978962],[-76.845528,40.2989279],[-76.8471228,40.2999175],[-76.8487617,40.3008639],[-76.8504428,40.3017659],[-76.852164,40.3026224],[-76.8539233,40.3034323],[-76.8557185,40.3041948],[-76.8575474,40.3049087],[-76.8594077,40.3055734],[-76.8612972,40.3061879],[-76.8632137,40.3067515],[-76.8651546,40.3072635],[-76.8671178,40.3077233],[-76.8691008,40.3081303],[-76.8711011,40.3084841],[-76.8731164,40.3087842],[-76.8751441,40.3090303],[-76.8771818,40.3092219],[-76.879227,40.309359],[-76.8812773,40.3094413],[-76.88333,40.3094688]]]}},{"type":"Feature","properties":{"id":"US-RI","subdivision":"Rhode Island"},"geometry":{"type":"Point","coordinates":[-71.415,41.83083]}},{"type":"Feature","properties":{"id":"US-RI","radiusMeters":5000},"geometry":{"type":"Polygon","coordinates":[[[-71.415,41.8758465],[-71.4171021,41.875819],[-71.4192016,41.8757367],[-71.421296,41.8755997],[-71.4233827,41.8754081],[-71.4254592,41.8751621],[-71.4275229,41.8748621],[-71.4295713,41.8745084],[-71.4316019,41.8741014],[-71.4336122,41.8736417],[-71.4355999,41.8731298],[-71.4375623,41.8725663],[-71.4394973,41.871952],[-71.4414023,41.8712875],[-71.4432751,41.8705737],[-71.4451134,41.8698115],[-71.446915,41.8690017],[-71.4486776,41.8681454],[-71.450399,41.8672437],[-71.4520773,41.8662975],[-71.4537104,41.8653081],[-71.4552962,41.8642767],[-71.4568328,41.8632046],[-71.4583184,41.8620929],[-71.4597511,41.8609432],[-71.4611292,41.8597568],[-71.4624511,41.8585352],[-71.463715,41.8572797],[-71.4649196,41.8559921],[-71.4660632,41.8546738],[-71.4671446,41.8533265],[-71.4681624,41.8519517],[-71.4691153,41.8505512],[-71.4700023,41.8491267],[-71.4708221,41.8476799],[-71.4715739,41.8462127],[-71.4722568,41.8447266],[-71.4728698,41.8432237],[-71.4734123,41.8417057],[-71.4738836,41.8401744],[-71.4742831,41.8386318],[-71.4746104,41.8370796],[-71.474865,41.8355199],[-71.4750466,41.8339545],[-71.4751551,41.8323853],[-71.4751903,41.8308142],[-71.4751522,41.8292432],[-71.4750408,41.8276741],[-71.4748562,41.8261089],[-71.4745987,41.8245494],[-71.4742687,41.8229976],[-71.4738664,41.8214554],[-71.4733925,41.8199246],[-71.4728475,41.8184071],[-71.472232,41.8169048],[-71.4715468,41.8154195],[-71.4707928,41.8139529],[-71.4699709,41.8125069],[-71.4690821,41.8110832],[-71.4681274,41.8096836],[-71.4671081,41.8083098],[-71.4660253,41.8069634],[-71.4648805,41.8056461],[-71.4636749,41.8043595],[-71.4624102,41.8031051],[-71.4610877,41.8018845],[-71.4597092,41.8006992],[-71.4582762,41.7995506],[-71.4567906,41.79844],[-71.4552542,41.797369],[-71.4536688,41.7963386],[-71.4520364,41.7953503],[-71.4503589,41.7944052],[-71.4486385,41.7935045],[-71.4468771,41.7926492],[-71.4450769,41.7918404],[-71.4432402,41.791079],[-71.4413691,41.7903661],[-71.439466,41.7897025],[-71.4375331,41.7890889],[-71.4355728,41.7885262],[-71.4335874,41.788015],[-71.4315795,41.7875559],[-71.4295515,41.7871494],[-71.4275057,41.7867962],[-71.4254447,41.7864966],[-71.4233711,41.786251],[-71.4212872,41.7860596],[-71.4191957,41.7859227],[-71.4170991,41.7858406],[-71.415,41.7858132],[-71.4129009,41.7858406],[-71.4108043,41.7859227],[-71.4087128,41.7860596],[-71.4066289,41.786251],[-71.4045553,41.7864966],[-71.4024943,41.7867962],[-71.4004485,41.7871494],[-71.3984205,41.7875559],[-71.3964126,41.788015],[-71.3944272,41.7885262],[-71.3924669,41.7890889],[-71.390534,41.7897025],[-71.3886309,41.7903661],[-71.3867598,41.791079],[-71.3849231,41.7918404],[-71.3831229,41.7926492],[-71.3813615,41.7935045],[-71.3796411,41.7944052],[-71.3779636,41.7953503],[-71.3763312,41.7963386],[-71.3747458,41.797369],[-71.3732094,41.79844],[-71.3717238,41.7995506],[-71.3702908,41.8006992],[-71.3689123,41.8018845],[-71.3675898,41.8031051],[-71.3663251,41.8043595],[-71.3651195,41.8056461],[-71.3639747,41.8069634],[-71.3628919,41.8083098],[-71.3618726,41.8096836],[-71.3609179,41.8110832],[-71.3600291,41.8125069],[-71.3592072,41.8139529],[-71.3584532,41.8154195],[-71.357768,41.8169048],[-71.3571525,41.8184071],[-71.3566075,41.8199246],[-71.3561336,41.8214554],[-71.3557313,41.8229976],[-71.3554013,41.8245494],[-71.3551438,41.8261089],[-71.3549592,41.8276741],[-71.3548478,41.8292432],[-71.3548097,41.8308142],[-71.3548449,41.8323853],[-71.3549534,41.8339545],[-71.355135,41.8355199],[-71.3553896,41.8370796],[-71.3557169,41.8386318],[-71.3561164,41.8401744],[-71.3565877,41.8417057],[-71.3571302,41.8432237],[-71.3577432,41.8447266],[-71.3584261,41.8462127],[-71.3591779,41.8476799],[-71.3599977,41.8491267],[-71.3608847,41.8505512],[-71.3618376,41.8519517],[-71.3628554,41.8533265],[-71.3639368,41.8546738],[-71.3650804,41.8559921],[-71.366285,41.8572797],[-71.3675489,41.8585352],[-71.3688708,41.8597568],[-71.3702489,41.8609432],[-71.3716816,41.8620929],[-71.3731672,41.8632046],[-71.3747038,41.8642767],[-71.3762896,41.8653081],[-71.3779227,41.8662975],[-71.379601,41.8672437],[-71.3813224,41.8681454],[-71.383085,41.8690017],[-71.3848866,41.8698115],[-71.3867249,41.8705737],[-71.3885977,41.8712875],[-71.3905027,41.871952],[-71.3924377,41.8725663],[-71.3944001,41.8731298],[-71.3963878,41.8736417],[-71.3983981,41.8741014],[-71.4004287,41.8745084],[-71.4024771,41.8748621],[-71.4045408,41.8751621],[-71.4066173,41.8754081],[-71.408704,41.8755997],[-71.4107984,41.8757367],[-71.4128979,41.875819],[-71.415,41.8758465]]]}},{"type":"Feature","properties":{"id":"US-SC","subdivision":"South Carolina"},"geometry":{"type":"Point","coordinates":[-81.0331472,34.0004333]}},{"type":"Feature","properties":{"id":"US-SC","radiusMeters":5000},"geometry":{"type":"Polygon","coordinates":[[[-81.0331472,34.0455097],[-81.035037,34.0454822],[-81.0369245,34.0453998],[-81.0388074,34.0452626],[-81.0406834,34.0450708],[-81.0425502,34.0448245],[-81.0444056,34.0445242],[-81.0462472,34.04417],[-81.0480728,34.0437626],[-81.0498801,34.0433024],[-81.0516671,34.0427899],[-81.0534315,34.0422257],[-81.0551711,34.0416107],[-81.0568839,34.0409454],[-81.0585677,34.0402308],[-81.0602205,34.0394676],[-81.0618402,34.0386569],[-81.063425,34.0377996],[-81.0649728,34.0368968],[-81.0664817,34.0359495],[-81.0679501,34.0349589],[-81.0693759,34.0339263],[-81.0707576,34.0328528],[-81.0720934,34.0317399],[-81.0733817,34.0305888],[-81.0746209,34.0294009],[-81.0758096,34.0281777],[-81.0769462,34.0269208],[-81.0780294,34.0256316],[-81.0790579,34.0243116],[-81.0800304,34.0229626],[-81.0809457,34.0215861],[-81.0818028,34.0201839],[-81.0826005,34.0187576],[-81.0833379,34.017309],[-81.0840142,34.0158399],[-81.0846284,34.0143519],[-81.0851799,34.0128471],[-81.085668,34.0113271],[-81.0860921,34.0097938],[-81.0864516,34.0082492],[-81.0867462,34.0066951],[-81.0869754,34.0051333],[-81.0871391,34.0035658],[-81.087237,34.0019946],[-81.0872689,34.0004214],[-81.087235,33.9988483],[-81.0871351,33.9972771],[-81.0869695,33.9957097],[-81.0867383,33.9941482],[-81.0864418,33.9925943],[-81.0860804,33.99105],[-81.0856546,33.9895171],[-81.0851648,33.9879975],[-81.0846116,33.9864931],[-81.0839958,33.9850057],[-81.0833181,33.9835371],[-81.0825792,33.9820891],[-81.0817802,33.9806634],[-81.080922,33.9792618],[-81.0800056,33.9778861],[-81.0790322,33.9765378],[-81.0780029,33.9752186],[-81.076919,33.9739301],[-81.0757818,33.9726739],[-81.0745928,33.9714516],[-81.0733533,33.9702645],[-81.0720648,33.9691143],[-81.070729,33.9680021],[-81.0693475,33.9669295],[-81.0679219,33.9658976],[-81.066454,33.9649079],[-81.0649456,33.9639614],[-81.0633984,33.9630593],[-81.0618145,33.9622027],[-81.0601957,33.9613928],[-81.058544,33.9606303],[-81.0568614,33.9599163],[-81.0551499,33.9592517],[-81.0534116,33.9586372],[-81.0516487,33.9580737],[-81.0498633,33.9575617],[-81.0480576,33.9571019],[-81.0462337,33.9566949],[-81.0443939,33.9563411],[-81.0425405,33.956041],[-81.0406756,33.955795],[-81.0388015,33.9556034],[-81.0369206,33.9554663],[-81.035035,33.955384],[-81.0331472,33.9553566],[-81.0312594,33.955384],[-81.0293738,33.9554663],[-81.0274929,33.9556034],[-81.0256188,33.955795],[-81.0237539,33.956041],[-81.0219005,33.9563411],[-81.0200607,33.9566949],[-81.0182368,33.9571019],[-81.0164311,33.9575617],[-81.0146457,33.9580737],[-81.0128828,33.9586372],[-81.0111445,33.9592517],[-81.009433,33.9599163],[-81.0077504,33.9606303],[-81.0060987,33.9613928],[-81.0044799,33.9622027],[-81.002896,33.9630593],[-81.0013488,33.9639614],[-80.9998404,33.9649079],[-80.9983725,33.9658976],[-80.9969469,33.9669295],[-80.9955654,33.9680021],[-80.9942296,33.9691143],[-80.9929411,33.9702645],[-80.9917016,33.9714516],[-80.9905126,33.9726739],[-80.9893754,33.9739301],[-80.9882915,33.9752186],[-80.9872622,33.9765378],[-80.9862888,33.9778861],[-80.9853724,33.9792618],[-80.9845142,33.9806634],[-80.9837152,33.9820891],[-80.9829763,33.9835371],[-80.9822986,33.9850057],[-80.9816828,33.9864931],[-80.9811296,33.9879975],[-80.9806398,33.9895171],[-80.980214,33.99105],[-80.9798526,33.9925943],[-80.9795561,33.9941482],[-80.9793249,33.9957097],[-80.9791593,33.9972771],[-80.9790594,33.9988483],[-80.9790255,34.0004214],[-80.9790574,34.0019946],[-80.9791553,34.0035658],[-80.979319,34.0051333],[-80.9795482,34.0066951],[-80.9798428,34.0082492],[-80.9802023,34.0097938],[-80.9806264,34.0113271],[-80.9811145,34.0128471],[-80.981666,34.0143519],[-80.9822802,34.0158399],[-80.9829565,34.017309],[-80.9836939,34.0187576],[-80.9844916,34.0201839],[-80.9853487,34.0215861],[-80.986264,34.0229626],[-80.9872365,34.0243116],[-80.988265,34.0256316],[-80.9893482,34.0269208],[-80.9904848,34.0281777],[-80.9916735,34.0294009],[-80.9929127,34.0305888],[-80.994201,34.0317399],[-80.9955368,34.0328528],[-80.9969185,34.0339263],[-80.9983443,34.0349589],[-80.9998127,34.0359495],[-81.0013216,34.0368968],[-81.0028694,34.0377996],[-81.0044542,34.0386569],[-81.0060739,34.0394676],[-81.0077267,34.0402308],[-81.0094105,34.0409454],[-81.0111233,34.0416107],[-81.0128629,34.0422257],[-81.0146273,34.0427899],[-81.0164143,34.0433024],[-81.0182216,34.0437626],[-81.0200472,34.04417],[-81.0218888,34.0445242],[-81.0237442,34.0448245],[-81.025611,34.0450708],[-81.027487,34.0452626],[-81.0293699,34.0453998],[-81.0312574,34.0454822],[-81.0331472,34.0455097]]]}},{"type":"Feature","properties":{"id":"US-SD","subdivision":"South Dakota"},"geometry":{"type":"Point","coordinates":[-100.3463528,44.367167]}},{"type":"Feature","properties":{"id":"US-SD","radiusMeters":5000},"geometry":{"type":"Polygon","coordinates":[[[-100.3463528,44.4121635],[-100.3485436,44.412136],[-100.3507318,44.4120538],[-100.3529146,44.4119168],[-100.3550894,44.4117252],[-100.3572535,44.4114793],[-100.3594043,44.4111794],[-100.3615392,44.4108259],[-100.3636556,44.4104191],[-100.3657508,44.4099595],[-100.3678223,44.4094478],[-100.3698676,44.4088846],[-100.3718842,44.4082705],[-100.3738696,44.4076063],[-100.3758215,44.4068927],[-100.3777373,44.4061308],[-100.3796149,44.4053213],[-100.3814518,44.4044654],[-100.3832459,44.403564],[-100.384995,44.4026182],[-100.3866969,44.4016292],[-100.3883496,44.4005982],[-100.389951,44.3995265],[-100.3914992,44.3984153],[-100.3929923,44.397266],[-100.3944285,44.3960801],[-100.395806,44.3948589],[-100.3971232,44.393604],[-100.3983785,44.3923169],[-100.3995703,44.3909991],[-100.4006972,44.3896524],[-100.4017578,44.3882782],[-100.4027508,44.3868783],[-100.403675,44.3854544],[-100.4045294,44.3840082],[-100.4053128,44.3825415],[-100.4060243,44.3810561],[-100.406663,44.3795538],[-100.4072282,44.3780364],[-100.4077193,44.3765058],[-100.4081355,44.3749639],[-100.4084764,44.3734124],[-100.4087416,44.3718534],[-100.4089308,44.3702887],[-100.4090437,44.3687202],[-100.4090802,44.3671498],[-100.4090404,44.3655794],[-100.4089241,44.3640111],[-100.4087316,44.3624465],[-100.4084632,44.3608878],[-100.4081191,44.3593367],[-100.4076997,44.3577952],[-100.4072057,44.3562651],[-100.4066376,44.3547483],[-100.405996,44.3532467],[-100.4052819,44.351762],[-100.404496,44.3502961],[-100.4036393,44.3488508],[-100.4027129,44.3474278],[-100.4017179,44.3460289],[-100.4006556,44.3446557],[-100.3995271,44.34331],[-100.398334,44.3419933],[-100.3970775,44.3407073],[-100.3957594,44.3394535],[-100.3943812,44.3382335],[-100.3929445,44.3370488],[-100.3914512,44.3359007],[-100.389903,44.3347907],[-100.3883018,44.3337202],[-100.3866496,44.3326904],[-100.3849484,44.3317025],[-100.3832003,44.3307579],[-100.3814073,44.3298576],[-100.3795717,44.3290027],[-100.3776957,44.3281943],[-100.3757817,44.3274334],[-100.3738318,44.3267208],[-100.3718485,44.3260575],[-100.3698343,44.3254443],[-100.3677914,44.3248818],[-100.3657225,44.3243709],[-100.3636301,44.323912],[-100.3615167,44.3235058],[-100.3593848,44.3231527],[-100.3572371,44.3228533],[-100.3550762,44.3226078],[-100.3529046,44.3224165],[-100.3507251,44.3222797],[-100.3485403,44.3221976],[-100.3463528,44.3221702],[-100.3441653,44.3221976],[-100.3419805,44.3222797],[-100.339801,44.3224165],[-100.3376294,44.3226078],[-100.3354685,44.3228533],[-100.3333208,44.3231527],[-100.3311889,44.3235058],[-100.3290755,44.323912],[-100.3269831,44.3243709],[-100.3249142,44.3248818],[-100.3228713,44.3254443],[-100.3208571,44.3260575],[-100.3188738,44.3267208],[-100.3169239,44.3274334],[-100.3150099,44.3281943],[-100.3131339,44.3290027],[-100.3112983,44.3298576],[-100.3095053,44.3307579],[-100.3077572,44.3317025],[-100.306056,44.3326904],[-100.3044038,44.3337202],[-100.3028026,44.3347907],[-100.3012544,44.3359007],[-100.2997611,44.3370488],[-100.2983244,44.3382335],[-100.2969462,44.3394535],[-100.2956281,44.3407073],[-100.2943716,44.3419933],[-100.2931785,44.34331],[-100.29205,44.3446557],[-100.2909877,44.3460289],[-100.2899927,44.3474278],[-100.2890663,44.3488508],[-100.2882096,44.3502961],[-100.2874237,44.351762],[-100.2867096,44.3532467],[-100.286068,44.3547483],[-100.2854999,44.3562651],[-100.2850059,44.3577952],[-100.2845865,44.3593367],[-100.2842424,44.3608878],[-100.283974,44.3624465],[-100.2837815,44.3640111],[-100.2836652,44.3655794],[-100.2836254,44.3671498],[-100.2836619,44.3687202],[-100.2837748,44.3702887],[-100.283964,44.3718534],[-100.2842292,44.3734124],[-100.2845701,44.3749639],[-100.2849863,44.3765058],[-100.2854774,44.3780364],[-100.2860426,44.3795538],[-100.2866813,44.3810561],[-100.2873928,44.3825415],[-100.2881762,44.3840082],[-100.2890306,44.3854544],[-100.2899548,44.3868783],[-100.2909478,44.3882782],[-100.2920084,44.3896524],[-100.2931353,44.3909991],[-100.2943271,44.3923169],[-100.2955824,44.393604],[-100.2968996,44.3948589],[-100.2982771,44.3960801],[-100.2997133,44.397266],[-100.3012064,44.3984153],[-100.3027546,44.3995265],[-100.304356,44.4005982],[-100.3060087,44.4016292],[-100.3077106,44.4026182],[-100.3094597,44.403564],[-100.3112538,44.4044654],[-100.3130907,44.4053213],[-100.3149683,44.4061308],[-100.3168841,44.4068927],[-100.318836,44.4076063],[-100.3208214,44.4082705],[-100.322838,44.4088846],[-100.3248833,44.4094478],[-100.3269548,44.4099595],[-100.32905,44.4104191],[-100.3311664,44.4108259],[-100.3333013,44.4111794],[-100.3354521,44.4114793],[-100.3376162,44.4117252],[-100.339791,44.4119168],[-100.3419738,44.4120538],[-100.344162,44.412136],[-100.3463528,44.4121635]]]}},{"type":"Feature","properties":{"id":"US-TN","subdivision":"Tennessee"},"geometry":{"type":"Point","coordinates":[-86.78417,36.16583]}},{"type":"Feature","properties":{"id":"US-TN","radiusMeters":5000},"geometry":{"type":"Polygon","coordinates":[[[-86.78417,36.2108903],[-86.7861105,36.2108628],[-86.7880487,36.2107804],[-86.7899821,36.2106433],[-86.7919084,36.2104515],[-86.7938253,36.2102053],[-86.7957304,36.209905],[-86.7976214,36.209551],[-86.799496,36.2091437],[-86.8013518,36.2086836],[-86.8031867,36.2081713],[-86.8049984,36.2076074],[-86.8067847,36.2069925],[-86.8085434,36.2063274],[-86.8102723,36.205613],[-86.8119694,36.2048501],[-86.8136326,36.2040397],[-86.8152598,36.2031826],[-86.8168491,36.2022801],[-86.8183985,36.2013331],[-86.8199062,36.2003429],[-86.8213703,36.1993106],[-86.822789,36.1982375],[-86.8241605,36.1971249],[-86.8254833,36.1959741],[-86.8267557,36.1947867],[-86.8279762,36.1935639],[-86.8291432,36.1923074],[-86.8302554,36.1910186],[-86.8313114,36.1896991],[-86.8323099,36.1883505],[-86.8332497,36.1869745],[-86.8341297,36.1855727],[-86.8349487,36.1841469],[-86.8357058,36.1826988],[-86.8364001,36.1812302],[-86.8370308,36.1797428],[-86.837597,36.1782384],[-86.838098,36.176719],[-86.8385334,36.1751862],[-86.8389025,36.1736421],[-86.8392048,36.1720886],[-86.8394401,36.1705273],[-86.8396081,36.1689604],[-86.8397085,36.1673897],[-86.8397413,36.1658171],[-86.8397063,36.1642445],[-86.8396037,36.1626739],[-86.8394335,36.1611071],[-86.8391961,36.1595462],[-86.8388916,36.1579928],[-86.8385204,36.1564491],[-86.8380831,36.1549167],[-86.8375801,36.1533977],[-86.8370121,36.1518939],[-86.8363797,36.150407],[-86.8356837,36.148939],[-86.8349251,36.1474915],[-86.8341046,36.1460664],[-86.8332233,36.1446653],[-86.8322824,36.1432901],[-86.8312828,36.1419423],[-86.8302259,36.1406236],[-86.829113,36.1393356],[-86.8279453,36.13808],[-86.8267244,36.1368581],[-86.8254517,36.1356715],[-86.8241287,36.1345216],[-86.8227572,36.1334099],[-86.8213386,36.1323377],[-86.8198749,36.1313063],[-86.8183677,36.1303169],[-86.8168189,36.1293708],[-86.8152303,36.1284691],[-86.813604,36.1276128],[-86.8119419,36.1268032],[-86.810246,36.126041],[-86.8085183,36.1253273],[-86.8067611,36.124663],[-86.8049763,36.1240487],[-86.8031663,36.1234854],[-86.8013331,36.1229736],[-86.7994791,36.122514],[-86.7976064,36.1221071],[-86.7957175,36.1217535],[-86.7938144,36.1214536],[-86.7918996,36.1212077],[-86.7899755,36.1210161],[-86.7880442,36.1208791],[-86.7861083,36.1207968],[-86.78417,36.1207694],[-86.7822317,36.1207968],[-86.7802958,36.1208791],[-86.7783645,36.1210161],[-86.7764404,36.1212077],[-86.7745256,36.1214536],[-86.7726225,36.1217535],[-86.7707336,36.1221071],[-86.7688609,36.122514],[-86.7670069,36.1229736],[-86.7651737,36.1234854],[-86.7633637,36.1240487],[-86.7615789,36.124663],[-86.7598217,36.1253273],[-86.758094,36.126041],[-86.7563981,36.1268032],[-86.754736,36.1276128],[-86.7531097,36.1284691],[-86.7515211,36.1293708],[-86.7499723,36.1303169],[-86.7484651,36.1313063],[-86.7470014,36.1323377],[-86.7455828,36.1334099],[-86.7442113,36.1345216],[-86.7428883,36.1356715],[-86.7416156,36.1368581],[-86.7403947,36.13808],[-86.739227,36.1393356],[-86.7381141,36.1406236],[-86.7370572,36.1419423],[-86.7360576,36.1432901],[-86.7351167,36.1446653],[-86.7342354,36.1460664],[-86.7334149,36.1474915],[-86.7326563,36.148939],[-86.7319603,36.150407],[-86.7313279,36.1518939],[-86.7307599,36.1533977],[-86.7302569,36.1549167],[-86.7298196,36.1564491],[-86.7294484,36.1579928],[-86.7291439,36.1595462],[-86.7289065,36.1611071],[-86.7287363,36.1626739],[-86.7286337,36.1642445],[-86.7285987,36.1658171],[-86.7286315,36.1673897],[-86.7287319,36.1689604],[-86.7288999,36.1705273],[-86.7291352,36.1720886],[-86.7294375,36.1736421],[-86.7298066,36.1751862],[-86.730242,36.176719],[-86.730743,36.1782384],[-86.7313092,36.1797428],[-86.7319399,36.1812302],[-86.7326342,36.1826988],[-86.7333913,36.1841469],[-86.7342103,36.1855727],[-86.7350903,36.1869745],[-86.7360301,36.1883505],[-86.7370286,36.1896991],[-86.7380846,36.1910186],[-86.7391968,36.1923074],[-86.7403638,36.1935639],[-86.7415843,36.1947867],[-86.7428567,36.1959741],[-86.7441795,36.1971249],[-86.745551,36.1982375],[-86.7469697,36.1993106],[-86.7484338,36.2003429],[-86.7499415,36.2013331],[-86.7514909,36.2022801],[-86.7530802,36.2031826],[-86.7547074,36.2040397],[-86.7563706,36.2048501],[-86.7580677,36.205613],[-86.7597966,36.2063274],[-86.7615553,36.2069925],[-86.7633416,36.2076074],[-86.7651533,36.2081713],[-86.7669882,36.2086836],[-86.768844,36.2091437],[-86.7707186,36.209551],[-86.7726096,36.209905],[-86.7745147,36.2102053],[-86.7764316,36.2104515],[-86.7783579,36.2106433],[-86.7802913,36.2107804],[-86.7822295,36.2108628],[-86.78417,36.2108903]]]}},{"type":"Feature","properties":{"id":"US-TX","subdivision":"Texas"},"geometry":{"type":"Point","coordinates":[-97.74056,30.27472]}},{"type":"Feature","properties":{"id":"US-TX","radiusMeters":5000},"geometry":{"type":"Polygon","coordinates":[[[-97.74056,30.319823],[-97.7423744,30.3197955],[-97.7441865,30.319713],[-97.7459942,30.3195758],[-97.7477953,30.3193838],[-97.7495876,30.3191374],[-97.7513689,30.3188369],[-97.7531369,30.3184826],[-97.7548897,30.318075],[-97.7566249,30.3176145],[-97.7583406,30.3171017],[-97.7600345,30.3165373],[-97.7617047,30.3159219],[-97.7633491,30.3152563],[-97.7649657,30.3145413],[-97.7665526,30.3137777],[-97.7681077,30.3129666],[-97.7696292,30.3121088],[-97.7711153,30.3112055],[-97.7725641,30.3102577],[-97.7739739,30.3092666],[-97.7753429,30.3082334],[-97.7766695,30.3071594],[-97.7779521,30.3060458],[-97.779189,30.3048941],[-97.7803789,30.3037056],[-97.7815202,30.3024818],[-97.7826115,30.3012241],[-97.7836516,30.2999342],[-97.7846391,30.2986135],[-97.7855729,30.2972638],[-97.7864518,30.2958866],[-97.7872748,30.2944835],[-97.7880408,30.2930565],[-97.788749,30.291607],[-97.7893984,30.290137],[-97.7899882,30.2886483],[-97.7905178,30.2871426],[-97.7909866,30.2856217],[-97.7913938,30.2840876],[-97.7917392,30.2825421],[-97.7920221,30.280987],[-97.7922424,30.2794244],[-97.7923996,30.277856],[-97.7924937,30.2762838],[-97.7925246,30.2747097],[-97.7924921,30.2731356],[-97.7923963,30.2715635],[-97.7922374,30.2699952],[-97.7920156,30.2684327],[-97.791731,30.2668779],[-97.7913842,30.2653327],[-97.7909754,30.2637989],[-97.7905052,30.2622784],[-97.7899743,30.260773],[-97.7893831,30.2592847],[-97.7887325,30.2578152],[-97.7880232,30.2563663],[-97.7872561,30.2549397],[-97.7864321,30.2535373],[-97.7855523,30.2521607],[-97.7846178,30.2508115],[-97.7836296,30.2494915],[-97.7825889,30.2482023],[-97.7814971,30.2469453],[-97.7803555,30.2457222],[-97.7791654,30.2445344],[-97.7779283,30.2433833],[-97.7766458,30.2422705],[-97.7753193,30.2411972],[-97.7739505,30.2401647],[-97.7725411,30.2391743],[-97.7710927,30.2382272],[-97.7696072,30.2373245],[-97.7680864,30.2364674],[-97.766532,30.2356569],[-97.764946,30.2348939],[-97.7633304,30.2341795],[-97.7616871,30.2335144],[-97.760018,30.2328995],[-97.7583253,30.2323356],[-97.756611,30.2318233],[-97.7548771,30.2313632],[-97.7531258,30.2309559],[-97.7513592,30.2306019],[-97.7495795,30.2303016],[-97.7477888,30.2300555],[-97.7459893,30.2298637],[-97.7441832,30.2297265],[-97.7423727,30.2296442],[-97.74056,30.2296167],[-97.7387473,30.2296442],[-97.7369368,30.2297265],[-97.7351307,30.2298637],[-97.7333312,30.2300555],[-97.7315405,30.2303016],[-97.7297608,30.2306019],[-97.7279942,30.2309559],[-97.7262429,30.2313632],[-97.724509,30.2318233],[-97.7227947,30.2323356],[-97.721102,30.2328995],[-97.7194329,30.2335144],[-97.7177896,30.2341795],[-97.716174,30.2348939],[-97.714588,30.2356569],[-97.7130336,30.2364674],[-97.7115128,30.2373245],[-97.7100273,30.2382272],[-97.7085789,30.2391743],[-97.7071695,30.2401647],[-97.7058007,30.2411972],[-97.7044742,30.2422705],[-97.7031917,30.2433833],[-97.7019546,30.2445344],[-97.7007645,30.2457222],[-97.6996229,30.2469453],[-97.6985311,30.2482023],[-97.6974904,30.2494915],[-97.6965022,30.2508115],[-97.6955677,30.2521607],[-97.6946879,30.2535373],[-97.6938639,30.2549397],[-97.6930968,30.2563663],[-97.6923875,30.2578152],[-97.6917369,30.2592847],[-97.6911457,30.260773],[-97.6906148,30.2622784],[-97.6901446,30.2637989],[-97.6897358,30.2653327],[-97.689389,30.2668779],[-97.6891044,30.2684327],[-97.6888826,30.2699952],[-97.6887237,30.2715635],[-97.6886279,30.2731356],[-97.6885954,30.2747097],[-97.6886263,30.2762838],[-97.6887204,30.277856],[-97.6888776,30.2794244],[-97.6890979,30.280987],[-97.6893808,30.2825421],[-97.6897262,30.2840876],[-97.6901334,30.2856217],[-97.6906022,30.2871426],[-97.6911318,30.2886483],[-97.6917216,30.290137],[-97.692371,30.291607],[-97.6930792,30.2930565],[-97.6938452,30.2944835],[-97.6946682,30.2958866],[-97.6955471,30.2972638],[-97.6964809,30.2986135],[-97.6974684,30.2999342],[-97.6985085,30.3012241],[-97.6995998,30.3024818],[-97.7007411,30.3037056],[-97.701931,30.3048941],[-97.7031679,30.3060458],[-97.7044505,30.3071594],[-97.7057771,30.3082334],[-97.7071461,30.3092666],[-97.7085559,30.3102577],[-97.7100047,30.3112055],[-97.7114908,30.3121088],[-97.7130123,30.3129666],[-97.7145674,30.3137777],[-97.7161543,30.3145413],[-97.7177709,30.3152563],[-97.7194153,30.3159219],[-97.7210855,30.3165373],[-97.7227794,30.3171017],[-97.7244951,30.3176145],[-97.7262303,30.318075],[-97.7279831,30.3184826],[-97.7297511,30.3188369],[-97.7315324,30.3191374],[-97.7333247,30.3193838],[-97.7351258,30.3195758],[-97.7369335,30.319713],[-97.7387456,30.3197955],[-97.74056,30.319823]]]}},{"type":"Feature","properties":{"id":"US-UT","subdivision":"Utah"},"geometry":{"type":"Point","coordinates":[-111.88806,40.77722]}},{"type":"Feature","properties":{"id":"US-UT","radiusMeters":5000},"geometry":{"type":"Polygon","coordinates":[[[-111.88806,40.8222447],[-111.8901285,40.8222173],[-111.8921944,40.822135],[-111.8942553,40.8219979],[-111.8963086,40.8218063],[-111.8983519,40.8215603],[-111.9003826,40.8212602],[-111.9023982,40.8209064],[-111.9043964,40.8204994],[-111.9063746,40.8200396],[-111.9083304,40.8195277],[-111.9102615,40.8189641],[-111.9121656,40.8183497],[-111.9140401,40.8176851],[-111.915883,40.8169712],[-111.9176919,40.8162088],[-111.9194647,40.8153989],[-111.9211991,40.8145425],[-111.9228931,40.8136406],[-111.9245445,40.8126942],[-111.9261515,40.8117047],[-111.927712,40.8106731],[-111.929224,40.8096008],[-111.9306859,40.808489],[-111.9320958,40.8073391],[-111.9334519,40.8061525],[-111.9347526,40.8049306],[-111.9359964,40.803675],[-111.9371818,40.8023871],[-111.9383072,40.8010686],[-111.9393713,40.799721],[-111.9403728,40.798346],[-111.9413106,40.7969453],[-111.9421834,40.7955206],[-111.9429902,40.7940735],[-111.9437301,40.792606],[-111.9444021,40.7911197],[-111.9450053,40.7896165],[-111.9455392,40.7880982],[-111.946003,40.7865667],[-111.9463962,40.7850237],[-111.9467183,40.7834713],[-111.9469689,40.7819113],[-111.9471477,40.7803457],[-111.9472545,40.7787762],[-111.9472892,40.7772048],[-111.9472517,40.7756335],[-111.9471421,40.7740641],[-111.9469606,40.7724986],[-111.9467073,40.7709388],[-111.9463825,40.7693868],[-111.9459868,40.7678442],[-111.9455204,40.7663132],[-111.9449842,40.7647954],[-111.9443786,40.7632928],[-111.9437044,40.7618071],[-111.9429625,40.7603403],[-111.9421537,40.758894],[-111.9412791,40.7574701],[-111.9403397,40.7560702],[-111.9393367,40.7546961],[-111.9382712,40.7533495],[-111.9371447,40.7520319],[-111.9359584,40.750745],[-111.9347138,40.7494904],[-111.9334125,40.7482695],[-111.932056,40.747084],[-111.9306459,40.7459351],[-111.9291841,40.7448244],[-111.9276722,40.7437531],[-111.9261121,40.7427225],[-111.9245057,40.741734],[-111.922855,40.7407887],[-111.921162,40.7398878],[-111.9194287,40.7390323],[-111.9176573,40.7382233],[-111.9158499,40.7374619],[-111.9140086,40.7367488],[-111.9121358,40.736085],[-111.9102338,40.7354713],[-111.9083047,40.7349085],[-111.9063511,40.7343971],[-111.9043752,40.7339379],[-111.9023795,40.7335315],[-111.9003663,40.7331782],[-111.8983382,40.7328785],[-111.8962976,40.7326328],[-111.894247,40.7324414],[-111.8921888,40.7323045],[-111.8901257,40.7322223],[-111.88806,40.7321949],[-111.8859943,40.7322223],[-111.8839312,40.7323045],[-111.881873,40.7324414],[-111.8798224,40.7326328],[-111.8777818,40.7328785],[-111.8757537,40.7331782],[-111.8737405,40.7335315],[-111.8717448,40.7339379],[-111.8697689,40.7343971],[-111.8678153,40.7349085],[-111.8658862,40.7354713],[-111.8639842,40.736085],[-111.8621114,40.7367488],[-111.8602701,40.7374619],[-111.8584627,40.7382233],[-111.8566913,40.7390323],[-111.854958,40.7398878],[-111.853265,40.7407887],[-111.8516143,40.741734],[-111.8500079,40.7427225],[-111.8484478,40.7437531],[-111.8469359,40.7448244],[-111.8454741,40.7459351],[-111.844064,40.747084],[-111.8427075,40.7482695],[-111.8414062,40.7494904],[-111.8401616,40.750745],[-111.8389753,40.7520319],[-111.8378488,40.7533495],[-111.8367833,40.7546961],[-111.8357803,40.7560702],[-111.8348409,40.7574701],[-111.8339663,40.758894],[-111.8331575,40.7603403],[-111.8324156,40.7618071],[-111.8317414,40.7632928],[-111.8311358,40.7647954],[-111.8305996,40.7663132],[-111.8301332,40.7678442],[-111.8297375,40.7693868],[-111.8294127,40.7709388],[-111.8291594,40.7724986],[-111.8289779,40.7740641],[-111.8288683,40.7756335],[-111.8288308,40.7772048],[-111.8288655,40.7787762],[-111.8289723,40.7803457],[-111.8291511,40.7819113],[-111.8294017,40.7834713],[-111.8297238,40.7850237],[-111.830117,40.7865667],[-111.8305808,40.7880982],[-111.8311147,40.7896165],[-111.8317179,40.7911197],[-111.8323899,40.792606],[-111.8331298,40.7940735],[-111.8339366,40.7955206],[-111.8348094,40.7969453],[-111.8357472,40.798346],[-111.8367487,40.799721],[-111.8378128,40.8010686],[-111.8389382,40.8023871],[-111.8401236,40.803675],[-111.8413674,40.8049306],[-111.8426681,40.8061525],[-111.8440242,40.8073391],[-111.8454341,40.808489],[-111.846896,40.8096008],[-111.848408,40.8106731],[-111.8499685,40.8117047],[-111.8515755,40.8126942],[-111.8532269,40.8136406],[-111.8549209,40.8145425],[-111.8566553,40.8153989],[-111.8584281,40.8162088],[-111.860237,40.8169712],[-111.8620799,40.8176851],[-111.8639544,40.8183497],[-111.8658585,40.8189641],[-111.8677896,40.8195277],[-111.8697454,40.8200396],[-111.8717236,40.8204994],[-111.8737218,40.8209064],[-111.8757374,40.8212602],[-111.8777681,40.8215603],[-111.8798114,40.8218063],[-111.8818647,40.8219979],[-111.8839256,40.822135],[-111.8859915,40.8222173],[-111.88806,40.8222447]]]}},{"type":"Feature","properties":{"id":"US-VT","subdivision":"Vermont"},"geometry":{"type":"Point","coordinates":[-72.58083,44.26222]}},{"type":"Feature","properties":{"id":"US-VT","radiusMeters":5000},"geometry":{"type":"Polygon","coordinates":[[[-72.58083,44.3072173],[-72.5830169,44.3071899],[-72.5852012,44.3071076],[-72.5873801,44.3069706],[-72.589551,44.306779],[-72.5917113,44.3065332],[-72.5938583,44.3062333],[-72.5959893,44.3058797],[-72.5981019,44.3054729],[-72.6001934,44.3050133],[-72.6022612,44.3045016],[-72.6043029,44.3039384],[-72.6063159,44.3033242],[-72.6082978,44.30266],[-72.6102461,44.3019465],[-72.6121586,44.3011845],[-72.6140328,44.3003751],[-72.6158664,44.2995191],[-72.6176573,44.2986177],[-72.6194033,44.2976719],[-72.6211022,44.2966829],[-72.6227519,44.2956518],[-72.6243504,44.2945801],[-72.6258959,44.2934689],[-72.6273863,44.2923196],[-72.62882,44.2911337],[-72.6301951,44.2899125],[-72.6315099,44.2886575],[-72.632763,44.2873704],[-72.6339526,44.2860526],[-72.6350775,44.2847058],[-72.6361362,44.2833316],[-72.6371275,44.2819317],[-72.6380501,44.2805078],[-72.6389029,44.2790616],[-72.6396849,44.2775949],[-72.6403952,44.2761094],[-72.6410328,44.2746071],[-72.641597,44.2730897],[-72.6420872,44.2715591],[-72.6425026,44.2700171],[-72.642843,44.2684656],[-72.6431077,44.2669065],[-72.6432965,44.2653418],[-72.6434093,44.2637732],[-72.6434457,44.2622028],[-72.6434059,44.2606325],[-72.6432899,44.2590641],[-72.6430978,44.2574995],[-72.6428298,44.2559407],[-72.6424863,44.2543896],[-72.6420677,44.2528481],[-72.6415746,44.251318],[-72.6410075,44.2498012],[-72.6403671,44.2482995],[-72.6396542,44.2468148],[-72.6388697,44.2453489],[-72.6380146,44.2439035],[-72.6370899,44.2424805],[-72.6360966,44.2410816],[-72.6350362,44.2397084],[-72.6339097,44.2383626],[-72.6327187,44.2370459],[-72.6314645,44.2357599],[-72.6301487,44.2345061],[-72.6287729,44.233286],[-72.6273388,44.2321013],[-72.6258482,44.2309532],[-72.6243027,44.2298432],[-72.6227044,44.2287726],[-72.6210551,44.2277428],[-72.619357,44.2267549],[-72.6176119,44.2258102],[-72.6158222,44.2249099],[-72.6139899,44.224055],[-72.6121172,44.2232466],[-72.6102065,44.2224857],[-72.6082601,44.2217731],[-72.6062804,44.2211098],[-72.6042697,44.2204965],[-72.6022305,44.219934],[-72.6001653,44.2194231],[-72.5980766,44.2189642],[-72.5959669,44.218558],[-72.5938388,44.2182049],[-72.591695,44.2179055],[-72.5895379,44.2176599],[-72.5873702,44.2174687],[-72.5851945,44.2173319],[-72.5830136,44.2172497],[-72.58083,44.2172224],[-72.5786464,44.2172497],[-72.5764655,44.2173319],[-72.5742898,44.2174687],[-72.5721221,44.2176599],[-72.569965,44.2179055],[-72.5678212,44.2182049],[-72.5656931,44.218558],[-72.5635834,44.2189642],[-72.5614947,44.2194231],[-72.5594295,44.219934],[-72.5573903,44.2204965],[-72.5553796,44.2211098],[-72.5533999,44.2217731],[-72.5514535,44.2224857],[-72.5495428,44.2232466],[-72.5476701,44.224055],[-72.5458378,44.2249099],[-72.5440481,44.2258102],[-72.542303,44.2267549],[-72.5406049,44.2277428],[-72.5389556,44.2287726],[-72.5373573,44.2298432],[-72.5358118,44.2309532],[-72.5343212,44.2321013],[-72.5328871,44.233286],[-72.5315113,44.2345061],[-72.5301955,44.2357599],[-72.5289413,44.2370459],[-72.5277503,44.2383626],[-72.5266238,44.2397084],[-72.5255634,44.2410816],[-72.5245701,44.2424805],[-72.5236454,44.2439035],[-72.5227903,44.2453489],[-72.5220058,44.2468148],[-72.5212929,44.2482995],[-72.5206525,44.2498012],[-72.5200854,44.251318],[-72.5195923,44.2528481],[-72.5191737,44.2543896],[-72.5188302,44.2559407],[-72.5185622,44.2574995],[-72.5183701,44.2590641],[-72.5182541,44.2606325],[-72.5182143,44.2622028],[-72.5182507,44.2637732],[-72.5183635,44.2653418],[-72.5185523,44.2669065],[-72.518817,44.2684656],[-72.5191574,44.2700171],[-72.5195728,44.2715591],[-72.520063,44.2730897],[-72.5206272,44.2746071],[-72.5212648,44.2761094],[-72.5219751,44.2775949],[-72.5227571,44.2790616],[-72.5236099,44.2805078],[-72.5245325,44.2819317],[-72.5255238,44.2833316],[-72.5265825,44.2847058],[-72.5277074,44.2860526],[-72.528897,44.2873704],[-72.5301501,44.2886575],[-72.5314649,44.2899125],[-72.53284,44.2911337],[-72.5342737,44.2923196],[-72.5357641,44.2934689],[-72.5373096,44.2945801],[-72.5389081,44.2956518],[-72.5405578,44.2966829],[-72.5422567,44.2976719],[-72.5440027,44.2986177],[-72.5457936,44.2995191],[-72.5476272,44.3003751],[-72.5495014,44.3011845],[-72.5514139,44.3019465],[-72.5533622,44.30266],[-72.5553441,44.3033242],[-72.5573571,44.3039384],[-72.5593988,44.3045016],[-72.5614666,44.3050133],[-72.5635581,44.3054729],[-72.5656707,44.3058797],[-72.5678017,44.3062333],[-72.5699487,44.3065332],[-72.572109,44.306779],[-72.5742799,44.3069706],[-72.5764588,44.3071076],[-72.5786431,44.3071899],[-72.58083,44.3072173]]]}},{"type":"Feature","properties":{"id":"US-VA","subdivision":"Virginia"},"geometry":{"type":"Point","coordinates":[-77.4335944,37.5387583]}},{"type":"Feature","properties":{"id":"US-VA","radiusMeters":5000},"geometry":{"type":"Polygon","coordinates":[[[-77.4335944,37.5838081],[-77.43557,37.5837807],[-77.4375432,37.5836983],[-77.4395115,37.5835612],[-77.4414727,37.5833695],[-77.4434242,37.5831233],[-77.4453637,37.5828231],[-77.4472889,37.5824692],[-77.4491974,37.582062],[-77.4510868,37.581602],[-77.4529548,37.5810897],[-77.4547992,37.5805259],[-77.4566178,37.5799111],[-77.4584083,37.5792462],[-77.4601684,37.578532],[-77.4618962,37.5777692],[-77.4635894,37.5769589],[-77.465246,37.5761021],[-77.466864,37.5751997],[-77.4684414,37.5742529],[-77.4699763,37.5732629],[-77.4714668,37.5722308],[-77.4729111,37.5711579],[-77.4743074,37.5700456],[-77.4756541,37.5688951],[-77.4769494,37.5677079],[-77.4781919,37.5664854],[-77.47938,37.5652291],[-77.4805122,37.5639406],[-77.4815872,37.5626214],[-77.4826037,37.5612731],[-77.4835604,37.5598974],[-77.4844562,37.5584959],[-77.48529,37.5570704],[-77.4860608,37.5556227],[-77.4867676,37.5541543],[-77.4874095,37.5526672],[-77.4879859,37.5511632],[-77.488496,37.5496441],[-77.4889391,37.5481117],[-77.4893148,37.546568],[-77.4896226,37.5450148],[-77.4898621,37.5434539],[-77.490033,37.5418873],[-77.4901352,37.540317],[-77.4901685,37.5387447],[-77.4901328,37.5371725],[-77.4900283,37.5356023],[-77.489855,37.5340359],[-77.4896132,37.5324753],[-77.4893032,37.5309223],[-77.4889253,37.5293789],[-77.48848,37.527847],[-77.4879679,37.5263283],[-77.4873895,37.5248248],[-77.4867457,37.5233383],[-77.4860371,37.5218706],[-77.4852647,37.5204235],[-77.4844294,37.5189987],[-77.4835322,37.517598],[-77.4825742,37.5162231],[-77.4815566,37.5148756],[-77.4804807,37.5135573],[-77.4793476,37.5122696],[-77.4781589,37.5110143],[-77.4769159,37.5097927],[-77.4756202,37.5086064],[-77.4742734,37.5074568],[-77.472877,37.5063454],[-77.4714329,37.5052735],[-77.4699428,37.5042423],[-77.4684084,37.5032532],[-77.4668316,37.5023073],[-77.4652144,37.5014058],[-77.4635588,37.5005498],[-77.4618667,37.4997403],[-77.4601402,37.4989784],[-77.4583814,37.4982649],[-77.4565925,37.4976007],[-77.4547756,37.4969866],[-77.4529329,37.4964234],[-77.4510668,37.4959117],[-77.4491793,37.4954523],[-77.4472729,37.4950455],[-77.4453499,37.494692],[-77.4434126,37.4943921],[-77.4414633,37.4941463],[-77.4395045,37.4939548],[-77.4375384,37.4938178],[-77.4355676,37.4937355],[-77.4335944,37.4937081],[-77.4316212,37.4937355],[-77.4296504,37.4938178],[-77.4276843,37.4939548],[-77.4257255,37.4941463],[-77.4237762,37.4943921],[-77.4218389,37.494692],[-77.4199159,37.4950455],[-77.4180095,37.4954523],[-77.416122,37.4959117],[-77.4142559,37.4964234],[-77.4124132,37.4969866],[-77.4105963,37.4976007],[-77.4088074,37.4982649],[-77.4070486,37.4989784],[-77.4053221,37.4997403],[-77.40363,37.5005498],[-77.4019744,37.5014058],[-77.4003572,37.5023073],[-77.3987804,37.5032532],[-77.397246,37.5042423],[-77.3957559,37.5052735],[-77.3943118,37.5063454],[-77.3929154,37.5074568],[-77.3915686,37.5086064],[-77.3902729,37.5097927],[-77.3890299,37.5110143],[-77.3878412,37.5122696],[-77.3867081,37.5135573],[-77.3856322,37.5148756],[-77.3846146,37.5162231],[-77.3836566,37.517598],[-77.3827594,37.5189987],[-77.3819241,37.5204235],[-77.3811517,37.5218706],[-77.3804431,37.5233383],[-77.3797993,37.5248248],[-77.3792209,37.5263283],[-77.3787088,37.527847],[-77.3782635,37.5293789],[-77.3778856,37.5309223],[-77.3775756,37.5324753],[-77.3773338,37.5340359],[-77.3771605,37.5356023],[-77.377056,37.5371725],[-77.3770203,37.5387447],[-77.3770536,37.540317],[-77.3771558,37.5418873],[-77.3773267,37.5434539],[-77.3775662,37.5450148],[-77.377874,37.546568],[-77.3782497,37.5481117],[-77.3786928,37.5496441],[-77.3792029,37.5511632],[-77.3797793,37.5526672],[-77.3804212,37.5541543],[-77.381128,37.5556227],[-77.3818988,37.5570704],[-77.3827326,37.5584959],[-77.3836284,37.5598974],[-77.3845851,37.5612731],[-77.3856016,37.5626214],[-77.3866766,37.5639406],[-77.3878088,37.5652291],[-77.3889969,37.5664854],[-77.3902394,37.5677079],[-77.3915347,37.5688951],[-77.3928814,37.5700456],[-77.3942777,37.5711579],[-77.395722,37.5722308],[-77.3972125,37.5732629],[-77.3987474,37.5742529],[-77.4003248,37.5751997],[-77.4019428,37.5761021],[-77.4035994,37.5769589],[-77.4052926,37.5777692],[-77.4070204,37.578532],[-77.4087805,37.5792462],[-77.410571,37.5799111],[-77.4123896,37.5805259],[-77.414234,37.5810897],[-77.416102,37.581602],[-77.4179914,37.582062],[-77.4198999,37.5824692],[-77.4218251,37.5828231],[-77.4237646,37.5831233],[-77.4257161,37.5833695],[-77.4276773,37.5835612],[-77.4296456,37.5836983],[-77.4316188,37.5837807],[-77.4335944,37.5838081]]]}},{"type":"Feature","properties":{"id":"US-WA","subdivision":"Washington"},"geometry":{"type":"Point","coordinates":[-122.905,47.03556]}},{"type":"Feature","properties":{"id":"US-WA","radiusMeters":5000},"geometry":{"type":"Polygon","coordinates":[[[-122.905,47.0805354],[-122.9072978,47.0805079],[-122.9095928,47.0804257],[-122.9118821,47.0802888],[-122.9141631,47.0800973],[-122.9164329,47.0798515],[-122.9186887,47.0795517],[-122.9209277,47.0791983],[-122.9231474,47.0787917],[-122.9253448,47.0783323],[-122.9275175,47.0778208],[-122.9296626,47.0772578],[-122.9317776,47.0766439],[-122.9338599,47.07598],[-122.935907,47.0752667],[-122.9379163,47.0745051],[-122.9398854,47.073696],[-122.941812,47.0728404],[-122.9436936,47.0719393],[-122.9455279,47.0709939],[-122.9473128,47.0700053],[-122.9490461,47.0689748],[-122.9507255,47.0679035],[-122.9523492,47.0667928],[-122.9539151,47.065644],[-122.9554212,47.0644586],[-122.9568659,47.0632379],[-122.9582472,47.0619835],[-122.9595636,47.060697],[-122.9608134,47.0593798],[-122.9619952,47.0580335],[-122.9631073,47.05666],[-122.9641487,47.0552607],[-122.9651178,47.0538374],[-122.9660137,47.0523919],[-122.9668351,47.0509258],[-122.9675812,47.0494411],[-122.9682509,47.0479395],[-122.9688436,47.0464228],[-122.9693584,47.0448929],[-122.9697947,47.0433516],[-122.9701521,47.0418009],[-122.97043,47.0402425],[-122.9706283,47.0386785],[-122.9707465,47.0371108],[-122.9707847,47.0355411],[-122.9707427,47.0339715],[-122.9706206,47.0324039],[-122.9704186,47.0308401],[-122.9701369,47.0292821],[-122.9697758,47.0277318],[-122.9693359,47.026191],[-122.9688176,47.0246616],[-122.9682217,47.0231456],[-122.9675487,47.0216447],[-122.9667996,47.0201608],[-122.9659753,47.0186956],[-122.9650768,47.017251],[-122.9641051,47.0158287],[-122.9630615,47.0144305],[-122.9619473,47.013058],[-122.9607637,47.011713],[-122.9595124,47.010397],[-122.9581947,47.0091116],[-122.9568122,47.0078585],[-122.9553668,47.0066391],[-122.9538601,47.005455],[-122.9522939,47.0043075],[-122.9506703,47.0031981],[-122.9489911,47.0021281],[-122.9472584,47.0010988],[-122.9454743,47.0001115],[-122.943641,46.9991674],[-122.9417607,46.9982676],[-122.9398358,46.9974131],[-122.9378684,46.9966052],[-122.9358612,46.9958447],[-122.9338164,46.9951325],[-122.9317365,46.9944695],[-122.9296242,46.9938566],[-122.9274819,46.9932945],[-122.9253124,46.9927838],[-122.9231181,46.9923251],[-122.9209018,46.9919192],[-122.9186662,46.9915663],[-122.916414,46.991267],[-122.9141479,46.9910216],[-122.9118706,46.9908305],[-122.9095851,46.9906937],[-122.9072939,46.9906117],[-122.905,46.9905843],[-122.9027061,46.9906117],[-122.9004149,46.9906937],[-122.8981294,46.9908305],[-122.8958521,46.9910216],[-122.893586,46.991267],[-122.8913338,46.9915663],[-122.8890982,46.9919192],[-122.8868819,46.9923251],[-122.8846876,46.9927838],[-122.8825181,46.9932945],[-122.8803758,46.9938566],[-122.8782635,46.9944695],[-122.8761836,46.9951325],[-122.8741388,46.9958447],[-122.8721316,46.9966052],[-122.8701642,46.9974131],[-122.8682393,46.9982676],[-122.866359,46.9991674],[-122.8645257,47.0001115],[-122.8627416,47.0010988],[-122.8610089,47.0021281],[-122.8593297,47.0031981],[-122.8577061,47.0043075],[-122.8561399,47.005455],[-122.8546332,47.0066391],[-122.8531878,47.0078585],[-122.8518053,47.0091116],[-122.8504876,47.010397],[-122.8492363,47.011713],[-122.8480527,47.013058],[-122.8469385,47.0144305],[-122.8458949,47.0158287],[-122.8449232,47.017251],[-122.8440247,47.0186956],[-122.8432004,47.0201608],[-122.8424513,47.0216447],[-122.8417783,47.0231456],[-122.8411824,47.0246616],[-122.8406641,47.026191],[-122.8402242,47.0277318],[-122.8398631,47.0292821],[-122.8395814,47.0308401],[-122.8393794,47.0324039],[-122.8392573,47.0339715],[-122.8392153,47.0355411],[-122.8392535,47.0371108],[-122.8393717,47.0386785],[-122.83957,47.0402425],[-122.8398479,47.0418009],[-122.8402053,47.0433516],[-122.8406416,47.0448929],[-122.8411564,47.0464228],[-122.8417491,47.0479395],[-122.8424188,47.0494411],[-122.8431649,47.0509258],[-122.8439863,47.0523919],[-122.8448822,47.0538374],[-122.8458513,47.0552607],[-122.8468927,47.05666],[-122.8480048,47.0580335],[-122.8491866,47.0593798],[-122.8504364,47.060697],[-122.8517528,47.0619835],[-122.8531341,47.0632379],[-122.8545788,47.0644586],[-122.8560849,47.065644],[-122.8576508,47.0667928],[-122.8592745,47.0679035],[-122.8609539,47.0689748],[-122.8626872,47.0700053],[-122.8644721,47.0709939],[-122.8663064,47.0719393],[-122.868188,47.0728404],[-122.8701146,47.073696],[-122.8720837,47.0745051],[-122.874093,47.0752667],[-122.8761401,47.07598],[-122.8782224,47.0766439],[-122.8803374,47.0772578],[-122.8824825,47.0778208],[-122.8846552,47.0783323],[-122.8868526,47.0787917],[-122.8890723,47.0791983],[-122.8913113,47.0795517],[-122.8935671,47.0798515],[-122.8958369,47.0800973],[-122.8981179,47.0802888],[-122.9004072,47.0804257],[-122.9027022,47.0805079],[-122.905,47.0805354]]]}},{"type":"Feature","properties":{"id":"US-WV","subdivision":"West Virginia"},"geometry":{"type":"Point","coordinates":[-81.61222,38.33639]}},{"type":"Feature","properties":{"id":"US-WV","radiusMeters":5000},"geometry":{"type":"Polygon","coordinates":[[[-81.61222,38.3814337],[-81.6142171,38.3814063],[-81.6162118,38.3813239],[-81.6182015,38.3811868],[-81.620184,38.3809951],[-81.6221568,38.380749],[-81.6241174,38.3804488],[-81.6260635,38.3800949],[-81.6279928,38.3796877],[-81.6299027,38.3792278],[-81.6317911,38.3787156],[-81.6336556,38.3781519],[-81.6354939,38.3775372],[-81.6373039,38.3768724],[-81.6390832,38.3761582],[-81.6408297,38.3753955],[-81.6425414,38.3745853],[-81.644216,38.3737286],[-81.6458516,38.3728263],[-81.6474461,38.3718797],[-81.6489977,38.3708898],[-81.6505044,38.3698578],[-81.6519644,38.368785],[-81.6533759,38.3676728],[-81.6547372,38.3665225],[-81.6560466,38.3653354],[-81.6573026,38.3641131],[-81.6585035,38.3628569],[-81.6596481,38.3615686],[-81.6607348,38.3602495],[-81.6617623,38.3589014],[-81.6627294,38.3575259],[-81.6636349,38.3561246],[-81.6644777,38.3546993],[-81.6652568,38.3532517],[-81.6659713,38.3517836],[-81.6666202,38.3502967],[-81.6672028,38.3487929],[-81.6677183,38.347274],[-81.6681663,38.3457418],[-81.668546,38.3441983],[-81.6688571,38.3426452],[-81.6690992,38.3410846],[-81.6692719,38.3395182],[-81.6693752,38.3379481],[-81.6694088,38.3363761],[-81.6693727,38.3348041],[-81.669267,38.333234],[-81.6690918,38.3316678],[-81.6688473,38.3301074],[-81.6685339,38.3285547],[-81.6681519,38.3270115],[-81.6677017,38.3254798],[-81.667184,38.3239613],[-81.6665994,38.322458],[-81.6659485,38.3209718],[-81.6652322,38.3195043],[-81.6644514,38.3180573],[-81.663607,38.3166328],[-81.6627,38.3152323],[-81.6617316,38.3138576],[-81.6607029,38.3125103],[-81.6596152,38.3111921],[-81.6584699,38.3099047],[-81.6572682,38.3086495],[-81.6560117,38.3074281],[-81.6547019,38.306242],[-81.6533405,38.3050926],[-81.651929,38.3039813],[-81.6504692,38.3029095],[-81.6489628,38.3018785],[-81.6474118,38.3008895],[-81.6458179,38.2999438],[-81.6441832,38.2990424],[-81.6425095,38.2981866],[-81.6407991,38.2973772],[-81.6390538,38.2966154],[-81.637276,38.295902],[-81.6354676,38.2952379],[-81.633631,38.2946239],[-81.6317683,38.2940608],[-81.6298819,38.2935492],[-81.627974,38.2930898],[-81.6260469,38.2926831],[-81.624103,38.2923297],[-81.6221447,38.2920298],[-81.6201743,38.291784],[-81.6181942,38.2915925],[-81.6162068,38.2914556],[-81.6142146,38.2913734],[-81.61222,38.2913459],[-81.6102254,38.2913734],[-81.6082332,38.2914556],[-81.6062458,38.2915925],[-81.6042657,38.291784],[-81.6022953,38.2920298],[-81.600337,38.2923297],[-81.5983931,38.2926831],[-81.596466,38.2930898],[-81.5945581,38.2935492],[-81.5926717,38.2940608],[-81.590809,38.2946239],[-81.5889724,38.2952379],[-81.587164,38.295902],[-81.5853862,38.2966154],[-81.5836409,38.2973772],[-81.5819305,38.2981866],[-81.5802568,38.2990424],[-81.5786221,38.2999438],[-81.5770282,38.3008895],[-81.5754772,38.3018785],[-81.5739708,38.3029095],[-81.572511,38.3039813],[-81.5710995,38.3050926],[-81.5697381,38.306242],[-81.5684283,38.3074281],[-81.5671718,38.3086495],[-81.5659701,38.3099047],[-81.5648248,38.3111921],[-81.5637371,38.3125103],[-81.5627084,38.3138576],[-81.56174,38.3152323],[-81.560833,38.3166328],[-81.5599886,38.3180573],[-81.5592078,38.3195043],[-81.5584915,38.3209718],[-81.5578406,38.322458],[-81.557256,38.3239613],[-81.5567383,38.3254798],[-81.5562881,38.3270115],[-81.5559061,38.3285547],[-81.5555927,38.3301074],[-81.5553482,38.3316678],[-81.555173,38.333234],[-81.5550673,38.3348041],[-81.5550312,38.3363761],[-81.5550648,38.3379481],[-81.5551681,38.3395182],[-81.5553408,38.3410846],[-81.5555829,38.3426452],[-81.555894,38.3441983],[-81.5562737,38.3457418],[-81.5567217,38.347274],[-81.5572372,38.3487929],[-81.5578198,38.3502967],[-81.5584687,38.3517836],[-81.5591832,38.3532517],[-81.5599623,38.3546993],[-81.5608051,38.3561246],[-81.5617106,38.3575259],[-81.5626777,38.3589014],[-81.5637052,38.3602495],[-81.5647919,38.3615686],[-81.5659365,38.3628569],[-81.5671374,38.3641131],[-81.5683934,38.3653354],[-81.5697028,38.3665225],[-81.5710641,38.3676728],[-81.5724756,38.368785],[-81.5739356,38.3698578],[-81.5754423,38.3708898],[-81.5769939,38.3718797],[-81.5785884,38.3728263],[-81.580224,38.3737286],[-81.5818986,38.3745853],[-81.5836103,38.3753955],[-81.5853568,38.3761582],[-81.5871361,38.3768724],[-81.5889461,38.3775372],[-81.5907844,38.3781519],[-81.5926489,38.3787156],[-81.5945373,38.3792278],[-81.5964472,38.3796877],[-81.5983765,38.3800949],[-81.6003226,38.3804488],[-81.6022832,38.380749],[-81.604256,38.3809951],[-81.6062385,38.3811868],[-81.6082282,38.3813239],[-81.6102229,38.3814063],[-81.61222,38.3814337]]]}},{"type":"Feature","properties":{"id":"US-WI","subdivision":"Wisconsin"},"geometry":{"type":"Point","coordinates":[-89.38472,43.07444]}},{"type":"Feature","properties":{"id":"US-WI","radiusMeters":5000},"geometry":{"type":"Polygon","coordinates":[[[-89.38472,43.1194467],[-89.3868642,43.1194192],[-89.3890057,43.119337],[-89.391142,43.1191999],[-89.3932705,43.1190084],[-89.3953885,43.1187624],[-89.3974935,43.1184625],[-89.3995829,43.1181088],[-89.4016541,43.1177019],[-89.4037047,43.1172423],[-89.4057321,43.1167305],[-89.4077339,43.1161672],[-89.4097075,43.1155529],[-89.4116507,43.1148886],[-89.4135609,43.1141749],[-89.415436,43.1134128],[-89.4172736,43.1126032],[-89.4190714,43.1117471],[-89.4208273,43.1108455],[-89.4225391,43.1098995],[-89.4242048,43.1089103],[-89.4258223,43.1078791],[-89.4273896,43.1068072],[-89.4289049,43.1056958],[-89.4303663,43.1045463],[-89.4317719,43.1033601],[-89.4331202,43.1021387],[-89.4344094,43.1008835],[-89.435638,43.0995961],[-89.4368044,43.0982781],[-89.4379074,43.096931],[-89.4389455,43.0955566],[-89.4399174,43.0941564],[-89.440822,43.0927322],[-89.4416582,43.0912857],[-89.442425,43.0898187],[-89.4431214,43.088333],[-89.4437467,43.0868303],[-89.4442999,43.0853126],[-89.4447806,43.0837817],[-89.445188,43.0822394],[-89.4455217,43.0806876],[-89.4457814,43.0791282],[-89.4459666,43.0775631],[-89.4460772,43.0759943],[-89.446113,43.0744235],[-89.4460741,43.0728528],[-89.4459603,43.0712841],[-89.445772,43.0697192],[-89.4455094,43.0681601],[-89.4451726,43.0666087],[-89.4447623,43.0650668],[-89.4442788,43.0635363],[-89.4437229,43.0620192],[-89.443095,43.0605172],[-89.4423961,43.0590322],[-89.441627,43.057566],[-89.4407886,43.0561203],[-89.439882,43.054697],[-89.4389082,43.0532977],[-89.4378685,43.0519242],[-89.4367641,43.0505781],[-89.4355963,43.0492611],[-89.4343667,43.0479748],[-89.4330766,43.0467207],[-89.4317277,43.0455004],[-89.4303216,43.0443154],[-89.42886,43.043167],[-89.4273447,43.0420567],[-89.4257776,43.0409859],[-89.4241606,43.0399558],[-89.4224955,43.0389678],[-89.4207846,43.0380229],[-89.4190297,43.0371224],[-89.4172332,43.0362673],[-89.4153971,43.0354587],[-89.4135237,43.0346975],[-89.4116152,43.0339848],[-89.4096741,43.0333213],[-89.4077026,43.0327079],[-89.4057032,43.0321453],[-89.4036783,43.0316342],[-89.4016303,43.0311752],[-89.3995618,43.0307689],[-89.3974752,43.0304158],[-89.3953731,43.0301162],[-89.3932581,43.0298707],[-89.3911327,43.0296793],[-89.3889994,43.0295425],[-89.386861,43.0294604],[-89.38472,43.029433],[-89.382579,43.0294604],[-89.3804406,43.0295425],[-89.3783073,43.0296793],[-89.3761819,43.0298707],[-89.3740669,43.0301162],[-89.3719648,43.0304158],[-89.3698782,43.0307689],[-89.3678097,43.0311752],[-89.3657617,43.0316342],[-89.3637368,43.0321453],[-89.3617374,43.0327079],[-89.3597659,43.0333213],[-89.3578248,43.0339848],[-89.3559163,43.0346975],[-89.3540429,43.0354587],[-89.3522068,43.0362673],[-89.3504103,43.0371224],[-89.3486554,43.0380229],[-89.3469445,43.0389678],[-89.3452794,43.0399558],[-89.3436624,43.0409859],[-89.3420953,43.0420567],[-89.34058,43.043167],[-89.3391184,43.0443154],[-89.3377123,43.0455004],[-89.3363634,43.0467207],[-89.3350733,43.0479748],[-89.3338437,43.0492611],[-89.3326759,43.0505781],[-89.3315715,43.0519242],[-89.3305318,43.0532977],[-89.329558,43.054697],[-89.3286514,43.0561203],[-89.327813,43.057566],[-89.3270439,43.0590322],[-89.326345,43.0605172],[-89.3257171,43.0620192],[-89.3251612,43.0635363],[-89.3246777,43.0650668],[-89.3242674,43.0666087],[-89.3239306,43.0681601],[-89.323668,43.0697192],[-89.3234797,43.0712841],[-89.3233659,43.0728528],[-89.323327,43.0744235],[-89.3233628,43.0759943],[-89.3234734,43.0775631],[-89.3236586,43.0791282],[-89.3239183,43.0806876],[-89.324252,43.0822394],[-89.3246594,43.0837817],[-89.3251401,43.0853126],[-89.3256933,43.0868303],[-89.3263186,43.088333],[-89.327015,43.0898187],[-89.3277818,43.0912857],[-89.328618,43.0927322],[-89.3295226,43.0941564],[-89.3304945,43.0955566],[-89.3315326,43.096931],[-89.3326356,43.0982781],[-89.333802,43.0995961],[-89.3350306,43.1008835],[-89.3363198,43.1021387],[-89.3376681,43.1033601],[-89.3390737,43.1045463],[-89.3405351,43.1056958],[-89.3420504,43.1068072],[-89.3436177,43.1078791],[-89.3452352,43.1089103],[-89.3469009,43.1098995],[-89.3486127,43.1108455],[-89.3503686,43.1117471],[-89.3521664,43.1126032],[-89.354004,43.1134128],[-89.3558791,43.1141749],[-89.3577893,43.1148886],[-89.3597325,43.1155529],[-89.3617061,43.1161672],[-89.3637079,43.1167305],[-89.3657353,43.1172423],[-89.3677859,43.1177019],[-89.3698571,43.1181088],[-89.3719465,43.1184625],[-89.3740515,43.1187624],[-89.3761695,43.1190084],[-89.378298,43.1191999],[-89.3804343,43.119337],[-89.3825758,43.1194192],[-89.38472,43.1194467]]]}},{"type":"Feature","properties":{"id":"US-WY","subdivision":"Wyoming"},"geometry":{"type":"Point","coordinates":[-104.81972,41.14028]}},{"type":"Feature","properties":{"id":"US-WY","radiusMeters":5000},"geometry":{"type":"Polygon","coordinates":[[[-104.81972,41.1853019],[-104.8217998,41.1852745],[-104.8238772,41.1851922],[-104.8259494,41.1850551],[-104.828014,41.1848635],[-104.8300685,41.1846175],[-104.8321104,41.1843174],[-104.8341371,41.1839637],[-104.8361463,41.1835567],[-104.8381354,41.1830969],[-104.840102,41.182585],[-104.8420437,41.1820214],[-104.8439582,41.181407],[-104.8458431,41.1807425],[-104.8476961,41.1800286],[-104.849515,41.1792663],[-104.8512975,41.1784564],[-104.8530414,41.1776001],[-104.8547447,41.1766982],[-104.8564053,41.1757519],[-104.858021,41.1747624],[-104.8595901,41.1737309],[-104.8611105,41.1726586],[-104.8625804,41.1715469],[-104.863998,41.1703971],[-104.8653615,41.1692105],[-104.8666694,41.1679887],[-104.8679201,41.1667332],[-104.8691119,41.1654454],[-104.8702435,41.1641269],[-104.8713134,41.1627794],[-104.8723205,41.1614045],[-104.8732634,41.1600039],[-104.874141,41.1585792],[-104.8749522,41.1571323],[-104.8756961,41.1556648],[-104.8763718,41.1541786],[-104.8769784,41.1526755],[-104.8775151,41.1511573],[-104.8779815,41.1496259],[-104.8783768,41.1480831],[-104.8787006,41.1465308],[-104.8789526,41.1449709],[-104.8791324,41.1434053],[-104.8792397,41.1418359],[-104.8792746,41.1402646],[-104.8792369,41.1386934],[-104.8791267,41.1371241],[-104.8789441,41.1355587],[-104.8786894,41.133999],[-104.8783629,41.1324471],[-104.8779649,41.1309047],[-104.877496,41.1293737],[-104.8769568,41.127856],[-104.8763478,41.1263535],[-104.8756699,41.1248679],[-104.8749239,41.1234012],[-104.8741107,41.121955],[-104.8732313,41.1205312],[-104.8722867,41.1191314],[-104.8712782,41.1177574],[-104.8702069,41.1164108],[-104.8690741,41.1150933],[-104.8678813,41.1138066],[-104.8666299,41.112552],[-104.8653214,41.1113313],[-104.8639575,41.1101458],[-104.8625397,41.108997],[-104.8610698,41.1078863],[-104.8595496,41.1068151],[-104.8579809,41.1057846],[-104.8563657,41.1047962],[-104.854706,41.1038509],[-104.8530037,41.1029501],[-104.8512608,41.1020947],[-104.8494797,41.1012858],[-104.8476623,41.1005243],[-104.845811,41.0998113],[-104.8439279,41.0991476],[-104.8420154,41.0985339],[-104.8400758,41.0979711],[-104.8381114,41.0974598],[-104.8361247,41.0970007],[-104.834118,41.0965942],[-104.8320938,41.0962409],[-104.8300546,41.0959413],[-104.8280028,41.0956956],[-104.8259409,41.0955042],[-104.8238715,41.0953673],[-104.821797,41.0952852],[-104.81972,41.0952577],[-104.817643,41.0952852],[-104.8155685,41.0953673],[-104.8134991,41.0955042],[-104.8114372,41.0956956],[-104.8093854,41.0959413],[-104.8073462,41.0962409],[-104.805322,41.0965942],[-104.8033153,41.0970007],[-104.8013286,41.0974598],[-104.7993642,41.0979711],[-104.7974246,41.0985339],[-104.7955121,41.0991476],[-104.793629,41.0998113],[-104.7917777,41.1005243],[-104.7899603,41.1012858],[-104.7881792,41.1020947],[-104.7864363,41.1029501],[-104.784734,41.1038509],[-104.7830743,41.1047962],[-104.7814591,41.1057846],[-104.7798904,41.1068151],[-104.7783702,41.1078863],[-104.7769003,41.108997],[-104.7754825,41.1101458],[-104.7741186,41.1113313],[-104.7728101,41.112552],[-104.7715587,41.1138066],[-104.7703659,41.1150933],[-104.7692331,41.1164108],[-104.7681618,41.1177574],[-104.7671533,41.1191314],[-104.7662087,41.1205312],[-104.7653293,41.121955],[-104.7645161,41.1234012],[-104.7637701,41.1248679],[-104.7630922,41.1263535],[-104.7624832,41.127856],[-104.761944,41.1293737],[-104.7614751,41.1309047],[-104.7610771,41.1324471],[-104.7607506,41.133999],[-104.7604959,41.1355587],[-104.7603133,41.1371241],[-104.7602031,41.1386934],[-104.7601654,41.1402646],[-104.7602003,41.1418359],[-104.7603076,41.1434053],[-104.7604874,41.1449709],[-104.7607394,41.1465308],[-104.7610632,41.1480831],[-104.7614585,41.1496259],[-104.7619249,41.1511573],[-104.7624616,41.1526755],[-104.7630682,41.1541786],[-104.7637439,41.1556648],[-104.7644878,41.1571323],[-104.765299,41.1585792],[-104.7661766,41.1600039],[-104.7671195,41.1614045],[-104.7681266,41.1627794],[-104.7691965,41.1641269],[-104.7703281,41.1654454],[-104.7715199,41.1667332],[-104.7727706,41.1679887],[-104.7740785,41.1692105],[-104.775442,41.1703971],[-104.7768596,41.1715469],[-104.7783295,41.1726586],[-104.7798499,41.1737309],[-104.781419,41.1747624],[-104.7830347,41.1757519],[-104.7846953,41.1766982],[-104.7863986,41.1776001],[-104.7881425,41.1784564],[-104.789925,41.1792663],[-104.7917439,41.1800286],[-104.7935969,41.1807425],[-104.7954818,41.181407],[-104.7973963,41.1820214],[-104.799338,41.182585],[-104.8013046,41.1830969],[-104.8032937,41.1835567],[-104.8053029,41.1839637],[-104.8073296,41.1843174],[-104.8093715,41.1846175],[-104.811426,41.1848635],[-104.8134906,41.1850551],[-104.8155628,41.1851922],[-104.8176402,41.1852745],[-104.81972,41.1853019]]]}},{"type":"Feature","properties":{"id":"US-DC","subdivision":"District of Columbia"},"geometry":{"type":"Point","coordinates":[-77.03167,38.89472]}},{"type":"Feature","properties":{"id":"US-DC","radiusMeters":5000},"geometry":{"type":"Polygon","coordinates":[[[-77.03167,38.9397594],[-77.0336827,38.9397319],[-77.0356929,38.9396496],[-77.0376982,38.9395125],[-77.0396961,38.9393208],[-77.0416842,38.9390747],[-77.0436602,38.9387746],[-77.0456214,38.9384207],[-77.0475657,38.9380136],[-77.0494905,38.9375537],[-77.0513936,38.9370415],[-77.0532727,38.9364778],[-77.0551253,38.9358632],[-77.0569494,38.9351984],[-77.0587425,38.9344843],[-77.0605027,38.9337217],[-77.0622276,38.9329116],[-77.0639153,38.9320549],[-77.0655636,38.9311528],[-77.0671706,38.9302062],[-77.0687342,38.9292163],[-77.0702527,38.9281845],[-77.071724,38.9271118],[-77.0731465,38.9259997],[-77.0745184,38.9248494],[-77.075838,38.9236625],[-77.0771037,38.9224402],[-77.078314,38.9211842],[-77.0794675,38.919896],[-77.0805626,38.9185771],[-77.0815981,38.9172291],[-77.0825727,38.9158537],[-77.0834853,38.9144525],[-77.0843346,38.9130273],[-77.0851198,38.9115799],[-77.0858398,38.9101119],[-77.0864937,38.9086251],[-77.0870808,38.9071214],[-77.0876004,38.9056027],[-77.0880518,38.9040706],[-77.0884344,38.9025272],[-77.0887479,38.9009743],[-77.0889919,38.8994138],[-77.0891659,38.8978476],[-77.08927,38.8962777],[-77.0893038,38.8947058],[-77.0892674,38.8931339],[-77.0891609,38.891564],[-77.0889843,38.889998],[-77.0887379,38.8884378],[-77.088422,38.8868852],[-77.088037,38.8853421],[-77.0875833,38.8838105],[-77.0870615,38.8822923],[-77.0864723,38.8807891],[-77.0858164,38.879303],[-77.0850945,38.8778356],[-77.0843076,38.8763889],[-77.0834566,38.8749644],[-77.0825425,38.8735641],[-77.0815666,38.8721895],[-77.0805299,38.8708424],[-77.0794337,38.8695244],[-77.0782794,38.868237],[-77.0770684,38.866982],[-77.0758021,38.8657607],[-77.0744822,38.8645747],[-77.0731101,38.8634254],[-77.0716876,38.8623143],[-77.0702165,38.8612426],[-77.0686984,38.8602117],[-77.0671353,38.8592228],[-77.065529,38.8582772],[-77.0638816,38.8573759],[-77.0621949,38.8565202],[-77.0604712,38.8557109],[-77.0587124,38.8549491],[-77.0569207,38.8542358],[-77.0550983,38.8535718],[-77.0532474,38.8529579],[-77.0513702,38.8523948],[-77.0494691,38.8518833],[-77.0475464,38.8514239],[-77.0456043,38.8510173],[-77.0436453,38.8506639],[-77.0416718,38.8503641],[-77.0396861,38.8501183],[-77.0376906,38.8499268],[-77.0356878,38.8497899],[-77.0336801,38.8497077],[-77.03167,38.8496802],[-77.0296599,38.8497077],[-77.0276522,38.8497899],[-77.0256494,38.8499268],[-77.0236539,38.8501183],[-77.0216682,38.8503641],[-77.0196947,38.8506639],[-77.0177357,38.8510173],[-77.0157936,38.8514239],[-77.0138709,38.8518833],[-77.0119698,38.8523948],[-77.0100926,38.8529579],[-77.0082417,38.8535718],[-77.0064193,38.8542358],[-77.0046276,38.8549491],[-77.0028688,38.8557109],[-77.0011451,38.8565202],[-76.9994584,38.8573759],[-76.997811,38.8582772],[-76.9962047,38.8592228],[-76.9946416,38.8602117],[-76.9931235,38.8612426],[-76.9916524,38.8623143],[-76.9902299,38.8634254],[-76.9888578,38.8645747],[-76.9875379,38.8657607],[-76.9862716,38.866982],[-76.9850606,38.868237],[-76.9839063,38.8695244],[-76.9828101,38.8708424],[-76.9817734,38.8721895],[-76.9807975,38.8735641],[-76.9798834,38.8749644],[-76.9790324,38.8763889],[-76.9782455,38.8778356],[-76.9775236,38.879303],[-76.9768677,38.8807891],[-76.9762785,38.8822923],[-76.9757567,38.8838105],[-76.975303,38.8853421],[-76.974918,38.8868852],[-76.9746021,38.8884378],[-76.9743557,38.889998],[-76.9741791,38.891564],[-76.9740726,38.8931339],[-76.9740362,38.8947058],[-76.97407,38.8962777],[-76.9741741,38.8978476],[-76.9743481,38.8994138],[-76.9745921,38.9009743],[-76.9749056,38.9025272],[-76.9752882,38.9040706],[-76.9757396,38.9056027],[-76.9762592,38.9071214],[-76.9768463,38.9086251],[-76.9775002,38.9101119],[-76.9782202,38.9115799],[-76.9790054,38.9130273],[-76.9798547,38.9144525],[-76.9807673,38.9158537],[-76.9817419,38.9172291],[-76.9827774,38.9185771],[-76.9838725,38.919896],[-76.985026,38.9211842],[-76.9862363,38.9224402],[-76.987502,38.9236625],[-76.9888216,38.9248494],[-76.9901935,38.9259997],[-76.991616,38.9271118],[-76.9930873,38.9281845],[-76.9946058,38.9292163],[-76.9961694,38.9302062],[-76.9977764,38.9311528],[-76.9994247,38.9320549],[-77.0011124,38.9329116],[-77.0028373,38.9337217],[-77.0045975,38.9344843],[-77.0063906,38.9351984],[-77.0082147,38.9358632],[-77.0100673,38.9364778],[-77.0119464,38.9370415],[-77.0138495,38.9375537],[-77.0157743,38.9380136],[-77.0177186,38.9384207],[-77.0196798,38.9387746],[-77.0216558,38.9390747],[-77.0236439,38.9393208],[-77.0256418,38.9395125],[-77.0276471,38.9396496],[-77.0296573,38.9397319],[-77.03167,38.9397594]]]}},{"type":"Feature","properties":{"id":"CA-AB","subdivision":"Alberta"},"geometry":{"type":"Point","coordinates":[-113.506531,53.533714]}},{"type":"Feature","properties":{"id":"CA-AB","radiusMeters":5000},"geometry":{"type":"Polygon","coordinates":[[[-113.506531,53.578639],[-113.5091655,53.5786116],[-113.5117967,53.5785294],[-113.5144215,53.5783926],[-113.5170367,53.5782013],[-113.519639,53.5779557],[-113.5222254,53.5776562],[-113.5247925,53.5773031],[-113.5273373,53.5768968],[-113.5298567,53.5764379],[-113.5323476,53.5759269],[-113.5348069,53.5753644],[-113.5372317,53.5747511],[-113.539619,53.5740877],[-113.5419658,53.5733752],[-113.5442693,53.5726142],[-113.5465268,53.5718059],[-113.5487354,53.5709511],[-113.5508924,53.5700509],[-113.5529952,53.5691064],[-113.5550413,53.5681187],[-113.5570282,53.5670891],[-113.5589534,53.5660189],[-113.5608145,53.5649092],[-113.5626094,53.5637616],[-113.5643358,53.5625773],[-113.5659917,53.5613578],[-113.5675749,53.5601047],[-113.5690837,53.5588194],[-113.5705161,53.5575035],[-113.5718704,53.5561587],[-113.573145,53.5547865],[-113.5743383,53.5533886],[-113.5754488,53.5519668],[-113.5764753,53.5505228],[-113.5774165,53.5490583],[-113.5782712,53.5475751],[-113.5790385,53.5460751],[-113.5797173,53.54456],[-113.5803069,53.5430317],[-113.5808065,53.5414921],[-113.5812156,53.539943],[-113.5815337,53.5383864],[-113.5817603,53.5368242],[-113.5818953,53.5352581],[-113.5819385,53.5336902],[-113.5818898,53.5321224],[-113.5817492,53.5305565],[-113.5815171,53.5289945],[-113.5811936,53.5274383],[-113.5807792,53.5258898],[-113.5802744,53.5243508],[-113.5796798,53.5228232],[-113.5789962,53.521309],[-113.5782243,53.5198099],[-113.5773652,53.5183277],[-113.5764199,53.5168643],[-113.5753895,53.5154214],[-113.5742754,53.5140009],[-113.5730788,53.5126044],[-113.5718013,53.5112336],[-113.5704443,53.5098902],[-113.5690097,53.5085758],[-113.567499,53.5072921],[-113.5659142,53.5060405],[-113.5642572,53.5048227],[-113.56253,53.50364],[-113.5607348,53.502494],[-113.5588736,53.501386],[-113.5569488,53.5003174],[-113.5549627,53.4992894],[-113.5529178,53.4983034],[-113.5508165,53.4973605],[-113.5486614,53.4964618],[-113.5464551,53.4956085],[-113.5442002,53.4948016],[-113.5418996,53.4940421],[-113.5395561,53.4933309],[-113.5371724,53.4926688],[-113.5347515,53.4920567],[-113.5322963,53.4914953],[-113.5298098,53.4909852],[-113.527295,53.4905272],[-113.524755,53.4901218],[-113.5221929,53.4897694],[-113.5196117,53.4894705],[-113.5170147,53.4892255],[-113.5144049,53.4890346],[-113.5117856,53.488898],[-113.5091599,53.488816],[-113.506531,53.4887887],[-113.5039021,53.488816],[-113.5012764,53.488898],[-113.4986571,53.4890346],[-113.4960473,53.4892255],[-113.4934503,53.4894705],[-113.4908691,53.4897694],[-113.488307,53.4901218],[-113.485767,53.4905272],[-113.4832522,53.4909852],[-113.4807657,53.4914953],[-113.4783105,53.4920567],[-113.4758896,53.4926688],[-113.4735059,53.4933309],[-113.4711624,53.4940421],[-113.4688618,53.4948016],[-113.4666069,53.4956085],[-113.4644006,53.4964618],[-113.4622455,53.4973605],[-113.4601442,53.4983034],[-113.4580993,53.4992894],[-113.4561132,53.5003174],[-113.4541884,53.501386],[-113.4523272,53.502494],[-113.450532,53.50364],[-113.4488048,53.5048227],[-113.4471478,53.5060405],[-113.445563,53.5072921],[-113.4440523,53.5085758],[-113.4426177,53.5098902],[-113.4412607,53.5112336],[-113.4399832,53.5126044],[-113.4387866,53.5140009],[-113.4376725,53.5154214],[-113.4366421,53.5168643],[-113.4356968,53.5183277],[-113.4348377,53.5198099],[-113.4340658,53.521309],[-113.4333822,53.5228232],[-113.4327876,53.5243508],[-113.4322828,53.5258898],[-113.4318684,53.5274383],[-113.4315449,53.5289945],[-113.4313128,53.5305565],[-113.4311722,53.5321224],[-113.4311235,53.5336902],[-113.4311667,53.5352581],[-113.4313017,53.5368242],[-113.4315283,53.5383864],[-113.4318464,53.539943],[-113.4322555,53.5414921],[-113.4327551,53.5430317],[-113.4333447,53.54456],[-113.4340235,53.5460751],[-113.4347908,53.5475751],[-113.4356455,53.5490583],[-113.4365867,53.5505228],[-113.4376132,53.5519668],[-113.4387237,53.5533886],[-113.439917,53.5547865],[-113.4411916,53.5561587],[-113.4425459,53.5575035],[-113.4439783,53.5588194],[-113.4454871,53.5601047],[-113.4470703,53.5613578],[-113.4487262,53.5625773],[-113.4504526,53.5637616],[-113.4522475,53.5649092],[-113.4541086,53.5660189],[-113.4560338,53.5670891],[-113.4580207,53.5681187],[-113.4600668,53.5691064],[-113.4621696,53.5700509],[-113.4643266,53.5709511],[-113.4665352,53.5718059],[-113.4687927,53.5726142],[-113.4710962,53.5733752],[-113.473443,53.5740877],[-113.4758303,53.5747511],[-113.4782551,53.5753644],[-113.4807144,53.5759269],[-113.4832053,53.5764379],[-113.4857247,53.5768968],[-113.4882695,53.5773031],[-113.4908366,53.5776562],[-113.493423,53.5779557],[-113.4960253,53.5782013],[-113.4986405,53.5783926],[-113.5012653,53.5785294],[-113.5038965,53.5786116],[-113.506531,53.578639]]]}},{"type":"Feature","properties":{"id":"CA-BC","subdivision":"British Columbia"},"geometry":{"type":"Point","coordinates":[-123.370261,48.419631]}},{"type":"Feature","properties":{"id":"CA-BC","radiusMeters":5000},"geometry":{"type":"Polygon","coordinates":[[[-123.370261,48.4645955],[-123.3726206,48.4645681],[-123.3749773,48.4644858],[-123.3773282,48.4643489],[-123.3796705,48.4641575],[-123.3820013,48.4639118],[-123.3843178,48.463612],[-123.3866171,48.4632587],[-123.3888964,48.4628521],[-123.3911529,48.4623929],[-123.393384,48.4618815],[-123.3955868,48.4613186],[-123.3977586,48.4607048],[-123.3998969,48.460041],[-123.401999,48.4593279],[-123.4040623,48.4585664],[-123.4060844,48.4577575],[-123.4080627,48.4569021],[-123.4099948,48.4560012],[-123.4118785,48.455056],[-123.4137113,48.4540676],[-123.4154911,48.4530373],[-123.4172156,48.4519662],[-123.4188829,48.4508557],[-123.4204908,48.4497072],[-123.4220374,48.448522],[-123.4235208,48.4473016],[-123.4249392,48.4460475],[-123.4262909,48.4447612],[-123.4275743,48.4434443],[-123.4287877,48.4420984],[-123.4299297,48.4407251],[-123.4309989,48.4393261],[-123.431994,48.4379032],[-123.4329139,48.436458],[-123.4337573,48.4349923],[-123.4345233,48.4335079],[-123.435211,48.4320066],[-123.4358194,48.4304902],[-123.4363479,48.4289607],[-123.4367959,48.4274198],[-123.4371628,48.4258694],[-123.4374481,48.4243115],[-123.4376516,48.4227478],[-123.4377729,48.4211804],[-123.437812,48.4196112],[-123.4377687,48.418042],[-123.4376433,48.4164747],[-123.4374357,48.4149113],[-123.4371464,48.4133537],[-123.4367755,48.4118037],[-123.4363237,48.4102634],[-123.4357914,48.4087344],[-123.4351794,48.4072187],[-123.4344883,48.4057182],[-123.433719,48.4042347],[-123.4328725,48.4027699],[-123.4319498,48.4013257],[-123.430952,48.3999038],[-123.4298803,48.3985059],[-123.4287361,48.3971338],[-123.4275207,48.3957891],[-123.4262357,48.3944734],[-123.4248826,48.3931884],[-123.423463,48.3919356],[-123.4219787,48.3907166],[-123.4204316,48.3895328],[-123.4188234,48.3883856],[-123.4171561,48.3872765],[-123.4154318,48.3862068],[-123.4136526,48.3851778],[-123.4118207,48.3841908],[-123.4099382,48.3832469],[-123.4080074,48.3823473],[-123.4060308,48.3814931],[-123.4040107,48.3806854],[-123.4019496,48.3799251],[-123.39985,48.3792131],[-123.3977143,48.3785503],[-123.3955454,48.3779376],[-123.3933457,48.3773756],[-123.3911179,48.376865],[-123.3888648,48.3764065],[-123.3865891,48.3760007],[-123.3842935,48.3756479],[-123.3819809,48.3753487],[-123.3796541,48.3751034],[-123.3773158,48.3749123],[-123.374969,48.3747756],[-123.3726164,48.3746935],[-123.370261,48.3746662],[-123.3679056,48.3746935],[-123.365553,48.3747756],[-123.3632062,48.3749123],[-123.3608679,48.3751034],[-123.3585411,48.3753487],[-123.3562285,48.3756479],[-123.3539329,48.3760007],[-123.3516572,48.3764065],[-123.3494041,48.376865],[-123.3471763,48.3773756],[-123.3449766,48.3779376],[-123.3428077,48.3785503],[-123.340672,48.3792131],[-123.3385724,48.3799251],[-123.3365113,48.3806854],[-123.3344912,48.3814931],[-123.3325146,48.3823473],[-123.3305838,48.3832469],[-123.3287013,48.3841908],[-123.3268694,48.3851778],[-123.3250902,48.3862068],[-123.3233659,48.3872765],[-123.3216986,48.3883856],[-123.3200904,48.3895328],[-123.3185433,48.3907166],[-123.317059,48.3919356],[-123.3156394,48.3931884],[-123.3142863,48.3944734],[-123.3130013,48.3957891],[-123.3117859,48.3971338],[-123.3106417,48.3985059],[-123.30957,48.3999038],[-123.3085722,48.4013257],[-123.3076495,48.4027699],[-123.306803,48.4042347],[-123.3060337,48.4057182],[-123.3053426,48.4072187],[-123.3047306,48.4087344],[-123.3041983,48.4102634],[-123.3037465,48.4118037],[-123.3033756,48.4133537],[-123.3030863,48.4149113],[-123.3028787,48.4164747],[-123.3027533,48.418042],[-123.30271,48.4196112],[-123.3027491,48.4211804],[-123.3028704,48.4227478],[-123.3030739,48.4243115],[-123.3033592,48.4258694],[-123.3037261,48.4274198],[-123.3041741,48.4289607],[-123.3047026,48.4304902],[-123.305311,48.4320066],[-123.3059987,48.4335079],[-123.3067647,48.4349923],[-123.3076081,48.436458],[-123.308528,48.4379032],[-123.3095231,48.4393261],[-123.3105923,48.4407251],[-123.3117343,48.4420984],[-123.3129477,48.4434443],[-123.3142311,48.4447612],[-123.3155828,48.4460475],[-123.3170012,48.4473016],[-123.3184846,48.448522],[-123.3200312,48.4497072],[-123.3216391,48.4508557],[-123.3233064,48.4519662],[-123.3250309,48.4530373],[-123.3268107,48.4540676],[-123.3286435,48.455056],[-123.3305272,48.4560012],[-123.3324593,48.4569021],[-123.3344376,48.4577575],[-123.3364597,48.4585664],[-123.338523,48.4593279],[-123.3406251,48.460041],[-123.3427634,48.4607048],[-123.3449352,48.4613186],[-123.347138,48.4618815],[-123.3493691,48.4623929],[-123.3516256,48.4628521],[-123.3539049,48.4632587],[-123.3562042,48.463612],[-123.3585207,48.4639118],[-123.3608515,48.4641575],[-123.3631938,48.4643489],[-123.3655447,48.4644858],[-123.3679014,48.4645681],[-123.370261,48.4645955]]]}},{"type":"Feature","properties":{"id":"CA-MB","subdivision":"Manitoba"},"geometry":{"type":"Point","coordinates":[-97.146918,49.884394]}},{"type":"Feature","properties":{"id":"CA-MB","radiusMeters":5000},"geometry":{"type":"Polygon","coordinates":[[[-97.146918,49.929347],[-97.1493483,49.9293196],[-97.1517756,49.9292374],[-97.154197,49.9291005],[-97.1566095,49.9289091],[-97.1590102,49.9286634],[-97.1613961,49.9283638],[-97.1637643,49.9280105],[-97.1661119,49.927604],[-97.1684361,49.9271449],[-97.170734,49.9266336],[-97.1730028,49.9260708],[-97.1752397,49.9254572],[-97.177442,49.9247935],[-97.1796071,49.9240806],[-97.1817322,49.9233192],[-97.1838148,49.9225105],[-97.1858524,49.9216552],[-97.1878424,49.9207546],[-97.1897824,49.9198096],[-97.1916701,49.9188214],[-97.1935032,49.9177913],[-97.1952794,49.9167204],[-97.1969965,49.9156102],[-97.1986525,49.9144619],[-97.2002454,49.913277],[-97.2017732,49.9120569],[-97.203234,49.9108031],[-97.2046261,49.9095171],[-97.2059478,49.9082005],[-97.2071975,49.9068549],[-97.2083736,49.9054819],[-97.2094748,49.9040833],[-97.2104996,49.9026606],[-97.2114469,49.9012158],[-97.2123155,49.8997504],[-97.2131043,49.8982664],[-97.2138124,49.8967655],[-97.214439,49.8952495],[-97.2149832,49.8937203],[-97.2154445,49.8921798],[-97.2158223,49.8906298],[-97.216116,49.8890722],[-97.2163255,49.887509],[-97.2164503,49.885942],[-97.2164904,49.8843731],[-97.2164458,49.8828043],[-97.2163165,49.8812375],[-97.2161026,49.8796745],[-97.2158045,49.8781173],[-97.2154224,49.8765677],[-97.214957,49.8750277],[-97.2144087,49.8734992],[-97.2137782,49.8719839],[-97.2130663,49.8704838],[-97.2122739,49.8690007],[-97.211402,49.8675363],[-97.2104516,49.8660925],[-97.2094238,49.8646709],[-97.20832,49.8632735],[-97.2071415,49.8619017],[-97.2058898,49.8605574],[-97.2045662,49.8592421],[-97.2031726,49.8579575],[-97.2017105,49.856705],[-97.2001818,49.8554863],[-97.1985883,49.8543029],[-97.196932,49.853156],[-97.1952148,49.8520472],[-97.193439,49.8509778],[-97.1916065,49.8499491],[-97.1897198,49.8489624],[-97.187781,49.8480188],[-97.1857925,49.8471195],[-97.1837568,49.8462656],[-97.1816763,49.8454581],[-97.1795535,49.844698],[-97.1773911,49.8439862],[-97.1751917,49.8433236],[-97.1729579,49.8427111],[-97.1706924,49.8421492],[-97.1683981,49.8416388],[-97.1660777,49.8411805],[-97.163734,49.8407747],[-97.1613698,49.8404221],[-97.1589881,49.840123],[-97.1565917,49.8398777],[-97.1541836,49.8396867],[-97.1517666,49.83955],[-97.1493438,49.839468],[-97.146918,49.8394406],[-97.1444922,49.839468],[-97.1420694,49.83955],[-97.1396524,49.8396867],[-97.1372443,49.8398777],[-97.1348479,49.840123],[-97.1324662,49.8404221],[-97.130102,49.8407747],[-97.1277583,49.8411805],[-97.1254379,49.8416388],[-97.1231436,49.8421492],[-97.1208781,49.8427111],[-97.1186443,49.8433236],[-97.1164449,49.8439862],[-97.1142825,49.844698],[-97.1121597,49.8454581],[-97.1100792,49.8462656],[-97.1080435,49.8471195],[-97.106055,49.8480188],[-97.1041162,49.8489624],[-97.1022295,49.8499491],[-97.100397,49.8509778],[-97.0986212,49.8520472],[-97.096904,49.853156],[-97.0952477,49.8543029],[-97.0936542,49.8554863],[-97.0921255,49.856705],[-97.0906634,49.8579575],[-97.0892698,49.8592421],[-97.0879462,49.8605574],[-97.0866945,49.8619017],[-97.085516,49.8632735],[-97.0844122,49.8646709],[-97.0833844,49.8660925],[-97.082434,49.8675363],[-97.0815621,49.8690007],[-97.0807697,49.8704838],[-97.0800578,49.8719839],[-97.0794273,49.8734992],[-97.078879,49.8750277],[-97.0784136,49.8765677],[-97.0780315,49.8781173],[-97.0777334,49.8796745],[-97.0775195,49.8812375],[-97.0773902,49.8828043],[-97.0773456,49.8843731],[-97.0773857,49.885942],[-97.0775105,49.887509],[-97.07772,49.8890722],[-97.0780137,49.8906298],[-97.0783915,49.8921798],[-97.0788528,49.8937203],[-97.079397,49.8952495],[-97.0800236,49.8967655],[-97.0807317,49.8982664],[-97.0815205,49.8997504],[-97.0823891,49.9012158],[-97.0833364,49.9026606],[-97.0843612,49.9040833],[-97.0854624,49.9054819],[-97.0866385,49.9068549],[-97.0878882,49.9082005],[-97.0892099,49.9095171],[-97.090602,49.9108031],[-97.0920628,49.9120569],[-97.0935906,49.913277],[-97.0951835,49.9144619],[-97.0968395,49.9156102],[-97.0985566,49.9167204],[-97.1003328,49.9177913],[-97.1021659,49.9188214],[-97.1040536,49.9198096],[-97.1059936,49.9207546],[-97.1079836,49.9216552],[-97.1100212,49.9225105],[-97.1121038,49.9233192],[-97.1142289,49.9240806],[-97.116394,49.9247935],[-97.1185963,49.9254572],[-97.1208332,49.9260708],[-97.123102,49.9266336],[-97.1253999,49.9271449],[-97.1277241,49.927604],[-97.1300717,49.9280105],[-97.1324399,49.9283638],[-97.1348258,49.9286634],[-97.1372265,49.9289091],[-97.139639,49.9291005],[-97.1420604,49.9292374],[-97.1444877,49.9293196],[-97.146918,49.929347]]]}},{"type":"Feature","properties":{"id":"CA-NB","subdivision":"New Brunswick"},"geometry":{"type":"Point","coordinates":[-66.636103,45.959325]}},{"type":"Feature","properties":{"id":"CA-NB","radiusMeters":5000},"geometry":{"type":"Polygon","coordinates":[[[-66.636103,46.0043089],[-66.6383558,46.0042814],[-66.6406059,46.0041992],[-66.6428505,46.0040622],[-66.6450868,46.0038707],[-66.6473121,46.0036249],[-66.6495238,46.0033251],[-66.6517191,46.0029716],[-66.6538953,46.0025649],[-66.6560498,46.0021055],[-66.6581799,46.0015939],[-66.6602831,46.0010308],[-66.6623567,46.0004168],[-66.6643983,45.9997527],[-66.6664053,45.9990394],[-66.6683753,45.9982776],[-66.670306,45.9974684],[-66.6721949,45.9966126],[-66.6740397,45.9957114],[-66.6758382,45.9947659],[-66.6775882,45.9937771],[-66.6792875,45.9927464],[-66.6809342,45.9916749],[-66.6825261,45.990564],[-66.6840614,45.9894151],[-66.6855382,45.9882294],[-66.6869546,45.9870086],[-66.688309,45.985754],[-66.6895997,45.9844672],[-66.6908251,45.9831498],[-66.6919838,45.9818033],[-66.6930743,45.9804295],[-66.6940953,45.97903],[-66.6950456,45.9776064],[-66.695924,45.9761606],[-66.6967294,45.9746944],[-66.697461,45.9732093],[-66.6981177,45.9717074],[-66.6986988,45.9701905],[-66.6992036,45.9686603],[-66.6996315,45.9671187],[-66.6999819,45.9655677],[-66.7002545,45.9640091],[-66.700449,45.9624448],[-66.700565,45.9608767],[-66.7006024,45.9593068],[-66.7005613,45.9577369],[-66.7004417,45.956169],[-66.7002437,45.9546049],[-66.6999675,45.9530466],[-66.6996136,45.9514959],[-66.6991824,45.9499549],[-66.6986743,45.9484252],[-66.69809,45.9469089],[-66.6974303,45.9454077],[-66.6966959,45.9439235],[-66.6958877,45.942458],[-66.6950068,45.9410131],[-66.6940542,45.9395906],[-66.693031,45.938192],[-66.6919386,45.9368193],[-66.6907782,45.935474],[-66.6895513,45.9341577],[-66.6882593,45.9328721],[-66.6869039,45.9316187],[-66.6854868,45.9303991],[-66.6840095,45.9292147],[-66.682474,45.928067],[-66.680882,45.9269573],[-66.6792356,45.9258871],[-66.6775368,45.9248576],[-66.6757875,45.9238701],[-66.67399,45.9229257],[-66.6721465,45.9220257],[-66.6702591,45.9211711],[-66.6683301,45.920363],[-66.666362,45.9196023],[-66.6643572,45.91889],[-66.6623179,45.9182269],[-66.6602468,45.9176138],[-66.6581464,45.9170515],[-66.6560191,45.9165407],[-66.6538676,45.916082],[-66.6516946,45.9156759],[-66.6495026,45.915323],[-66.6472943,45.9150236],[-66.6450724,45.9147782],[-66.6428396,45.914587],[-66.6405986,45.9144503],[-66.6383522,45.9143682],[-66.636103,45.9143408],[-66.6338538,45.9143682],[-66.6316074,45.9144503],[-66.6293664,45.914587],[-66.6271336,45.9147782],[-66.6249117,45.9150236],[-66.6227034,45.915323],[-66.6205114,45.9156759],[-66.6183384,45.916082],[-66.6161869,45.9165407],[-66.6140596,45.9170515],[-66.6119592,45.9176138],[-66.6098881,45.9182269],[-66.6078488,45.91889],[-66.605844,45.9196023],[-66.6038759,45.920363],[-66.6019469,45.9211711],[-66.6000595,45.9220257],[-66.598216,45.9229257],[-66.5964185,45.9238701],[-66.5946692,45.9248576],[-66.5929704,45.9258871],[-66.591324,45.9269573],[-66.589732,45.928067],[-66.5881965,45.9292147],[-66.5867192,45.9303991],[-66.5853021,45.9316187],[-66.5839467,45.9328721],[-66.5826547,45.9341577],[-66.5814278,45.935474],[-66.5802674,45.9368193],[-66.579175,45.938192],[-66.5781518,45.9395906],[-66.5771992,45.9410131],[-66.5763183,45.942458],[-66.5755101,45.9439235],[-66.5747757,45.9454077],[-66.574116,45.9469089],[-66.5735317,45.9484252],[-66.5730236,45.9499549],[-66.5725924,45.9514959],[-66.5722385,45.9530466],[-66.5719623,45.9546049],[-66.5717643,45.956169],[-66.5716447,45.9577369],[-66.5716036,45.9593068],[-66.571641,45.9608767],[-66.571757,45.9624448],[-66.5719515,45.9640091],[-66.5722241,45.9655677],[-66.5725745,45.9671187],[-66.5730024,45.9686603],[-66.5735072,45.9701905],[-66.5740883,45.9717074],[-66.574745,45.9732093],[-66.5754766,45.9746944],[-66.576282,45.9761606],[-66.5771604,45.9776064],[-66.5781107,45.97903],[-66.5791317,45.9804295],[-66.5802222,45.9818033],[-66.5813809,45.9831498],[-66.5826063,45.9844672],[-66.583897,45.985754],[-66.5852514,45.9870086],[-66.5866678,45.9882294],[-66.5881446,45.9894151],[-66.5896799,45.990564],[-66.5912718,45.9916749],[-66.5929185,45.9927464],[-66.5946178,45.9937771],[-66.5963678,45.9947659],[-66.5981663,45.9957114],[-66.6000111,45.9966126],[-66.6019,45.9974684],[-66.6038307,45.9982776],[-66.6058007,45.9990394],[-66.6078077,45.9997527],[-66.6098493,46.0004168],[-66.6119229,46.0010308],[-66.6140261,46.0015939],[-66.6161562,46.0021055],[-66.6183107,46.0025649],[-66.6204869,46.0029716],[-66.6226822,46.0033251],[-66.6248939,46.0036249],[-66.6271192,46.0038707],[-66.6293555,46.0040622],[-66.6316001,46.0041992],[-66.6338502,46.0042814],[-66.636103,46.0043089]]]}},{"type":"Feature","properties":{"id":"CA-NL","subdivision":"Newfoundland and Labrador"},"geometry":{"type":"Point","coordinates":[-52.7238083,47.5834083]}},{"type":"Feature","properties":{"id":"CA-NL","radiusMeters":5000},"geometry":{"type":"Polygon","coordinates":[[[-52.7238083,47.6283793],[-52.72613,47.6283519],[-52.7284488,47.6282697],[-52.730762,47.6281328],[-52.7330667,47.6279413],[-52.7353601,47.6276956],[-52.7376394,47.6273958],[-52.7399017,47.6270424],[-52.7421445,47.6266358],[-52.7443648,47.6261765],[-52.74656,47.625665],[-52.7487274,47.625102],[-52.7508644,47.6244882],[-52.7529684,47.6238243],[-52.7550368,47.6231111],[-52.757067,47.6223496],[-52.7590566,47.6215405],[-52.7610032,47.620685],[-52.7629043,47.619784],[-52.7647577,47.6188387],[-52.7665612,47.6178502],[-52.7683124,47.6168197],[-52.7700093,47.6157485],[-52.7716498,47.6146379],[-52.773232,47.6134892],[-52.7747538,47.6123039],[-52.7762134,47.6110833],[-52.7776091,47.609829],[-52.7789392,47.6085426],[-52.780202,47.6072255],[-52.7813959,47.6058794],[-52.7825197,47.6045059],[-52.7835718,47.6031068],[-52.784551,47.6016836],[-52.7854561,47.6002382],[-52.7862861,47.5987723],[-52.7870399,47.5972877],[-52.7877165,47.5957862],[-52.7883153,47.5942697],[-52.7888354,47.5927399],[-52.7892762,47.5911988],[-52.7896373,47.5896482],[-52.7899181,47.58809],[-52.7901183,47.5865262],[-52.7902378,47.5849585],[-52.7902763,47.583389],[-52.7902338,47.5818196],[-52.7901104,47.5802521],[-52.7899063,47.5786885],[-52.7896216,47.5771306],[-52.7892568,47.5755805],[-52.7888122,47.5740398],[-52.7882886,47.5725106],[-52.7876864,47.5709947],[-52.7870064,47.569494],[-52.7862495,47.5680102],[-52.7854166,47.5665452],[-52.7845087,47.5651008],[-52.7835269,47.5636786],[-52.7824725,47.5622805],[-52.7813466,47.5609082],[-52.7801508,47.5595633],[-52.7788864,47.5582474],[-52.777555,47.5569622],[-52.7761582,47.5557092],[-52.7746977,47.55449],[-52.7731754,47.553306],[-52.771593,47.5521586],[-52.7699524,47.5510493],[-52.7682558,47.5499795],[-52.7665051,47.5489503],[-52.7647025,47.5479631],[-52.7628502,47.5470191],[-52.7609504,47.5461193],[-52.7590054,47.545265],[-52.7570177,47.5444571],[-52.7549896,47.5436967],[-52.7529235,47.5429846],[-52.7508221,47.5423217],[-52.7486879,47.5417089],[-52.7465234,47.5411468],[-52.7443313,47.5406361],[-52.7421143,47.5401776],[-52.739875,47.5397716],[-52.7376162,47.5394188],[-52.7353406,47.5391195],[-52.733051,47.5388742],[-52.7307502,47.538683],[-52.7284409,47.5385464],[-52.726126,47.5384643],[-52.7238083,47.5384369],[-52.7214906,47.5384643],[-52.7191757,47.5385464],[-52.7168664,47.538683],[-52.7145656,47.5388742],[-52.712276,47.5391195],[-52.7100004,47.5394188],[-52.7077416,47.5397716],[-52.7055023,47.5401776],[-52.7032853,47.5406361],[-52.7010932,47.5411468],[-52.6989287,47.5417089],[-52.6967945,47.5423217],[-52.6946931,47.5429846],[-52.692627,47.5436967],[-52.6905989,47.5444571],[-52.6886112,47.545265],[-52.6866662,47.5461193],[-52.6847664,47.5470191],[-52.6829141,47.5479631],[-52.6811115,47.5489503],[-52.6793608,47.5499795],[-52.6776642,47.5510493],[-52.6760236,47.5521586],[-52.6744412,47.553306],[-52.6729189,47.55449],[-52.6714584,47.5557092],[-52.6700616,47.5569622],[-52.6687302,47.5582474],[-52.6674658,47.5595633],[-52.66627,47.5609082],[-52.6651441,47.5622805],[-52.6640897,47.5636786],[-52.6631079,47.5651008],[-52.6622,47.5665452],[-52.6613671,47.5680102],[-52.6606102,47.569494],[-52.6599302,47.5709947],[-52.659328,47.5725106],[-52.6588044,47.5740398],[-52.6583598,47.5755805],[-52.657995,47.5771306],[-52.6577103,47.5786885],[-52.6575062,47.5802521],[-52.6573828,47.5818196],[-52.6573403,47.583389],[-52.6573788,47.5849585],[-52.6574983,47.5865262],[-52.6576985,47.58809],[-52.6579793,47.5896482],[-52.6583404,47.5911988],[-52.6587812,47.5927399],[-52.6593013,47.5942697],[-52.6599001,47.5957862],[-52.6605767,47.5972877],[-52.6613305,47.5987723],[-52.6621605,47.6002382],[-52.6630656,47.6016836],[-52.6640448,47.6031068],[-52.6650969,47.6045059],[-52.6662207,47.6058794],[-52.6674146,47.6072255],[-52.6686774,47.6085426],[-52.6700075,47.609829],[-52.6714032,47.6110833],[-52.6728628,47.6123039],[-52.6743846,47.6134892],[-52.6759668,47.6146379],[-52.6776073,47.6157485],[-52.6793042,47.6168197],[-52.6810554,47.6178502],[-52.6828589,47.6188387],[-52.6847123,47.619784],[-52.6866134,47.620685],[-52.68856,47.6215405],[-52.6905496,47.6223496],[-52.6925798,47.6231111],[-52.6946482,47.6238243],[-52.6967522,47.6244882],[-52.6988892,47.625102],[-52.7010566,47.625665],[-52.7032518,47.6261765],[-52.7054721,47.6266358],[-52.7077149,47.6270424],[-52.7099772,47.6273958],[-52.7122565,47.6276956],[-52.7145499,47.6279413],[-52.7168546,47.6281328],[-52.7191678,47.6282697],[-52.7214866,47.6283519],[-52.7238083,47.6283793]]]}},{"type":"Feature","properties":{"id":"CA-NT","subdivision":"Northwest Territories"},"geometry":{"type":"Point","coordinates":[-114.382042,62.459384]}},{"type":"Feature","properties":{"id":"CA-NT","radiusMeters":5000},"geometry":{"type":"Polygon","coordinates":[[[-114.382042,62.5042458],[-114.3854283,62.5042184],[-114.3888105,62.5041364],[-114.3921844,62.5039997],[-114.3955458,62.5038086],[-114.3988908,62.5035632],[-114.4022151,62.503264],[-114.4055147,62.5029113],[-114.4087857,62.5025054],[-114.4120239,62.5020469],[-114.4152254,62.5015364],[-114.4183863,62.5009744],[-114.4215027,62.5003617],[-114.4245709,62.4996991],[-114.427587,62.4989872],[-114.4305475,62.4982271],[-114.4334486,62.4974195],[-114.4362868,62.4965656],[-114.4390587,62.4956664],[-114.4417609,62.4947228],[-114.4443901,62.4937363],[-114.446943,62.4927078],[-114.4494166,62.4916387],[-114.4518079,62.4905302],[-114.4541138,62.4893838],[-114.4563318,62.4882009],[-114.4584589,62.4869828],[-114.4604927,62.4857311],[-114.4624306,62.4844473],[-114.4642704,62.483133],[-114.4660097,62.4817897],[-114.4676466,62.4804191],[-114.4691789,62.479023],[-114.4706048,62.4776029],[-114.4719226,62.4761606],[-114.4731307,62.474698],[-114.4742277,62.4732167],[-114.4752123,62.4717185],[-114.4760831,62.4702054],[-114.4768393,62.4686791],[-114.4774798,62.4671416],[-114.478004,62.4655946],[-114.4784113,62.4640401],[-114.478701,62.4624799],[-114.4788729,62.4609161],[-114.4789269,62.4593504],[-114.4788628,62.4577848],[-114.4786808,62.4562211],[-114.4783811,62.4546614],[-114.477964,62.4531074],[-114.4774302,62.4515612],[-114.4767802,62.4500245],[-114.4760149,62.4484993],[-114.4751353,62.4469873],[-114.4741423,62.4454905],[-114.4730374,62.4440106],[-114.4718217,62.4425495],[-114.4704968,62.4411089],[-114.4690644,62.4396906],[-114.4675261,62.4382964],[-114.4658839,62.4369278],[-114.4641398,62.4355866],[-114.462296,62.4342744],[-114.4603545,62.4329928],[-114.458318,62.4317433],[-114.4561887,62.4305275],[-114.4539694,62.4293469],[-114.4516627,62.4282028],[-114.4492714,62.4270967],[-114.4467985,62.4260299],[-114.444247,62.4250038],[-114.4416199,62.4240195],[-114.4389206,62.4230782],[-114.4361521,62.4221812],[-114.433318,62.4213294],[-114.4304217,62.4205239],[-114.4274666,62.4197657],[-114.4244564,62.4190558],[-114.4213948,62.4183949],[-114.4182854,62.4177839],[-114.415132,62.4172235],[-114.4119385,62.4167144],[-114.4087087,62.4162572],[-114.4054465,62.4158525],[-114.402156,62.4155008],[-114.3988411,62.4152024],[-114.3955058,62.4149578],[-114.3921542,62.4147673],[-114.3887903,62.414631],[-114.3854182,62.4145492],[-114.382042,62.4145219],[-114.3786658,62.4145492],[-114.3752937,62.414631],[-114.3719298,62.4147673],[-114.3685782,62.4149578],[-114.3652429,62.4152024],[-114.361928,62.4155008],[-114.3586375,62.4158525],[-114.3553753,62.4162572],[-114.3521455,62.4167144],[-114.348952,62.4172235],[-114.3457986,62.4177839],[-114.3426892,62.4183949],[-114.3396276,62.4190558],[-114.3366174,62.4197657],[-114.3336623,62.4205239],[-114.330766,62.4213294],[-114.3279319,62.4221812],[-114.3251634,62.4230782],[-114.3224641,62.4240195],[-114.319837,62.4250038],[-114.3172855,62.4260299],[-114.3148126,62.4270967],[-114.3124213,62.4282028],[-114.3101146,62.4293469],[-114.3078953,62.4305275],[-114.305766,62.4317433],[-114.3037295,62.4329928],[-114.301788,62.4342744],[-114.2999442,62.4355866],[-114.2982001,62.4369278],[-114.2965579,62.4382964],[-114.2950196,62.4396906],[-114.2935872,62.4411089],[-114.2922623,62.4425495],[-114.2910466,62.4440106],[-114.2899417,62.4454905],[-114.2889487,62.4469873],[-114.2880691,62.4484993],[-114.2873038,62.4500245],[-114.2866538,62.4515612],[-114.28612,62.4531074],[-114.2857029,62.4546614],[-114.2854032,62.4562211],[-114.2852212,62.4577848],[-114.2851571,62.4593504],[-114.2852111,62.4609161],[-114.285383,62.4624799],[-114.2856727,62.4640401],[-114.28608,62.4655946],[-114.2866042,62.4671416],[-114.2872447,62.4686791],[-114.2880009,62.4702054],[-114.2888717,62.4717185],[-114.2898563,62.4732167],[-114.2909533,62.474698],[-114.2921614,62.4761606],[-114.2934792,62.4776029],[-114.2949051,62.479023],[-114.2964374,62.4804191],[-114.2980743,62.4817897],[-114.2998136,62.483133],[-114.3016534,62.4844473],[-114.3035913,62.4857311],[-114.3056251,62.4869828],[-114.3077522,62.4882009],[-114.3099702,62.4893838],[-114.3122761,62.4905302],[-114.3146674,62.4916387],[-114.317141,62.4927078],[-114.3196939,62.4937363],[-114.3223231,62.4947228],[-114.3250253,62.4956664],[-114.3277972,62.4965656],[-114.3306354,62.4974195],[-114.3335365,62.4982271],[-114.336497,62.4989872],[-114.3395131,62.4996991],[-114.3425813,62.5003617],[-114.3456977,62.5009744],[-114.3488586,62.5015364],[-114.3520601,62.5020469],[-114.3552983,62.5025054],[-114.3585693,62.5029113],[-114.3618689,62.503264],[-114.3651932,62.5035632],[-114.3685382,62.5038086],[-114.3718996,62.5039997],[-114.3752735,62.5041364],[-114.3786557,62.5042184],[-114.382042,62.5042458]]]}},{"type":"Feature","properties":{"id":"CA-NS","subdivision":"Nova Scotia"},"geometry":{"type":"Point","coordinates":[-63.573396,44.64791]}},{"type":"Feature","properties":{"id":"CA-NS","radiusMeters":5000},"geometry":{"type":"Polygon","coordinates":[[[-63.573396,44.6929042],[-63.5755974,44.6928768],[-63.5777961,44.6927946],[-63.5799894,44.6926576],[-63.5821747,44.692466],[-63.5843493,44.6922202],[-63.5865104,44.6919203],[-63.5886556,44.6915667],[-63.5907821,44.6911599],[-63.5928874,44.6907004],[-63.594969,44.6901887],[-63.5970241,44.6896255],[-63.5990504,44.6890114],[-63.6010454,44.6883472],[-63.6030067,44.6876337],[-63.6049317,44.6868718],[-63.6068183,44.6860624],[-63.6086641,44.6852065],[-63.6104669,44.6843051],[-63.6122243,44.6833594],[-63.6139344,44.6823704],[-63.6155951,44.6813395],[-63.6172042,44.6802678],[-63.6187598,44.6791567],[-63.6202601,44.6780075],[-63.6217032,44.6768216],[-63.6230874,44.6756005],[-63.6244109,44.6743456],[-63.6256722,44.6730585],[-63.6268697,44.6717408],[-63.628002,44.6703941],[-63.6290677,44.66902],[-63.6300655,44.6676202],[-63.6309942,44.6661963],[-63.6318526,44.6647502],[-63.6326398,44.6632836],[-63.6333547,44.6617983],[-63.6339965,44.6602961],[-63.6345645,44.6587787],[-63.6350578,44.6572482],[-63.635476,44.6557063],[-63.6358186,44.654155],[-63.636085,44.652596],[-63.6362751,44.6510313],[-63.6363886,44.6494629],[-63.6364253,44.6478926],[-63.6363852,44.6463223],[-63.6362683,44.644754],[-63.6360749,44.6431896],[-63.6358051,44.6416309],[-63.6354594,44.6400799],[-63.635038,44.6385385],[-63.6345416,44.6370085],[-63.6339707,44.6354918],[-63.6333261,44.6339902],[-63.6326085,44.6325056],[-63.6318188,44.6310398],[-63.630958,44.6295946],[-63.6300271,44.6281717],[-63.6290273,44.6267728],[-63.6279598,44.6253997],[-63.626826,44.624054],[-63.625627,44.6227374],[-63.6243646,44.6214515],[-63.6230401,44.6201978],[-63.6216552,44.6189779],[-63.6202117,44.6177932],[-63.6187111,44.6166452],[-63.6171555,44.6155352],[-63.6155466,44.6144648],[-63.6138865,44.613435],[-63.6121771,44.6124472],[-63.6104205,44.6115026],[-63.6086189,44.6106024],[-63.6067745,44.6097476],[-63.6048896,44.6089392],[-63.6029663,44.6081783],[-63.601007,44.6074658],[-63.5990142,44.6068025],[-63.5969903,44.6061893],[-63.5949376,44.6056269],[-63.5928588,44.6051159],[-63.5907563,44.6046571],[-63.5886327,44.6042509],[-63.5864906,44.6038979],[-63.5843326,44.6035985],[-63.5821613,44.603353],[-63.5799793,44.6031617],[-63.5777893,44.6030249],[-63.575594,44.6029428],[-63.573396,44.6029154],[-63.571198,44.6029428],[-63.5690027,44.6030249],[-63.5668127,44.6031617],[-63.5646307,44.603353],[-63.5624594,44.6035985],[-63.5603014,44.6038979],[-63.5581593,44.6042509],[-63.5560357,44.6046571],[-63.5539332,44.6051159],[-63.5518544,44.6056269],[-63.5498017,44.6061893],[-63.5477778,44.6068025],[-63.545785,44.6074658],[-63.5438257,44.6081783],[-63.5419024,44.6089392],[-63.5400175,44.6097476],[-63.5381731,44.6106024],[-63.5363715,44.6115026],[-63.5346149,44.6124472],[-63.5329055,44.613435],[-63.5312454,44.6144648],[-63.5296365,44.6155352],[-63.5280809,44.6166452],[-63.5265803,44.6177932],[-63.5251368,44.6189779],[-63.5237519,44.6201978],[-63.5224274,44.6214515],[-63.521165,44.6227374],[-63.519966,44.624054],[-63.5188322,44.6253997],[-63.5177647,44.6267728],[-63.5167649,44.6281717],[-63.515834,44.6295946],[-63.5149732,44.6310398],[-63.5141835,44.6325056],[-63.5134659,44.6339902],[-63.5128213,44.6354918],[-63.5122504,44.6370085],[-63.511754,44.6385385],[-63.5113326,44.6400799],[-63.5109869,44.6416309],[-63.5107171,44.6431896],[-63.5105237,44.644754],[-63.5104068,44.6463223],[-63.5103667,44.6478926],[-63.5104034,44.6494629],[-63.5105169,44.6510313],[-63.510707,44.652596],[-63.5109734,44.654155],[-63.511316,44.6557063],[-63.5117342,44.6572482],[-63.5122275,44.6587787],[-63.5127955,44.6602961],[-63.5134373,44.6617983],[-63.5141522,44.6632836],[-63.5149394,44.6647502],[-63.5157978,44.6661963],[-63.5167265,44.6676202],[-63.5177243,44.66902],[-63.51879,44.6703941],[-63.5199223,44.6717408],[-63.5211198,44.6730585],[-63.5223811,44.6743456],[-63.5237046,44.6756005],[-63.5250888,44.6768216],[-63.5265319,44.6780075],[-63.5280322,44.6791567],[-63.5295878,44.6802678],[-63.5311969,44.6813395],[-63.5328576,44.6823704],[-63.5345677,44.6833594],[-63.5363251,44.6843051],[-63.5381279,44.6852065],[-63.5399737,44.6860624],[-63.5418603,44.6868718],[-63.5437853,44.6876337],[-63.5457466,44.6883472],[-63.5477416,44.6890114],[-63.5497679,44.6896255],[-63.551823,44.6901887],[-63.5539046,44.6907004],[-63.5560099,44.6911599],[-63.5581364,44.6915667],[-63.5602816,44.6919203],[-63.5624427,44.6922202],[-63.5646173,44.692466],[-63.5668026,44.6926576],[-63.5689959,44.6927946],[-63.5711946,44.6928768],[-63.573396,44.6929042]]]}},{"type":"Feature","properties":{"id":"CA-NU","subdivision":"Nunavut"},"geometry":{"type":"Point","coordinates":[-68.52306,63.75028]}},{"type":"Feature","properties":{"id":"CA-NU","radiusMeters":5000},"geometry":{"type":"Polygon","coordinates":[[[-68.52306,63.7951336],[-68.5266002,63.7951062],[-68.5301361,63.7950241],[-68.5336634,63.7948875],[-68.5371777,63.7946964],[-68.5406746,63.7944511],[-68.5441501,63.7941519],[-68.5475997,63.7937992],[-68.5510192,63.7933933],[-68.5544046,63.7929349],[-68.5577516,63.7924244],[-68.5610561,63.7918625],[-68.5643141,63.7912499],[-68.5675217,63.7905873],[-68.5706749,63.7898755],[-68.5737697,63.7891155],[-68.5768026,63.788308],[-68.5797697,63.7874542],[-68.5826675,63.786555],[-68.5854923,63.7856116],[-68.5882408,63.7846252],[-68.5909096,63.7835968],[-68.5934955,63.7825278],[-68.5959952,63.7814195],[-68.5984058,63.7802733],[-68.6007243,63.7790905],[-68.6029479,63.7778726],[-68.6050738,63.776621],[-68.6070996,63.7753374],[-68.6090227,63.7740232],[-68.6108408,63.7726801],[-68.6125517,63.7713098],[-68.6141533,63.7699138],[-68.6156438,63.7684939],[-68.6170212,63.7670519],[-68.6182839,63.7655894],[-68.6194304,63.7641084],[-68.6204593,63.7626105],[-68.6213694,63.7610976],[-68.6221596,63.7595716],[-68.622829,63.7580343],[-68.6233767,63.7564876],[-68.623802,63.7549333],[-68.6241046,63.7533735],[-68.6242841,63.7518099],[-68.6243402,63.7502444],[-68.6242729,63.7486791],[-68.6240823,63.7471158],[-68.6237687,63.7455563],[-68.6233324,63.7440027],[-68.6227741,63.7424568],[-68.6220943,63.7409204],[-68.621294,63.7393954],[-68.6203742,63.7378838],[-68.619336,63.7363873],[-68.6181807,63.7349077],[-68.6169096,63.7334469],[-68.6155244,63.7320067],[-68.6140268,63.7305887],[-68.6124186,63.7291947],[-68.6107018,63.7278265],[-68.6088784,63.7264856],[-68.6069507,63.7251737],[-68.6049211,63.7238923],[-68.6027921,63.7226432],[-68.6005662,63.7214277],[-68.5982461,63.7202473],[-68.5958347,63.7191035],[-68.593335,63.7179977],[-68.59075,63.7169312],[-68.5880827,63.7159053],[-68.5853365,63.7149212],[-68.5825148,63.7139802],[-68.5796209,63.7130834],[-68.5766583,63.7122318],[-68.5736307,63.7114266],[-68.5705417,63.7106686],[-68.5673952,63.7099588],[-68.5641948,63.7092981],[-68.5609446,63.7086872],[-68.5576484,63.708127],[-68.5543102,63.7076181],[-68.5509341,63.707161],[-68.5475243,63.7067564],[-68.5440847,63.7064048],[-68.5406197,63.7061065],[-68.5371334,63.705862],[-68.53363,63.7056715],[-68.5301138,63.7055352],[-68.526589,63.7054534],[-68.52306,63.7054261],[-68.519531,63.7054534],[-68.5160062,63.7055352],[-68.51249,63.7056715],[-68.5089866,63.705862],[-68.5055003,63.7061065],[-68.5020353,63.7064048],[-68.4985957,63.7067564],[-68.4951859,63.707161],[-68.4918098,63.7076181],[-68.4884716,63.708127],[-68.4851754,63.7086872],[-68.4819252,63.7092981],[-68.4787248,63.7099588],[-68.4755783,63.7106686],[-68.4724893,63.7114266],[-68.4694617,63.7122318],[-68.4664991,63.7130834],[-68.4636052,63.7139802],[-68.4607835,63.7149212],[-68.4580373,63.7159053],[-68.45537,63.7169312],[-68.452785,63.7179977],[-68.4502853,63.7191035],[-68.4478739,63.7202473],[-68.4455538,63.7214277],[-68.4433279,63.7226432],[-68.4411989,63.7238923],[-68.4391693,63.7251737],[-68.4372416,63.7264856],[-68.4354182,63.7278265],[-68.4337014,63.7291947],[-68.4320932,63.7305887],[-68.4305956,63.7320067],[-68.4292104,63.7334469],[-68.4279393,63.7349077],[-68.426784,63.7363873],[-68.4257458,63.7378838],[-68.424826,63.7393954],[-68.4240257,63.7409204],[-68.4233459,63.7424568],[-68.4227876,63.7440027],[-68.4223513,63.7455563],[-68.4220377,63.7471158],[-68.4218471,63.7486791],[-68.4217798,63.7502444],[-68.4218359,63.7518099],[-68.4220154,63.7533735],[-68.422318,63.7549333],[-68.4227433,63.7564876],[-68.423291,63.7580343],[-68.4239604,63.7595716],[-68.4247506,63.7610976],[-68.4256607,63.7626105],[-68.4266896,63.7641084],[-68.4278361,63.7655894],[-68.4290988,63.7670519],[-68.4304762,63.7684939],[-68.4319667,63.7699138],[-68.4335683,63.7713098],[-68.4352792,63.7726801],[-68.4370973,63.7740232],[-68.4390204,63.7753374],[-68.4410462,63.776621],[-68.4431721,63.7778726],[-68.4453957,63.7790905],[-68.4477142,63.7802733],[-68.4501248,63.7814195],[-68.4526245,63.7825278],[-68.4552104,63.7835968],[-68.4578792,63.7846252],[-68.4606277,63.7856116],[-68.4634525,63.786555],[-68.4663503,63.7874542],[-68.4693174,63.788308],[-68.4723503,63.7891155],[-68.4754451,63.7898755],[-68.4785983,63.7905873],[-68.4818059,63.7912499],[-68.4850639,63.7918625],[-68.4883684,63.7924244],[-68.4917154,63.7929349],[-68.4951008,63.7933933],[-68.4985203,63.7937992],[-68.5019699,63.7941519],[-68.5054454,63.7944511],[-68.5089423,63.7946964],[-68.5124566,63.7948875],[-68.5159839,63.7950241],[-68.5195198,63.7951062],[-68.52306,63.7951336]]]}},{"type":"Feature","properties":{"id":"CA-ON","subdivision":"Ontario"},"geometry":{"type":"Point","coordinates":[-79.391708,43.662447]}},{"type":"Feature","properties":{"id":"CA-ON","radiusMeters":5000},"geometry":{"type":"Polygon","coordinates":[[[-79.391708,43.707449],[-79.393873,43.7074216],[-79.3960354,43.7073393],[-79.3981924,43.7072023],[-79.4003416,43.7070108],[-79.4024802,43.7067648],[-79.4046057,43.7064649],[-79.4067154,43.7061113],[-79.4088068,43.7057045],[-79.4108773,43.7052449],[-79.4129244,43.7047331],[-79.4149456,43.7041698],[-79.4169384,43.7035556],[-79.4189004,43.7028913],[-79.4208293,43.7021777],[-79.4227225,43.7014157],[-79.424578,43.7006062],[-79.4263933,43.6997501],[-79.4281662,43.6988486],[-79.4298947,43.6979027],[-79.4315766,43.6969136],[-79.4332098,43.6958825],[-79.4347923,43.6948107],[-79.4363223,43.6936994],[-79.4377978,43.69255],[-79.4392171,43.6913639],[-79.4405784,43.6901426],[-79.4418802,43.6888876],[-79.4431207,43.6876003],[-79.4442984,43.6862824],[-79.4454121,43.6849354],[-79.4464602,43.6835611],[-79.4474416,43.6821611],[-79.4483549,43.680737],[-79.4491992,43.6792906],[-79.4499734,43.6778238],[-79.4506766,43.6763382],[-79.4513079,43.6748357],[-79.4518665,43.6733182],[-79.4523518,43.6717874],[-79.4527631,43.6702452],[-79.4531001,43.6686936],[-79.4533622,43.6671344],[-79.4535492,43.6655695],[-79.4536608,43.6640008],[-79.453697,43.6624302],[-79.4536576,43.6608597],[-79.4535427,43.6592911],[-79.4533526,43.6577264],[-79.4530873,43.6561674],[-79.4527473,43.6546161],[-79.4523329,43.6530744],[-79.4518447,43.6515441],[-79.4512833,43.6500272],[-79.4506494,43.6485253],[-79.4499437,43.6470405],[-79.4491671,43.6455744],[-79.4483205,43.6441289],[-79.4474051,43.6427057],[-79.4464218,43.6413066],[-79.445372,43.6399333],[-79.4442568,43.6385873],[-79.4430777,43.6372705],[-79.4418361,43.6359843],[-79.4405335,43.6347304],[-79.4391715,43.6335102],[-79.4377518,43.6323253],[-79.436276,43.6311771],[-79.434746,43.6300669],[-79.4331637,43.6289962],[-79.431531,43.6279663],[-79.4298498,43.6269783],[-79.4281222,43.6260335],[-79.4263503,43.6251331],[-79.4245364,43.6242781],[-79.4226824,43.6234696],[-79.4207909,43.6227086],[-79.4188639,43.6219959],[-79.416904,43.6213325],[-79.4149134,43.6207192],[-79.4128946,43.6201566],[-79.41085,43.6196456],[-79.4087822,43.6191867],[-79.4066936,43.6187804],[-79.4045868,43.6184273],[-79.4024644,43.6181278],[-79.4003288,43.6178822],[-79.3981828,43.617691],[-79.3960289,43.6175542],[-79.3938698,43.617472],[-79.391708,43.6174446],[-79.3895462,43.617472],[-79.3873871,43.6175542],[-79.3852332,43.617691],[-79.3830872,43.6178822],[-79.3809516,43.6181278],[-79.3788292,43.6184273],[-79.3767224,43.6187804],[-79.3746338,43.6191867],[-79.372566,43.6196456],[-79.3705214,43.6201566],[-79.3685026,43.6207192],[-79.366512,43.6213325],[-79.3645521,43.6219959],[-79.3626251,43.6227086],[-79.3607336,43.6234696],[-79.3588796,43.6242781],[-79.3570657,43.6251331],[-79.3552938,43.6260335],[-79.3535662,43.6269783],[-79.351885,43.6279663],[-79.3502523,43.6289962],[-79.34867,43.6300669],[-79.34714,43.6311771],[-79.3456642,43.6323253],[-79.3442445,43.6335102],[-79.3428825,43.6347304],[-79.3415799,43.6359843],[-79.3403383,43.6372705],[-79.3391592,43.6385873],[-79.338044,43.6399333],[-79.3369942,43.6413066],[-79.3360109,43.6427057],[-79.3350955,43.6441289],[-79.3342489,43.6455744],[-79.3334723,43.6470405],[-79.3327666,43.6485253],[-79.3321327,43.6500272],[-79.3315713,43.6515441],[-79.3310831,43.6530744],[-79.3306687,43.6546161],[-79.3303287,43.6561674],[-79.3300634,43.6577264],[-79.3298733,43.6592911],[-79.3297584,43.6608597],[-79.329719,43.6624302],[-79.3297552,43.6640008],[-79.3298668,43.6655695],[-79.3300538,43.6671344],[-79.3303159,43.6686936],[-79.3306529,43.6702452],[-79.3310642,43.6717874],[-79.3315495,43.6733182],[-79.3321081,43.6748357],[-79.3327394,43.6763382],[-79.3334426,43.6778238],[-79.3342168,43.6792906],[-79.3350611,43.680737],[-79.3359744,43.6821611],[-79.3369558,43.6835611],[-79.3380039,43.6849354],[-79.3391176,43.6862824],[-79.3402953,43.6876003],[-79.3415358,43.6888876],[-79.3428376,43.6901426],[-79.3441989,43.6913639],[-79.3456182,43.69255],[-79.3470937,43.6936994],[-79.3486237,43.6948107],[-79.3502062,43.6958825],[-79.3518394,43.6969136],[-79.3535213,43.6979027],[-79.3552498,43.6988486],[-79.3570227,43.6997501],[-79.358838,43.7006062],[-79.3606935,43.7014157],[-79.3625867,43.7021777],[-79.3645156,43.7028913],[-79.3664776,43.7035556],[-79.3684704,43.7041698],[-79.3704916,43.7047331],[-79.3725387,43.7052449],[-79.3746092,43.7057045],[-79.3767006,43.7061113],[-79.3788103,43.7064649],[-79.3809358,43.7067648],[-79.3830744,43.7070108],[-79.3852236,43.7072023],[-79.3873806,43.7073393],[-79.389543,43.7074216],[-79.391708,43.707449]]]}},{"type":"Feature","properties":{"id":"CA-PE","subdivision":"Prince Edward Island"},"geometry":{"type":"Point","coordinates":[-63.125476,46.2353219]}},{"type":"Feature","properties":{"id":"CA-PE","radiusMeters":5000},"geometry":{"type":"Polygon","coordinates":[[[-63.125476,46.2803036],[-63.1277401,46.2802762],[-63.1300014,46.2801939],[-63.1322573,46.280057],[-63.1345048,46.2798655],[-63.1367413,46.2796197],[-63.138964,46.2793198],[-63.1411703,46.2789664],[-63.1433574,46.2785597],[-63.1455227,46.2781003],[-63.1476635,46.2775887],[-63.1497772,46.2770256],[-63.1518612,46.2764117],[-63.153913,46.2757477],[-63.1559301,46.2750343],[-63.15791,46.2742726],[-63.1598503,46.2734634],[-63.1617486,46.2726077],[-63.1636026,46.2717065],[-63.1654101,46.270761],[-63.1671689,46.2697723],[-63.1688768,46.2687416],[-63.1705317,46.2676702],[-63.1721316,46.2665593],[-63.1736745,46.2654104],[-63.1751587,46.2642248],[-63.1765822,46.263004],[-63.1779433,46.2617495],[-63.1792405,46.2604627],[-63.180472,46.2591454],[-63.1816365,46.257799],[-63.1827324,46.2564252],[-63.1837585,46.2550258],[-63.1847136,46.2536023],[-63.1855963,46.2521566],[-63.1864058,46.2506903],[-63.187141,46.2492054],[-63.187801,46.2477036],[-63.188385,46.2461867],[-63.1888923,46.2446566],[-63.1893223,46.2431151],[-63.1896745,46.2415641],[-63.1899484,46.2400056],[-63.1901438,46.2384414],[-63.1902604,46.2368734],[-63.190298,46.2353035],[-63.1902567,46.2337337],[-63.1901364,46.2321658],[-63.1899374,46.2306018],[-63.1896599,46.2290436],[-63.1893042,46.2274931],[-63.1888707,46.2259521],[-63.1883601,46.2244225],[-63.1877729,46.2229062],[-63.1871099,46.2214051],[-63.1863718,46.219921],[-63.1855596,46.2184556],[-63.1846742,46.2170108],[-63.1837168,46.2155883],[-63.1826885,46.2141898],[-63.1815906,46.2128171],[-63.1804244,46.2114719],[-63.1791914,46.2101557],[-63.177893,46.2088701],[-63.1765308,46.2076168],[-63.1751065,46.2063973],[-63.1736218,46.2052129],[-63.1720786,46.2040653],[-63.1704787,46.2029557],[-63.1688241,46.2018855],[-63.1671167,46.2008561],[-63.1653588,46.1998686],[-63.1635523,46.1989243],[-63.1616995,46.1980244],[-63.1598027,46.1971698],[-63.1578641,46.1963617],[-63.1558862,46.1956011],[-63.1538713,46.1948888],[-63.1518218,46.1942257],[-63.1497404,46.1936127],[-63.1476294,46.1930505],[-63.1454916,46.1925397],[-63.1433294,46.192081],[-63.1411455,46.191675],[-63.1389425,46.191322],[-63.1367232,46.1910227],[-63.1344902,46.1907773],[-63.1322462,46.1905861],[-63.1299941,46.1904493],[-63.1277364,46.1903672],[-63.125476,46.1903399],[-63.1232156,46.1903672],[-63.1209579,46.1904493],[-63.1187058,46.1905861],[-63.1164618,46.1907773],[-63.1142288,46.1910227],[-63.1120095,46.191322],[-63.1098065,46.191675],[-63.1076226,46.192081],[-63.1054604,46.1925397],[-63.1033226,46.1930505],[-63.1012116,46.1936127],[-63.0991302,46.1942257],[-63.0970807,46.1948888],[-63.0950658,46.1956011],[-63.0930879,46.1963617],[-63.0911493,46.1971698],[-63.0892525,46.1980244],[-63.0873997,46.1989243],[-63.0855932,46.1998686],[-63.0838353,46.2008561],[-63.0821279,46.2018855],[-63.0804733,46.2029557],[-63.0788734,46.2040653],[-63.0773302,46.2052129],[-63.0758455,46.2063973],[-63.0744212,46.2076168],[-63.073059,46.2088701],[-63.0717606,46.2101557],[-63.0705276,46.2114719],[-63.0693614,46.2128171],[-63.0682635,46.2141898],[-63.0672352,46.2155883],[-63.0662778,46.2170108],[-63.0653924,46.2184556],[-63.0645802,46.219921],[-63.0638421,46.2214051],[-63.0631791,46.2229062],[-63.0625919,46.2244225],[-63.0620813,46.2259521],[-63.0616478,46.2274931],[-63.0612921,46.2290436],[-63.0610146,46.2306018],[-63.0608156,46.2321658],[-63.0606953,46.2337337],[-63.060654,46.2353035],[-63.0606916,46.2368734],[-63.0608082,46.2384414],[-63.0610036,46.2400056],[-63.0612775,46.2415641],[-63.0616297,46.2431151],[-63.0620597,46.2446566],[-63.062567,46.2461867],[-63.063151,46.2477036],[-63.063811,46.2492054],[-63.0645462,46.2506903],[-63.0653557,46.2521566],[-63.0662384,46.2536023],[-63.0671935,46.2550258],[-63.0682196,46.2564252],[-63.0693155,46.257799],[-63.07048,46.2591454],[-63.0717115,46.2604627],[-63.0730087,46.2617495],[-63.0743698,46.263004],[-63.0757933,46.2642248],[-63.0772775,46.2654104],[-63.0788204,46.2665593],[-63.0804203,46.2676702],[-63.0820752,46.2687416],[-63.0837831,46.2697723],[-63.0855419,46.270761],[-63.0873494,46.2717065],[-63.0892034,46.2726077],[-63.0911017,46.2734634],[-63.093042,46.2742726],[-63.0950219,46.2750343],[-63.097039,46.2757477],[-63.0990908,46.2764117],[-63.1011748,46.2770256],[-63.1032885,46.2775887],[-63.1054293,46.2781003],[-63.1075946,46.2785597],[-63.1097817,46.2789664],[-63.111988,46.2793198],[-63.1142107,46.2796197],[-63.1164472,46.2798655],[-63.1186947,46.280057],[-63.1209506,46.2801939],[-63.1232119,46.2802762],[-63.125476,46.2803036]]]}},{"type":"Feature","properties":{"id":"CA-QC","subdivision":"Quebec"},"geometry":{"type":"Point","coordinates":[-71.214178,46.808762]}},{"type":"Feature","properties":{"id":"CA-QC","radiusMeters":5000},"geometry":{"type":"Polygon","coordinates":[[[-71.214178,46.8537392],[-71.2164661,46.8537117],[-71.2187514,46.8536295],[-71.2210311,46.8534926],[-71.2233024,46.8533011],[-71.2255626,46.8530553],[-71.2278089,46.8527555],[-71.2300386,46.852402],[-71.2322488,46.8519954],[-71.234437,46.851536],[-71.2366005,46.8510245],[-71.2387366,46.8504615],[-71.2408427,46.8498476],[-71.2429162,46.8491836],[-71.2449546,46.8484704],[-71.2469555,46.8477087],[-71.2489163,46.8468995],[-71.2508348,46.8460439],[-71.2527084,46.8451428],[-71.2545351,46.8441974],[-71.2563124,46.8432088],[-71.2580384,46.8421782],[-71.2597107,46.8411068],[-71.2613276,46.8399961],[-71.2628868,46.8388473],[-71.2643867,46.8376618],[-71.2658252,46.8364411],[-71.2672008,46.8351867],[-71.2685116,46.8339001],[-71.2697562,46.8325828],[-71.2709329,46.8312366],[-71.2720405,46.8298629],[-71.2730774,46.8284636],[-71.2740425,46.8270402],[-71.2749346,46.8255947],[-71.2757526,46.8241286],[-71.2764955,46.8226438],[-71.2771625,46.8211421],[-71.2777526,46.8196253],[-71.2782653,46.8180954],[-71.2786998,46.816554],[-71.2790557,46.8150032],[-71.2793325,46.8134449],[-71.2795299,46.8118808],[-71.2796476,46.810313],[-71.2796856,46.8087433],[-71.2796438,46.8071736],[-71.2795223,46.8056059],[-71.2793211,46.804042],[-71.2790406,46.802484],[-71.2786811,46.8009336],[-71.278243,46.7993927],[-71.277727,46.7978633],[-71.2771335,46.7963472],[-71.2764634,46.7948463],[-71.2757175,46.7933623],[-71.2748967,46.7918971],[-71.2740019,46.7904524],[-71.2730344,46.7890301],[-71.2719952,46.7876318],[-71.2708857,46.7862592],[-71.2697071,46.7849141],[-71.268461,46.7835981],[-71.2671489,46.7823127],[-71.2657723,46.7810595],[-71.2643329,46.7798401],[-71.2628325,46.7786559],[-71.261273,46.7775083],[-71.2596562,46.7763989],[-71.257984,46.7753288],[-71.2562586,46.7742995],[-71.2544821,46.7733122],[-71.2526565,46.772368],[-71.2507841,46.7714681],[-71.2488673,46.7706137],[-71.2469082,46.7698057],[-71.2449094,46.7690451],[-71.2428732,46.7683329],[-71.2408021,46.7676699],[-71.2386987,46.767057],[-71.2365654,46.7664948],[-71.2344049,46.7659841],[-71.2322199,46.7655254],[-71.2300129,46.7651194],[-71.2277867,46.7647666],[-71.225544,46.7644672],[-71.2232874,46.7642218],[-71.2210197,46.7640307],[-71.2187438,46.763894],[-71.2164623,46.7638119],[-71.214178,46.7637845],[-71.2118937,46.7638119],[-71.2096122,46.763894],[-71.2073363,46.7640307],[-71.2050686,46.7642218],[-71.202812,46.7644672],[-71.2005693,46.7647666],[-71.1983431,46.7651194],[-71.1961361,46.7655254],[-71.1939511,46.7659841],[-71.1917906,46.7664948],[-71.1896573,46.767057],[-71.1875539,46.7676699],[-71.1854828,46.7683329],[-71.1834466,46.7690451],[-71.1814478,46.7698057],[-71.1794887,46.7706137],[-71.1775719,46.7714681],[-71.1756995,46.772368],[-71.1738739,46.7733122],[-71.1720974,46.7742995],[-71.170372,46.7753288],[-71.1686998,46.7763989],[-71.167083,46.7775083],[-71.1655235,46.7786559],[-71.1640231,46.7798401],[-71.1625837,46.7810595],[-71.1612071,46.7823127],[-71.159895,46.7835981],[-71.1586489,46.7849141],[-71.1574703,46.7862592],[-71.1563608,46.7876318],[-71.1553216,46.7890301],[-71.1543541,46.7904524],[-71.1534593,46.7918971],[-71.1526385,46.7933623],[-71.1518926,46.7948463],[-71.1512225,46.7963472],[-71.150629,46.7978633],[-71.150113,46.7993927],[-71.1496749,46.8009336],[-71.1493154,46.802484],[-71.1490349,46.804042],[-71.1488337,46.8056059],[-71.1487122,46.8071736],[-71.1486704,46.8087433],[-71.1487084,46.810313],[-71.1488261,46.8118808],[-71.1490235,46.8134449],[-71.1493003,46.8150032],[-71.1496562,46.816554],[-71.1500907,46.8180954],[-71.1506034,46.8196253],[-71.1511935,46.8211421],[-71.1518605,46.8226438],[-71.1526034,46.8241286],[-71.1534214,46.8255947],[-71.1543135,46.8270402],[-71.1552786,46.8284636],[-71.1563155,46.8298629],[-71.1574231,46.8312366],[-71.1585998,46.8325828],[-71.1598444,46.8339001],[-71.1611552,46.8351867],[-71.1625308,46.8364411],[-71.1639693,46.8376618],[-71.1654692,46.8388473],[-71.1670284,46.8399961],[-71.1686453,46.8411068],[-71.1703176,46.8421782],[-71.1720436,46.8432088],[-71.1738209,46.8441974],[-71.1756476,46.8451428],[-71.1775212,46.8460439],[-71.1794397,46.8468995],[-71.1814005,46.8477087],[-71.1834014,46.8484704],[-71.1854398,46.8491836],[-71.1875133,46.8498476],[-71.1896194,46.8504615],[-71.1917555,46.8510245],[-71.193919,46.851536],[-71.1961072,46.8519954],[-71.1983174,46.852402],[-71.2005471,46.8527555],[-71.2027934,46.8530553],[-71.2050536,46.8533011],[-71.2073249,46.8534926],[-71.2096046,46.8536295],[-71.2118899,46.8537117],[-71.214178,46.8537392]]]}},{"type":"Feature","properties":{"id":"CA-SK","subdivision":"Saskatchewan"},"geometry":{"type":"Point","coordinates":[-104.615099,50.432426]}},{"type":"Feature","properties":{"id":"CA-SK","radiusMeters":5000},"geometry":{"type":"Polygon","coordinates":[[[-104.615099,50.4773747],[-104.6175573,50.4773473],[-104.6200126,50.4772651],[-104.6224618,50.4771283],[-104.6249021,50.4769369],[-104.6273304,50.4766912],[-104.6297438,50.4763916],[-104.6321393,50.4760383],[-104.6345139,50.4756319],[-104.6368649,50.4751728],[-104.6391892,50.4746615],[-104.6414841,50.4740988],[-104.6437468,50.4734852],[-104.6459745,50.4728216],[-104.6481645,50.4721087],[-104.6503141,50.4713474],[-104.6524206,50.4705387],[-104.6544816,50.4696836],[-104.6564945,50.468783],[-104.6584569,50.467838],[-104.6603663,50.46685],[-104.6622205,50.4658199],[-104.6640171,50.4647492],[-104.665754,50.463639],[-104.667429,50.4624909],[-104.6690402,50.461306],[-104.6705855,50.460086],[-104.6720631,50.4588323],[-104.6734712,50.4575464],[-104.6748081,50.4562299],[-104.6760721,50.4548844],[-104.6772617,50.4535116],[-104.6783755,50.4521131],[-104.6794121,50.4506906],[-104.6803702,50.4492458],[-104.6812488,50.4477806],[-104.6820467,50.4462967],[-104.6827629,50.4447959],[-104.6833966,50.4432801],[-104.6839471,50.441751],[-104.6844136,50.4402107],[-104.6847957,50.4386608],[-104.6850928,50.4371034],[-104.6853046,50.4355403],[-104.6854308,50.4339734],[-104.6854713,50.4324047],[-104.6854261,50.4308361],[-104.6852953,50.4292693],[-104.6850789,50.4277065],[-104.6847773,50.4261495],[-104.6843908,50.4246001],[-104.68392,50.4230602],[-104.6833653,50.4215318],[-104.6827276,50.4200167],[-104.6820075,50.4185168],[-104.681206,50.4170338],[-104.680324,50.4155695],[-104.6793626,50.4141258],[-104.678323,50.4127045],[-104.6772065,50.4113071],[-104.6760144,50.4099355],[-104.6747482,50.4085914],[-104.6734094,50.4072762],[-104.6719998,50.4059917],[-104.6705209,50.4047394],[-104.6689746,50.4035208],[-104.6673627,50.4023375],[-104.6656874,50.4011908],[-104.6639505,50.4000821],[-104.6621542,50.3990128],[-104.6603007,50.3979842],[-104.6583922,50.3969976],[-104.6564312,50.3960541],[-104.6544199,50.3951549],[-104.6523608,50.3943011],[-104.6502564,50.3934937],[-104.6481092,50.3927336],[-104.645922,50.392022],[-104.6436973,50.3913595],[-104.6414378,50.390747],[-104.6391464,50.3901852],[-104.6368257,50.3896749],[-104.6344786,50.3892166],[-104.632108,50.3888109],[-104.6297167,50.3884582],[-104.6273077,50.3881591],[-104.6248838,50.3879139],[-104.622448,50.3877229],[-104.6200033,50.3875863],[-104.6175526,50.3875043],[-104.615099,50.3874769],[-104.6126454,50.3875043],[-104.6101947,50.3875863],[-104.60775,50.3877229],[-104.6053142,50.3879139],[-104.6028903,50.3881591],[-104.6004813,50.3884582],[-104.59809,50.3888109],[-104.5957194,50.3892166],[-104.5933723,50.3896749],[-104.5910516,50.3901852],[-104.5887602,50.390747],[-104.5865007,50.3913595],[-104.584276,50.392022],[-104.5820888,50.3927336],[-104.5799416,50.3934937],[-104.5778372,50.3943011],[-104.5757781,50.3951549],[-104.5737668,50.3960541],[-104.5718058,50.3969976],[-104.5698973,50.3979842],[-104.5680438,50.3990128],[-104.5662475,50.4000821],[-104.5645106,50.4011908],[-104.5628353,50.4023375],[-104.5612234,50.4035208],[-104.5596771,50.4047394],[-104.5581982,50.4059917],[-104.5567886,50.4072762],[-104.5554498,50.4085914],[-104.5541836,50.4099355],[-104.5529915,50.4113071],[-104.551875,50.4127045],[-104.5508354,50.4141258],[-104.549874,50.4155695],[-104.548992,50.4170338],[-104.5481905,50.4185168],[-104.5474704,50.4200167],[-104.5468327,50.4215318],[-104.546278,50.4230602],[-104.5458072,50.4246001],[-104.5454207,50.4261495],[-104.5451191,50.4277065],[-104.5449027,50.4292693],[-104.5447719,50.4308361],[-104.5447267,50.4324047],[-104.5447672,50.4339734],[-104.5448934,50.4355403],[-104.5451052,50.4371034],[-104.5454023,50.4386608],[-104.5457844,50.4402107],[-104.5462509,50.441751],[-104.5468014,50.4432801],[-104.5474351,50.4447959],[-104.5481513,50.4462967],[-104.5489492,50.4477806],[-104.5498278,50.4492458],[-104.5507859,50.4506906],[-104.5518225,50.4521131],[-104.5529363,50.4535116],[-104.5541259,50.4548844],[-104.5553899,50.4562299],[-104.5567268,50.4575464],[-104.5581349,50.4588323],[-104.5596125,50.460086],[-104.5611578,50.461306],[-104.562769,50.4624909],[-104.564444,50.463639],[-104.5661809,50.4647492],[-104.5679775,50.4658199],[-104.5698317,50.46685],[-104.5717411,50.467838],[-104.5737035,50.468783],[-104.5757164,50.4696836],[-104.5777774,50.4705387],[-104.5798839,50.4713474],[-104.5820335,50.4721087],[-104.5842235,50.4728216],[-104.5864512,50.4734852],[-104.5887139,50.4740988],[-104.5910088,50.4746615],[-104.5933331,50.4751728],[-104.5956841,50.4756319],[-104.5980587,50.4760383],[-104.6004542,50.4763916],[-104.6028676,50.4766912],[-104.6052959,50.4769369],[-104.6077362,50.4771283],[-104.6101854,50.4772651],[-104.6126407,50.4773473],[-104.615099,50.4773747]]]}},{"type":"Feature","properties":{"id":"CA-YT","subdivision":"Yukon"},"geometry":{"type":"Point","coordinates":[-135.049374,60.716948]}},{"type":"Feature","properties":{"id":"CA-YT","radiusMeters":5000},"geometry":{"type":"Polygon","coordinates":[[[-135.049374,60.7618213],[-135.0525751,60.761794],[-135.0557722,60.7617119],[-135.0589616,60.7615752],[-135.0621392,60.761384],[-135.0653011,60.7611387],[-135.0684436,60.7608394],[-135.0715628,60.7604866],[-135.0746548,60.7600806],[-135.0777159,60.7596221],[-135.0807424,60.7591115],[-135.0837304,60.7585494],[-135.0866765,60.7579367],[-135.0895769,60.7572739],[-135.0924281,60.7565619],[-135.0952268,60.7558016],[-135.0979693,60.754994],[-135.1006524,60.7541399],[-135.1032729,60.7532405],[-135.1058274,60.7522968],[-135.1083129,60.7513101],[-135.1107264,60.7502814],[-135.1130649,60.7492121],[-135.1153256,60.7481035],[-135.1175057,60.7469569],[-135.1196026,60.7457737],[-135.1216137,60.7445554],[-135.1235365,60.7433034],[-135.1253687,60.7420194],[-135.1271082,60.7407048],[-135.1287527,60.7393612],[-135.1303003,60.7379904],[-135.1317491,60.7365939],[-135.1330974,60.7351735],[-135.1343435,60.733731],[-135.135486,60.732268],[-135.1365233,60.7307863],[-135.1374543,60.7292879],[-135.138278,60.7277744],[-135.1389931,60.7262478],[-135.139599,60.7247098],[-135.1400949,60.7231625],[-135.1404802,60.7216076],[-135.1407545,60.7200471],[-135.1409174,60.7184828],[-135.1409687,60.7169167],[-135.1409085,60.7153507],[-135.1407367,60.7137867],[-135.1404537,60.7122265],[-135.1400597,60.7106721],[-135.1395554,60.7091255],[-135.1389412,60.7075883],[-135.138218,60.7060627],[-135.1373867,60.7045503],[-135.1364482,60.703053],[-135.1354039,60.7015727],[-135.1342548,60.7001112],[-135.1330025,60.6986702],[-135.1316485,60.6972515],[-135.1301944,60.6958568],[-135.1286421,60.6944878],[-135.1269934,60.6931462],[-135.1252503,60.6918335],[-135.123415,60.6905515],[-135.1214897,60.6893017],[-135.1194768,60.6880855],[-135.1173787,60.6869045],[-135.115198,60.68576],[-135.1129373,60.6846536],[-135.1105994,60.6835864],[-135.1081872,60.6825599],[-135.1057035,60.6815753],[-135.1031514,60.6806337],[-135.100534,60.6797363],[-135.0978545,60.6788842],[-135.0951162,60.6780785],[-135.0923223,60.6773201],[-135.0894762,60.6766099],[-135.0865816,60.6759487],[-135.0836417,60.6753375],[-135.0806603,60.6747769],[-135.0776409,60.6742677],[-135.0745872,60.6738103],[-135.0715028,60.6734055],[-135.0683917,60.6730536],[-135.0652575,60.6727552],[-135.062104,60.6725105],[-135.058935,60.6723198],[-135.0557545,60.6721835],[-135.0525662,60.6721017],[-135.049374,60.6720744],[-135.0461818,60.6721017],[-135.0429935,60.6721835],[-135.039813,60.6723198],[-135.036644,60.6725105],[-135.0334905,60.6727552],[-135.0303563,60.6730536],[-135.0272452,60.6734055],[-135.0241608,60.6738103],[-135.0211071,60.6742677],[-135.0180877,60.6747769],[-135.0151063,60.6753375],[-135.0121664,60.6759487],[-135.0092718,60.6766099],[-135.0064257,60.6773201],[-135.0036318,60.6780785],[-135.0008935,60.6788842],[-134.998214,60.6797363],[-134.9955966,60.6806337],[-134.9930445,60.6815753],[-134.9905608,60.6825599],[-134.9881486,60.6835864],[-134.9858107,60.6846536],[-134.98355,60.68576],[-134.9813693,60.6869045],[-134.9792712,60.6880855],[-134.9772583,60.6893017],[-134.975333,60.6905515],[-134.9734977,60.6918335],[-134.9717546,60.6931462],[-134.9701059,60.6944878],[-134.9685536,60.6958568],[-134.9670995,60.6972515],[-134.9657455,60.6986702],[-134.9644932,60.7001112],[-134.9633441,60.7015727],[-134.9622998,60.703053],[-134.9613613,60.7045503],[-134.96053,60.7060627],[-134.9598068,60.7075883],[-134.9591926,60.7091255],[-134.9586883,60.7106721],[-134.9582943,60.7122265],[-134.9580113,60.7137867],[-134.9578395,60.7153507],[-134.9577793,60.7169167],[-134.9578306,60.7184828],[-134.9579935,60.7200471],[-134.9582678,60.7216076],[-134.9586531,60.7231625],[-134.959149,60.7247098],[-134.9597549,60.7262478],[-134.96047,60.7277744],[-134.9612937,60.7292879],[-134.9622247,60.7307863],[-134.963262,60.732268],[-134.9644045,60.733731],[-134.9656506,60.7351735],[-134.9669989,60.7365939],[-134.9684477,60.7379904],[-134.9699953,60.7393612],[-134.9716398,60.7407048],[-134.9733793,60.7420194],[-134.9752115,60.7433034],[-134.9771343,60.7445554],[-134.9791454,60.7457737],[-134.9812423,60.7469569],[-134.9834224,60.7481035],[-134.9856831,60.7492121],[-134.9880216,60.7502814],[-134.9904351,60.7513101],[-134.9929206,60.7522968],[-134.9954751,60.7532405],[-134.9980956,60.7541399],[-135.0007787,60.754994],[-135.0035212,60.7558016],[-135.0063199,60.7565619],[-135.0091711,60.7572739],[-135.0120715,60.7579367],[-135.0150176,60.7585494],[-135.0180056,60.7591115],[-135.0210321,60.7596221],[-135.0240932,60.7600806],[-135.0271852,60.7604866],[-135.0303044,60.7608394],[-135.0334469,60.7611387],[-135.0366088,60.761384],[-135.0397864,60.7615752],[-135.0429758,60.7617119],[-135.0461729,60.761794],[-135.049374,60.7618213]]]}},{"type":"Feature","properties":{"id":"MX-AGU","subdivision":"Aguascalientes"},"geometry":{"type":"Point","coordinates":[-102.2960219,21.8798047]}},{"type":"Feature","properties":{"id":"MX-AGU","radiusMeters":5000},"geometry":{"type":"Polygon","coordinates":[[[-102.2960219,21.92496],[-102.2977109,21.9249325],[-102.2993978,21.92485],[-102.3010805,21.9247126],[-102.3027572,21.9245204],[-102.3044256,21.9242738],[-102.3060837,21.9239729],[-102.3077296,21.9236183],[-102.3093612,21.9232102],[-102.3109766,21.9227493],[-102.3125737,21.922236],[-102.3141506,21.921671],[-102.3157054,21.921055],[-102.3172362,21.9203887],[-102.3187412,21.9196729],[-102.3202184,21.9189086],[-102.3216661,21.9180966],[-102.3230826,21.9172379],[-102.3244661,21.9163337],[-102.3258149,21.9153849],[-102.3271273,21.9143928],[-102.3284019,21.9133585],[-102.3296369,21.9122833],[-102.330831,21.9111686],[-102.3319827,21.9100156],[-102.3330905,21.9088258],[-102.3341531,21.9076007],[-102.3351692,21.9063417],[-102.3361376,21.9050504],[-102.3370571,21.9037283],[-102.3379266,21.9023771],[-102.338745,21.9009983],[-102.3395114,21.8995938],[-102.3402247,21.8981651],[-102.3408841,21.8967141],[-102.3414889,21.8952425],[-102.3420383,21.8937521],[-102.3425316,21.8922446],[-102.3429682,21.8907221],[-102.3433476,21.8891862],[-102.3436693,21.887639],[-102.343933,21.8860822],[-102.3441382,21.8845177],[-102.3442849,21.8829475],[-102.3443727,21.8813735],[-102.3444017,21.8797976],[-102.3443717,21.8782217],[-102.3442828,21.8766477],[-102.3441351,21.8750776],[-102.3439288,21.8735133],[-102.3436641,21.8719566],[-102.3433414,21.8704096],[-102.342961,21.8688739],[-102.3425235,21.8673516],[-102.3420293,21.8658445],[-102.3414791,21.8643543],[-102.3408736,21.8628831],[-102.3402134,21.8614324],[-102.3394994,21.8600041],[-102.3387324,21.8585999],[-102.3379134,21.8572216],[-102.3370434,21.8558708],[-102.3361235,21.8545492],[-102.3351547,21.8532583],[-102.3341383,21.8519998],[-102.3330755,21.8507751],[-102.3319675,21.8495858],[-102.3308158,21.8484334],[-102.3296217,21.8473191],[-102.3283867,21.8462444],[-102.3271123,21.8452106],[-102.3258001,21.844219],[-102.3244516,21.8432707],[-102.3230685,21.8423668],[-102.3216524,21.8415086],[-102.3202052,21.8406971],[-102.3187285,21.8399332],[-102.3172242,21.8392178],[-102.3156941,21.8385519],[-102.31414,21.8379362],[-102.3125639,21.8373715],[-102.3109676,21.8368585],[-102.3093531,21.8363979],[-102.3077225,21.83599],[-102.3060775,21.8356356],[-102.3044204,21.8353349],[-102.302753,21.8350885],[-102.3010774,21.8348964],[-102.2993956,21.8347591],[-102.2977098,21.8346766],[-102.2960219,21.8346491],[-102.294334,21.8346766],[-102.2926482,21.8347591],[-102.2909664,21.8348964],[-102.2892908,21.8350885],[-102.2876234,21.8353349],[-102.2859663,21.8356356],[-102.2843213,21.83599],[-102.2826907,21.8363979],[-102.2810762,21.8368585],[-102.2794799,21.8373715],[-102.2779038,21.8379362],[-102.2763497,21.8385519],[-102.2748196,21.8392178],[-102.2733153,21.8399332],[-102.2718386,21.8406971],[-102.2703914,21.8415086],[-102.2689753,21.8423668],[-102.2675922,21.8432707],[-102.2662437,21.844219],[-102.2649315,21.8452106],[-102.2636571,21.8462444],[-102.2624221,21.8473191],[-102.261228,21.8484334],[-102.2600763,21.8495858],[-102.2589683,21.8507751],[-102.2579055,21.8519998],[-102.2568891,21.8532583],[-102.2559203,21.8545492],[-102.2550004,21.8558708],[-102.2541304,21.8572216],[-102.2533114,21.8585999],[-102.2525444,21.8600041],[-102.2518304,21.8614324],[-102.2511702,21.8628831],[-102.2505647,21.8643543],[-102.2500145,21.8658445],[-102.2495203,21.8673516],[-102.2490828,21.8688739],[-102.2487024,21.8704096],[-102.2483797,21.8719566],[-102.248115,21.8735133],[-102.2479087,21.8750776],[-102.247761,21.8766477],[-102.2476721,21.8782217],[-102.2476421,21.8797976],[-102.2476711,21.8813735],[-102.2477589,21.8829475],[-102.2479056,21.8845177],[-102.2481108,21.8860822],[-102.2483745,21.887639],[-102.2486962,21.8891862],[-102.2490756,21.8907221],[-102.2495122,21.8922446],[-102.2500055,21.8937521],[-102.2505549,21.8952425],[-102.2511597,21.8967141],[-102.2518191,21.8981651],[-102.2525324,21.8995938],[-102.2532988,21.9009983],[-102.2541172,21.9023771],[-102.2549867,21.9037283],[-102.2559062,21.9050504],[-102.2568746,21.9063417],[-102.2578907,21.9076007],[-102.2589533,21.9088258],[-102.2600611,21.9100156],[-102.2612128,21.9111686],[-102.2624069,21.9122833],[-102.2636419,21.9133585],[-102.2649165,21.9143928],[-102.2662289,21.9153849],[-102.2675777,21.9163337],[-102.2689612,21.9172379],[-102.2703777,21.9180966],[-102.2718254,21.9189086],[-102.2733026,21.9196729],[-102.2748076,21.9203887],[-102.2763384,21.921055],[-102.2778932,21.921671],[-102.2794701,21.922236],[-102.2810672,21.9227493],[-102.2826826,21.9232102],[-102.2843142,21.9236183],[-102.2859601,21.9239729],[-102.2876182,21.9242738],[-102.2892866,21.9245204],[-102.2909633,21.9247126],[-102.292646,21.92485],[-102.2943329,21.9249325],[-102.2960219,21.92496]]]}},{"type":"Feature","properties":{"id":"MX-BCN","subdivision":"Baja California"},"geometry":{"type":"Point","coordinates":[-115.4756342,32.6411034]}},{"type":"Feature","properties":{"id":"MX-BCN","radiusMeters":5000},"geometry":{"type":"Polygon","coordinates":[[[-115.4756342,32.6861897],[-115.4774949,32.6861622],[-115.4793532,32.6860798],[-115.4812071,32.6859426],[-115.4830541,32.6857507],[-115.4848921,32.6855044],[-115.4867188,32.6852039],[-115.488532,32.6848498],[-115.4903295,32.6844423],[-115.492109,32.6839819],[-115.4938684,32.6834693],[-115.4956055,32.6829051],[-115.4973183,32.6822899],[-115.4990047,32.6816245],[-115.5006625,32.6809097],[-115.5022898,32.6801465],[-115.5038846,32.6793356],[-115.5054449,32.6784781],[-115.5069688,32.6775751],[-115.5084546,32.6766276],[-115.5099002,32.6756368],[-115.5113041,32.674604],[-115.5126645,32.6735303],[-115.5139798,32.6724171],[-115.5152482,32.6712658],[-115.5164684,32.6700777],[-115.5176387,32.6688543],[-115.5187578,32.6675971],[-115.5198244,32.6663076],[-115.520837,32.6649874],[-115.5217945,32.6636381],[-115.5226958,32.6622613],[-115.5235397,32.6608588],[-115.5243252,32.6594322],[-115.5250513,32.6579833],[-115.5257171,32.6565139],[-115.526322,32.6550256],[-115.526865,32.6535204],[-115.5273456,32.6520001],[-115.5277632,32.6504666],[-115.5281172,32.6489216],[-115.5284073,32.6473671],[-115.5286331,32.645805],[-115.5287943,32.6442372],[-115.5288907,32.6426656],[-115.5289222,32.6410921],[-115.5288888,32.6395186],[-115.5287905,32.6379471],[-115.5286275,32.6363794],[-115.5283999,32.6348175],[-115.5281081,32.6332633],[-115.5277523,32.6317186],[-115.5273331,32.6301853],[-115.5268508,32.6286654],[-115.5263063,32.6271607],[-115.5257,32.6256729],[-115.5250327,32.624204],[-115.5243053,32.6227556],[-115.5235186,32.6213296],[-115.5226736,32.6199278],[-115.5217714,32.6185517],[-115.520813,32.6172031],[-115.5197996,32.6158836],[-115.5187324,32.6145948],[-115.5176128,32.6133383],[-115.516442,32.6121157],[-115.5152216,32.6109284],[-115.513953,32.6097778],[-115.5126378,32.6086654],[-115.5112776,32.6075925],[-115.5098739,32.6065604],[-115.5084286,32.6055704],[-115.5069434,32.6046237],[-115.5054201,32.6037214],[-115.5038605,32.6028646],[-115.5022666,32.6020545],[-115.5006403,32.6012918],[-115.4989836,32.6005777],[-115.4972985,32.5999129],[-115.495587,32.5992983],[-115.4938512,32.5987345],[-115.4920933,32.5982224],[-115.4903153,32.5977625],[-115.4885195,32.5973554],[-115.486708,32.5970016],[-115.484883,32.5967014],[-115.4830468,32.5964554],[-115.4812015,32.5962637],[-115.4793495,32.5961266],[-115.477493,32.5960443],[-115.4756342,32.5960168],[-115.4737754,32.5960443],[-115.4719189,32.5961266],[-115.4700669,32.5962637],[-115.4682216,32.5964554],[-115.4663854,32.5967014],[-115.4645604,32.5970016],[-115.4627489,32.5973554],[-115.4609531,32.5977625],[-115.4591751,32.5982224],[-115.4574172,32.5987345],[-115.4556814,32.5992983],[-115.4539699,32.5999129],[-115.4522848,32.6005777],[-115.4506281,32.6012918],[-115.4490018,32.6020545],[-115.4474079,32.6028646],[-115.4458483,32.6037214],[-115.444325,32.6046237],[-115.4428398,32.6055704],[-115.4413945,32.6065604],[-115.4399908,32.6075925],[-115.4386306,32.6086654],[-115.4373154,32.6097778],[-115.4360468,32.6109284],[-115.4348264,32.6121157],[-115.4336556,32.6133383],[-115.432536,32.6145948],[-115.4314688,32.6158836],[-115.4304554,32.6172031],[-115.429497,32.6185517],[-115.4285948,32.6199278],[-115.4277498,32.6213296],[-115.4269631,32.6227556],[-115.4262357,32.624204],[-115.4255684,32.6256729],[-115.4249621,32.6271607],[-115.4244176,32.6286654],[-115.4239353,32.6301853],[-115.4235161,32.6317186],[-115.4231603,32.6332633],[-115.4228685,32.6348175],[-115.4226409,32.6363794],[-115.4224779,32.6379471],[-115.4223796,32.6395186],[-115.4223462,32.6410921],[-115.4223777,32.6426656],[-115.4224741,32.6442372],[-115.4226353,32.645805],[-115.4228611,32.6473671],[-115.4231512,32.6489216],[-115.4235052,32.6504666],[-115.4239228,32.6520001],[-115.4244034,32.6535204],[-115.4249464,32.6550256],[-115.4255513,32.6565139],[-115.4262171,32.6579833],[-115.4269432,32.6594322],[-115.4277287,32.6608588],[-115.4285726,32.6622613],[-115.4294739,32.6636381],[-115.4304314,32.6649874],[-115.431444,32.6663076],[-115.4325106,32.6675971],[-115.4336297,32.6688543],[-115.4348,32.6700777],[-115.4360202,32.6712658],[-115.4372886,32.6724171],[-115.4386039,32.6735303],[-115.4399643,32.674604],[-115.4413682,32.6756368],[-115.4428138,32.6766276],[-115.4442996,32.6775751],[-115.4458235,32.6784781],[-115.4473838,32.6793356],[-115.4489786,32.6801465],[-115.4506059,32.6809097],[-115.4522637,32.6816245],[-115.4539501,32.6822899],[-115.4556629,32.6829051],[-115.4574,32.6834693],[-115.4591594,32.6839819],[-115.4609389,32.6844423],[-115.4627364,32.6848498],[-115.4645496,32.6852039],[-115.4663763,32.6855044],[-115.4682143,32.6857507],[-115.4700613,32.6859426],[-115.4719152,32.6860798],[-115.4737735,32.6861622],[-115.4756342,32.6861897]]]}},{"type":"Feature","properties":{"id":"MX-BCS","subdivision":"Baja California Sur"},"geometry":{"type":"Point","coordinates":[-110.3064892,24.1486595]}},{"type":"Feature","properties":{"id":"MX-BCS","radiusMeters":5000},"geometry":{"type":"Polygon","coordinates":[[[-110.3064892,24.1938019],[-110.3082067,24.1937744],[-110.3099221,24.1936919],[-110.3116334,24.1935545],[-110.3133383,24.1933624],[-110.3150349,24.1931158],[-110.3167211,24.1928151],[-110.3183948,24.1924605],[-110.320054,24.1920525],[-110.3216966,24.1915917],[-110.3233207,24.1910785],[-110.3249243,24.1905137],[-110.3265054,24.1898978],[-110.3280621,24.1892317],[-110.3295924,24.1885161],[-110.3310946,24.187752],[-110.3325668,24.1869402],[-110.3340072,24.1860818],[-110.335414,24.1851777],[-110.3367856,24.1842292],[-110.3381202,24.1832373],[-110.3394163,24.1822033],[-110.3406722,24.1811284],[-110.3418864,24.1800139],[-110.3430575,24.1788613],[-110.3441839,24.1776718],[-110.3452645,24.176447],[-110.3462977,24.1751884],[-110.3472824,24.1738974],[-110.3482174,24.1725756],[-110.3491016,24.1712248],[-110.3499337,24.1698464],[-110.350713,24.1684422],[-110.3514383,24.167014],[-110.3521088,24.1655633],[-110.3527237,24.1640921],[-110.3532823,24.1626021],[-110.3537839,24.1610951],[-110.3542278,24.159573],[-110.3546135,24.1580376],[-110.3549406,24.1564907],[-110.3552087,24.1549343],[-110.3554174,24.1533703],[-110.3555664,24.1518006],[-110.3556557,24.150227],[-110.3556851,24.1486516],[-110.3556545,24.1470761],[-110.355564,24.1455026],[-110.3554138,24.143933],[-110.3552039,24.1423691],[-110.3549347,24.1408129],[-110.3546065,24.1392663],[-110.3542197,24.1377311],[-110.3537747,24.1362092],[-110.3532722,24.1347025],[-110.3527126,24.1332128],[-110.3520968,24.131742],[-110.3514254,24.1302918],[-110.3506993,24.1288639],[-110.3499194,24.1274602],[-110.3490866,24.1260823],[-110.3482019,24.1247319],[-110.3472664,24.1234106],[-110.3462813,24.1221202],[-110.3452477,24.120862],[-110.3441669,24.1196378],[-110.3430403,24.1184488],[-110.3418691,24.1172967],[-110.3406549,24.1161828],[-110.3393991,24.1151085],[-110.3381032,24.114075],[-110.3367688,24.1130836],[-110.3353976,24.1121356],[-110.3339912,24.1112321],[-110.3325513,24.1103742],[-110.3310797,24.1095629],[-110.3295781,24.1087992],[-110.3280484,24.1080841],[-110.3264925,24.1074184],[-110.3249123,24.1068029],[-110.3233096,24.1062384],[-110.3216865,24.1057256],[-110.3200448,24.105265],[-110.3183867,24.1048573],[-110.3167141,24.104503],[-110.315029,24.1042024],[-110.3133336,24.103956],[-110.3116298,24.1037641],[-110.3099197,24.1036268],[-110.3082055,24.1035444],[-110.3064892,24.1035169],[-110.3047729,24.1035444],[-110.3030587,24.1036268],[-110.3013486,24.1037641],[-110.2996448,24.103956],[-110.2979494,24.1042024],[-110.2962643,24.104503],[-110.2945917,24.1048573],[-110.2929336,24.105265],[-110.2912919,24.1057256],[-110.2896688,24.1062384],[-110.2880661,24.1068029],[-110.2864859,24.1074184],[-110.28493,24.1080841],[-110.2834003,24.1087992],[-110.2818987,24.1095629],[-110.2804271,24.1103742],[-110.2789872,24.1112321],[-110.2775808,24.1121356],[-110.2762096,24.1130836],[-110.2748752,24.114075],[-110.2735793,24.1151085],[-110.2723235,24.1161828],[-110.2711093,24.1172967],[-110.2699381,24.1184488],[-110.2688115,24.1196378],[-110.2677307,24.120862],[-110.2666971,24.1221202],[-110.265712,24.1234106],[-110.2647765,24.1247319],[-110.2638918,24.1260823],[-110.263059,24.1274602],[-110.2622791,24.1288639],[-110.261553,24.1302918],[-110.2608816,24.131742],[-110.2602658,24.1332128],[-110.2597062,24.1347025],[-110.2592037,24.1362092],[-110.2587587,24.1377311],[-110.2583719,24.1392663],[-110.2580437,24.1408129],[-110.2577745,24.1423691],[-110.2575646,24.143933],[-110.2574144,24.1455026],[-110.2573239,24.1470761],[-110.2572933,24.1486516],[-110.2573227,24.150227],[-110.257412,24.1518006],[-110.257561,24.1533703],[-110.2577697,24.1549343],[-110.2580378,24.1564907],[-110.2583649,24.1580376],[-110.2587506,24.159573],[-110.2591945,24.1610951],[-110.2596961,24.1626021],[-110.2602547,24.1640921],[-110.2608696,24.1655633],[-110.2615401,24.167014],[-110.2622654,24.1684422],[-110.2630447,24.1698464],[-110.2638768,24.1712248],[-110.264761,24.1725756],[-110.265696,24.1738974],[-110.2666807,24.1751884],[-110.2677139,24.176447],[-110.2687945,24.1776718],[-110.2699209,24.1788613],[-110.271092,24.1800139],[-110.2723062,24.1811284],[-110.2735621,24.1822033],[-110.2748582,24.1832373],[-110.2761928,24.1842292],[-110.2775644,24.1851777],[-110.2789712,24.1860818],[-110.2804116,24.1869402],[-110.2818838,24.187752],[-110.283386,24.1885161],[-110.2849163,24.1892317],[-110.286473,24.1898978],[-110.2880541,24.1905137],[-110.2896577,24.1910785],[-110.2912818,24.1915917],[-110.2929244,24.1920525],[-110.2945836,24.1924605],[-110.2962573,24.1928151],[-110.2979435,24.1931158],[-110.2996401,24.1933624],[-110.301345,24.1935545],[-110.3030563,24.1936919],[-110.3047717,24.1937744],[-110.3064892,24.1938019]]]}},{"type":"Feature","properties":{"id":"MX-CAM","subdivision":"Campeche"},"geometry":{"type":"Point","coordinates":[-90.5396244,19.8453909]}},{"type":"Feature","properties":{"id":"MX-CAM","radiusMeters":5000},"geometry":{"type":"Polygon","coordinates":[[[-90.5396244,19.8905569],[-90.5412907,19.8905294],[-90.542955,19.8904469],[-90.5446153,19.8903094],[-90.5462694,19.8901173],[-90.5479155,19.8898706],[-90.5495514,19.8895697],[-90.5511753,19.8892149],[-90.552785,19.8888068],[-90.5543787,19.8883458],[-90.5559545,19.8878324],[-90.5575103,19.8872672],[-90.5590443,19.8866511],[-90.5605546,19.8859846],[-90.5620394,19.8852687],[-90.5634969,19.8845043],[-90.5649252,19.8836921],[-90.5663227,19.8828333],[-90.5676877,19.8819288],[-90.5690185,19.8809798],[-90.5703134,19.8799875],[-90.5715709,19.878953],[-90.5727894,19.8778776],[-90.5739675,19.8767626],[-90.5751038,19.8756094],[-90.5761968,19.8744193],[-90.5772452,19.8731939],[-90.5782478,19.8719347],[-90.5792033,19.8706431],[-90.5801105,19.8693207],[-90.5809684,19.8679692],[-90.5817759,19.8665901],[-90.582532,19.8651853],[-90.5832359,19.8637563],[-90.5838865,19.8623049],[-90.5844833,19.860833],[-90.5850253,19.8593422],[-90.5855121,19.8578345],[-90.5859429,19.8563116],[-90.5863173,19.8547754],[-90.5866347,19.8532277],[-90.5868949,19.8516705],[-90.5870975,19.8501057],[-90.5872423,19.8485352],[-90.587329,19.8469608],[-90.5873576,19.8453845],[-90.5873281,19.8438082],[-90.5872404,19.8422339],[-90.5870947,19.8406634],[-90.5868912,19.8390987],[-90.5866301,19.8375417],[-90.5863118,19.8359942],[-90.5859366,19.8344582],[-90.5855049,19.8329355],[-90.5850174,19.831428],[-90.5844746,19.8299375],[-90.5838772,19.8284659],[-90.5832258,19.8270148],[-90.5825214,19.8255862],[-90.5817647,19.8241817],[-90.5809567,19.822803],[-90.5800984,19.8214519],[-90.5791908,19.8201299],[-90.578235,19.8188387],[-90.5772321,19.8175798],[-90.5761835,19.8163549],[-90.5750904,19.8151653],[-90.5739541,19.8140125],[-90.5727759,19.8128979],[-90.5715574,19.811823],[-90.5703001,19.8107889],[-90.5690054,19.809797],[-90.5676749,19.8088484],[-90.5663102,19.8079444],[-90.5649131,19.807086],[-90.5634852,19.8062742],[-90.5620282,19.8055101],[-90.5605439,19.8047945],[-90.5590342,19.8041284],[-90.5575009,19.8035126],[-90.5559458,19.8029478],[-90.5543708,19.8024346],[-90.5527779,19.8019738],[-90.5511689,19.8015659],[-90.5495459,19.8012114],[-90.5479109,19.8009106],[-90.5462657,19.8006641],[-90.5446125,19.800472],[-90.5429532,19.8003346],[-90.5412898,19.8002521],[-90.5396244,19.8002246],[-90.537959,19.8002521],[-90.5362956,19.8003346],[-90.5346363,19.800472],[-90.5329831,19.8006641],[-90.5313379,19.8009106],[-90.5297029,19.8012114],[-90.5280799,19.8015659],[-90.5264709,19.8019738],[-90.524878,19.8024346],[-90.523303,19.8029478],[-90.5217479,19.8035126],[-90.5202146,19.8041284],[-90.5187049,19.8047945],[-90.5172206,19.8055101],[-90.5157636,19.8062742],[-90.5143357,19.807086],[-90.5129386,19.8079444],[-90.5115739,19.8088484],[-90.5102434,19.809797],[-90.5089487,19.8107889],[-90.5076914,19.811823],[-90.5064729,19.8128979],[-90.5052947,19.8140125],[-90.5041584,19.8151653],[-90.5030653,19.8163549],[-90.5020167,19.8175798],[-90.5010138,19.8188387],[-90.500058,19.8201299],[-90.4991504,19.8214519],[-90.4982921,19.822803],[-90.4974841,19.8241817],[-90.4967274,19.8255862],[-90.496023,19.8270148],[-90.4953716,19.8284659],[-90.4947742,19.8299375],[-90.4942314,19.831428],[-90.4937439,19.8329355],[-90.4933122,19.8344582],[-90.492937,19.8359942],[-90.4926187,19.8375417],[-90.4923576,19.8390987],[-90.4921541,19.8406634],[-90.4920084,19.8422339],[-90.4919207,19.8438082],[-90.4918912,19.8453845],[-90.4919198,19.8469608],[-90.4920065,19.8485352],[-90.4921513,19.8501057],[-90.4923539,19.8516705],[-90.4926141,19.8532277],[-90.4929315,19.8547754],[-90.4933059,19.8563116],[-90.4937367,19.8578345],[-90.4942235,19.8593422],[-90.4947655,19.860833],[-90.4953623,19.8623049],[-90.4960129,19.8637563],[-90.4967168,19.8651853],[-90.4974729,19.8665901],[-90.4982804,19.8679692],[-90.4991383,19.8693207],[-90.5000455,19.8706431],[-90.501001,19.8719347],[-90.5020036,19.8731939],[-90.503052,19.8744193],[-90.504145,19.8756094],[-90.5052813,19.8767626],[-90.5064594,19.8778776],[-90.5076779,19.878953],[-90.5089354,19.8799875],[-90.5102303,19.8809798],[-90.5115611,19.8819288],[-90.5129261,19.8828333],[-90.5143236,19.8836921],[-90.5157519,19.8845043],[-90.5172094,19.8852687],[-90.5186942,19.8859846],[-90.5202045,19.8866511],[-90.5217385,19.8872672],[-90.5232943,19.8878324],[-90.5248701,19.8883458],[-90.5264638,19.8888068],[-90.5280735,19.8892149],[-90.5296974,19.8895697],[-90.5313333,19.8898706],[-90.5329794,19.8901173],[-90.5346335,19.8903094],[-90.5362938,19.8904469],[-90.5379581,19.8905294],[-90.5396244,19.8905569]]]}},{"type":"Feature","properties":{"id":"MX-CHP","subdivision":"Chiapas"},"geometry":{"type":"Point","coordinates":[-93.1149207,16.753875]}},{"type":"Feature","properties":{"id":"MX-CHP","radiusMeters":5000},"geometry":{"type":"Polygon","coordinates":[[[-93.1149207,16.7990556],[-93.1165577,16.7990281],[-93.1181926,16.7989456],[-93.1198236,16.7988081],[-93.1214486,16.7986159],[-93.1230656,16.7983691],[-93.1246727,16.7980681],[-93.1262679,16.7977133],[-93.1278493,16.797305],[-93.1294149,16.7968438],[-93.1309629,16.7963303],[-93.1324913,16.795765],[-93.1339983,16.7951487],[-93.135482,16.7944821],[-93.1369406,16.793766],[-93.1383724,16.7930013],[-93.1397756,16.7921889],[-93.1411485,16.7913298],[-93.1424895,16.7904251],[-93.1437968,16.7894758],[-93.1450689,16.7884832],[-93.1463043,16.7874484],[-93.1475014,16.7863727],[-93.1486588,16.7852574],[-93.1497751,16.7841038],[-93.1508489,16.7829135],[-93.1518789,16.7816877],[-93.1528639,16.7804281],[-93.1538026,16.7791361],[-93.1546939,16.7778133],[-93.1555367,16.7764614],[-93.1563301,16.7750819],[-93.157073,16.7736766],[-93.1577645,16.7722472],[-93.1584037,16.7707954],[-93.15899,16.769323],[-93.1595226,16.7678318],[-93.1600009,16.7663236],[-93.1604242,16.7648002],[-93.160792,16.7632635],[-93.161104,16.7617154],[-93.1613597,16.7601577],[-93.1615588,16.7585924],[-93.1617011,16.7570213],[-93.1617863,16.7554465],[-93.1618145,16.7538697],[-93.1617856,16.7522929],[-93.1616995,16.750718],[-93.1615565,16.7491471],[-93.1613566,16.7475818],[-93.1611002,16.7460243],[-93.1607875,16.7444763],[-93.160419,16.7429398],[-93.159995,16.7414166],[-93.1595161,16.7399086],[-93.1589829,16.7384176],[-93.1583961,16.7369454],[-93.1577562,16.7354939],[-93.1570642,16.7340647],[-93.1563209,16.7326597],[-93.1555272,16.7312806],[-93.1546839,16.729929],[-93.1537923,16.7286066],[-93.1528533,16.7273149],[-93.1518682,16.7260556],[-93.150838,16.7248302],[-93.1497641,16.7236402],[-93.1486478,16.722487],[-93.1474904,16.7213721],[-93.1462933,16.7202967],[-93.145058,16.7192623],[-93.1437861,16.71827],[-93.1424789,16.7173211],[-93.1411383,16.7164167],[-93.1397657,16.715558],[-93.1383628,16.7147459],[-93.1369314,16.7139815],[-93.1354732,16.7132657],[-93.13399,16.7125994],[-93.1324836,16.7119833],[-93.1309558,16.7114183],[-93.1294084,16.710905],[-93.1278435,16.710444],[-93.1262627,16.7100359],[-93.1246682,16.7096812],[-93.1230618,16.7093804],[-93.1214455,16.7091337],[-93.1198213,16.7089416],[-93.1181911,16.7088042],[-93.1165569,16.7087217],[-93.1149207,16.7086942],[-93.1132845,16.7087217],[-93.1116503,16.7088042],[-93.1100201,16.7089416],[-93.1083959,16.7091337],[-93.1067796,16.7093804],[-93.1051732,16.7096812],[-93.1035787,16.7100359],[-93.1019979,16.710444],[-93.100433,16.710905],[-93.0988856,16.7114183],[-93.0973578,16.7119833],[-93.0958514,16.7125994],[-93.0943682,16.7132657],[-93.09291,16.7139815],[-93.0914786,16.7147459],[-93.0900757,16.715558],[-93.0887031,16.7164167],[-93.0873625,16.7173211],[-93.0860553,16.71827],[-93.0847834,16.7192623],[-93.0835481,16.7202967],[-93.082351,16.7213721],[-93.0811936,16.722487],[-93.0800773,16.7236402],[-93.0790034,16.7248302],[-93.0779732,16.7260556],[-93.0769881,16.7273149],[-93.0760491,16.7286066],[-93.0751575,16.729929],[-93.0743142,16.7312806],[-93.0735205,16.7326597],[-93.0727772,16.7340647],[-93.0720852,16.7354939],[-93.0714453,16.7369454],[-93.0708585,16.7384176],[-93.0703253,16.7399086],[-93.0698464,16.7414166],[-93.0694224,16.7429398],[-93.0690539,16.7444763],[-93.0687412,16.7460243],[-93.0684848,16.7475818],[-93.0682849,16.7491471],[-93.0681419,16.750718],[-93.0680558,16.7522929],[-93.0680269,16.7538697],[-93.0680551,16.7554465],[-93.0681403,16.7570213],[-93.0682826,16.7585924],[-93.0684817,16.7601577],[-93.0687374,16.7617154],[-93.0690494,16.7632635],[-93.0694172,16.7648002],[-93.0698405,16.7663236],[-93.0703188,16.7678318],[-93.0708514,16.769323],[-93.0714377,16.7707954],[-93.0720769,16.7722472],[-93.0727684,16.7736766],[-93.0735113,16.7750819],[-93.0743047,16.7764614],[-93.0751475,16.7778133],[-93.0760388,16.7791361],[-93.0769775,16.7804281],[-93.0779625,16.7816877],[-93.0789925,16.7829135],[-93.0800663,16.7841038],[-93.0811826,16.7852574],[-93.08234,16.7863727],[-93.0835371,16.7874484],[-93.0847725,16.7884832],[-93.0860446,16.7894758],[-93.0873519,16.7904251],[-93.0886929,16.7913298],[-93.0900658,16.7921889],[-93.091469,16.7930013],[-93.0929008,16.793766],[-93.0943594,16.7944821],[-93.0958431,16.7951487],[-93.0973501,16.795765],[-93.0988785,16.7963303],[-93.1004265,16.7968438],[-93.1019921,16.797305],[-93.1035735,16.7977133],[-93.1051687,16.7980681],[-93.1067758,16.7983691],[-93.1083928,16.7986159],[-93.1100178,16.7988081],[-93.1116488,16.7989456],[-93.1132837,16.7990281],[-93.1149207,16.7990556]]]}},{"type":"Feature","properties":{"id":"MX-CHH","subdivision":"Chihuahua"},"geometry":{"type":"Point","coordinates":[-106.0733679,28.6390799]}},{"type":"Feature","properties":{"id":"MX-CHH","radiusMeters":5000},"geometry":{"type":"Polygon","coordinates":[[[-106.0733679,28.684194],[-106.0751533,28.6841665],[-106.0769366,28.684084],[-106.0787155,28.6839467],[-106.0804879,28.6837547],[-106.0822516,28.6835083],[-106.0840045,28.6832077],[-106.0857443,28.6828533],[-106.0874691,28.6824456],[-106.0891767,28.681985],[-106.090865,28.6814721],[-106.092532,28.6809076],[-106.0941756,28.6802921],[-106.0957938,28.6796263],[-106.0973846,28.6789111],[-106.0989462,28.6781474],[-106.1004765,28.6773361],[-106.1019738,28.6764781],[-106.1034362,28.6755746],[-106.104862,28.6746266],[-106.1062493,28.6736353],[-106.1075965,28.6726019],[-106.108902,28.6715276],[-106.1101641,28.6704138],[-106.1113814,28.6692618],[-106.1125523,28.668073],[-106.1136755,28.6668489],[-106.1147495,28.665591],[-106.115773,28.6643008],[-106.1167449,28.6629798],[-106.1176638,28.6616297],[-106.1185288,28.6602522],[-106.1193387,28.6588488],[-106.1200925,28.6574214],[-106.1207894,28.6559717],[-106.1214285,28.6545013],[-106.1220091,28.6530122],[-106.1225303,28.6515061],[-106.1229916,28.6499849],[-106.1233924,28.6484504],[-106.1237323,28.6469045],[-106.1240108,28.6453491],[-106.1242276,28.6437861],[-106.1243824,28.6422173],[-106.1244751,28.6406447],[-106.1245055,28.6390703],[-106.1244736,28.6374958],[-106.1243794,28.6359233],[-106.1242231,28.6343546],[-106.1240048,28.6327918],[-106.1237248,28.6312365],[-106.1233835,28.6296909],[-106.1229813,28.6281567],[-106.1225187,28.6266358],[-106.1219962,28.6251301],[-106.1214145,28.6236414],[-106.1207742,28.6221715],[-106.1200763,28.6207222],[-106.1193214,28.6192953],[-106.1185106,28.6178925],[-106.1176449,28.6165155],[-106.1167252,28.615166],[-106.1157527,28.6138457],[-106.1147287,28.6125561],[-106.1136543,28.6112988],[-106.1125308,28.6100753],[-106.1113597,28.6088872],[-106.1101423,28.6077359],[-106.1088801,28.6066227],[-106.1075747,28.6055491],[-106.1062277,28.6045163],[-106.1048407,28.6035257],[-106.1034154,28.6025783],[-106.1019535,28.6016754],[-106.1004569,28.6008181],[-106.0989272,28.6000073],[-106.0973665,28.5992442],[-106.0957765,28.5985295],[-106.0941593,28.5978643],[-106.0925168,28.5972493],[-106.090851,28.5966852],[-106.0891639,28.5961727],[-106.0874575,28.5957125],[-106.0857341,28.5953051],[-106.0839956,28.594951],[-106.0822441,28.5946506],[-106.0804819,28.5944044],[-106.078711,28.5942126],[-106.0769336,28.5940754],[-106.0751518,28.593993],[-106.0733679,28.5939655],[-106.071584,28.593993],[-106.0698022,28.5940754],[-106.0680248,28.5942126],[-106.0662539,28.5944044],[-106.0644917,28.5946506],[-106.0627402,28.594951],[-106.0610017,28.5953051],[-106.0592783,28.5957125],[-106.0575719,28.5961727],[-106.0558848,28.5966852],[-106.054219,28.5972493],[-106.0525765,28.5978643],[-106.0509593,28.5985295],[-106.0493693,28.5992442],[-106.0478086,28.6000073],[-106.0462789,28.6008181],[-106.0447823,28.6016754],[-106.0433204,28.6025783],[-106.0418951,28.6035257],[-106.0405081,28.6045163],[-106.0391611,28.6055491],[-106.0378557,28.6066227],[-106.0365935,28.6077359],[-106.0353761,28.6088872],[-106.034205,28.6100753],[-106.0330815,28.6112988],[-106.0320071,28.6125561],[-106.0309831,28.6138457],[-106.0300106,28.615166],[-106.0290909,28.6165155],[-106.0282252,28.6178925],[-106.0274144,28.6192953],[-106.0266595,28.6207222],[-106.0259616,28.6221715],[-106.0253213,28.6236414],[-106.0247396,28.6251301],[-106.0242171,28.6266358],[-106.0237545,28.6281567],[-106.0233523,28.6296909],[-106.023011,28.6312365],[-106.022731,28.6327918],[-106.0225127,28.6343546],[-106.0223564,28.6359233],[-106.0222622,28.6374958],[-106.0222303,28.6390703],[-106.0222607,28.6406447],[-106.0223534,28.6422173],[-106.0225082,28.6437861],[-106.022725,28.6453491],[-106.0230035,28.6469045],[-106.0233434,28.6484504],[-106.0237442,28.6499849],[-106.0242055,28.6515061],[-106.0247267,28.6530122],[-106.0253073,28.6545013],[-106.0259464,28.6559717],[-106.0266433,28.6574214],[-106.0273971,28.6588488],[-106.028207,28.6602522],[-106.029072,28.6616297],[-106.0299909,28.6629798],[-106.0309628,28.6643008],[-106.0319863,28.665591],[-106.0330603,28.6668489],[-106.0341835,28.668073],[-106.0353544,28.6692618],[-106.0365717,28.6704138],[-106.0378338,28.6715276],[-106.0391393,28.6726019],[-106.0404865,28.6736353],[-106.0418738,28.6746266],[-106.0432996,28.6755746],[-106.044762,28.6764781],[-106.0462593,28.6773361],[-106.0477896,28.6781474],[-106.0493512,28.6789111],[-106.050942,28.6796263],[-106.0525602,28.6802921],[-106.0542038,28.6809076],[-106.0558708,28.6814721],[-106.0575591,28.681985],[-106.0592667,28.6824456],[-106.0609915,28.6828533],[-106.0627313,28.6832077],[-106.0644842,28.6835083],[-106.0662479,28.6837547],[-106.0680203,28.6839467],[-106.0697992,28.684084],[-106.0715825,28.6841665],[-106.0733679,28.684194]]]}},{"type":"Feature","properties":{"id":"MX-CMX","subdivision":"Ciudad de México"},"geometry":{"type":"Point","coordinates":[-99.134277,19.4316429]}},{"type":"Feature","properties":{"id":"MX-CMX","radiusMeters":5000},"geometry":{"type":"Polygon","coordinates":[[[-99.134277,19.476811],[-99.1359391,19.4767835],[-99.1375991,19.476701],[-99.1392551,19.4765635],[-99.140905,19.4763713],[-99.1425468,19.4761246],[-99.1441786,19.4758237],[-99.1457983,19.475469],[-99.1474039,19.4750608],[-99.1489935,19.4745997],[-99.1505652,19.4740863],[-99.152117,19.4735212],[-99.1536471,19.472905],[-99.1551535,19.4722385],[-99.1566345,19.4715226],[-99.1580883,19.4707581],[-99.159513,19.4699459],[-99.1609069,19.469087],[-99.1622684,19.4681825],[-99.1635957,19.4672335],[-99.1648873,19.4662411],[-99.1661416,19.4652066],[-99.167357,19.4641311],[-99.1685321,19.4630161],[-99.1696655,19.4618628],[-99.1707557,19.4606728],[-99.1718014,19.4594473],[-99.1728014,19.458188],[-99.1737545,19.4568963],[-99.1746594,19.4555739],[-99.1755151,19.4542223],[-99.1763206,19.4528432],[-99.1770748,19.4514383],[-99.1777768,19.4500092],[-99.1784258,19.4485578],[-99.179021,19.4470858],[-99.1795617,19.445595],[-99.1800472,19.4440872],[-99.1804769,19.4425642],[-99.1808504,19.4410279],[-99.181167,19.4394802],[-99.1814266,19.437923],[-99.1816286,19.4363581],[-99.181773,19.4347875],[-99.1818595,19.433213],[-99.1818881,19.4316367],[-99.1818586,19.4300603],[-99.1817712,19.4284859],[-99.1816259,19.4269154],[-99.1814229,19.4253506],[-99.1811625,19.4237935],[-99.180845,19.4222459],[-99.1804708,19.4207098],[-99.1800402,19.4191871],[-99.179554,19.4176795],[-99.1790126,19.4161889],[-99.1784167,19.4147172],[-99.177767,19.4132661],[-99.1770644,19.4118374],[-99.1763096,19.4104328],[-99.1755037,19.4090541],[-99.1746476,19.4077029],[-99.1737423,19.4063808],[-99.1727889,19.4050896],[-99.1717887,19.4038306],[-99.1707427,19.4026056],[-99.1696524,19.401416],[-99.168519,19.4002631],[-99.1673439,19.3991485],[-99.1661285,19.3980735],[-99.1648743,19.3970394],[-99.1635829,19.3960474],[-99.1622558,19.3950988],[-99.1608947,19.3941947],[-99.1595011,19.3933362],[-99.1580769,19.3925244],[-99.1566236,19.3917603],[-99.1551431,19.3910447],[-99.1536373,19.3903785],[-99.1521079,19.3897627],[-99.1505567,19.3891978],[-99.1489858,19.3886847],[-99.1473969,19.3882238],[-99.1457921,19.3878159],[-99.1441732,19.3874613],[-99.1425423,19.3871606],[-99.1409014,19.386914],[-99.1392523,19.3867219],[-99.1375973,19.3865846],[-99.1359381,19.3865021],[-99.134277,19.3864746],[-99.1326159,19.3865021],[-99.1309567,19.3865846],[-99.1293017,19.3867219],[-99.1276526,19.386914],[-99.1260117,19.3871606],[-99.1243808,19.3874613],[-99.1227619,19.3878159],[-99.1211571,19.3882238],[-99.1195682,19.3886847],[-99.1179973,19.3891978],[-99.1164461,19.3897627],[-99.1149167,19.3903785],[-99.1134109,19.3910447],[-99.1119304,19.3917603],[-99.1104771,19.3925244],[-99.1090529,19.3933362],[-99.1076593,19.3941947],[-99.1062982,19.3950988],[-99.1049711,19.3960474],[-99.1036797,19.3970394],[-99.1024255,19.3980735],[-99.1012101,19.3991485],[-99.100035,19.4002631],[-99.0989016,19.401416],[-99.0978113,19.4026056],[-99.0967653,19.4038306],[-99.0957651,19.4050896],[-99.0948117,19.4063808],[-99.0939064,19.4077029],[-99.0930503,19.4090541],[-99.0922444,19.4104328],[-99.0914896,19.4118374],[-99.090787,19.4132661],[-99.0901373,19.4147172],[-99.0895414,19.4161889],[-99.089,19.4176795],[-99.0885138,19.4191871],[-99.0880832,19.4207098],[-99.087709,19.4222459],[-99.0873915,19.4237935],[-99.0871311,19.4253506],[-99.0869281,19.4269154],[-99.0867828,19.4284859],[-99.0866954,19.4300603],[-99.0866659,19.4316367],[-99.0866945,19.433213],[-99.086781,19.4347875],[-99.0869254,19.4363581],[-99.0871274,19.437923],[-99.087387,19.4394802],[-99.0877036,19.4410279],[-99.0880771,19.4425642],[-99.0885068,19.4440872],[-99.0889923,19.445595],[-99.089533,19.4470858],[-99.0901282,19.4485578],[-99.0907772,19.4500092],[-99.0914792,19.4514383],[-99.0922334,19.4528432],[-99.0930389,19.4542223],[-99.0938946,19.4555739],[-99.0947995,19.4568963],[-99.0957526,19.458188],[-99.0967526,19.4594473],[-99.0977983,19.4606728],[-99.0988885,19.4618628],[-99.1000219,19.4630161],[-99.101197,19.4641311],[-99.1024124,19.4652066],[-99.1036667,19.4662411],[-99.1049583,19.4672335],[-99.1062856,19.4681825],[-99.1076471,19.469087],[-99.109041,19.4699459],[-99.1104657,19.4707581],[-99.1119195,19.4715226],[-99.1134005,19.4722385],[-99.1149069,19.472905],[-99.116437,19.4735212],[-99.1179888,19.4740863],[-99.1195605,19.4745997],[-99.1211501,19.4750608],[-99.1227557,19.475469],[-99.1243754,19.4758237],[-99.1260072,19.4761246],[-99.127649,19.4763713],[-99.1292989,19.4765635],[-99.1309549,19.476701],[-99.1326149,19.4767835],[-99.134277,19.476811]]]}},{"type":"Feature","properties":{"id":"MX-COA","subdivision":"Coahuila"},"geometry":{"type":"Point","coordinates":[-101.0009458,25.4219036]}},{"type":"Feature","properties":{"id":"MX-COA","radiusMeters":5000},"geometry":{"type":"Polygon","coordinates":[[[-101.0009458,25.4670383],[-101.002681,25.4670108],[-101.004414,25.4669283],[-101.0061428,25.4667909],[-101.0078653,25.4665989],[-101.0095794,25.4663523],[-101.0112829,25.4660516],[-101.0129738,25.4656971],[-101.01465,25.4652892],[-101.0163095,25.4648284],[-101.0179503,25.4643154],[-101.0195704,25.4637506],[-101.0211677,25.4631348],[-101.0227404,25.4624688],[-101.0242864,25.4617533],[-101.0258041,25.4609893],[-101.0272914,25.4601776],[-101.0287465,25.4593193],[-101.0301678,25.4584154],[-101.0315535,25.4574671],[-101.0329018,25.4564753],[-101.0342111,25.4554415],[-101.0354799,25.4543667],[-101.0367066,25.4532525],[-101.0378897,25.4521],[-101.0390277,25.4509107],[-101.0401193,25.4496861],[-101.0411631,25.4484276],[-101.042158,25.4471369],[-101.0431025,25.4458153],[-101.0439957,25.4444647],[-101.0448364,25.4430865],[-101.0456236,25.4416826],[-101.0463563,25.4402545],[-101.0470337,25.4388042],[-101.0476549,25.4373332],[-101.0482192,25.4358434],[-101.0487259,25.4343367],[-101.0491743,25.4328148],[-101.049564,25.4312796],[-101.0498944,25.429733],[-101.0501652,25.4281769],[-101.0503759,25.4266132],[-101.0505265,25.4250437],[-101.0506167,25.4234704],[-101.0506463,25.4218952],[-101.0506154,25.42032],[-101.0505239,25.4187468],[-101.0503721,25.4171774],[-101.0501601,25.4156138],[-101.0498881,25.4140579],[-101.0495564,25.4125115],[-101.0491656,25.4109766],[-101.0487161,25.409455],[-101.0482083,25.4079486],[-101.047643,25.4064591],[-101.0470209,25.4049886],[-101.0463426,25.4035386],[-101.045609,25.402111],[-101.0448211,25.4007075],[-101.0439797,25.3993299],[-101.0430859,25.3979797],[-101.0421408,25.3966587],[-101.0411455,25.3953685],[-101.0401013,25.3941106],[-101.0390095,25.3928865],[-101.0378713,25.3916978],[-101.0366881,25.3905459],[-101.0354614,25.3894322],[-101.0341927,25.3883581],[-101.0328835,25.3873248],[-101.0315355,25.3863336],[-101.0301502,25.3853858],[-101.0287294,25.3844824],[-101.0272747,25.3836246],[-101.025788,25.3828135],[-101.0242711,25.38205],[-101.0227258,25.381335],[-101.0211539,25.3806694],[-101.0195575,25.380054],[-101.0179384,25.3794896],[-101.0162987,25.3789769],[-101.0146402,25.3785165],[-101.0129651,25.3781089],[-101.0112754,25.3777546],[-101.009573,25.3774541],[-101.0078602,25.3772077],[-101.006139,25.3770158],[-101.0044114,25.3768785],[-101.0026797,25.3767961],[-101.0009458,25.3767686],[-100.9992119,25.3767961],[-100.9974802,25.3768785],[-100.9957526,25.3770158],[-100.9940314,25.3772077],[-100.9923186,25.3774541],[-100.9906162,25.3777546],[-100.9889265,25.3781089],[-100.9872514,25.3785165],[-100.9855929,25.3789769],[-100.9839532,25.3794896],[-100.9823341,25.380054],[-100.9807377,25.3806694],[-100.9791658,25.381335],[-100.9776205,25.38205],[-100.9761036,25.3828135],[-100.9746169,25.3836246],[-100.9731622,25.3844824],[-100.9717414,25.3853858],[-100.9703561,25.3863336],[-100.9690081,25.3873248],[-100.9676989,25.3883581],[-100.9664302,25.3894322],[-100.9652035,25.3905459],[-100.9640203,25.3916978],[-100.9628821,25.3928865],[-100.9617903,25.3941106],[-100.9607461,25.3953685],[-100.9597508,25.3966587],[-100.9588057,25.3979797],[-100.9579119,25.3993299],[-100.9570705,25.4007075],[-100.9562826,25.402111],[-100.955549,25.4035386],[-100.9548707,25.4049886],[-100.9542486,25.4064591],[-100.9536833,25.4079486],[-100.9531755,25.409455],[-100.952726,25.4109766],[-100.9523352,25.4125115],[-100.9520035,25.4140579],[-100.9517315,25.4156138],[-100.9515195,25.4171774],[-100.9513677,25.4187468],[-100.9512762,25.42032],[-100.9512453,25.4218952],[-100.9512749,25.4234704],[-100.9513651,25.4250437],[-100.9515157,25.4266132],[-100.9517264,25.4281769],[-100.9519972,25.429733],[-100.9523276,25.4312796],[-100.9527173,25.4328148],[-100.9531657,25.4343367],[-100.9536724,25.4358434],[-100.9542367,25.4373332],[-100.9548579,25.4388042],[-100.9555353,25.4402545],[-100.956268,25.4416826],[-100.9570552,25.4430865],[-100.9578959,25.4444647],[-100.9587891,25.4458153],[-100.9597336,25.4471369],[-100.9607285,25.4484276],[-100.9617723,25.4496861],[-100.9628639,25.4509107],[-100.9640019,25.4521],[-100.965185,25.4532525],[-100.9664117,25.4543667],[-100.9676805,25.4554415],[-100.9689898,25.4564753],[-100.9703381,25.4574671],[-100.9717238,25.4584154],[-100.9731451,25.4593193],[-100.9746002,25.4601776],[-100.9760875,25.4609893],[-100.9776052,25.4617533],[-100.9791512,25.4624688],[-100.9807239,25.4631348],[-100.9823212,25.4637506],[-100.9839413,25.4643154],[-100.9855821,25.4648284],[-100.9872416,25.4652892],[-100.9889178,25.4656971],[-100.9906087,25.4660516],[-100.9923122,25.4663523],[-100.9940263,25.4665989],[-100.9957488,25.4667909],[-100.9974776,25.4669283],[-100.9992106,25.4670108],[-101.0009458,25.4670383]]]}},{"type":"Feature","properties":{"id":"MX-COL","subdivision":"Colima"},"geometry":{"type":"Point","coordinates":[-103.6878234,19.2556971]}},{"type":"Feature","properties":{"id":"MX-COL","radiusMeters":5000},"geometry":{"type":"Polygon","coordinates":[[[-103.6878234,19.3008661],[-103.6894837,19.3008386],[-103.6911419,19.300756],[-103.6927961,19.3006186],[-103.6944443,19.3004264],[-103.6960844,19.3001797],[-103.6977144,19.2998788],[-103.6993323,19.299524],[-103.7009362,19.2991159],[-103.7025241,19.2986548],[-103.7040941,19.2981413],[-103.7056443,19.2975762],[-103.7071727,19.29696],[-103.7086775,19.2962935],[-103.7101569,19.2955776],[-103.7116091,19.2948131],[-103.7130323,19.2940009],[-103.7144247,19.293142],[-103.7157847,19.2922375],[-103.7171106,19.2912884],[-103.7184009,19.290296],[-103.7196538,19.2892615],[-103.7208679,19.288186],[-103.7220418,19.2870709],[-103.7231739,19.2859177],[-103.724263,19.2847276],[-103.7253076,19.2835021],[-103.7263065,19.2822427],[-103.7272585,19.2809511],[-103.7281625,19.2796286],[-103.7290173,19.278277],[-103.7298219,19.2768979],[-103.7305753,19.2754929],[-103.7312766,19.2740638],[-103.7319249,19.2726124],[-103.7325195,19.2711404],[-103.7330596,19.2696495],[-103.7335446,19.2681417],[-103.7339738,19.2666187],[-103.7343468,19.2650824],[-103.7346632,19.2635346],[-103.7349224,19.2619774],[-103.7351243,19.2604124],[-103.7352686,19.2588418],[-103.735355,19.2572673],[-103.7353835,19.2556909],[-103.7353541,19.2541145],[-103.7352667,19.2525401],[-103.7351216,19.2509695],[-103.7349189,19.2494047],[-103.7346587,19.2478476],[-103.7343416,19.2463],[-103.7339677,19.2447639],[-103.7335377,19.2432411],[-103.7330519,19.2417335],[-103.7325111,19.2402429],[-103.7319158,19.2387711],[-103.7312669,19.23732],[-103.730565,19.2358913],[-103.7298111,19.2344867],[-103.729006,19.2331079],[-103.7281508,19.2317566],[-103.7272465,19.2304346],[-103.7262941,19.2291433],[-103.725295,19.2278843],[-103.7242501,19.2266593],[-103.723161,19.2254696],[-103.7220288,19.2243168],[-103.7208549,19.2232021],[-103.7196409,19.2221271],[-103.718388,19.2210929],[-103.717098,19.220101],[-103.7157723,19.2191523],[-103.7144126,19.2182482],[-103.7130206,19.2173897],[-103.7115978,19.2165779],[-103.7101461,19.2158137],[-103.7086673,19.2150981],[-103.707163,19.214432],[-103.7056352,19.2138161],[-103.7040857,19.2132512],[-103.7025165,19.212738],[-103.7009293,19.2122772],[-103.6993262,19.2118692],[-103.6977091,19.2115147],[-103.6960799,19.2112139],[-103.6944407,19.2109674],[-103.6927934,19.2107753],[-103.6911401,19.2106379],[-103.6894828,19.2105554],[-103.6878234,19.2105279],[-103.686164,19.2105554],[-103.6845067,19.2106379],[-103.6828534,19.2107753],[-103.6812061,19.2109674],[-103.6795669,19.2112139],[-103.6779377,19.2115147],[-103.6763206,19.2118692],[-103.6747175,19.2122772],[-103.6731303,19.212738],[-103.6715611,19.2132512],[-103.6700116,19.2138161],[-103.6684838,19.214432],[-103.6669795,19.2150981],[-103.6655007,19.2158137],[-103.664049,19.2165779],[-103.6626262,19.2173897],[-103.6612342,19.2182482],[-103.6598745,19.2191523],[-103.6585488,19.220101],[-103.6572588,19.2210929],[-103.6560059,19.2221271],[-103.6547919,19.2232021],[-103.653618,19.2243168],[-103.6524858,19.2254696],[-103.6513967,19.2266593],[-103.6503518,19.2278843],[-103.6493527,19.2291433],[-103.6484003,19.2304346],[-103.647496,19.2317566],[-103.6466408,19.2331079],[-103.6458357,19.2344867],[-103.6450818,19.2358913],[-103.6443799,19.23732],[-103.643731,19.2387711],[-103.6431357,19.2402429],[-103.6425949,19.2417335],[-103.6421091,19.2432411],[-103.6416791,19.2447639],[-103.6413052,19.2463],[-103.6409881,19.2478476],[-103.6407279,19.2494047],[-103.6405252,19.2509695],[-103.6403801,19.2525401],[-103.6402927,19.2541145],[-103.6402633,19.2556909],[-103.6402918,19.2572673],[-103.6403782,19.2588418],[-103.6405225,19.2604124],[-103.6407244,19.2619774],[-103.6409836,19.2635346],[-103.6413,19.2650824],[-103.641673,19.2666187],[-103.6421022,19.2681417],[-103.6425872,19.2696495],[-103.6431273,19.2711404],[-103.6437219,19.2726124],[-103.6443702,19.2740638],[-103.6450715,19.2754929],[-103.6458249,19.2768979],[-103.6466295,19.278277],[-103.6474843,19.2796286],[-103.6483883,19.2809511],[-103.6493403,19.2822427],[-103.6503392,19.2835021],[-103.6513838,19.2847276],[-103.6524729,19.2859177],[-103.653605,19.2870709],[-103.6547789,19.288186],[-103.655993,19.2892615],[-103.6572459,19.290296],[-103.6585362,19.2912884],[-103.6598621,19.2922375],[-103.6612221,19.293142],[-103.6626145,19.2940009],[-103.6640377,19.2948131],[-103.6654899,19.2955776],[-103.6669693,19.2962935],[-103.6684741,19.29696],[-103.6700025,19.2975762],[-103.6715527,19.2981413],[-103.6731227,19.2986548],[-103.6747106,19.2991159],[-103.6763145,19.299524],[-103.6779324,19.2998788],[-103.6795624,19.3001797],[-103.6812025,19.3004264],[-103.6828507,19.3006186],[-103.6845049,19.300756],[-103.6861631,19.3008386],[-103.6878234,19.3008661]]]}},{"type":"Feature","properties":{"id":"MX-DUR","subdivision":"Durango"},"geometry":{"type":"Point","coordinates":[-104.6816455,24.0342443]}},{"type":"Feature","properties":{"id":"MX-DUR","radiusMeters":5000},"geometry":{"type":"Polygon","coordinates":[[[-104.6816455,24.0793873],[-104.6833615,24.0793598],[-104.6850754,24.0792773],[-104.6867851,24.07914],[-104.6884885,24.0789479],[-104.6901836,24.0787013],[-104.6918683,24.0784005],[-104.6935405,24.0780459],[-104.6951982,24.077638],[-104.6968394,24.0771771],[-104.6984621,24.076664],[-104.7000642,24.0760991],[-104.7016439,24.0754832],[-104.7031992,24.0748171],[-104.7047282,24.0741015],[-104.706229,24.0733374],[-104.7076999,24.0725256],[-104.709139,24.0716671],[-104.7105446,24.0707631],[-104.711915,24.0698145],[-104.7132484,24.0688226],[-104.7145433,24.0677886],[-104.7157981,24.0667137],[-104.7170112,24.0655992],[-104.7181813,24.0644466],[-104.7193067,24.0632571],[-104.7203863,24.0620323],[-104.7214186,24.0607736],[-104.7224025,24.0594826],[-104.7233367,24.0581608],[-104.72422,24.0568099],[-104.7250514,24.0554316],[-104.72583,24.0540274],[-104.7265547,24.0525991],[-104.7272246,24.0511484],[-104.727839,24.0496772],[-104.7283971,24.0481872],[-104.7288982,24.0466801],[-104.7293417,24.045158],[-104.7297271,24.0436225],[-104.7300539,24.0420757],[-104.7303217,24.0405193],[-104.7305302,24.0389552],[-104.7306792,24.0373855],[-104.7307684,24.0358119],[-104.7307977,24.0342364],[-104.7307672,24.0326609],[-104.7306768,24.0310874],[-104.7305267,24.0295178],[-104.730317,24.0279538],[-104.730048,24.0263976],[-104.7297201,24.024851],[-104.7293336,24.0233157],[-104.7288891,24.0217939],[-104.728387,24.0202871],[-104.7278279,24.0187974],[-104.7272127,24.0173266],[-104.7265419,24.0158763],[-104.7258164,24.0144484],[-104.7250372,24.0130447],[-104.7242051,24.0116668],[-104.7233212,24.0103164],[-104.7223866,24.0089951],[-104.7214023,24.0077046],[-104.7203696,24.0064464],[-104.7192898,24.0052221],[-104.7181642,24.0040332],[-104.7169941,24.0028811],[-104.7157809,24.0017671],[-104.7145262,24.0006928],[-104.7132315,23.9996593],[-104.7118983,23.9986679],[-104.7105283,23.9977199],[-104.7091231,23.9968164],[-104.7076845,23.9959584],[-104.7062142,23.9951471],[-104.704714,23.9943834],[-104.7031856,23.9936683],[-104.7016311,23.9930025],[-104.7000523,23.9923871],[-104.698451,23.9918226],[-104.6968293,23.9913097],[-104.6951891,23.9908492],[-104.6935325,23.9904415],[-104.6918613,23.9900871],[-104.6901778,23.9897866],[-104.6884838,23.9895402],[-104.6867815,23.9893482],[-104.685073,23.9892109],[-104.6833603,23.9891285],[-104.6816455,23.989101],[-104.6799307,23.9891285],[-104.678218,23.9892109],[-104.6765095,23.9893482],[-104.6748072,23.9895402],[-104.6731132,23.9897866],[-104.6714297,23.9900871],[-104.6697585,23.9904415],[-104.6681019,23.9908492],[-104.6664617,23.9913097],[-104.66484,23.9918226],[-104.6632387,23.9923871],[-104.6616599,23.9930025],[-104.6601054,23.9936683],[-104.658577,23.9943834],[-104.6570768,23.9951471],[-104.6556065,23.9959584],[-104.6541679,23.9968164],[-104.6527627,23.9977199],[-104.6513927,23.9986679],[-104.6500595,23.9996593],[-104.6487648,24.0006928],[-104.6475101,24.0017671],[-104.6462969,24.0028811],[-104.6451268,24.0040332],[-104.6440012,24.0052221],[-104.6429214,24.0064464],[-104.6418887,24.0077046],[-104.6409044,24.0089951],[-104.6399698,24.0103164],[-104.6390859,24.0116668],[-104.6382538,24.0130447],[-104.6374746,24.0144484],[-104.6367491,24.0158763],[-104.6360783,24.0173266],[-104.6354631,24.0187974],[-104.634904,24.0202871],[-104.6344019,24.0217939],[-104.6339574,24.0233157],[-104.6335709,24.024851],[-104.633243,24.0263976],[-104.632974,24.0279538],[-104.6327643,24.0295178],[-104.6326142,24.0310874],[-104.6325238,24.0326609],[-104.6324933,24.0342364],[-104.6325226,24.0358119],[-104.6326118,24.0373855],[-104.6327608,24.0389552],[-104.6329693,24.0405193],[-104.6332371,24.0420757],[-104.6335639,24.0436225],[-104.6339493,24.045158],[-104.6343928,24.0466801],[-104.6348939,24.0481872],[-104.635452,24.0496772],[-104.6360664,24.0511484],[-104.6367363,24.0525991],[-104.637461,24.0540274],[-104.6382396,24.0554316],[-104.639071,24.0568099],[-104.6399543,24.0581608],[-104.6408885,24.0594826],[-104.6418724,24.0607736],[-104.6429047,24.0620323],[-104.6439843,24.0632571],[-104.6451097,24.0644466],[-104.6462798,24.0655992],[-104.6474929,24.0667137],[-104.6487477,24.0677886],[-104.6500426,24.0688226],[-104.651376,24.0698145],[-104.6527464,24.0707631],[-104.654152,24.0716671],[-104.6555911,24.0725256],[-104.657062,24.0733374],[-104.6585628,24.0741015],[-104.6600918,24.0748171],[-104.6616471,24.0754832],[-104.6632268,24.0760991],[-104.6648289,24.076664],[-104.6664516,24.0771771],[-104.6680928,24.077638],[-104.6697505,24.0780459],[-104.6714227,24.0784005],[-104.6731074,24.0787013],[-104.6748025,24.0789479],[-104.6765059,24.07914],[-104.6782156,24.0792773],[-104.6799295,24.0793598],[-104.6816455,24.0793873]]]}},{"type":"Feature","properties":{"id":"MX-GUA","subdivision":"Guanajuato"},"geometry":{"type":"Point","coordinates":[-101.2435337,21.003277]}},{"type":"Feature","properties":{"id":"MX-GUA","radiusMeters":5000},"geometry":{"type":"Polygon","coordinates":[[[-101.2435337,21.048437],[-101.2452126,21.0484095],[-101.2468894,21.048327],[-101.2485622,21.0481896],[-101.2502288,21.0479974],[-101.2518872,21.0477507],[-101.2535355,21.0474499],[-101.2551715,21.0470952],[-101.2567934,21.0466871],[-101.2583991,21.0462261],[-101.2599867,21.0457128],[-101.2615542,21.0451477],[-101.2630997,21.0445316],[-101.2646214,21.0438653],[-101.2661174,21.0431495],[-101.2675858,21.0423851],[-101.2690249,21.041573],[-101.2704329,21.0407143],[-101.2718082,21.0398099],[-101.2731489,21.038861],[-101.2744536,21.0378688],[-101.2757205,21.0368344],[-101.2769482,21.0357592],[-101.2781352,21.0346443],[-101.27928,21.0334912],[-101.2803812,21.0323013],[-101.2814375,21.0310761],[-101.2824476,21.029817],[-101.2834102,21.0285255],[-101.2843242,21.0272033],[-101.2851886,21.025852],[-101.2860021,21.0244731],[-101.2867639,21.0230684],[-101.287473,21.0216396],[-101.2881285,21.0201884],[-101.2887297,21.0187167],[-101.2892758,21.0172261],[-101.2897662,21.0157185],[-101.2902002,21.0141958],[-101.2905774,21.0126598],[-101.2908972,21.0111124],[-101.2911593,21.0095554],[-101.2913634,21.0079908],[-101.2915092,21.0064205],[-101.2915966,21.0048463],[-101.2916254,21.0032702],[-101.2915956,21.0016941],[-101.2915072,21.00012],[-101.2913604,20.9985498],[-101.2911553,20.9969853],[-101.2908923,20.9954284],[-101.2905715,20.9938812],[-101.2901934,20.9923454],[-101.2897585,20.9908229],[-101.2892673,20.9893156],[-101.2887204,20.9878253],[-101.2881185,20.9863539],[-101.2874622,20.984903],[-101.2867525,20.9834746],[-101.2859901,20.9820703],[-101.285176,20.9806918],[-101.2843112,20.9793408],[-101.2833968,20.9780191],[-101.2824338,20.976728],[-101.2814234,20.9754694],[-101.2803669,20.9742446],[-101.2792656,20.9730552],[-101.2781207,20.9719026],[-101.2769337,20.9707882],[-101.2757061,20.9697134],[-101.2744393,20.9686794],[-101.2731349,20.9676877],[-101.2717944,20.9667392],[-101.2704195,20.9658353],[-101.2690119,20.964977],[-101.2675733,20.9641654],[-101.2661054,20.9634014],[-101.26461,20.9626859],[-101.263089,20.9620199],[-101.2615441,20.9614042],[-101.2599774,20.9608394],[-101.2583906,20.9603264],[-101.2567857,20.9598656],[-101.2551647,20.9594578],[-101.2535296,20.9591033],[-101.2518823,20.9588026],[-101.2502248,20.9585561],[-101.2485591,20.958364],[-101.2468874,20.9582267],[-101.2452116,20.9581442],[-101.2435337,20.9581167],[-101.2418558,20.9581442],[-101.24018,20.9582267],[-101.2385083,20.958364],[-101.2368426,20.9585561],[-101.2351851,20.9588026],[-101.2335378,20.9591033],[-101.2319027,20.9594578],[-101.2302817,20.9598656],[-101.2286768,20.9603264],[-101.22709,20.9608394],[-101.2255233,20.9614042],[-101.2239784,20.9620199],[-101.2224574,20.9626859],[-101.220962,20.9634014],[-101.2194941,20.9641654],[-101.2180555,20.964977],[-101.2166479,20.9658353],[-101.215273,20.9667392],[-101.2139325,20.9676877],[-101.2126281,20.9686794],[-101.2113613,20.9697134],[-101.2101337,20.9707882],[-101.2089467,20.9719026],[-101.2078018,20.9730552],[-101.2067005,20.9742446],[-101.205644,20.9754694],[-101.2046336,20.976728],[-101.2036706,20.9780191],[-101.2027562,20.9793408],[-101.2018914,20.9806918],[-101.2010773,20.9820703],[-101.2003149,20.9834746],[-101.1996052,20.984903],[-101.1989489,20.9863539],[-101.198347,20.9878253],[-101.1978001,20.9893156],[-101.1973089,20.9908229],[-101.196874,20.9923454],[-101.1964959,20.9938812],[-101.1961751,20.9954284],[-101.1959121,20.9969853],[-101.195707,20.9985498],[-101.1955602,21.00012],[-101.1954718,21.0016941],[-101.195442,21.0032702],[-101.1954708,21.0048463],[-101.1955582,21.0064205],[-101.195704,21.0079908],[-101.1959081,21.0095554],[-101.1961702,21.0111124],[-101.19649,21.0126598],[-101.1968672,21.0141958],[-101.1973012,21.0157185],[-101.1977916,21.0172261],[-101.1983377,21.0187167],[-101.1989389,21.0201884],[-101.1995944,21.0216396],[-101.2003035,21.0230684],[-101.2010653,21.0244731],[-101.2018788,21.025852],[-101.2027432,21.0272033],[-101.2036572,21.0285255],[-101.2046198,21.029817],[-101.2056299,21.0310761],[-101.2066862,21.0323013],[-101.2077874,21.0334912],[-101.2089322,21.0346443],[-101.2101192,21.0357592],[-101.2113469,21.0368344],[-101.2126138,21.0378688],[-101.2139185,21.038861],[-101.2152592,21.0398099],[-101.2166345,21.0407143],[-101.2180425,21.041573],[-101.2194816,21.0423851],[-101.22095,21.0431495],[-101.222446,21.0438653],[-101.2239677,21.0445316],[-101.2255132,21.0451477],[-101.2270807,21.0457128],[-101.2286683,21.0462261],[-101.230274,21.0466871],[-101.2318959,21.0470952],[-101.2335319,21.0474499],[-101.2351802,21.0477507],[-101.2368386,21.0479974],[-101.2385052,21.0481896],[-101.240178,21.048327],[-101.2418548,21.0484095],[-101.2435337,21.048437]]]}},{"type":"Feature","properties":{"id":"MX-GRO","subdivision":"Guerrero"},"geometry":{"type":"Point","coordinates":[-99.4951336,17.5282684]}},{"type":"Feature","properties":{"id":"MX-GRO","radiusMeters":5000},"geometry":{"type":"Polygon","coordinates":[[[-99.4951336,17.5734456],[-99.4967774,17.5734181],[-99.4984191,17.5733355],[-99.5000569,17.573198],[-99.5016887,17.5730058],[-99.5033124,17.5727591],[-99.5049262,17.5724581],[-99.5065281,17.5721033],[-99.508116,17.5716951],[-99.5096882,17.5712339],[-99.5112426,17.5707204],[-99.5127773,17.5701552],[-99.5142906,17.5695389],[-99.5157804,17.5688723],[-99.5172452,17.5681563],[-99.5186829,17.5673916],[-99.520092,17.5665793],[-99.5214706,17.5657203],[-99.5228171,17.5648156],[-99.5241298,17.5638664],[-99.5254073,17.5628738],[-99.5266478,17.5618391],[-99.5278499,17.5607635],[-99.5290121,17.5596482],[-99.530133,17.5584948],[-99.5312112,17.5573045],[-99.5322455,17.5560788],[-99.5332346,17.5548192],[-99.5341772,17.5535273],[-99.5350722,17.5522047],[-99.5359185,17.5508528],[-99.5367151,17.5494735],[-99.5374611,17.5480683],[-99.5381554,17.546639],[-99.5387974,17.5451873],[-99.5393861,17.543715],[-99.5399209,17.5422239],[-99.5404011,17.5407158],[-99.5408261,17.5391925],[-99.5411955,17.5376559],[-99.5415087,17.5361079],[-99.5417655,17.5345504],[-99.5419654,17.5329852],[-99.5421082,17.5314142],[-99.5421938,17.5298395],[-99.5422221,17.5282628],[-99.542193,17.5266862],[-99.5421066,17.5251114],[-99.5419629,17.5235406],[-99.5417622,17.5219755],[-99.5415047,17.520418],[-99.5411907,17.5188702],[-99.5408207,17.5173338],[-99.5403949,17.5158107],[-99.539914,17.5143028],[-99.5393786,17.5128119],[-99.5387893,17.5113399],[-99.5381468,17.5098885],[-99.5374519,17.5084594],[-99.5367055,17.5070546],[-99.5359084,17.5056755],[-99.5350617,17.504324],[-99.5341663,17.5030017],[-99.5332235,17.5017102],[-99.5322342,17.500451],[-99.5311998,17.4992257],[-99.5301214,17.4980358],[-99.5290004,17.4968827],[-99.5278382,17.4957678],[-99.5266362,17.4946926],[-99.5253958,17.4936582],[-99.5241185,17.492666],[-99.522806,17.4917172],[-99.5214598,17.4908129],[-99.5200815,17.4899542],[-99.5186728,17.4891422],[-99.5172355,17.4883779],[-99.5157713,17.4876622],[-99.5142819,17.4869959],[-99.5127692,17.4863799],[-99.5112351,17.4858149],[-99.5096813,17.4853016],[-99.5081099,17.4848407],[-99.5065226,17.4844326],[-99.5049215,17.484078],[-99.5033084,17.4837772],[-99.5016855,17.4835306],[-99.5000545,17.4833384],[-99.4984175,17.483201],[-99.4967766,17.4831185],[-99.4951336,17.483091],[-99.4934906,17.4831185],[-99.4918497,17.483201],[-99.4902127,17.4833384],[-99.4885817,17.4835306],[-99.4869588,17.4837772],[-99.4853457,17.484078],[-99.4837446,17.4844326],[-99.4821573,17.4848407],[-99.4805859,17.4853016],[-99.4790321,17.4858149],[-99.477498,17.4863799],[-99.4759853,17.4869959],[-99.4744959,17.4876622],[-99.4730317,17.4883779],[-99.4715944,17.4891422],[-99.4701857,17.4899542],[-99.4688074,17.4908129],[-99.4674612,17.4917172],[-99.4661487,17.492666],[-99.4648714,17.4936582],[-99.463631,17.4946926],[-99.462429,17.4957678],[-99.4612668,17.4968827],[-99.4601458,17.4980358],[-99.4590674,17.4992257],[-99.458033,17.500451],[-99.4570437,17.5017102],[-99.4561009,17.5030017],[-99.4552055,17.504324],[-99.4543588,17.5056755],[-99.4535617,17.5070546],[-99.4528153,17.5084594],[-99.4521204,17.5098885],[-99.4514779,17.5113399],[-99.4508886,17.5128119],[-99.4503532,17.5143028],[-99.4498723,17.5158107],[-99.4494465,17.5173338],[-99.4490765,17.5188702],[-99.4487625,17.520418],[-99.448505,17.5219755],[-99.4483043,17.5235406],[-99.4481606,17.5251114],[-99.4480742,17.5266862],[-99.4480451,17.5282628],[-99.4480734,17.5298395],[-99.448159,17.5314142],[-99.4483018,17.5329852],[-99.4485017,17.5345504],[-99.4487585,17.5361079],[-99.4490717,17.5376559],[-99.4494411,17.5391925],[-99.4498661,17.5407158],[-99.4503463,17.5422239],[-99.4508811,17.543715],[-99.4514698,17.5451873],[-99.4521118,17.546639],[-99.4528061,17.5480683],[-99.4535521,17.5494735],[-99.4543487,17.5508528],[-99.455195,17.5522047],[-99.45609,17.5535273],[-99.4570326,17.5548192],[-99.4580217,17.5560788],[-99.459056,17.5573045],[-99.4601342,17.5584948],[-99.4612551,17.5596482],[-99.4624173,17.5607635],[-99.4636194,17.5618391],[-99.4648599,17.5628738],[-99.4661374,17.5638664],[-99.4674501,17.5648156],[-99.4687966,17.5657203],[-99.4701752,17.5665793],[-99.4715843,17.5673916],[-99.473022,17.5681563],[-99.4744868,17.5688723],[-99.4759766,17.5695389],[-99.4774899,17.5701552],[-99.4790246,17.5707204],[-99.480579,17.5712339],[-99.4821512,17.5716951],[-99.4837391,17.5721033],[-99.485341,17.5724581],[-99.4869548,17.5727591],[-99.4885785,17.5730058],[-99.4902103,17.573198],[-99.4918481,17.5733355],[-99.4934898,17.5734181],[-99.4951336,17.5734456]]]}},{"type":"Feature","properties":{"id":"MX-HID","subdivision":"Hidalgo"},"geometry":{"type":"Point","coordinates":[-98.736733,20.1224804]}},{"type":"Feature","properties":{"id":"MX-HID","radiusMeters":5000},"geometry":{"type":"Polygon","coordinates":[[[-98.736733,20.167645],[-98.7384023,20.1676175],[-98.7400695,20.167535],[-98.7417326,20.1673975],[-98.7433897,20.1672054],[-98.7450386,20.1669587],[-98.7466775,20.1666578],[-98.7483041,20.1663031],[-98.7499167,20.1658949],[-98.7515132,20.1654339],[-98.7530917,20.1649205],[-98.7546502,20.1643554],[-98.7561869,20.1637393],[-98.7576999,20.1630729],[-98.7591873,20.162357],[-98.7606473,20.1615925],[-98.7620782,20.1607804],[-98.7634781,20.1599216],[-98.7648455,20.1590171],[-98.7661786,20.1580682],[-98.7674758,20.1570759],[-98.7687355,20.1560414],[-98.7699562,20.154966],[-98.7711363,20.1538511],[-98.7722746,20.1526979],[-98.7733695,20.1515079],[-98.7744198,20.1502825],[-98.7754241,20.1490233],[-98.7763812,20.1477317],[-98.7772901,20.1464094],[-98.7781495,20.1450579],[-98.7789584,20.1436789],[-98.7797158,20.1422741],[-98.7804209,20.1408451],[-98.7810727,20.1393938],[-98.7816704,20.1379219],[-98.7822134,20.1364312],[-98.782701,20.1349235],[-98.7831326,20.1334006],[-98.7835076,20.1318645],[-98.7838256,20.1303169],[-98.7840863,20.1287598],[-98.7842892,20.127195],[-98.7844342,20.1256245],[-98.7845211,20.1240502],[-98.7845497,20.1224739],[-98.7845201,20.1208977],[-98.7844323,20.1193234],[-98.7842864,20.117753],[-98.7840825,20.1161883],[-98.7838209,20.1146313],[-98.783502,20.1130839],[-98.7831261,20.111548],[-98.7826938,20.1100253],[-98.7822054,20.1085179],[-98.7816616,20.1070274],[-98.7810631,20.1055558],[-98.7804107,20.1041048],[-98.779705,20.1026762],[-98.778947,20.1012718],[-98.7781376,20.0998931],[-98.7772777,20.098542],[-98.7763685,20.0972201],[-98.775411,20.0959289],[-98.7744064,20.0946701],[-98.773356,20.0934452],[-98.7722609,20.0922557],[-98.7711226,20.0911029],[-98.7699424,20.0899884],[-98.7687218,20.0889135],[-98.7674622,20.0878795],[-98.7661653,20.0868876],[-98.7648324,20.085939],[-98.7634654,20.085035],[-98.7620658,20.0841766],[-98.7606354,20.0833649],[-98.7591759,20.0826008],[-98.7576891,20.0818853],[-98.7561767,20.0812192],[-98.7546407,20.0806034],[-98.7530829,20.0800386],[-98.7515052,20.0795255],[-98.7499094,20.0790647],[-98.7482977,20.0786568],[-98.7466719,20.0783022],[-98.7450339,20.0780015],[-98.7433859,20.077755],[-98.7417298,20.0775629],[-98.7400676,20.0774255],[-98.7384013,20.077343],[-98.736733,20.0773155],[-98.7350647,20.077343],[-98.7333984,20.0774255],[-98.7317362,20.0775629],[-98.7300801,20.077755],[-98.7284321,20.0780015],[-98.7267941,20.0783022],[-98.7251683,20.0786568],[-98.7235566,20.0790647],[-98.7219608,20.0795255],[-98.7203831,20.0800386],[-98.7188253,20.0806034],[-98.7172893,20.0812192],[-98.7157769,20.0818853],[-98.7142901,20.0826008],[-98.7128306,20.0833649],[-98.7114002,20.0841766],[-98.7100006,20.085035],[-98.7086336,20.085939],[-98.7073007,20.0868876],[-98.7060038,20.0878795],[-98.7047442,20.0889135],[-98.7035236,20.0899884],[-98.7023434,20.0911029],[-98.7012051,20.0922557],[-98.70011,20.0934452],[-98.6990596,20.0946701],[-98.698055,20.0959289],[-98.6970975,20.0972201],[-98.6961883,20.098542],[-98.6953284,20.0998931],[-98.694519,20.1012718],[-98.693761,20.1026762],[-98.6930553,20.1041048],[-98.6924029,20.1055558],[-98.6918044,20.1070274],[-98.6912606,20.1085179],[-98.6907722,20.1100253],[-98.6903399,20.111548],[-98.689964,20.1130839],[-98.6896451,20.1146313],[-98.6893835,20.1161883],[-98.6891796,20.117753],[-98.6890337,20.1193234],[-98.6889459,20.1208977],[-98.6889163,20.1224739],[-98.6889449,20.1240502],[-98.6890318,20.1256245],[-98.6891768,20.127195],[-98.6893797,20.1287598],[-98.6896404,20.1303169],[-98.6899584,20.1318645],[-98.6903334,20.1334006],[-98.690765,20.1349235],[-98.6912526,20.1364312],[-98.6917956,20.1379219],[-98.6923933,20.1393938],[-98.6930451,20.1408451],[-98.6937502,20.1422741],[-98.6945076,20.1436789],[-98.6953165,20.1450579],[-98.6961759,20.1464094],[-98.6970848,20.1477317],[-98.6980419,20.1490233],[-98.6990462,20.1502825],[-98.7000965,20.1515079],[-98.7011914,20.1526979],[-98.7023297,20.1538511],[-98.7035098,20.154966],[-98.7047305,20.1560414],[-98.7059902,20.1570759],[-98.7072874,20.1580682],[-98.7086205,20.1590171],[-98.7099879,20.1599216],[-98.7113878,20.1607804],[-98.7128187,20.1615925],[-98.7142787,20.162357],[-98.7157661,20.1630729],[-98.7172791,20.1637393],[-98.7188158,20.1643554],[-98.7203743,20.1649205],[-98.7219528,20.1654339],[-98.7235493,20.1658949],[-98.7251619,20.1663031],[-98.7267885,20.1666578],[-98.7284274,20.1669587],[-98.7300763,20.1672054],[-98.7317334,20.1673975],[-98.7333965,20.167535],[-98.7350637,20.1676175],[-98.736733,20.167645]]]}},{"type":"Feature","properties":{"id":"MX-JAL","subdivision":"Jalisco"},"geometry":{"type":"Point","coordinates":[-103.3460859,20.6762137]}},{"type":"Feature","properties":{"id":"MX-JAL","radiusMeters":5000},"geometry":{"type":"Polygon","coordinates":[[[-103.3460859,20.7213755],[-103.3477611,20.7213479],[-103.3494344,20.7212654],[-103.3511035,20.721128],[-103.3527665,20.7209358],[-103.3544213,20.7206892],[-103.356066,20.7203883],[-103.3576986,20.7200336],[-103.3593169,20.7196255],[-103.3609191,20.7191645],[-103.3625033,20.7186511],[-103.3640674,20.718086],[-103.3656096,20.7174699],[-103.367128,20.7168035],[-103.3686207,20.7160877],[-103.370086,20.7153233],[-103.371522,20.7145112],[-103.372927,20.7136524],[-103.3742992,20.712748],[-103.3756371,20.7117991],[-103.3769389,20.7108069],[-103.3782031,20.7097725],[-103.3794282,20.7086972],[-103.3806126,20.7075823],[-103.3817549,20.7064292],[-103.3828537,20.7052392],[-103.3839078,20.7040139],[-103.3849157,20.7027548],[-103.3858762,20.7014633],[-103.3867883,20.700141],[-103.3876508,20.6987896],[-103.3884626,20.6974107],[-103.3892227,20.6960059],[-103.3899303,20.6945771],[-103.3905844,20.6931259],[-103.3911843,20.6916541],[-103.3917293,20.6901634],[-103.3922186,20.6886558],[-103.3926517,20.6871331],[-103.393028,20.685597],[-103.3933472,20.6840495],[-103.3936087,20.6824925],[-103.3938124,20.6809278],[-103.3939579,20.6793574],[-103.394045,20.6777832],[-103.3940738,20.676207],[-103.3940441,20.6746309],[-103.3939559,20.6730567],[-103.3938094,20.6714864],[-103.3936048,20.6699218],[-103.3933423,20.6683649],[-103.3930222,20.6668176],[-103.392645,20.6652818],[-103.3922111,20.6637592],[-103.3917209,20.6622519],[-103.3911752,20.6607615],[-103.3905746,20.65929],[-103.3899197,20.6578391],[-103.3892115,20.6564106],[-103.3884508,20.6550063],[-103.3876385,20.6536277],[-103.3867756,20.6522767],[-103.3858631,20.6509549],[-103.3849022,20.6496638],[-103.383894,20.6484051],[-103.3828398,20.6471802],[-103.3817408,20.6459908],[-103.3805984,20.6448381],[-103.379414,20.6437237],[-103.378189,20.6426488],[-103.3769249,20.6416149],[-103.3756233,20.6406231],[-103.3742857,20.6396746],[-103.3729138,20.6387706],[-103.3715092,20.6379123],[-103.3700737,20.6371006],[-103.368609,20.6363366],[-103.3671168,20.6356211],[-103.3655991,20.6349551],[-103.3640576,20.6343393],[-103.3624942,20.6337745],[-103.3609108,20.6332615],[-103.3593094,20.6328007],[-103.3576919,20.6323928],[-103.3560603,20.6320383],[-103.3544165,20.6317376],[-103.3527626,20.6314911],[-103.3511005,20.631299],[-103.3494324,20.6311617],[-103.3477602,20.6310792],[-103.3460859,20.6310517],[-103.3444116,20.6310792],[-103.3427394,20.6311617],[-103.3410713,20.631299],[-103.3394092,20.6314911],[-103.3377553,20.6317376],[-103.3361115,20.6320383],[-103.3344799,20.6323928],[-103.3328624,20.6328007],[-103.331261,20.6332615],[-103.3296776,20.6337745],[-103.3281142,20.6343393],[-103.3265727,20.6349551],[-103.325055,20.6356211],[-103.3235628,20.6363366],[-103.3220981,20.6371006],[-103.3206626,20.6379123],[-103.319258,20.6387706],[-103.3178861,20.6396746],[-103.3165485,20.6406231],[-103.3152469,20.6416149],[-103.3139828,20.6426488],[-103.3127578,20.6437237],[-103.3115734,20.6448381],[-103.310431,20.6459908],[-103.309332,20.6471802],[-103.3082778,20.6484051],[-103.3072696,20.6496638],[-103.3063087,20.6509549],[-103.3053962,20.6522767],[-103.3045333,20.6536277],[-103.303721,20.6550063],[-103.3029603,20.6564106],[-103.3022521,20.6578391],[-103.3015972,20.65929],[-103.3009966,20.6607615],[-103.3004509,20.6622519],[-103.2999607,20.6637592],[-103.2995268,20.6652818],[-103.2991496,20.6668176],[-103.2988295,20.6683649],[-103.298567,20.6699218],[-103.2983624,20.6714864],[-103.2982159,20.6730567],[-103.2981277,20.6746309],[-103.298098,20.676207],[-103.2981268,20.6777832],[-103.2982139,20.6793574],[-103.2983594,20.6809278],[-103.2985631,20.6824925],[-103.2988246,20.6840495],[-103.2991438,20.685597],[-103.2995201,20.6871331],[-103.2999532,20.6886558],[-103.3004425,20.6901634],[-103.3009875,20.6916541],[-103.3015874,20.6931259],[-103.3022415,20.6945771],[-103.3029491,20.6960059],[-103.3037092,20.6974107],[-103.304521,20.6987896],[-103.3053835,20.700141],[-103.3062956,20.7014633],[-103.3072561,20.7027548],[-103.308264,20.7040139],[-103.3093181,20.7052392],[-103.3104169,20.7064292],[-103.3115592,20.7075823],[-103.3127436,20.7086972],[-103.3139687,20.7097725],[-103.3152329,20.7108069],[-103.3165347,20.7117991],[-103.3178726,20.712748],[-103.3192448,20.7136524],[-103.3206498,20.7145112],[-103.3220858,20.7153233],[-103.3235511,20.7160877],[-103.3250438,20.7168035],[-103.3265622,20.7174699],[-103.3281044,20.718086],[-103.3296685,20.7186511],[-103.3312527,20.7191645],[-103.3328549,20.7196255],[-103.3344732,20.7200336],[-103.3361058,20.7203883],[-103.3377505,20.7206892],[-103.3394053,20.7209358],[-103.3410683,20.721128],[-103.3427374,20.7212654],[-103.3444107,20.7213479],[-103.3460859,20.7213755]]]}},{"type":"Feature","properties":{"id":"MX-MEX","subdivision":"Estado de México"},"geometry":{"type":"Point","coordinates":[-99.6574758,19.2935097]}},{"type":"Feature","properties":{"id":"MX-MEX","radiusMeters":5000},"geometry":{"type":"Polygon","coordinates":[[[-99.6574758,19.3386785],[-99.6591365,19.338651],[-99.6607951,19.3385684],[-99.6624497,19.338431],[-99.6640982,19.3382388],[-99.6657387,19.3379921],[-99.667369,19.3376912],[-99.6689873,19.3373364],[-99.6705916,19.3369283],[-99.6721799,19.3364672],[-99.6737502,19.3359538],[-99.6753008,19.3353886],[-99.6768295,19.3347724],[-99.6783347,19.334106],[-99.6798145,19.33339],[-99.681267,19.3326255],[-99.6826905,19.3318133],[-99.6840832,19.3309544],[-99.6854436,19.3300499],[-99.6867698,19.3291009],[-99.6880603,19.3281085],[-99.6893135,19.3270739],[-99.6905279,19.3259984],[-99.691702,19.3248834],[-99.6928344,19.3237301],[-99.6939237,19.32254],[-99.6949686,19.3213146],[-99.6959678,19.3200552],[-99.69692,19.3187635],[-99.6978242,19.3174411],[-99.6986792,19.3160895],[-99.6994839,19.3147104],[-99.7002375,19.3133054],[-99.7009389,19.3118764],[-99.7015874,19.3104249],[-99.7021821,19.3089529],[-99.7027224,19.307462],[-99.7032075,19.3059542],[-99.7036368,19.3044312],[-99.7040099,19.3028949],[-99.7043263,19.3013472],[-99.7045857,19.2997899],[-99.7047876,19.298225],[-99.7049318,19.2966544],[-99.7050183,19.2950799],[-99.7050468,19.2935035],[-99.7050174,19.2919271],[-99.70493,19.2903527],[-99.7047849,19.2887821],[-99.7045821,19.2872173],[-99.7043219,19.2856602],[-99.7040046,19.2841126],[-99.7036307,19.2825765],[-99.7032005,19.2810537],[-99.7027147,19.2795461],[-99.7021737,19.2780555],[-99.7015783,19.2765838],[-99.7009292,19.2751327],[-99.7002272,19.2737039],[-99.6994731,19.2722993],[-99.6986679,19.2709206],[-99.6978124,19.2695693],[-99.6969079,19.2682473],[-99.6959554,19.266956],[-99.6949559,19.2656971],[-99.6939109,19.264472],[-99.6928215,19.2632823],[-99.691689,19.2621295],[-99.6905149,19.2610149],[-99.6893005,19.2599398],[-99.6880474,19.2589057],[-99.6867571,19.2579137],[-99.6854311,19.2569651],[-99.6840711,19.256061],[-99.6826787,19.2552025],[-99.6812557,19.2543906],[-99.6798036,19.2536265],[-99.6783244,19.2529109],[-99.6768198,19.2522447],[-99.6752917,19.2516288],[-99.6737419,19.251064],[-99.6721722,19.2505508],[-99.6705847,19.25009],[-99.6689812,19.249682],[-99.6673637,19.2493275],[-99.6657342,19.2490267],[-99.6640946,19.2487801],[-99.662447,19.248588],[-99.6607933,19.2484507],[-99.6591355,19.2483682],[-99.6574758,19.2483407],[-99.6558161,19.2483682],[-99.6541583,19.2484507],[-99.6525046,19.248588],[-99.650857,19.2487801],[-99.6492174,19.2490267],[-99.6475879,19.2493275],[-99.6459704,19.249682],[-99.6443669,19.25009],[-99.6427794,19.2505508],[-99.6412097,19.251064],[-99.6396599,19.2516288],[-99.6381318,19.2522447],[-99.6366272,19.2529109],[-99.635148,19.2536265],[-99.6336959,19.2543906],[-99.6322729,19.2552025],[-99.6308805,19.256061],[-99.6295205,19.2569651],[-99.6281945,19.2579137],[-99.6269042,19.2589057],[-99.6256511,19.2599398],[-99.6244367,19.2610149],[-99.6232626,19.2621295],[-99.6221301,19.2632823],[-99.6210407,19.264472],[-99.6199957,19.2656971],[-99.6189962,19.266956],[-99.6180437,19.2682473],[-99.6171392,19.2695693],[-99.6162837,19.2709206],[-99.6154785,19.2722993],[-99.6147244,19.2737039],[-99.6140224,19.2751327],[-99.6133733,19.2765838],[-99.6127779,19.2780555],[-99.6122369,19.2795461],[-99.6117511,19.2810537],[-99.6113209,19.2825765],[-99.610947,19.2841126],[-99.6106297,19.2856602],[-99.6103695,19.2872173],[-99.6101667,19.2887821],[-99.6100216,19.2903527],[-99.6099342,19.2919271],[-99.6099048,19.2935035],[-99.6099333,19.2950799],[-99.6100198,19.2966544],[-99.610164,19.298225],[-99.6103659,19.2997899],[-99.6106253,19.3013472],[-99.6109417,19.3028949],[-99.6113148,19.3044312],[-99.6117441,19.3059542],[-99.6122292,19.307462],[-99.6127695,19.3089529],[-99.6133642,19.3104249],[-99.6140127,19.3118764],[-99.6147141,19.3133054],[-99.6154677,19.3147104],[-99.6162724,19.3160895],[-99.6171274,19.3174411],[-99.6180316,19.3187635],[-99.6189838,19.3200552],[-99.619983,19.3213146],[-99.6210279,19.32254],[-99.6221172,19.3237301],[-99.6232496,19.3248834],[-99.6244237,19.3259984],[-99.6256381,19.3270739],[-99.6268913,19.3281085],[-99.6281818,19.3291009],[-99.629508,19.3300499],[-99.6308684,19.3309544],[-99.6322611,19.3318133],[-99.6336846,19.3326255],[-99.6351371,19.33339],[-99.6366169,19.334106],[-99.6381221,19.3347724],[-99.6396508,19.3353886],[-99.6412014,19.3359538],[-99.6427717,19.3364672],[-99.64436,19.3369283],[-99.6459643,19.3373364],[-99.6475826,19.3376912],[-99.6492129,19.3379921],[-99.6508534,19.3382388],[-99.6525019,19.338431],[-99.6541565,19.3385684],[-99.6558151,19.338651],[-99.6574758,19.3386785]]]}},{"type":"Feature","properties":{"id":"MX-MIC","subdivision":"Michoacán"},"geometry":{"type":"Point","coordinates":[-101.1920605,19.7033587]}},{"type":"Feature","properties":{"id":"MX-MIC","radiusMeters":5000},"geometry":{"type":"Polygon","coordinates":[[[-101.1920605,19.7485255],[-101.1937254,19.7484979],[-101.1953882,19.7484154],[-101.197047,19.748278],[-101.1986996,19.7480858],[-101.2003442,19.7478391],[-101.2019787,19.7475382],[-101.2036011,19.7471834],[-101.2052095,19.7467753],[-101.2068017,19.7463142],[-101.2083761,19.7458008],[-101.2099305,19.7452357],[-101.2114631,19.7446195],[-101.2129721,19.7439531],[-101.2144556,19.7432372],[-101.2159118,19.7424727],[-101.2173389,19.7416605],[-101.2187351,19.7408017],[-101.2200989,19.7398972],[-101.2214285,19.7389482],[-101.2227222,19.7379558],[-101.2239786,19.7369213],[-101.2251961,19.7358459],[-101.2263732,19.7347309],[-101.2275084,19.7335777],[-101.2286005,19.7323876],[-101.229648,19.7311622],[-101.2306496,19.7299029],[-101.2316043,19.7286113],[-101.2325107,19.7272889],[-101.2333679,19.7259374],[-101.2341746,19.7245583],[-101.2349301,19.7231534],[-101.2356333,19.7217244],[-101.2362834,19.720273],[-101.2368796,19.7188011],[-101.2374212,19.7173103],[-101.2379075,19.7158025],[-101.238338,19.7142796],[-101.238712,19.7127434],[-101.2390292,19.7111957],[-101.2392892,19.7096385],[-101.2394916,19.7080737],[-101.2396362,19.7065031],[-101.2397229,19.7049287],[-101.2397514,19.7033524],[-101.2397219,19.7017761],[-101.2396343,19.7002017],[-101.2394888,19.6986312],[-101.2392855,19.6970665],[-101.2390246,19.6955094],[-101.2387066,19.6939619],[-101.2383317,19.6924259],[-101.2379004,19.6909032],[-101.2374133,19.6893956],[-101.236871,19.6879051],[-101.2362741,19.6864334],[-101.2356234,19.6849824],[-101.2349196,19.6835537],[-101.2341636,19.6821492],[-101.2333563,19.6807705],[-101.2324987,19.6794193],[-101.2315919,19.6780973],[-101.2306369,19.6768061],[-101.229635,19.6755472],[-101.2285873,19.6743222],[-101.2274951,19.6731326],[-101.2263598,19.6719798],[-101.2251827,19.6708653],[-101.2239653,19.6697903],[-101.2227091,19.6687562],[-101.2214155,19.6677642],[-101.2200862,19.6668157],[-101.2187227,19.6659116],[-101.2173268,19.6650532],[-101.2159002,19.6642414],[-101.2144445,19.6634772],[-101.2129616,19.6627617],[-101.2114532,19.6620956],[-101.2099212,19.6614797],[-101.2083675,19.6609149],[-101.2067939,19.6604017],[-101.2052024,19.6599409],[-101.2035948,19.659533],[-101.2019733,19.6591785],[-101.2003397,19.6588777],[-101.198696,19.6586312],[-101.1970442,19.6584391],[-101.1953863,19.6583017],[-101.1937244,19.6582192],[-101.1920605,19.6581917],[-101.1903966,19.6582192],[-101.1887347,19.6583017],[-101.1870768,19.6584391],[-101.185425,19.6586312],[-101.1837813,19.6588777],[-101.1821477,19.6591785],[-101.1805262,19.659533],[-101.1789186,19.6599409],[-101.1773271,19.6604017],[-101.1757535,19.6609149],[-101.1741998,19.6614797],[-101.1726678,19.6620956],[-101.1711594,19.6627617],[-101.1696765,19.6634772],[-101.1682208,19.6642414],[-101.1667942,19.6650532],[-101.1653983,19.6659116],[-101.1640348,19.6668157],[-101.1627055,19.6677642],[-101.1614119,19.6687562],[-101.1601557,19.6697903],[-101.1589383,19.6708653],[-101.1577612,19.6719798],[-101.1566259,19.6731326],[-101.1555337,19.6743222],[-101.154486,19.6755472],[-101.1534841,19.6768061],[-101.1525291,19.6780973],[-101.1516223,19.6794193],[-101.1507647,19.6807705],[-101.1499574,19.6821492],[-101.1492014,19.6835537],[-101.1484976,19.6849824],[-101.1478469,19.6864334],[-101.14725,19.6879051],[-101.1467077,19.6893956],[-101.1462206,19.6909032],[-101.1457893,19.6924259],[-101.1454144,19.6939619],[-101.1450964,19.6955094],[-101.1448355,19.6970665],[-101.1446322,19.6986312],[-101.1444867,19.7002017],[-101.1443991,19.7017761],[-101.1443696,19.7033524],[-101.1443981,19.7049287],[-101.1444848,19.7065031],[-101.1446294,19.7080737],[-101.1448318,19.7096385],[-101.1450918,19.7111957],[-101.145409,19.7127434],[-101.145783,19.7142796],[-101.1462135,19.7158025],[-101.1466998,19.7173103],[-101.1472414,19.7188011],[-101.1478376,19.720273],[-101.1484877,19.7217244],[-101.1491909,19.7231534],[-101.1499464,19.7245583],[-101.1507531,19.7259374],[-101.1516103,19.7272889],[-101.1525167,19.7286113],[-101.1534714,19.7299029],[-101.154473,19.7311622],[-101.1555205,19.7323876],[-101.1566126,19.7335777],[-101.1577478,19.7347309],[-101.1589249,19.7358459],[-101.1601424,19.7369213],[-101.1613988,19.7379558],[-101.1626925,19.7389482],[-101.1640221,19.7398972],[-101.1653859,19.7408017],[-101.1667821,19.7416605],[-101.1682092,19.7424727],[-101.1696654,19.7432372],[-101.1711489,19.7439531],[-101.1726579,19.7446195],[-101.1741905,19.7452357],[-101.1757449,19.7458008],[-101.1773193,19.7463142],[-101.1789115,19.7467753],[-101.1805199,19.7471834],[-101.1821423,19.7475382],[-101.1837768,19.7478391],[-101.1854214,19.7480858],[-101.187074,19.748278],[-101.1887328,19.7484154],[-101.1903956,19.7484979],[-101.1920605,19.7485255]]]}},{"type":"Feature","properties":{"id":"MX-MOR","subdivision":"Morelos"},"geometry":{"type":"Point","coordinates":[-99.2349263,18.9217479]}},{"type":"Feature","properties":{"id":"MX-MOR","radiusMeters":5000},"geometry":{"type":"Polygon","coordinates":[[[-99.2349263,18.9669185],[-99.2365832,18.966891],[-99.2382382,18.9668085],[-99.2398891,18.966671],[-99.2415339,18.9664788],[-99.2431707,18.9662321],[-99.2447974,18.9659312],[-99.2464121,18.9655764],[-99.2480128,18.9651682],[-99.2495975,18.9647071],[-99.2511643,18.9641937],[-99.2527114,18.9636285],[-99.2542367,18.9630123],[-99.2557385,18.9623458],[-99.257215,18.9616299],[-99.2586642,18.9608653],[-99.2600846,18.9600531],[-99.2614742,18.9591942],[-99.2628315,18.9582896],[-99.2641548,18.9573406],[-99.2654424,18.9563481],[-99.2666928,18.9553135],[-99.2679045,18.954238],[-99.269076,18.9531229],[-99.2702059,18.9519696],[-99.2712928,18.9507795],[-99.2723353,18.949554],[-99.2733322,18.9482946],[-99.2742824,18.9470028],[-99.2751845,18.9456803],[-99.2760376,18.9443287],[-99.2768406,18.9429495],[-99.2775924,18.9415445],[-99.2782923,18.9401154],[-99.2789394,18.9386639],[-99.2795328,18.9371918],[-99.2800718,18.9357009],[-99.2805558,18.934193],[-99.2809842,18.93267],[-99.2813565,18.9311336],[-99.2816722,18.9295858],[-99.281931,18.9280285],[-99.2821324,18.9264635],[-99.2822764,18.9248928],[-99.2823627,18.9233183],[-99.2823911,18.9217418],[-99.2823618,18.9201654],[-99.2822746,18.9185909],[-99.2821298,18.9170203],[-99.2819275,18.9154554],[-99.2816679,18.9138982],[-99.2813513,18.9123506],[-99.2809782,18.9108144],[-99.2805491,18.9092915],[-99.2800643,18.9077839],[-99.2795246,18.9062932],[-99.2789305,18.9048214],[-99.2782829,18.9033702],[-99.2775824,18.9019414],[-99.27683,18.9005368],[-99.2760265,18.899158],[-99.275173,18.8978067],[-99.2742705,18.8964845],[-99.2733201,18.8951932],[-99.2723229,18.8939342],[-99.2712802,18.8927091],[-99.2701932,18.8915194],[-99.2690633,18.8903665],[-99.2678918,18.8892518],[-99.2666801,18.8881767],[-99.2654298,18.8871425],[-99.2641424,18.8861505],[-99.2628194,18.8852018],[-99.2614624,18.8842977],[-99.2600731,18.8834392],[-99.2586532,18.8826273],[-99.2572044,18.8818631],[-99.2557285,18.8811475],[-99.2542273,18.8804813],[-99.2527025,18.8798654],[-99.2511561,18.8793005],[-99.24959,18.8787873],[-99.248006,18.8783264],[-99.2464061,18.8779185],[-99.2447922,18.8775639],[-99.2431663,18.8772631],[-99.2415304,18.8770165],[-99.2398864,18.8768244],[-99.2382364,18.8766871],[-99.2365824,18.8766046],[-99.2349263,18.8765771],[-99.2332702,18.8766046],[-99.2316162,18.8766871],[-99.2299662,18.8768244],[-99.2283222,18.8770165],[-99.2266863,18.8772631],[-99.2250604,18.8775639],[-99.2234465,18.8779185],[-99.2218466,18.8783264],[-99.2202626,18.8787873],[-99.2186965,18.8793005],[-99.2171501,18.8798654],[-99.2156253,18.8804813],[-99.2141241,18.8811475],[-99.2126482,18.8818631],[-99.2111994,18.8826273],[-99.2097795,18.8834392],[-99.2083902,18.8842977],[-99.2070332,18.8852018],[-99.2057102,18.8861505],[-99.2044228,18.8871425],[-99.2031725,18.8881767],[-99.2019608,18.8892518],[-99.2007893,18.8903665],[-99.1996594,18.8915194],[-99.1985724,18.8927091],[-99.1975297,18.8939342],[-99.1965325,18.8951932],[-99.1955821,18.8964845],[-99.1946796,18.8978067],[-99.1938261,18.899158],[-99.1930226,18.9005368],[-99.1922702,18.9019414],[-99.1915697,18.9033702],[-99.1909221,18.9048214],[-99.190328,18.9062932],[-99.1897883,18.9077839],[-99.1893035,18.9092915],[-99.1888744,18.9108144],[-99.1885013,18.9123506],[-99.1881847,18.9138982],[-99.1879251,18.9154554],[-99.1877228,18.9170203],[-99.187578,18.9185909],[-99.1874908,18.9201654],[-99.1874615,18.9217418],[-99.1874899,18.9233183],[-99.1875762,18.9248928],[-99.1877202,18.9264635],[-99.1879216,18.9280285],[-99.1881804,18.9295858],[-99.1884961,18.9311336],[-99.1888684,18.93267],[-99.1892968,18.934193],[-99.1897808,18.9357009],[-99.1903198,18.9371918],[-99.1909132,18.9386639],[-99.1915603,18.9401154],[-99.1922602,18.9415445],[-99.193012,18.9429495],[-99.193815,18.9443287],[-99.1946681,18.9456803],[-99.1955702,18.9470028],[-99.1965204,18.9482946],[-99.1975173,18.949554],[-99.1985598,18.9507795],[-99.1996467,18.9519696],[-99.2007766,18.9531229],[-99.2019481,18.954238],[-99.2031598,18.9553135],[-99.2044102,18.9563481],[-99.2056978,18.9573406],[-99.2070211,18.9582896],[-99.2083784,18.9591942],[-99.209768,18.9600531],[-99.2111884,18.9608653],[-99.2126376,18.9616299],[-99.2141141,18.9623458],[-99.2156159,18.9630123],[-99.2171412,18.9636285],[-99.2186883,18.9641937],[-99.2202551,18.9647071],[-99.2218398,18.9651682],[-99.2234405,18.9655764],[-99.2250552,18.9659312],[-99.2266819,18.9662321],[-99.2283187,18.9664788],[-99.2299635,18.966671],[-99.2316144,18.9668085],[-99.2332694,18.966891],[-99.2349263,18.9669185]]]}},{"type":"Feature","properties":{"id":"MX-NAY","subdivision":"Nayarit"},"geometry":{"type":"Point","coordinates":[-104.8938049,21.5074133]}},{"type":"Feature","properties":{"id":"MX-NAY","radiusMeters":5000},"geometry":{"type":"Polygon","coordinates":[[[-104.8938049,21.5525706],[-104.8954895,21.5525431],[-104.8971721,21.5524606],[-104.8988505,21.5523232],[-104.9005228,21.552131],[-104.9021869,21.5518844],[-104.9038408,21.5515835],[-104.9054825,21.5512289],[-104.9071099,21.5508208],[-104.9087211,21.5503598],[-104.9103141,21.5498465],[-104.9118869,21.5492815],[-104.9134378,21.5486654],[-104.9149646,21.5479991],[-104.9164657,21.5472833],[-104.9179391,21.546519],[-104.9193832,21.5457069],[-104.920796,21.5448483],[-104.9221759,21.543944],[-104.9235212,21.5429951],[-104.9248303,21.542003],[-104.9261016,21.5409686],[-104.9273335,21.5398934],[-104.9285245,21.5387786],[-104.9296732,21.5376256],[-104.9307782,21.5364358],[-104.931838,21.5352106],[-104.9328516,21.5339516],[-104.9338175,21.5326602],[-104.9347347,21.5313381],[-104.9356019,21.5299868],[-104.9364182,21.528608],[-104.9371826,21.5272034],[-104.9378941,21.5257747],[-104.9385519,21.5243236],[-104.9391551,21.5228519],[-104.9397031,21.5213614],[-104.9401951,21.5198539],[-104.9406306,21.5183313],[-104.941009,21.5167954],[-104.9413299,21.515248],[-104.9415929,21.5136912],[-104.9417977,21.5121266],[-104.941944,21.5105564],[-104.9420316,21.5089823],[-104.9420605,21.5074063],[-104.9420306,21.5058304],[-104.9419419,21.5042563],[-104.9417946,21.5026862],[-104.9415888,21.5011218],[-104.9413248,21.499565],[-104.941003,21.4980179],[-104.9406236,21.4964822],[-104.9401872,21.4949598],[-104.9396943,21.4934526],[-104.9391455,21.4919624],[-104.9385415,21.490491],[-104.937883,21.4890403],[-104.9371709,21.4876119],[-104.9364059,21.4862077],[-104.935589,21.4848293],[-104.9347213,21.4834784],[-104.9338037,21.4821567],[-104.9328374,21.4808658],[-104.9318236,21.4796072],[-104.9307635,21.4783825],[-104.9296584,21.4771932],[-104.9285096,21.4760406],[-104.9273186,21.4749263],[-104.9260868,21.4738516],[-104.9248157,21.4728177],[-104.9235068,21.471826],[-104.9221617,21.4708777],[-104.9207822,21.4699738],[-104.9193698,21.4691156],[-104.9179262,21.468304],[-104.9164534,21.46754],[-104.9149529,21.4668246],[-104.9134267,21.4661587],[-104.9118766,21.465543],[-104.9103045,21.4649782],[-104.9087123,21.4644652],[-104.907102,21.4640045],[-104.9054755,21.4635967],[-104.9038348,21.4632422],[-104.9021818,21.4629416],[-104.9005187,21.4626951],[-104.8988474,21.462503],[-104.89717,21.4623657],[-104.8954885,21.4622832],[-104.8938049,21.4622557],[-104.8921213,21.4622832],[-104.8904398,21.4623657],[-104.8887624,21.462503],[-104.8870911,21.4626951],[-104.885428,21.4629416],[-104.883775,21.4632422],[-104.8821343,21.4635967],[-104.8805078,21.4640045],[-104.8788975,21.4644652],[-104.8773053,21.4649782],[-104.8757332,21.465543],[-104.8741831,21.4661587],[-104.8726569,21.4668246],[-104.8711564,21.46754],[-104.8696836,21.468304],[-104.86824,21.4691156],[-104.8668276,21.4699738],[-104.8654481,21.4708777],[-104.864103,21.471826],[-104.8627941,21.4728177],[-104.861523,21.4738516],[-104.8602912,21.4749263],[-104.8591002,21.4760406],[-104.8579514,21.4771932],[-104.8568463,21.4783825],[-104.8557862,21.4796072],[-104.8547724,21.4808658],[-104.8538061,21.4821567],[-104.8528885,21.4834784],[-104.8520208,21.4848293],[-104.8512039,21.4862077],[-104.8504389,21.4876119],[-104.8497268,21.4890403],[-104.8490683,21.490491],[-104.8484643,21.4919624],[-104.8479155,21.4934526],[-104.8474226,21.4949598],[-104.8469862,21.4964822],[-104.8466068,21.4980179],[-104.846285,21.499565],[-104.846021,21.5011218],[-104.8458152,21.5026862],[-104.8456679,21.5042563],[-104.8455792,21.5058304],[-104.8455493,21.5074063],[-104.8455782,21.5089823],[-104.8456658,21.5105564],[-104.8458121,21.5121266],[-104.8460169,21.5136912],[-104.8462799,21.515248],[-104.8466008,21.5167954],[-104.8469792,21.5183313],[-104.8474147,21.5198539],[-104.8479067,21.5213614],[-104.8484547,21.5228519],[-104.8490579,21.5243236],[-104.8497157,21.5257747],[-104.8504272,21.5272034],[-104.8511916,21.528608],[-104.8520079,21.5299868],[-104.8528751,21.5313381],[-104.8537923,21.5326602],[-104.8547582,21.5339516],[-104.8557718,21.5352106],[-104.8568316,21.5364358],[-104.8579366,21.5376256],[-104.8590853,21.5387786],[-104.8602763,21.5398934],[-104.8615082,21.5409686],[-104.8627795,21.542003],[-104.8640886,21.5429951],[-104.8654339,21.543944],[-104.8668138,21.5448483],[-104.8682266,21.5457069],[-104.8696707,21.546519],[-104.8711441,21.5472833],[-104.8726452,21.5479991],[-104.874172,21.5486654],[-104.8757229,21.5492815],[-104.8772957,21.5498465],[-104.8788887,21.5503598],[-104.8804999,21.5508208],[-104.8821273,21.5512289],[-104.883769,21.5515835],[-104.8854229,21.5518844],[-104.887087,21.552131],[-104.8887593,21.5523232],[-104.8904377,21.5524606],[-104.8921203,21.5525431],[-104.8938049,21.5525706]]]}},{"type":"Feature","properties":{"id":"MX-NLE","subdivision":"Nuevo León"},"geometry":{"type":"Point","coordinates":[-100.3089779,25.6726155]}},{"type":"Feature","properties":{"id":"MX-NLE","radiusMeters":5000},"geometry":{"type":"Polygon","coordinates":[[[-100.3089779,25.7177486],[-100.3107167,25.7177211],[-100.3124534,25.7176387],[-100.3141858,25.7175013],[-100.3159119,25.7173092],[-100.3176295,25.7170627],[-100.3193365,25.716762],[-100.321031,25.7164075],[-100.3227107,25.7159996],[-100.3243737,25.7155389],[-100.3260179,25.7150258],[-100.3276413,25.714461],[-100.329242,25.7138453],[-100.3308179,25.7131793],[-100.3323672,25.7124638],[-100.333888,25.7116998],[-100.3353784,25.7108882],[-100.3368366,25.7100299],[-100.3382609,25.7091261],[-100.3396494,25.7081777],[-100.3410005,25.707186],[-100.3423126,25.7061522],[-100.343584,25.7050775],[-100.3448133,25.7039632],[-100.3459988,25.7028108],[-100.3471392,25.7016216],[-100.3482331,25.700397],[-100.3492791,25.6991386],[-100.350276,25.6978478],[-100.3512225,25.6965263],[-100.3521175,25.6951757],[-100.35296,25.6937976],[-100.3537488,25.6923937],[-100.3544831,25.6909657],[-100.3551619,25.6895154],[-100.3557844,25.6880445],[-100.3563498,25.6865547],[-100.3568575,25.6850481],[-100.3573069,25.6835262],[-100.3576974,25.6819911],[-100.3580284,25.6804446],[-100.3582998,25.6788885],[-100.358511,25.6773248],[-100.3586619,25.6757554],[-100.3587522,25.6741821],[-100.3587819,25.672607],[-100.3587509,25.6710319],[-100.3586593,25.6694587],[-100.3585071,25.6678894],[-100.3582946,25.6663258],[-100.358022,25.6647699],[-100.3576897,25.6632236],[-100.3572981,25.6616888],[-100.3568476,25.6601672],[-100.3563388,25.6586609],[-100.3557723,25.6571715],[-100.3551488,25.655701],[-100.3544691,25.654251],[-100.353734,25.6528235],[-100.3529444,25.6514201],[-100.3521013,25.6500425],[-100.3512056,25.6486924],[-100.3502586,25.6473714],[-100.3492612,25.6460812],[-100.3482149,25.6448234],[-100.3471207,25.6435993],[-100.3459801,25.6424107],[-100.3447945,25.6412588],[-100.3435653,25.6401452],[-100.3422939,25.6390711],[-100.3409821,25.6380378],[-100.3396312,25.6370467],[-100.338243,25.6360989],[-100.3368192,25.6351956],[-100.3353616,25.6343378],[-100.3338718,25.6335267],[-100.3323517,25.6327632],[-100.3308031,25.6320482],[-100.329228,25.6313827],[-100.3276283,25.6307673],[-100.3260058,25.630203],[-100.3243627,25.6296903],[-100.3227008,25.6292298],[-100.3210222,25.6288222],[-100.3193289,25.628468],[-100.3176231,25.6281675],[-100.3159067,25.6279212],[-100.3141819,25.6277292],[-100.3124507,25.627592],[-100.3107154,25.6275096],[-100.3089779,25.6274821],[-100.3072404,25.6275096],[-100.3055051,25.627592],[-100.3037739,25.6277292],[-100.3020491,25.6279212],[-100.3003327,25.6281675],[-100.2986269,25.628468],[-100.2969336,25.6288222],[-100.295255,25.6292298],[-100.2935931,25.6296903],[-100.29195,25.630203],[-100.2903275,25.6307673],[-100.2887278,25.6313827],[-100.2871527,25.6320482],[-100.2856041,25.6327632],[-100.284084,25.6335267],[-100.2825942,25.6343378],[-100.2811366,25.6351956],[-100.2797128,25.6360989],[-100.2783246,25.6370467],[-100.2769737,25.6380378],[-100.2756619,25.6390711],[-100.2743905,25.6401452],[-100.2731613,25.6412588],[-100.2719757,25.6424107],[-100.2708351,25.6435993],[-100.2697409,25.6448234],[-100.2686946,25.6460812],[-100.2676972,25.6473714],[-100.2667502,25.6486924],[-100.2658545,25.6500425],[-100.2650114,25.6514201],[-100.2642218,25.6528235],[-100.2634867,25.654251],[-100.262807,25.655701],[-100.2621835,25.6571715],[-100.261617,25.6586609],[-100.2611082,25.6601672],[-100.2606577,25.6616888],[-100.2602661,25.6632236],[-100.2599338,25.6647699],[-100.2596612,25.6663258],[-100.2594487,25.6678894],[-100.2592965,25.6694587],[-100.2592049,25.6710319],[-100.2591739,25.672607],[-100.2592036,25.6741821],[-100.2592939,25.6757554],[-100.2594448,25.6773248],[-100.259656,25.6788885],[-100.2599274,25.6804446],[-100.2602584,25.6819911],[-100.2606489,25.6835262],[-100.2610983,25.6850481],[-100.261606,25.6865547],[-100.2621714,25.6880445],[-100.2627939,25.6895154],[-100.2634727,25.6909657],[-100.264207,25.6923937],[-100.2649958,25.6937976],[-100.2658383,25.6951757],[-100.2667333,25.6965263],[-100.2676798,25.6978478],[-100.2686767,25.6991386],[-100.2697227,25.700397],[-100.2708166,25.7016216],[-100.271957,25.7028108],[-100.2731425,25.7039632],[-100.2743718,25.7050775],[-100.2756432,25.7061522],[-100.2769553,25.707186],[-100.2783064,25.7081777],[-100.2796949,25.7091261],[-100.2811192,25.7100299],[-100.2825774,25.7108882],[-100.2840678,25.7116998],[-100.2855886,25.7124638],[-100.2871379,25.7131793],[-100.2887138,25.7138453],[-100.2903145,25.714461],[-100.2919379,25.7150258],[-100.2935821,25.7155389],[-100.2952451,25.7159996],[-100.2969248,25.7164075],[-100.2986193,25.716762],[-100.3003263,25.7170627],[-100.3020439,25.7173092],[-100.30377,25.7175013],[-100.3055024,25.7176387],[-100.3072391,25.7177211],[-100.3089779,25.7177486]]]}},{"type":"Feature","properties":{"id":"MX-OAX","subdivision":"Oaxaca"},"geometry":{"type":"Point","coordinates":[-96.7258735,17.0599152]}},{"type":"Feature","properties":{"id":"MX-OAX","radiusMeters":5000},"geometry":{"type":"Polygon","coordinates":[[[-96.7258735,17.1050945],[-96.7275131,17.105067],[-96.7291507,17.1049844],[-96.7307843,17.1048469],[-96.732412,17.1046547],[-96.7340316,17.104408],[-96.7356413,17.104107],[-96.7372391,17.1037522],[-96.7388231,17.1033439],[-96.7403912,17.1028828],[-96.7419417,17.1023692],[-96.7434725,17.101804],[-96.7449819,17.1011877],[-96.7464681,17.100521],[-96.7479291,17.099805],[-96.7493632,17.0990403],[-96.7507687,17.0982279],[-96.7521438,17.0973689],[-96.7534869,17.0964642],[-96.7547963,17.0955149],[-96.7560705,17.0945223],[-96.7573079,17.0934875],[-96.7585069,17.0924119],[-96.7596662,17.0912966],[-96.7607843,17.0901431],[-96.7618598,17.0889527],[-96.7628915,17.087727],[-96.763878,17.0864674],[-96.7648183,17.0851754],[-96.765711,17.0838527],[-96.7665552,17.0825008],[-96.7673498,17.0811214],[-96.7680939,17.0797161],[-96.7687865,17.0782868],[-96.7694268,17.076835],[-96.7700141,17.0753627],[-96.7705475,17.0738715],[-96.7710265,17.0723633],[-96.7714505,17.07084],[-96.771819,17.0693033],[-96.7721314,17.0677552],[-96.7723875,17.0661976],[-96.7725869,17.0646324],[-96.7727294,17.0630613],[-96.7728148,17.0614865],[-96.7728431,17.0599098],[-96.772814,17.058333],[-96.7727279,17.0567582],[-96.7725846,17.0551873],[-96.7723844,17.0536221],[-96.7721275,17.0520646],[-96.7718144,17.0505167],[-96.7714452,17.0489802],[-96.7710205,17.047457],[-96.7705409,17.0459491],[-96.7700068,17.0444581],[-96.769419,17.042986],[-96.7687781,17.0415345],[-96.768085,17.0401054],[-96.7673405,17.0387005],[-96.7665454,17.0373214],[-96.7657009,17.0359698],[-96.7648078,17.0346474],[-96.7638673,17.0333558],[-96.7628805,17.0320966],[-96.7618487,17.0308712],[-96.7607731,17.0296812],[-96.7596549,17.0285281],[-96.7584957,17.0274132],[-96.7572967,17.0263379],[-96.7560594,17.0253035],[-96.7547854,17.0243112],[-96.7534761,17.0233624],[-96.7521333,17.022458],[-96.7507585,17.0215993],[-96.7493534,17.0207873],[-96.7479197,17.0200229],[-96.7464592,17.0193071],[-96.7449735,17.0186408],[-96.7434647,17.0180247],[-96.7419344,17.0174597],[-96.7403846,17.0169464],[-96.7388171,17.0164855],[-96.7372338,17.0160774],[-96.7356367,17.0157227],[-96.7340277,17.0154219],[-96.7324088,17.0151753],[-96.730782,17.0149831],[-96.7291491,17.0148457],[-96.7275123,17.0147632],[-96.7258735,17.0147357],[-96.7242347,17.0147632],[-96.7225979,17.0148457],[-96.720965,17.0149831],[-96.7193382,17.0151753],[-96.7177193,17.0154219],[-96.7161103,17.0157227],[-96.7145132,17.0160774],[-96.7129299,17.0164855],[-96.7113624,17.0169464],[-96.7098126,17.0174597],[-96.7082823,17.0180247],[-96.7067735,17.0186408],[-96.7052878,17.0193071],[-96.7038273,17.0200229],[-96.7023936,17.0207873],[-96.7009885,17.0215993],[-96.6996137,17.022458],[-96.6982709,17.0233624],[-96.6969616,17.0243112],[-96.6956876,17.0253035],[-96.6944503,17.0263379],[-96.6932513,17.0274132],[-96.6920921,17.0285281],[-96.6909739,17.0296812],[-96.6898983,17.0308712],[-96.6888665,17.0320966],[-96.6878797,17.0333558],[-96.6869392,17.0346474],[-96.6860461,17.0359698],[-96.6852016,17.0373214],[-96.6844065,17.0387005],[-96.683662,17.0401054],[-96.6829689,17.0415345],[-96.682328,17.042986],[-96.6817402,17.0444581],[-96.6812061,17.0459491],[-96.6807265,17.047457],[-96.6803018,17.0489802],[-96.6799326,17.0505167],[-96.6796195,17.0520646],[-96.6793626,17.0536221],[-96.6791624,17.0551873],[-96.6790191,17.0567582],[-96.678933,17.058333],[-96.6789039,17.0599098],[-96.6789322,17.0614865],[-96.6790176,17.0630613],[-96.6791601,17.0646324],[-96.6793595,17.0661976],[-96.6796156,17.0677552],[-96.679928,17.0693033],[-96.6802965,17.07084],[-96.6807205,17.0723633],[-96.6811995,17.0738715],[-96.6817329,17.0753627],[-96.6823202,17.076835],[-96.6829605,17.0782868],[-96.6836531,17.0797161],[-96.6843972,17.0811214],[-96.6851918,17.0825008],[-96.686036,17.0838527],[-96.6869287,17.0851754],[-96.687869,17.0864674],[-96.6888555,17.087727],[-96.6898872,17.0889527],[-96.6909627,17.0901431],[-96.6920808,17.0912966],[-96.6932401,17.0924119],[-96.6944391,17.0934875],[-96.6956765,17.0945223],[-96.6969507,17.0955149],[-96.6982601,17.0964642],[-96.6996032,17.0973689],[-96.7009783,17.0982279],[-96.7023838,17.0990403],[-96.7038179,17.099805],[-96.7052789,17.100521],[-96.7067651,17.1011877],[-96.7082745,17.101804],[-96.7098053,17.1023692],[-96.7113558,17.1028828],[-96.7129239,17.1033439],[-96.7145079,17.1037522],[-96.7161057,17.104107],[-96.7177154,17.104408],[-96.719335,17.1046547],[-96.7209627,17.1048469],[-96.7225963,17.1049844],[-96.7242339,17.105067],[-96.7258735,17.1050945]]]}},{"type":"Feature","properties":{"id":"MX-PUE","subdivision":"Puebla"},"geometry":{"type":"Point","coordinates":[-98.187995,19.0455619]}},{"type":"Feature","properties":{"id":"MX-PUE","radiusMeters":5000},"geometry":{"type":"Polygon","coordinates":[[[-98.187995,19.0907319],[-98.1896532,19.0907044],[-98.1913093,19.0906219],[-98.1929614,19.0904844],[-98.1946075,19.0902922],[-98.1962455,19.0900455],[-98.1978734,19.0897446],[-98.1994893,19.0893898],[-98.2010912,19.0889817],[-98.2026771,19.0885206],[-98.2042451,19.0880071],[-98.2057933,19.087442],[-98.2073197,19.0868258],[-98.2088227,19.0861593],[-98.2103002,19.0854433],[-98.2117505,19.0846788],[-98.2131719,19.0838665],[-98.2145626,19.0830076],[-98.2159209,19.0821031],[-98.2172451,19.0811541],[-98.2185337,19.0801616],[-98.219785,19.0791271],[-98.2209976,19.0780516],[-98.22217,19.0769365],[-98.2233007,19.0757832],[-98.2243884,19.0745931],[-98.2254317,19.0733676],[-98.2264294,19.0721082],[-98.2273802,19.0708165],[-98.228283,19.069494],[-98.2291367,19.0681424],[-98.2299403,19.0667632],[-98.2306927,19.0653582],[-98.2313931,19.0639291],[-98.2320406,19.0624777],[-98.2326345,19.0610056],[-98.2331739,19.0595147],[-98.2336583,19.0580068],[-98.234087,19.0564838],[-98.2344596,19.0549474],[-98.2347755,19.0533997],[-98.2350344,19.0518424],[-98.2352361,19.0502774],[-98.2353801,19.0487067],[-98.2354664,19.0471322],[-98.2354949,19.0455558],[-98.2354655,19.0439794],[-98.2353783,19.0424049],[-98.2352334,19.0408343],[-98.2350309,19.0392694],[-98.2347711,19.0377123],[-98.2344543,19.0361647],[-98.234081,19.0346285],[-98.2336515,19.0331057],[-98.2331663,19.031598],[-98.2326262,19.0301074],[-98.2320317,19.0286356],[-98.2313836,19.0271844],[-98.2306826,19.0257557],[-98.2299296,19.024351],[-98.2291256,19.0229722],[-98.2282715,19.021621],[-98.2273683,19.0202989],[-98.2264171,19.0190075],[-98.2254192,19.0177486],[-98.2243757,19.0165235],[-98.2232879,19.0153338],[-98.2221572,19.0141809],[-98.2209848,19.0130662],[-98.2197723,19.0119912],[-98.218521,19.010957],[-98.2172326,19.009965],[-98.2159087,19.0090163],[-98.2145507,19.0081122],[-98.2131604,19.0072537],[-98.2117394,19.0064418],[-98.2102895,19.0056776],[-98.2088125,19.004962],[-98.2073102,19.0042958],[-98.2057843,19.0036799],[-98.2042368,19.003115],[-98.2026695,19.0026019],[-98.2010844,19.002141],[-98.1994833,19.0017331],[-98.1978682,19.0013785],[-98.1962411,19.0010777],[-98.1946039,19.0008311],[-98.1929588,19.000639],[-98.1913075,19.0005017],[-98.1896523,19.0004192],[-98.187995,19.0003917],[-98.1863377,19.0004192],[-98.1846825,19.0005017],[-98.1830312,19.000639],[-98.1813861,19.0008311],[-98.1797489,19.0010777],[-98.1781218,19.0013785],[-98.1765067,19.0017331],[-98.1749056,19.002141],[-98.1733205,19.0026019],[-98.1717532,19.003115],[-98.1702057,19.0036799],[-98.1686798,19.0042958],[-98.1671775,19.004962],[-98.1657005,19.0056776],[-98.1642506,19.0064418],[-98.1628296,19.0072537],[-98.1614393,19.0081122],[-98.1600813,19.0090163],[-98.1587574,19.009965],[-98.157469,19.010957],[-98.1562177,19.0119912],[-98.1550052,19.0130662],[-98.1538328,19.0141809],[-98.1527021,19.0153338],[-98.1516143,19.0165235],[-98.1505708,19.0177486],[-98.1495729,19.0190075],[-98.1486217,19.0202989],[-98.1477185,19.021621],[-98.1468644,19.0229722],[-98.1460604,19.024351],[-98.1453074,19.0257557],[-98.1446064,19.0271844],[-98.1439583,19.0286356],[-98.1433638,19.0301074],[-98.1428237,19.031598],[-98.1423385,19.0331057],[-98.141909,19.0346285],[-98.1415357,19.0361647],[-98.1412189,19.0377123],[-98.1409591,19.0392694],[-98.1407566,19.0408343],[-98.1406117,19.0424049],[-98.1405245,19.0439794],[-98.1404951,19.0455558],[-98.1405236,19.0471322],[-98.1406099,19.0487067],[-98.1407539,19.0502774],[-98.1409556,19.0518424],[-98.1412145,19.0533997],[-98.1415304,19.0549474],[-98.141903,19.0564838],[-98.1423317,19.0580068],[-98.1428161,19.0595147],[-98.1433555,19.0610056],[-98.1439494,19.0624777],[-98.1445969,19.0639291],[-98.1452973,19.0653582],[-98.1460497,19.0667632],[-98.1468533,19.0681424],[-98.147707,19.069494],[-98.1486098,19.0708165],[-98.1495606,19.0721082],[-98.1505583,19.0733676],[-98.1516016,19.0745931],[-98.1526893,19.0757832],[-98.15382,19.0769365],[-98.1549924,19.0780516],[-98.156205,19.0791271],[-98.1574563,19.0801616],[-98.1587449,19.0811541],[-98.1600691,19.0821031],[-98.1614274,19.0830076],[-98.1628181,19.0838665],[-98.1642395,19.0846788],[-98.1656898,19.0854433],[-98.1671673,19.0861593],[-98.1686703,19.0868258],[-98.1701967,19.087442],[-98.1717449,19.0880071],[-98.1733129,19.0885206],[-98.1748988,19.0889817],[-98.1765007,19.0893898],[-98.1781166,19.0897446],[-98.1797445,19.0900455],[-98.1813825,19.0902922],[-98.1830286,19.0904844],[-98.1846807,19.0906219],[-98.1863368,19.0907044],[-98.187995,19.0907319]]]}},{"type":"Feature","properties":{"id":"MX-QUE","subdivision":"Querétaro"},"geometry":{"type":"Point","coordinates":[-100.3901404,20.5935382]}},{"type":"Feature","properties":{"id":"MX-QUE","radiusMeters":5000},"geometry":{"type":"Polygon","coordinates":[[[-100.3901404,20.6387004],[-100.3918147,20.6386729],[-100.393487,20.6385903],[-100.3951553,20.6384529],[-100.3968174,20.6382607],[-100.3984713,20.6380141],[-100.4001151,20.6377132],[-100.4017468,20.6373585],[-100.4033643,20.6369504],[-100.4049656,20.6364894],[-100.4065489,20.635976],[-100.4081122,20.6354109],[-100.4096535,20.6347948],[-100.4111711,20.6341284],[-100.412663,20.6334126],[-100.4141275,20.6326482],[-100.4155627,20.6318361],[-100.4169669,20.6309773],[-100.4183385,20.6300729],[-100.4196756,20.629124],[-100.4209767,20.6281317],[-100.4222402,20.6270973],[-100.4234646,20.626022],[-100.4246484,20.6249071],[-100.4257901,20.623754],[-100.4268884,20.622564],[-100.4279418,20.6213387],[-100.4289492,20.6200795],[-100.4299092,20.618788],[-100.4308208,20.6174658],[-100.4316828,20.6161143],[-100.4324942,20.6147354],[-100.4332539,20.6133307],[-100.4339611,20.6119018],[-100.4346149,20.6104506],[-100.4352144,20.6089787],[-100.4357591,20.6074881],[-100.4362481,20.6059805],[-100.436681,20.6044577],[-100.4370572,20.6029216],[-100.4373761,20.6013741],[-100.4376376,20.5998171],[-100.4378411,20.5982524],[-100.4379865,20.5966819],[-100.4380736,20.5951077],[-100.4381024,20.5935316],[-100.4380727,20.5919554],[-100.4379846,20.5903812],[-100.4378382,20.5888109],[-100.4376337,20.5872463],[-100.4373713,20.5856894],[-100.4370514,20.5841421],[-100.4366744,20.5826062],[-100.4362407,20.5810836],[-100.4357508,20.5795763],[-100.4352054,20.5780859],[-100.4346051,20.5766144],[-100.4339506,20.5751635],[-100.4332428,20.573735],[-100.4324825,20.5723306],[-100.4316706,20.570952],[-100.4308081,20.569601],[-100.4298961,20.5682792],[-100.4289357,20.5669881],[-100.4279281,20.5657293],[-100.4268744,20.5645045],[-100.4257761,20.563315],[-100.4246343,20.5621623],[-100.4234505,20.5610479],[-100.4222262,20.559973],[-100.4209628,20.558939],[-100.4196619,20.5579472],[-100.418325,20.5569988],[-100.4169539,20.5560948],[-100.41555,20.5552364],[-100.4141153,20.5544247],[-100.4126513,20.5536607],[-100.41116,20.5529452],[-100.409643,20.5522792],[-100.4081024,20.5516634],[-100.4065398,20.5510986],[-100.4049573,20.5505856],[-100.4033568,20.5501248],[-100.4017401,20.5497169],[-100.4001094,20.5493624],[-100.3984665,20.5490617],[-100.3968135,20.5488152],[-100.3951523,20.5486231],[-100.3934851,20.5484858],[-100.3918138,20.5484033],[-100.3901404,20.5483758],[-100.388467,20.5484033],[-100.3867957,20.5484858],[-100.3851285,20.5486231],[-100.3834673,20.5488152],[-100.3818143,20.5490617],[-100.3801714,20.5493624],[-100.3785407,20.5497169],[-100.376924,20.5501248],[-100.3753235,20.5505856],[-100.373741,20.5510986],[-100.3721784,20.5516634],[-100.3706378,20.5522792],[-100.3691208,20.5529452],[-100.3676295,20.5536607],[-100.3661655,20.5544247],[-100.3647308,20.5552364],[-100.3633269,20.5560948],[-100.3619558,20.5569988],[-100.3606189,20.5579472],[-100.359318,20.558939],[-100.3580546,20.559973],[-100.3568303,20.5610479],[-100.3556465,20.5621623],[-100.3545047,20.563315],[-100.3534064,20.5645045],[-100.3523527,20.5657293],[-100.3513451,20.5669881],[-100.3503847,20.5682792],[-100.3494727,20.569601],[-100.3486102,20.570952],[-100.3477983,20.5723306],[-100.347038,20.573735],[-100.3463302,20.5751635],[-100.3456757,20.5766144],[-100.3450754,20.5780859],[-100.34453,20.5795763],[-100.3440401,20.5810836],[-100.3436064,20.5826062],[-100.3432294,20.5841421],[-100.3429095,20.5856894],[-100.3426471,20.5872463],[-100.3424426,20.5888109],[-100.3422962,20.5903812],[-100.3422081,20.5919554],[-100.3421784,20.5935316],[-100.3422072,20.5951077],[-100.3422943,20.5966819],[-100.3424397,20.5982524],[-100.3426432,20.5998171],[-100.3429047,20.6013741],[-100.3432236,20.6029216],[-100.3435998,20.6044577],[-100.3440327,20.6059805],[-100.3445217,20.6074881],[-100.3450664,20.6089787],[-100.3456659,20.6104506],[-100.3463197,20.6119018],[-100.3470269,20.6133307],[-100.3477866,20.6147354],[-100.348598,20.6161143],[-100.34946,20.6174658],[-100.3503716,20.618788],[-100.3513316,20.6200795],[-100.352339,20.6213387],[-100.3533924,20.622564],[-100.3544907,20.623754],[-100.3556324,20.6249071],[-100.3568162,20.626022],[-100.3580406,20.6270973],[-100.3593041,20.6281317],[-100.3606052,20.629124],[-100.3619423,20.6300729],[-100.3633139,20.6309773],[-100.3647181,20.6318361],[-100.3661533,20.6326482],[-100.3676178,20.6334126],[-100.3691097,20.6341284],[-100.3706273,20.6347948],[-100.3721686,20.6354109],[-100.3737319,20.635976],[-100.3753152,20.6364894],[-100.3769165,20.6369504],[-100.378534,20.6373585],[-100.3801657,20.6377132],[-100.3818095,20.6380141],[-100.3834634,20.6382607],[-100.3851255,20.6384529],[-100.3867938,20.6385903],[-100.3884661,20.6386729],[-100.3901404,20.6387004]]]}},{"type":"Feature","properties":{"id":"MX-ROO","subdivision":"Quintana Roo"},"geometry":{"type":"Point","coordinates":[-88.2981709,18.4940044]}},{"type":"Feature","properties":{"id":"MX-ROO","radiusMeters":5000},"geometry":{"type":"Polygon","coordinates":[[[-88.2981709,18.5391771],[-88.2998237,18.5391496],[-88.3014744,18.539067],[-88.3031212,18.5389296],[-88.3047619,18.5387374],[-88.3063945,18.5384906],[-88.3080172,18.5381897],[-88.3096278,18.5378349],[-88.3112244,18.5374267],[-88.3128052,18.5369656],[-88.3143681,18.5364522],[-88.3159112,18.535887],[-88.3174328,18.5352707],[-88.3189308,18.5346042],[-88.3204035,18.5338882],[-88.3218491,18.5331236],[-88.3232659,18.5323114],[-88.324652,18.5314524],[-88.3260059,18.5305478],[-88.3273259,18.5295987],[-88.3286103,18.5286063],[-88.3298575,18.5275716],[-88.3310662,18.5264961],[-88.3322348,18.5253809],[-88.3333618,18.5242276],[-88.3344459,18.5230374],[-88.3354859,18.5218118],[-88.3364803,18.5205524],[-88.337428,18.5192606],[-88.3383279,18.517938],[-88.3391789,18.5165863],[-88.3399798,18.5152071],[-88.3407298,18.513802],[-88.341428,18.5123729],[-88.3420734,18.5109213],[-88.3426653,18.5094492],[-88.343203,18.5079582],[-88.3436858,18.5064502],[-88.3441132,18.5049271],[-88.3444845,18.5033907],[-88.3447994,18.5018428],[-88.3450576,18.5002854],[-88.3452585,18.4987204],[-88.3454021,18.4971496],[-88.3454882,18.495575],[-88.3455166,18.4939985],[-88.3454873,18.492422],[-88.3454004,18.4908474],[-88.345256,18.4892767],[-88.3450541,18.4877118],[-88.3447952,18.4861545],[-88.3444795,18.4846068],[-88.3441073,18.4830705],[-88.3436792,18.4815476],[-88.3431957,18.4800399],[-88.3426573,18.4785492],[-88.3420648,18.4770773],[-88.3414188,18.475626],[-88.3407201,18.4741971],[-88.3399695,18.4727924],[-88.3391681,18.4714135],[-88.3383168,18.4700622],[-88.3374165,18.46874],[-88.3364685,18.4674486],[-88.3354738,18.4661895],[-88.3344337,18.4649644],[-88.3333495,18.4637746],[-88.3322224,18.4626216],[-88.3310538,18.4615069],[-88.3298452,18.4604318],[-88.328598,18.4593975],[-88.3273138,18.4584054],[-88.3259941,18.4574567],[-88.3246405,18.4565525],[-88.3232547,18.455694],[-88.3218384,18.4548821],[-88.3203932,18.4541178],[-88.318921,18.4534021],[-88.3174235,18.4527359],[-88.3159026,18.45212],[-88.3143601,18.4515551],[-88.3127979,18.4510419],[-88.3112179,18.450581],[-88.309622,18.450173],[-88.3080121,18.4498184],[-88.3063903,18.4495176],[-88.3047584,18.449271],[-88.3031186,18.4490789],[-88.3014727,18.4489415],[-88.2998228,18.448859],[-88.2981709,18.4488315],[-88.296519,18.448859],[-88.2948691,18.4489415],[-88.2932232,18.4490789],[-88.2915834,18.449271],[-88.2899515,18.4495176],[-88.2883297,18.4498184],[-88.2867198,18.450173],[-88.2851239,18.450581],[-88.2835439,18.4510419],[-88.2819817,18.4515551],[-88.2804392,18.45212],[-88.2789183,18.4527359],[-88.2774208,18.4534021],[-88.2759486,18.4541178],[-88.2745034,18.4548821],[-88.2730871,18.455694],[-88.2717013,18.4565525],[-88.2703477,18.4574567],[-88.269028,18.4584054],[-88.2677438,18.4593975],[-88.2664966,18.4604318],[-88.265288,18.4615069],[-88.2641194,18.4626216],[-88.2629923,18.4637746],[-88.2619081,18.4649644],[-88.260868,18.4661895],[-88.2598733,18.4674486],[-88.2589253,18.46874],[-88.258025,18.4700622],[-88.2571737,18.4714135],[-88.2563723,18.4727924],[-88.2556217,18.4741971],[-88.254923,18.475626],[-88.254277,18.4770773],[-88.2536845,18.4785492],[-88.2531461,18.4800399],[-88.2526626,18.4815476],[-88.2522345,18.4830705],[-88.2518623,18.4846068],[-88.2515466,18.4861545],[-88.2512877,18.4877118],[-88.2510858,18.4892767],[-88.2509414,18.4908474],[-88.2508545,18.492422],[-88.2508252,18.4939985],[-88.2508536,18.495575],[-88.2509397,18.4971496],[-88.2510833,18.4987204],[-88.2512842,18.5002854],[-88.2515424,18.5018428],[-88.2518573,18.5033907],[-88.2522286,18.5049271],[-88.252656,18.5064502],[-88.2531388,18.5079582],[-88.2536765,18.5094492],[-88.2542684,18.5109213],[-88.2549138,18.5123729],[-88.255612,18.513802],[-88.256362,18.5152071],[-88.2571629,18.5165863],[-88.2580139,18.517938],[-88.2589138,18.5192606],[-88.2598615,18.5205524],[-88.2608559,18.5218118],[-88.2618959,18.5230374],[-88.26298,18.5242276],[-88.264107,18.5253809],[-88.2652756,18.5264961],[-88.2664843,18.5275716],[-88.2677315,18.5286063],[-88.2690159,18.5295987],[-88.2703359,18.5305478],[-88.2716898,18.5314524],[-88.2730759,18.5323114],[-88.2744927,18.5331236],[-88.2759383,18.5338882],[-88.277411,18.5346042],[-88.278909,18.5352707],[-88.2804306,18.535887],[-88.2819737,18.5364522],[-88.2835366,18.5369656],[-88.2851174,18.5374267],[-88.286714,18.5378349],[-88.2883246,18.5381897],[-88.2899473,18.5384906],[-88.2915799,18.5387374],[-88.2932206,18.5389296],[-88.2948674,18.539067],[-88.2965181,18.5391496],[-88.2981709,18.5391771]]]}},{"type":"Feature","properties":{"id":"MX-SLP","subdivision":"San Luis Potosí"},"geometry":{"type":"Point","coordinates":[-100.976913,22.1518061]}},{"type":"Feature","properties":{"id":"MX-SLP","radiusMeters":5000},"geometry":{"type":"Polygon","coordinates":[[[-100.976913,22.1969599],[-100.9786052,22.1969324],[-100.9802953,22.1968499],[-100.9819813,22.1967125],[-100.9836612,22.1965203],[-100.9853328,22.1962737],[-100.9869941,22.1959729],[-100.9886431,22.1956182],[-100.9902779,22.1952102],[-100.9918963,22.1947492],[-100.9934964,22.194236],[-100.9950764,22.193671],[-100.9966342,22.193055],[-100.9981679,22.1923887],[-100.9996757,22.191673],[-101.0011558,22.1909087],[-101.0026063,22.1900967],[-101.0040255,22.1892381],[-101.0054116,22.1883338],[-101.006763,22.1873851],[-101.008078,22.186393],[-101.0093549,22.1853587],[-101.0105924,22.1842836],[-101.0117887,22.1831689],[-101.0129426,22.1820159],[-101.0140525,22.1808262],[-101.0151171,22.1796011],[-101.0161352,22.1783422],[-101.0171055,22.1770509],[-101.0180267,22.1757288],[-101.0188979,22.1743776],[-101.0197178,22.1729989],[-101.0204856,22.1715944],[-101.0212003,22.1701658],[-101.021861,22.1687148],[-101.0224669,22.1672433],[-101.0230174,22.1657529],[-101.0235116,22.1642455],[-101.023949,22.162723],[-101.0243291,22.1611872],[-101.0246515,22.15964],[-101.0249156,22.1580832],[-101.0251213,22.1565188],[-101.0252682,22.1549487],[-101.0253562,22.1533748],[-101.0253852,22.1517989],[-101.0253551,22.1502231],[-101.0252661,22.1486492],[-101.0251181,22.1470791],[-101.0249114,22.1455148],[-101.0246462,22.1439582],[-101.0243228,22.1424112],[-101.0239417,22.1408756],[-101.0235034,22.1393533],[-101.0230083,22.1378462],[-101.022457,22.1363562],[-101.0218503,22.1348849],[-101.0211888,22.1334343],[-101.0204734,22.1320061],[-101.019705,22.130602],[-101.0188845,22.1292237],[-101.0180128,22.1278729],[-101.0170911,22.1265514],[-101.0161205,22.1252605],[-101.0151021,22.124002],[-101.0140373,22.1227774],[-101.0129272,22.1215882],[-101.0117733,22.1204358],[-101.0105769,22.1193215],[-101.0093396,22.1182469],[-101.0080627,22.1172131],[-101.006748,22.1162215],[-101.0053969,22.1152732],[-101.0040112,22.1143695],[-101.0025924,22.1135113],[-101.0011424,22.1126998],[-100.9996629,22.1119359],[-100.9981557,22.1112205],[-100.9966227,22.1105546],[-100.9950656,22.109939],[-100.9934865,22.1093743],[-100.9918872,22.1088614],[-100.9902697,22.1084007],[-100.9886359,22.1079929],[-100.9869878,22.1076385],[-100.9853275,22.1073378],[-100.9836569,22.1070913],[-100.9819781,22.1068993],[-100.9802932,22.106762],[-100.9786041,22.1066795],[-100.976913,22.106652],[-100.9752219,22.1066795],[-100.9735328,22.106762],[-100.9718479,22.1068993],[-100.9701691,22.1070913],[-100.9684985,22.1073378],[-100.9668382,22.1076385],[-100.9651901,22.1079929],[-100.9635563,22.1084007],[-100.9619388,22.1088614],[-100.9603395,22.1093743],[-100.9587604,22.109939],[-100.9572033,22.1105546],[-100.9556703,22.1112205],[-100.9541631,22.1119359],[-100.9526836,22.1126998],[-100.9512336,22.1135113],[-100.9498148,22.1143695],[-100.9484291,22.1152732],[-100.947078,22.1162215],[-100.9457633,22.1172131],[-100.9444864,22.1182469],[-100.9432491,22.1193215],[-100.9420527,22.1204358],[-100.9408988,22.1215882],[-100.9397887,22.1227774],[-100.9387239,22.124002],[-100.9377055,22.1252605],[-100.9367349,22.1265514],[-100.9358132,22.1278729],[-100.9349415,22.1292237],[-100.934121,22.130602],[-100.9333526,22.1320061],[-100.9326372,22.1334343],[-100.9319757,22.1348849],[-100.931369,22.1363562],[-100.9308177,22.1378462],[-100.9303226,22.1393533],[-100.9298843,22.1408756],[-100.9295032,22.1424112],[-100.9291798,22.1439582],[-100.9289146,22.1455148],[-100.9287079,22.1470791],[-100.9285599,22.1486492],[-100.9284709,22.1502231],[-100.9284408,22.1517989],[-100.9284698,22.1533748],[-100.9285578,22.1549487],[-100.9287047,22.1565188],[-100.9289104,22.1580832],[-100.9291745,22.15964],[-100.9294969,22.1611872],[-100.929877,22.162723],[-100.9303144,22.1642455],[-100.9308086,22.1657529],[-100.9313591,22.1672433],[-100.931965,22.1687148],[-100.9326257,22.1701658],[-100.9333404,22.1715944],[-100.9341082,22.1729989],[-100.9349281,22.1743776],[-100.9357993,22.1757288],[-100.9367205,22.1770509],[-100.9376908,22.1783422],[-100.9387089,22.1796011],[-100.9397735,22.1808262],[-100.9408834,22.1820159],[-100.9420373,22.1831689],[-100.9432336,22.1842836],[-100.9444711,22.1853587],[-100.945748,22.186393],[-100.947063,22.1873851],[-100.9484144,22.1883338],[-100.9498005,22.1892381],[-100.9512197,22.1900967],[-100.9526702,22.1909087],[-100.9541503,22.191673],[-100.9556581,22.1923887],[-100.9571918,22.193055],[-100.9587496,22.193671],[-100.9603296,22.194236],[-100.9619297,22.1947492],[-100.9635481,22.1952102],[-100.9651829,22.1956182],[-100.9668319,22.1959729],[-100.9684932,22.1962737],[-100.9701648,22.1965203],[-100.9718447,22.1967125],[-100.9735307,22.1968499],[-100.9752208,22.1969324],[-100.976913,22.1969599]]]}},{"type":"Feature","properties":{"id":"MX-SIN","subdivision":"Sinaloa"},"geometry":{"type":"Point","coordinates":[-107.4084307,24.7981167]}},{"type":"Feature","properties":{"id":"MX-SIN","radiusMeters":5000},"geometry":{"type":"Polygon","coordinates":[[[-107.4084307,24.8432552],[-107.4101571,24.8432277],[-107.4118813,24.8431452],[-107.4136014,24.8430078],[-107.4153151,24.8428157],[-107.4170205,24.8425692],[-107.4187154,24.8422684],[-107.4203977,24.8419139],[-107.4220654,24.841506],[-107.4237165,24.8410452],[-107.425349,24.8405321],[-107.4269608,24.8399672],[-107.42855,24.8393514],[-107.4301147,24.8386853],[-107.431653,24.8379698],[-107.4331629,24.8372057],[-107.4346427,24.836394],[-107.4360905,24.8355357],[-107.4375046,24.8346317],[-107.4388832,24.8336832],[-107.4402247,24.8326914],[-107.4415274,24.8316575],[-107.4427898,24.8305827],[-107.4440102,24.8294683],[-107.4451873,24.8283158],[-107.4463196,24.8271264],[-107.4474057,24.8259017],[-107.4484442,24.8246431],[-107.449434,24.8233522],[-107.4503738,24.8220306],[-107.4512625,24.8206798],[-107.4520989,24.8193016],[-107.4528822,24.8178975],[-107.4536112,24.8164694],[-107.4542852,24.8150189],[-107.4549032,24.8135478],[-107.4554647,24.8120579],[-107.4559688,24.810551],[-107.456415,24.809029],[-107.4568027,24.8074937],[-107.4571315,24.805947],[-107.4574009,24.8043908],[-107.4576106,24.8028269],[-107.4577604,24.8012573],[-107.4578501,24.7996839],[-107.4578796,24.7981085],[-107.4578489,24.7965332],[-107.4577579,24.7949599],[-107.4576069,24.7933903],[-107.4573959,24.7918266],[-107.4571253,24.7902705],[-107.4567954,24.788724],[-107.4564066,24.787189],[-107.4559593,24.7856673],[-107.4554542,24.7841607],[-107.4548917,24.7826712],[-107.4542727,24.7812004],[-107.4535979,24.7797503],[-107.4528681,24.7783226],[-107.4520841,24.776919],[-107.451247,24.7755412],[-107.4503577,24.774191],[-107.4494174,24.7728698],[-107.4484272,24.7715795],[-107.4473883,24.7703215],[-107.446302,24.7690973],[-107.4451695,24.7679085],[-107.4439923,24.7667565],[-107.4427719,24.7656427],[-107.4415096,24.7645684],[-107.4402071,24.7635351],[-107.4388658,24.7625438],[-107.4374875,24.7615959],[-107.4360739,24.7606924],[-107.4346266,24.7598346],[-107.4331474,24.7590234],[-107.4316382,24.7582598],[-107.4301006,24.7575447],[-107.4285367,24.7568791],[-107.4269484,24.7562636],[-107.4253375,24.7556992],[-107.423706,24.7551864],[-107.4220559,24.7547259],[-107.4203893,24.7543183],[-107.4187081,24.753964],[-107.4170144,24.7536635],[-107.4153102,24.7534171],[-107.4135977,24.7532251],[-107.4118788,24.7530879],[-107.4101558,24.7530054],[-107.4084307,24.7529779],[-107.4067056,24.7530054],[-107.4049826,24.7530879],[-107.4032637,24.7532251],[-107.4015512,24.7534171],[-107.399847,24.7536635],[-107.3981533,24.753964],[-107.3964721,24.7543183],[-107.3948055,24.7547259],[-107.3931554,24.7551864],[-107.3915239,24.7556992],[-107.389913,24.7562636],[-107.3883247,24.7568791],[-107.3867608,24.7575447],[-107.3852232,24.7582598],[-107.383714,24.7590234],[-107.3822348,24.7598346],[-107.3807875,24.7606924],[-107.3793739,24.7615959],[-107.3779956,24.7625438],[-107.3766543,24.7635351],[-107.3753518,24.7645684],[-107.3740895,24.7656427],[-107.3728691,24.7667565],[-107.3716919,24.7679085],[-107.3705594,24.7690973],[-107.3694731,24.7703215],[-107.3684342,24.7715795],[-107.367444,24.7728698],[-107.3665037,24.774191],[-107.3656144,24.7755412],[-107.3647773,24.776919],[-107.3639933,24.7783226],[-107.3632635,24.7797503],[-107.3625887,24.7812004],[-107.3619697,24.7826712],[-107.3614072,24.7841607],[-107.3609021,24.7856673],[-107.3604548,24.787189],[-107.360066,24.788724],[-107.3597361,24.7902705],[-107.3594655,24.7918266],[-107.3592545,24.7933903],[-107.3591035,24.7949599],[-107.3590125,24.7965332],[-107.3589818,24.7981085],[-107.3590113,24.7996839],[-107.359101,24.8012573],[-107.3592508,24.8028269],[-107.3594605,24.8043908],[-107.3597299,24.805947],[-107.3600587,24.8074937],[-107.3604464,24.809029],[-107.3608926,24.810551],[-107.3613967,24.8120579],[-107.3619582,24.8135478],[-107.3625762,24.8150189],[-107.3632502,24.8164694],[-107.3639792,24.8178975],[-107.3647625,24.8193016],[-107.3655989,24.8206798],[-107.3664876,24.8220306],[-107.3674274,24.8233522],[-107.3684172,24.8246431],[-107.3694557,24.8259017],[-107.3705418,24.8271264],[-107.3716741,24.8283158],[-107.3728512,24.8294683],[-107.3740716,24.8305827],[-107.375334,24.8316575],[-107.3766367,24.8326914],[-107.3779782,24.8336832],[-107.3793568,24.8346317],[-107.3807709,24.8355357],[-107.3822187,24.836394],[-107.3836985,24.8372057],[-107.3852084,24.8379698],[-107.3867467,24.8386853],[-107.3883114,24.8393514],[-107.3899006,24.8399672],[-107.3915124,24.8405321],[-107.3931449,24.8410452],[-107.394796,24.841506],[-107.3964637,24.8419139],[-107.398146,24.8422684],[-107.3998409,24.8425692],[-107.4015463,24.8428157],[-107.40326,24.8430078],[-107.4049801,24.8431452],[-107.4067043,24.8432277],[-107.4084307,24.8432552]]]}},{"type":"Feature","properties":{"id":"MX-SON","subdivision":"Sonora"},"geometry":{"type":"Point","coordinates":[-110.9582434,29.0748857]}},{"type":"Feature","properties":{"id":"MX-SON","radiusMeters":5000},"geometry":{"type":"Polygon","coordinates":[[[-110.9582434,29.1199968],[-110.9600363,29.1199693],[-110.961827,29.1198869],[-110.9636134,29.1197496],[-110.9653932,29.1195576],[-110.9671643,29.1193112],[-110.9689245,29.1190106],[-110.9706716,29.1186563],[-110.9724037,29.1182486],[-110.9741184,29.117788],[-110.9758138,29.1172752],[-110.9774877,29.1167106],[-110.9791382,29.1160952],[-110.9807631,29.1154294],[-110.9823606,29.1147143],[-110.9839287,29.1139507],[-110.9854655,29.1131394],[-110.986969,29.1122815],[-110.9884376,29.111378],[-110.9898692,29.1104301],[-110.9912624,29.1094388],[-110.9926152,29.1084054],[-110.9939262,29.1073312],[-110.9951936,29.1062175],[-110.9964159,29.1050655],[-110.9975918,29.1038768],[-110.9987196,29.1026528],[-110.9997981,29.101395],[-111.0008259,29.1001048],[-111.0018018,29.0987839],[-111.0027246,29.0974339],[-111.0035931,29.0960565],[-111.0044064,29.0946532],[-111.0051634,29.0932259],[-111.0058632,29.0917762],[-111.006505,29.090306],[-111.0070879,29.088817],[-111.0076113,29.087311],[-111.0080746,29.0857898],[-111.0084771,29.0842555],[-111.0088183,29.0827097],[-111.009098,29.0811543],[-111.0093157,29.0795914],[-111.0094711,29.0780227],[-111.0095642,29.0764502],[-111.0095947,29.0748759],[-111.0095626,29.0733015],[-111.009468,29.0717291],[-111.009311,29.0701606],[-111.0090918,29.0685978],[-111.0088107,29.0670427],[-111.008468,29.0654971],[-111.0080641,29.063963],[-111.0075995,29.0624423],[-111.0070748,29.0609366],[-111.0064906,29.059448],[-111.0058477,29.0579783],[-111.0051468,29.0565291],[-111.0043888,29.0551023],[-111.0035746,29.0536995],[-111.0027052,29.0523227],[-111.0017817,29.0509733],[-111.0008052,29.049653],[-110.9997768,29.0483635],[-110.9986979,29.0471063],[-110.9975697,29.0458829],[-110.9963937,29.0446949],[-110.9951712,29.0435436],[-110.9939038,29.0424305],[-110.992593,29.041357],[-110.9912403,29.0403243],[-110.9898475,29.0393337],[-110.9884163,29.0383864],[-110.9869483,29.0374836],[-110.9854454,29.0366263],[-110.9839094,29.0358156],[-110.9823421,29.0350525],[-110.9807455,29.0343379],[-110.9791215,29.0336727],[-110.9774722,29.0330577],[-110.9757994,29.0324937],[-110.9741052,29.0319812],[-110.9723918,29.0315211],[-110.9706611,29.0311137],[-110.9689154,29.0307596],[-110.9671566,29.0304593],[-110.965387,29.0302131],[-110.9636087,29.0300213],[-110.9618239,29.0298841],[-110.9600348,29.0298017],[-110.9582434,29.0297743],[-110.956452,29.0298017],[-110.9546629,29.0298841],[-110.9528781,29.0300213],[-110.9510998,29.0302131],[-110.9493302,29.0304593],[-110.9475714,29.0307596],[-110.9458257,29.0311137],[-110.944095,29.0315211],[-110.9423816,29.0319812],[-110.9406874,29.0324937],[-110.9390146,29.0330577],[-110.9373653,29.0336727],[-110.9357413,29.0343379],[-110.9341447,29.0350525],[-110.9325774,29.0358156],[-110.9310414,29.0366263],[-110.9295385,29.0374836],[-110.9280705,29.0383864],[-110.9266393,29.0393337],[-110.9252465,29.0403243],[-110.9238938,29.041357],[-110.922583,29.0424305],[-110.9213156,29.0435436],[-110.9200931,29.0446949],[-110.9189171,29.0458829],[-110.9177889,29.0471063],[-110.91671,29.0483635],[-110.9156816,29.049653],[-110.9147051,29.0509733],[-110.9137816,29.0523227],[-110.9129122,29.0536995],[-110.912098,29.0551023],[-110.91134,29.0565291],[-110.9106391,29.0579783],[-110.9099962,29.059448],[-110.909412,29.0609366],[-110.9088873,29.0624423],[-110.9084227,29.063963],[-110.9080188,29.0654971],[-110.9076761,29.0670427],[-110.907395,29.0685978],[-110.9071758,29.0701606],[-110.9070188,29.0717291],[-110.9069242,29.0733015],[-110.9068921,29.0748759],[-110.9069226,29.0764502],[-110.9070157,29.0780227],[-110.9071711,29.0795914],[-110.9073888,29.0811543],[-110.9076685,29.0827097],[-110.9080097,29.0842555],[-110.9084122,29.0857898],[-110.9088755,29.087311],[-110.9093989,29.088817],[-110.9099818,29.090306],[-110.9106236,29.0917762],[-110.9113234,29.0932259],[-110.9120804,29.0946532],[-110.9128937,29.0960565],[-110.9137622,29.0974339],[-110.914685,29.0987839],[-110.9156609,29.1001048],[-110.9166887,29.101395],[-110.9177672,29.1026528],[-110.918895,29.1038768],[-110.9200709,29.1050655],[-110.9212932,29.1062175],[-110.9225606,29.1073312],[-110.9238716,29.1084054],[-110.9252244,29.1094388],[-110.9266176,29.1104301],[-110.9280492,29.111378],[-110.9295178,29.1122815],[-110.9310213,29.1131394],[-110.9325581,29.1139507],[-110.9341262,29.1147143],[-110.9357237,29.1154294],[-110.9373486,29.1160952],[-110.9389991,29.1167106],[-110.940673,29.1172752],[-110.9423684,29.117788],[-110.9440831,29.1182486],[-110.9458152,29.1186563],[-110.9475623,29.1190106],[-110.9493225,29.1193112],[-110.9510936,29.1195576],[-110.9528734,29.1197496],[-110.9546598,29.1198869],[-110.9564505,29.1199693],[-110.9582434,29.1199968]]]}},{"type":"Feature","properties":{"id":"MX-TAB","subdivision":"Tabasco"},"geometry":{"type":"Point","coordinates":[-92.9194679,17.9879904]}},{"type":"Feature","properties":{"id":"MX-TAB","radiusMeters":5000},"geometry":{"type":"Polygon","coordinates":[[[-92.9194679,18.0331655],[-92.9211159,18.0331379],[-92.9227619,18.0330554],[-92.9244038,18.0329179],[-92.9260398,18.0327257],[-92.9276677,18.032479],[-92.9292856,18.032178],[-92.9308916,18.0318232],[-92.9324836,18.031415],[-92.9340598,18.0309539],[-92.9356182,18.0304404],[-92.9371569,18.0298752],[-92.938674,18.0292589],[-92.9401677,18.0285924],[-92.9416361,18.0278764],[-92.9430776,18.0271117],[-92.9444902,18.0262994],[-92.9458724,18.0254404],[-92.9472223,18.0245358],[-92.9485385,18.0235867],[-92.9498191,18.0225942],[-92.9510628,18.0215595],[-92.952268,18.0204839],[-92.9534332,18.0193687],[-92.954557,18.0182153],[-92.955638,18.017025],[-92.9566749,18.0157994],[-92.9576664,18.0145399],[-92.9586115,18.0132481],[-92.9595087,18.0119254],[-92.9603572,18.0105736],[-92.9611559,18.0091944],[-92.9619037,18.0077892],[-92.9625999,18.00636],[-92.9632434,18.0049084],[-92.9638337,18.0034361],[-92.9643698,18.0019451],[-92.9648512,18.000437],[-92.9652773,17.9989138],[-92.9656477,17.9973773],[-92.9659617,17.9958294],[-92.9662191,17.9942719],[-92.9664195,17.9927068],[-92.9665627,17.9911359],[-92.9666485,17.9895613],[-92.9666768,17.9879847],[-92.9666477,17.9864081],[-92.966561,17.9848334],[-92.966417,17.9832626],[-92.9662157,17.9816976],[-92.9659576,17.9801402],[-92.9656428,17.9785925],[-92.9652717,17.9770561],[-92.9648449,17.9755331],[-92.9643627,17.9740253],[-92.9638259,17.9725345],[-92.9632351,17.9710625],[-92.9625909,17.9696112],[-92.9618943,17.9681822],[-92.9611459,17.9667774],[-92.9603468,17.9653985],[-92.959498,17.964047],[-92.9586003,17.9627248],[-92.957655,17.9614333],[-92.9566632,17.9601742],[-92.9556261,17.9589489],[-92.954545,17.9577591],[-92.9534212,17.9566061],[-92.952256,17.9554913],[-92.9510509,17.9544161],[-92.9498073,17.9533818],[-92.9485268,17.9523896],[-92.9472109,17.9514409],[-92.9458612,17.9505366],[-92.9444794,17.949678],[-92.9430672,17.948866],[-92.9416262,17.9481017],[-92.9401582,17.947386],[-92.938665,17.9467198],[-92.9371485,17.9461038],[-92.9356105,17.9455389],[-92.9340527,17.9450256],[-92.9324773,17.9445647],[-92.930886,17.9441567],[-92.9292807,17.9438021],[-92.9276636,17.9435013],[-92.9260365,17.9432547],[-92.9244013,17.9430625],[-92.9227602,17.9429251],[-92.921115,17.9428426],[-92.9194679,17.9428151],[-92.9178208,17.9428426],[-92.9161756,17.9429251],[-92.9145345,17.9430625],[-92.9128993,17.9432547],[-92.9112722,17.9435013],[-92.9096551,17.9438021],[-92.9080498,17.9441567],[-92.9064585,17.9445647],[-92.9048831,17.9450256],[-92.9033253,17.9455389],[-92.9017873,17.9461038],[-92.9002708,17.9467198],[-92.8987776,17.947386],[-92.8973096,17.9481017],[-92.8958686,17.948866],[-92.8944564,17.949678],[-92.8930746,17.9505366],[-92.8917249,17.9514409],[-92.890409,17.9523896],[-92.8891285,17.9533818],[-92.8878849,17.9544161],[-92.8866798,17.9554913],[-92.8855146,17.9566061],[-92.8843908,17.9577591],[-92.8833097,17.9589489],[-92.8822726,17.9601742],[-92.8812808,17.9614333],[-92.8803355,17.9627248],[-92.8794378,17.964047],[-92.878589,17.9653985],[-92.8777899,17.9667774],[-92.8770415,17.9681822],[-92.8763449,17.9696112],[-92.8757007,17.9710625],[-92.8751099,17.9725345],[-92.8745731,17.9740253],[-92.8740909,17.9755331],[-92.8736641,17.9770561],[-92.873293,17.9785925],[-92.8729782,17.9801402],[-92.8727201,17.9816976],[-92.8725188,17.9832626],[-92.8723748,17.9848334],[-92.8722881,17.9864081],[-92.872259,17.9879847],[-92.8722873,17.9895613],[-92.8723731,17.9911359],[-92.8725163,17.9927068],[-92.8727167,17.9942719],[-92.8729741,17.9958294],[-92.8732881,17.9973773],[-92.8736585,17.9989138],[-92.8740846,18.000437],[-92.874566,18.0019451],[-92.8751021,18.0034361],[-92.8756924,18.0049084],[-92.8763359,18.00636],[-92.8770321,18.0077892],[-92.8777799,18.0091944],[-92.8785786,18.0105736],[-92.8794271,18.0119254],[-92.8803243,18.0132481],[-92.8812694,18.0145399],[-92.8822609,18.0157994],[-92.8832978,18.017025],[-92.8843788,18.0182153],[-92.8855026,18.0193687],[-92.8866678,18.0204839],[-92.887873,18.0215595],[-92.8891167,18.0225942],[-92.8903973,18.0235867],[-92.8917135,18.0245358],[-92.8930634,18.0254404],[-92.8944456,18.0262994],[-92.8958582,18.0271117],[-92.8972997,18.0278764],[-92.8987681,18.0285924],[-92.9002618,18.0292589],[-92.9017789,18.0298752],[-92.9033176,18.0304404],[-92.904876,18.0309539],[-92.9064522,18.031415],[-92.9080442,18.0318232],[-92.9096502,18.032178],[-92.9112681,18.032479],[-92.912896,18.0327257],[-92.914532,18.0329179],[-92.9161739,18.0330554],[-92.9178199,18.0331379],[-92.9194679,18.0331655]]]}},{"type":"Feature","properties":{"id":"MX-TAM","subdivision":"Tamaulipas"},"geometry":{"type":"Point","coordinates":[-99.143671,23.7326173]}},{"type":"Feature","properties":{"id":"MX-TAM","radiusMeters":5000},"geometry":{"type":"Polygon","coordinates":[[[-99.143671,23.7777621],[-99.145383,23.7777346],[-99.1470929,23.7776521],[-99.1487987,23.7775147],[-99.1504982,23.7773226],[-99.1521893,23.777076],[-99.1538701,23.7767753],[-99.1555384,23.7764207],[-99.1571923,23.7760127],[-99.1588297,23.7755518],[-99.1604486,23.7750386],[-99.162047,23.7744738],[-99.163623,23.7738579],[-99.1651747,23.7731917],[-99.1667001,23.7724761],[-99.1681975,23.7717119],[-99.169665,23.7709001],[-99.1711008,23.7700416],[-99.1725031,23.7691376],[-99.1738703,23.768189],[-99.1752006,23.767197],[-99.1764925,23.766163],[-99.1777444,23.765088],[-99.1789547,23.7639735],[-99.180122,23.7628208],[-99.1812449,23.7616313],[-99.182322,23.7604064],[-99.1833519,23.7591477],[-99.1843335,23.7578566],[-99.1852655,23.7565348],[-99.1861468,23.7551839],[-99.1869763,23.7538055],[-99.1877531,23.7524012],[-99.1884761,23.7509729],[-99.1891445,23.7495222],[-99.1897575,23.7480509],[-99.1903143,23.7465608],[-99.1908142,23.7450537],[-99.1912567,23.7435315],[-99.1916412,23.741996],[-99.1919673,23.7404491],[-99.1922345,23.7388926],[-99.1924425,23.7373285],[-99.1925911,23.7357587],[-99.1926801,23.7341851],[-99.1927094,23.7326095],[-99.1926789,23.731034],[-99.1925888,23.7294604],[-99.192439,23.7278907],[-99.1922298,23.7263267],[-99.1919615,23.7247704],[-99.1916344,23.7232237],[-99.1912488,23.7216884],[-99.1908053,23.7201665],[-99.1903043,23.7186597],[-99.1897466,23.7171699],[-99.1891328,23.715699],[-99.1884635,23.7142487],[-99.1877398,23.7128208],[-99.1869623,23.7114169],[-99.1861322,23.710039],[-99.1852503,23.7086885],[-99.1843179,23.7073672],[-99.1833359,23.7060766],[-99.1823056,23.7048184],[-99.1812283,23.7035941],[-99.1801052,23.7024051],[-99.1789378,23.7012529],[-99.1777275,23.7001389],[-99.1764757,23.6990645],[-99.175184,23.698031],[-99.1738539,23.6970396],[-99.172487,23.6960915],[-99.1710851,23.6951879],[-99.1696498,23.6943299],[-99.1681829,23.6935186],[-99.1666861,23.6927549],[-99.1651614,23.6920397],[-99.1636104,23.6913739],[-99.1620352,23.6907584],[-99.1604377,23.6901939],[-99.1588197,23.689681],[-99.1571833,23.6892205],[-99.1555305,23.6888128],[-99.1538632,23.6884584],[-99.1521835,23.6881578],[-99.1504935,23.6879114],[-99.1487952,23.6877194],[-99.1470906,23.6875822],[-99.1453818,23.6874997],[-99.143671,23.6874722],[-99.1419602,23.6874997],[-99.1402514,23.6875822],[-99.1385468,23.6877194],[-99.1368485,23.6879114],[-99.1351585,23.6881578],[-99.1334788,23.6884584],[-99.1318115,23.6888128],[-99.1301587,23.6892205],[-99.1285223,23.689681],[-99.1269043,23.6901939],[-99.1253068,23.6907584],[-99.1237316,23.6913739],[-99.1221806,23.6920397],[-99.1206559,23.6927549],[-99.1191591,23.6935186],[-99.1176922,23.6943299],[-99.1162569,23.6951879],[-99.114855,23.6960915],[-99.1134881,23.6970396],[-99.112158,23.698031],[-99.1108663,23.6990645],[-99.1096145,23.7001389],[-99.1084042,23.7012529],[-99.1072368,23.7024051],[-99.1061137,23.7035941],[-99.1050364,23.7048184],[-99.1040061,23.7060766],[-99.1030241,23.7073672],[-99.1020917,23.7086885],[-99.1012098,23.710039],[-99.1003797,23.7114169],[-99.0996022,23.7128208],[-99.0988785,23.7142487],[-99.0982092,23.715699],[-99.0975954,23.7171699],[-99.0970377,23.7186597],[-99.0965367,23.7201665],[-99.0960932,23.7216884],[-99.0957076,23.7232237],[-99.0953805,23.7247704],[-99.0951122,23.7263267],[-99.094903,23.7278907],[-99.0947532,23.7294604],[-99.0946631,23.731034],[-99.0946326,23.7326095],[-99.0946619,23.7341851],[-99.0947509,23.7357587],[-99.0948995,23.7373285],[-99.0951075,23.7388926],[-99.0953747,23.7404491],[-99.0957008,23.741996],[-99.0960853,23.7435315],[-99.0965278,23.7450537],[-99.0970277,23.7465608],[-99.0975845,23.7480509],[-99.0981975,23.7495222],[-99.0988659,23.7509729],[-99.0995889,23.7524012],[-99.1003657,23.7538055],[-99.1011952,23.7551839],[-99.1020765,23.7565348],[-99.1030085,23.7578566],[-99.1039901,23.7591477],[-99.10502,23.7604064],[-99.1060971,23.7616313],[-99.10722,23.7628208],[-99.1083873,23.7639735],[-99.1095976,23.765088],[-99.1108495,23.766163],[-99.1121414,23.767197],[-99.1134717,23.768189],[-99.1148389,23.7691376],[-99.1162412,23.7700416],[-99.117677,23.7709001],[-99.1191445,23.7717119],[-99.1206419,23.7724761],[-99.1221673,23.7731917],[-99.123719,23.7738579],[-99.125295,23.7744738],[-99.1268934,23.7750386],[-99.1285123,23.7755518],[-99.1301497,23.7760127],[-99.1318036,23.7764207],[-99.1334719,23.7767753],[-99.1351527,23.777076],[-99.1368438,23.7773226],[-99.1385433,23.7775147],[-99.1402491,23.7776521],[-99.141959,23.7777346],[-99.143671,23.7777621]]]}},{"type":"Feature","properties":{"id":"MX-TLA","subdivision":"Tlaxcala"},"geometry":{"type":"Point","coordinates":[-98.2376127,19.3176781]}},{"type":"Feature","properties":{"id":"MX-TLA","radiusMeters":5000},"geometry":{"type":"Polygon","coordinates":[[[-98.2376127,19.3628468],[-98.2392736,19.3628193],[-98.2409325,19.3627367],[-98.2425873,19.3625993],[-98.2442361,19.3624071],[-98.2458768,19.3621604],[-98.2475074,19.3618595],[-98.2491259,19.3615047],[-98.2507304,19.3610966],[-98.252319,19.3606355],[-98.2538895,19.3601221],[-98.2554403,19.3595569],[-98.2569693,19.3589407],[-98.2584747,19.3582743],[-98.2599546,19.3575583],[-98.2614074,19.3567938],[-98.2628311,19.3559816],[-98.264224,19.3551227],[-98.2655846,19.3542182],[-98.266911,19.3532692],[-98.2682017,19.3522768],[-98.2694551,19.3512422],[-98.2706697,19.3501668],[-98.271844,19.3490517],[-98.2729765,19.3478984],[-98.274066,19.3467084],[-98.275111,19.3454829],[-98.2761103,19.3442235],[-98.2770627,19.3429319],[-98.277967,19.3416094],[-98.2788221,19.3402578],[-98.279627,19.3388787],[-98.2803807,19.3374738],[-98.2810822,19.3360447],[-98.2817308,19.3345933],[-98.2823256,19.3331212],[-98.2828659,19.3316304],[-98.2833511,19.3301226],[-98.2837805,19.3285996],[-98.2841537,19.3270633],[-98.2844701,19.3255156],[-98.2847295,19.3239583],[-98.2849314,19.3223934],[-98.2850757,19.3208227],[-98.2851622,19.3192483],[-98.2851907,19.3176719],[-98.2851613,19.3160955],[-98.2850739,19.3145211],[-98.2849287,19.3129505],[-98.2847259,19.3113857],[-98.2844656,19.3098286],[-98.2841483,19.308281],[-98.2837744,19.3067449],[-98.2833441,19.3052222],[-98.2828582,19.3037146],[-98.2823172,19.302224],[-98.2817217,19.3007522],[-98.2810725,19.2993011],[-98.2803704,19.2978724],[-98.2796162,19.2964678],[-98.2788108,19.295089],[-98.2779553,19.2937378],[-98.2770506,19.2924157],[-98.2760979,19.2911245],[-98.2750983,19.2898655],[-98.2740531,19.2886405],[-98.2729636,19.2874508],[-98.2718309,19.286298],[-98.2706566,19.2851833],[-98.2694421,19.2841083],[-98.2681888,19.2830742],[-98.2668983,19.2820822],[-98.2655721,19.2811336],[-98.2642119,19.2802295],[-98.2628193,19.279371],[-98.261396,19.2785591],[-98.2599438,19.277795],[-98.2584644,19.2770794],[-98.2569596,19.2764132],[-98.2554312,19.2757974],[-98.2538811,19.2752325],[-98.2523113,19.2747193],[-98.2507235,19.2742585],[-98.2491198,19.2738505],[-98.2475021,19.273496],[-98.2458723,19.2731952],[-98.2442325,19.2729487],[-98.2425846,19.2727566],[-98.2409307,19.2726192],[-98.2392727,19.2725367],[-98.2376127,19.2725092],[-98.2359527,19.2725367],[-98.2342947,19.2726192],[-98.2326408,19.2727566],[-98.2309929,19.2729487],[-98.2293531,19.2731952],[-98.2277233,19.273496],[-98.2261056,19.2738505],[-98.2245019,19.2742585],[-98.2229141,19.2747193],[-98.2213443,19.2752325],[-98.2197942,19.2757974],[-98.2182658,19.2764132],[-98.216761,19.2770794],[-98.2152816,19.277795],[-98.2138294,19.2785591],[-98.2124061,19.279371],[-98.2110135,19.2802295],[-98.2096533,19.2811336],[-98.2083271,19.2820822],[-98.2070366,19.2830742],[-98.2057833,19.2841083],[-98.2045688,19.2851833],[-98.2033945,19.286298],[-98.2022618,19.2874508],[-98.2011723,19.2886405],[-98.2001271,19.2898655],[-98.1991275,19.2911245],[-98.1981748,19.2924157],[-98.1972701,19.2937378],[-98.1964146,19.295089],[-98.1956092,19.2964678],[-98.194855,19.2978724],[-98.1941529,19.2993011],[-98.1935037,19.3007522],[-98.1929082,19.302224],[-98.1923672,19.3037146],[-98.1918813,19.3052222],[-98.191451,19.3067449],[-98.1910771,19.308281],[-98.1907598,19.3098286],[-98.1904995,19.3113857],[-98.1902967,19.3129505],[-98.1901515,19.3145211],[-98.1900641,19.3160955],[-98.1900347,19.3176719],[-98.1900632,19.3192483],[-98.1901497,19.3208227],[-98.190294,19.3223934],[-98.1904959,19.3239583],[-98.1907553,19.3255156],[-98.1910717,19.3270633],[-98.1914449,19.3285996],[-98.1918743,19.3301226],[-98.1923595,19.3316304],[-98.1928998,19.3331212],[-98.1934946,19.3345933],[-98.1941432,19.3360447],[-98.1948447,19.3374738],[-98.1955984,19.3388787],[-98.1964033,19.3402578],[-98.1972584,19.3416094],[-98.1981627,19.3429319],[-98.1991151,19.3442235],[-98.2001144,19.3454829],[-98.2011594,19.3467084],[-98.2022489,19.3478984],[-98.2033814,19.3490517],[-98.2045557,19.3501668],[-98.2057703,19.3512422],[-98.2070237,19.3522768],[-98.2083144,19.3532692],[-98.2096408,19.3542182],[-98.2110014,19.3551227],[-98.2123943,19.3559816],[-98.213818,19.3567938],[-98.2152708,19.3575583],[-98.2167507,19.3582743],[-98.2182561,19.3589407],[-98.2197851,19.3595569],[-98.2213359,19.3601221],[-98.2229064,19.3606355],[-98.224495,19.3610966],[-98.2260995,19.3615047],[-98.227718,19.3618595],[-98.2293486,19.3621604],[-98.2309893,19.3624071],[-98.2326381,19.3625993],[-98.2342929,19.3627367],[-98.2359518,19.3628193],[-98.2376127,19.3628468]]]}},{"type":"Feature","properties":{"id":"MX-VER","subdivision":"Veracruz"},"geometry":{"type":"Point","coordinates":[-96.92244,19.5270243]}},{"type":"Feature","properties":{"id":"MX-VER","radiusMeters":5000},"geometry":{"type":"Polygon","coordinates":[[[-96.92244,19.5721919],[-96.924103,19.5721644],[-96.925764,19.5720819],[-96.927421,19.5719444],[-96.9290719,19.5717523],[-96.9307147,19.5715056],[-96.9323474,19.5712047],[-96.933968,19.5708499],[-96.9355746,19.5704417],[-96.9371651,19.5699807],[-96.9387377,19.5694673],[-96.9402905,19.5689021],[-96.9418214,19.568286],[-96.9433288,19.5676195],[-96.9448106,19.5669036],[-96.9462652,19.5661391],[-96.9476908,19.5653269],[-96.9490855,19.564468],[-96.9504478,19.5635635],[-96.9517759,19.5626145],[-96.9530683,19.5616221],[-96.9543233,19.5605876],[-96.9555394,19.5595122],[-96.9567152,19.5583972],[-96.9578492,19.5572439],[-96.9589401,19.5560538],[-96.9599864,19.5548284],[-96.960987,19.5535691],[-96.9619406,19.5522774],[-96.9628461,19.550955],[-96.9637023,19.5496034],[-96.9645082,19.5482244],[-96.9652628,19.5468194],[-96.9659653,19.5453904],[-96.9666147,19.543939],[-96.9672102,19.542467],[-96.9677512,19.5409762],[-96.968237,19.5394684],[-96.968667,19.5379455],[-96.9690406,19.5364092],[-96.9693575,19.5348615],[-96.9696172,19.5333043],[-96.9698194,19.5317394],[-96.9699638,19.5301688],[-96.9700504,19.5285944],[-96.970079,19.527018],[-96.9700495,19.5254417],[-96.969962,19.5238673],[-96.9698166,19.5222968],[-96.9696135,19.520732],[-96.969353,19.5191749],[-96.9690353,19.5176274],[-96.9686608,19.5160913],[-96.96823,19.5145686],[-96.9677435,19.513061],[-96.9672017,19.5115705],[-96.9666055,19.5100988],[-96.9659554,19.5086477],[-96.9652524,19.507219],[-96.9644972,19.5058144],[-96.9636908,19.5044357],[-96.9628342,19.5030845],[-96.9619284,19.5017625],[-96.9609744,19.5004712],[-96.9599736,19.4992123],[-96.9589271,19.4979873],[-96.9578361,19.4967977],[-96.956702,19.4956448],[-96.9555262,19.4945303],[-96.9543101,19.4934552],[-96.9530552,19.4924211],[-96.9517631,19.4914292],[-96.9504352,19.4904806],[-96.9490732,19.4895765],[-96.9476789,19.488718],[-96.9462538,19.4879062],[-96.9447997,19.4871421],[-96.9433183,19.4864265],[-96.9418116,19.4857604],[-96.9402813,19.4851445],[-96.9387292,19.4845797],[-96.9371574,19.4840665],[-96.9355676,19.4836057],[-96.9339618,19.4831977],[-96.932342,19.4828432],[-96.9307102,19.4825424],[-96.9290682,19.4822959],[-96.9274183,19.4821038],[-96.9257622,19.4819664],[-96.9241021,19.4818839],[-96.92244,19.4818564],[-96.9207779,19.4818839],[-96.9191178,19.4819664],[-96.9174617,19.4821038],[-96.9158118,19.4822959],[-96.9141698,19.4825424],[-96.912538,19.4828432],[-96.9109182,19.4831977],[-96.9093124,19.4836057],[-96.9077226,19.4840665],[-96.9061508,19.4845797],[-96.9045987,19.4851445],[-96.9030684,19.4857604],[-96.9015617,19.4864265],[-96.9000803,19.4871421],[-96.8986262,19.4879062],[-96.8972011,19.488718],[-96.8958068,19.4895765],[-96.8944448,19.4904806],[-96.8931169,19.4914292],[-96.8918248,19.4924211],[-96.8905699,19.4934552],[-96.8893538,19.4945303],[-96.888178,19.4956448],[-96.8870439,19.4967977],[-96.8859529,19.4979873],[-96.8849064,19.4992123],[-96.8839056,19.5004712],[-96.8829516,19.5017625],[-96.8820458,19.5030845],[-96.8811892,19.5044357],[-96.8803828,19.5058144],[-96.8796276,19.507219],[-96.8789246,19.5086477],[-96.8782745,19.5100988],[-96.8776783,19.5115705],[-96.8771365,19.513061],[-96.87665,19.5145686],[-96.8762192,19.5160913],[-96.8758447,19.5176274],[-96.875527,19.5191749],[-96.8752665,19.520732],[-96.8750634,19.5222968],[-96.874918,19.5238673],[-96.8748305,19.5254417],[-96.874801,19.527018],[-96.8748296,19.5285944],[-96.8749162,19.5301688],[-96.8750606,19.5317394],[-96.8752628,19.5333043],[-96.8755225,19.5348615],[-96.8758394,19.5364092],[-96.876213,19.5379455],[-96.876643,19.5394684],[-96.8771288,19.5409762],[-96.8776698,19.542467],[-96.8782653,19.543939],[-96.8789147,19.5453904],[-96.8796172,19.5468194],[-96.8803718,19.5482244],[-96.8811777,19.5496034],[-96.8820339,19.550955],[-96.8829394,19.5522774],[-96.883893,19.5535691],[-96.8848936,19.5548284],[-96.8859399,19.5560538],[-96.8870308,19.5572439],[-96.8881648,19.5583972],[-96.8893406,19.5595122],[-96.8905567,19.5605876],[-96.8918117,19.5616221],[-96.8931041,19.5626145],[-96.8944322,19.5635635],[-96.8957945,19.564468],[-96.8971892,19.5653269],[-96.8986148,19.5661391],[-96.9000694,19.5669036],[-96.9015512,19.5676195],[-96.9030586,19.568286],[-96.9045895,19.5689021],[-96.9061423,19.5694673],[-96.9077149,19.5699807],[-96.9093054,19.5704417],[-96.910912,19.5708499],[-96.9125326,19.5712047],[-96.9141653,19.5715056],[-96.9158081,19.5717523],[-96.917459,19.5719444],[-96.919116,19.5720819],[-96.920777,19.5721644],[-96.92244,19.5721919]]]}},{"type":"Feature","properties":{"id":"MX-YUC","subdivision":"Yucatán"},"geometry":{"type":"Point","coordinates":[-89.6233606,20.9678331]}},{"type":"Feature","properties":{"id":"MX-YUC","radiusMeters":5000},"geometry":{"type":"Polygon","coordinates":[[[-89.6233606,21.0129933],[-89.6250391,21.0129658],[-89.6267155,21.0128833],[-89.6283879,21.0127459],[-89.6300541,21.0125537],[-89.6317121,21.012307],[-89.63336,21.0120062],[-89.6349957,21.0116515],[-89.6366172,21.0112434],[-89.6382225,21.0107824],[-89.6398097,21.010269],[-89.6413768,21.009704],[-89.642922,21.0090879],[-89.6444433,21.0084215],[-89.6459389,21.0077057],[-89.647407,21.0069413],[-89.6488458,21.0061293],[-89.6502535,21.0052705],[-89.6516284,21.0043662],[-89.6529688,21.0034173],[-89.6542731,21.0024251],[-89.6555398,21.0013907],[-89.6567672,21.0003154],[-89.6579539,20.9992005],[-89.6590984,20.9980475],[-89.6601994,20.9968576],[-89.6612554,20.9956323],[-89.6622653,20.9943732],[-89.6632277,20.9930817],[-89.6641415,20.9917595],[-89.6650056,20.9904082],[-89.665819,20.9890293],[-89.6665806,20.9876246],[-89.6672895,20.9861958],[-89.6679449,20.9847446],[-89.668546,20.9832728],[-89.6690919,20.9817823],[-89.6695822,20.9802747],[-89.6700161,20.978752],[-89.6703932,20.977216],[-89.6707129,20.9756685],[-89.670975,20.9741116],[-89.671179,20.9725469],[-89.6713248,20.9709766],[-89.6714121,20.9694024],[-89.6714409,20.9678263],[-89.6714111,20.9662503],[-89.6713228,20.9646761],[-89.671176,20.9631059],[-89.670971,20.9615413],[-89.670708,20.9599845],[-89.6703873,20.9584372],[-89.6700093,20.9569014],[-89.6695745,20.9553789],[-89.6690835,20.9538716],[-89.6685367,20.9523814],[-89.6679349,20.9509099],[-89.6672788,20.9494591],[-89.6665692,20.9480306],[-89.665807,20.9466263],[-89.6649931,20.9452478],[-89.6641285,20.9438969],[-89.6632143,20.9425751],[-89.6622515,20.941284],[-89.6612414,20.9400254],[-89.6601852,20.9388006],[-89.6590841,20.9376111],[-89.6579395,20.9364585],[-89.6567528,20.9353441],[-89.6555254,20.9342693],[-89.6542589,20.9332354],[-89.6529548,20.9322436],[-89.6516146,20.9312952],[-89.6502401,20.9303913],[-89.6488328,20.929533],[-89.6473945,20.9287213],[-89.645927,20.9279573],[-89.6444319,20.9272419],[-89.6429113,20.9265759],[-89.6413668,20.9259601],[-89.6398004,20.9253954],[-89.638214,20.9248823],[-89.6366095,20.9244216],[-89.6349889,20.9240137],[-89.6333541,20.9236592],[-89.6317072,20.9233585],[-89.6300501,20.923112],[-89.6283849,20.92292],[-89.6267135,20.9227826],[-89.6250381,20.9227001],[-89.6233606,20.9226726],[-89.6216831,20.9227001],[-89.6200077,20.9227826],[-89.6183363,20.92292],[-89.6166711,20.923112],[-89.615014,20.9233585],[-89.6133671,20.9236592],[-89.6117323,20.9240137],[-89.6101117,20.9244216],[-89.6085072,20.9248823],[-89.6069208,20.9253954],[-89.6053544,20.9259601],[-89.6038099,20.9265759],[-89.6022893,20.9272419],[-89.6007942,20.9279573],[-89.5993267,20.9287213],[-89.5978884,20.929533],[-89.5964811,20.9303913],[-89.5951066,20.9312952],[-89.5937664,20.9322436],[-89.5924623,20.9332354],[-89.5911958,20.9342693],[-89.5899684,20.9353441],[-89.5887817,20.9364585],[-89.5876371,20.9376111],[-89.586536,20.9388006],[-89.5854798,20.9400254],[-89.5844697,20.941284],[-89.5835069,20.9425751],[-89.5825927,20.9438969],[-89.5817281,20.9452478],[-89.5809142,20.9466263],[-89.580152,20.9480306],[-89.5794424,20.9494591],[-89.5787863,20.9509099],[-89.5781845,20.9523814],[-89.5776377,20.9538716],[-89.5771467,20.9553789],[-89.5767119,20.9569014],[-89.5763339,20.9584372],[-89.5760132,20.9599845],[-89.5757502,20.9615413],[-89.5755452,20.9631059],[-89.5753984,20.9646761],[-89.5753101,20.9662503],[-89.5752803,20.9678263],[-89.5753091,20.9694024],[-89.5753964,20.9709766],[-89.5755422,20.9725469],[-89.5757462,20.9741116],[-89.5760083,20.9756685],[-89.576328,20.977216],[-89.5767051,20.978752],[-89.577139,20.9802747],[-89.5776293,20.9817823],[-89.5781752,20.9832728],[-89.5787763,20.9847446],[-89.5794317,20.9861958],[-89.5801406,20.9876246],[-89.5809022,20.9890293],[-89.5817156,20.9904082],[-89.5825797,20.9917595],[-89.5834935,20.9930817],[-89.5844559,20.9943732],[-89.5854658,20.9956323],[-89.5865218,20.9968576],[-89.5876228,20.9980475],[-89.5887673,20.9992005],[-89.589954,21.0003154],[-89.5911814,21.0013907],[-89.5924481,21.0024251],[-89.5937524,21.0034173],[-89.5950928,21.0043662],[-89.5964677,21.0052705],[-89.5978754,21.0061293],[-89.5993142,21.0069413],[-89.6007823,21.0077057],[-89.6022779,21.0084215],[-89.6037992,21.0090879],[-89.6053444,21.009704],[-89.6069115,21.010269],[-89.6084987,21.0107824],[-89.610104,21.0112434],[-89.6117255,21.0116515],[-89.6133612,21.0120062],[-89.6150091,21.012307],[-89.6166671,21.0125537],[-89.6183333,21.0127459],[-89.6200057,21.0128833],[-89.6216821,21.0129658],[-89.6233606,21.0129933]]]}},{"type":"Feature","properties":{"id":"MX-ZAC","subdivision":"Zacatecas"},"geometry":{"type":"Point","coordinates":[-102.6146349,22.7788292]}},{"type":"Feature","properties":{"id":"MX-ZAC","radiusMeters":5000},"geometry":{"type":"Polygon","coordinates":[[[-102.6146349,22.8239795],[-102.6163347,22.823952],[-102.6180325,22.8238695],[-102.6197261,22.8237321],[-102.6214136,22.82354],[-102.6230927,22.8232933],[-102.6247615,22.8229925],[-102.626418,22.8226379],[-102.6280602,22.8222299],[-102.6296859,22.821769],[-102.6312933,22.8212557],[-102.6328804,22.8206908],[-102.6344452,22.8200748],[-102.6359859,22.8194086],[-102.6375005,22.8186929],[-102.6389872,22.8179287],[-102.6404443,22.8171168],[-102.6418699,22.8162582],[-102.6432623,22.815354],[-102.6446197,22.8144053],[-102.6459406,22.8134133],[-102.6472234,22.8123791],[-102.6484664,22.811304],[-102.6496681,22.8101894],[-102.6508272,22.8090366],[-102.6519421,22.8078469],[-102.6530115,22.8066219],[-102.6540342,22.805363],[-102.6550088,22.8040718],[-102.6559342,22.8027499],[-102.6568093,22.8013988],[-102.657633,22.8000202],[-102.6584042,22.7986158],[-102.6591221,22.7971873],[-102.6597858,22.7957364],[-102.6603944,22.794265],[-102.6609473,22.7927747],[-102.6614437,22.7912675],[-102.6618831,22.7897451],[-102.6622649,22.7882094],[-102.6625887,22.7866623],[-102.662854,22.7851056],[-102.6630606,22.7835414],[-102.6632082,22.7819713],[-102.6632966,22.7803975],[-102.6633257,22.7788218],[-102.6632955,22.7772461],[-102.663206,22.7756723],[-102.6630573,22.7741023],[-102.6628496,22.7725382],[-102.6625832,22.7709817],[-102.6622584,22.7694348],[-102.6618756,22.7678993],[-102.6614353,22.7663772],[-102.6609379,22.7648702],[-102.6603841,22.7633803],[-102.6597747,22.7619092],[-102.6591102,22.7604587],[-102.6583916,22.7590305],[-102.6576197,22.7576265],[-102.6567954,22.7562484],[-102.6559198,22.7548977],[-102.654994,22.7535763],[-102.654019,22.7522855],[-102.652996,22.7510272],[-102.6519263,22.7498027],[-102.6508113,22.7486135],[-102.6496521,22.7474612],[-102.6484504,22.7463471],[-102.6472074,22.7452725],[-102.6459249,22.7442388],[-102.6446042,22.7432473],[-102.643247,22.7422991],[-102.641855,22.7413954],[-102.6404299,22.7405373],[-102.6389734,22.7397258],[-102.6374872,22.738962],[-102.6359732,22.7382467],[-102.6344333,22.7375809],[-102.6328692,22.7369653],[-102.631283,22.7364007],[-102.6296765,22.7358878],[-102.6280517,22.7354271],[-102.6264105,22.7350194],[-102.624755,22.734665],[-102.6230872,22.7343644],[-102.6214091,22.7341179],[-102.6197228,22.7339259],[-102.6180303,22.7337886],[-102.6163336,22.7337061],[-102.6146349,22.7336786],[-102.6129362,22.7337061],[-102.6112395,22.7337886],[-102.609547,22.7339259],[-102.6078607,22.7341179],[-102.6061826,22.7343644],[-102.6045148,22.734665],[-102.6028593,22.7350194],[-102.6012181,22.7354271],[-102.5995933,22.7358878],[-102.5979868,22.7364007],[-102.5964006,22.7369653],[-102.5948365,22.7375809],[-102.5932966,22.7382467],[-102.5917826,22.738962],[-102.5902964,22.7397258],[-102.5888399,22.7405373],[-102.5874148,22.7413954],[-102.5860228,22.7422991],[-102.5846656,22.7432473],[-102.5833449,22.7442388],[-102.5820624,22.7452725],[-102.5808194,22.7463471],[-102.5796177,22.7474612],[-102.5784585,22.7486135],[-102.5773435,22.7498027],[-102.5762738,22.7510272],[-102.5752508,22.7522855],[-102.5742758,22.7535763],[-102.57335,22.7548977],[-102.5724744,22.7562484],[-102.5716501,22.7576265],[-102.5708782,22.7590305],[-102.5701596,22.7604587],[-102.5694951,22.7619092],[-102.5688857,22.7633803],[-102.5683319,22.7648702],[-102.5678345,22.7663772],[-102.5673942,22.7678993],[-102.5670114,22.7694348],[-102.5666866,22.7709817],[-102.5664202,22.7725382],[-102.5662125,22.7741023],[-102.5660638,22.7756723],[-102.5659743,22.7772461],[-102.5659441,22.7788218],[-102.5659732,22.7803975],[-102.5660616,22.7819713],[-102.5662092,22.7835414],[-102.5664158,22.7851056],[-102.5666811,22.7866623],[-102.5670049,22.7882094],[-102.5673867,22.7897451],[-102.5678261,22.7912675],[-102.5683225,22.7927747],[-102.5688754,22.794265],[-102.569484,22.7957364],[-102.5701477,22.7971873],[-102.5708656,22.7986158],[-102.5716368,22.8000202],[-102.5724605,22.8013988],[-102.5733356,22.8027499],[-102.574261,22.8040718],[-102.5752356,22.805363],[-102.5762583,22.8066219],[-102.5773277,22.8078469],[-102.5784426,22.8090366],[-102.5796017,22.8101894],[-102.5808034,22.811304],[-102.5820464,22.8123791],[-102.5833292,22.8134133],[-102.5846501,22.8144053],[-102.5860075,22.815354],[-102.5873999,22.8162582],[-102.5888255,22.8171168],[-102.5902826,22.8179287],[-102.5917693,22.8186929],[-102.5932839,22.8194086],[-102.5948246,22.8200748],[-102.5963894,22.8206908],[-102.5979765,22.8212557],[-102.5995839,22.821769],[-102.6012096,22.8222299],[-102.6028518,22.8226379],[-102.6045083,22.8229925],[-102.6061771,22.8232933],[-102.6078562,22.82354],[-102.6095437,22.8237321],[-102.6112373,22.8238695],[-102.6129351,22.823952],[-102.6146349,22.8239795]]]}},{"type":"Feature","properties":{"id":"CN-AH","subdivision":"Anhui"},"geometry":{"type":"Point","coordinates":[117.3233024,31.7362865]}},{"type":"Feature","properties":{"id":"CN-AH","radiusMeters":5000},"geometry":{"type":"Polygon","coordinates":[[[117.3233024,31.7813792],[117.3214601,31.7813518],[117.31962,31.7812693],[117.3177845,31.7811321],[117.3159556,31.7809402],[117.3141358,31.7806939],[117.3123271,31.7803934],[117.3105318,31.7800392],[117.308752,31.7796316],[117.3069901,31.7791712],[117.305248,31.7786585],[117.303528,31.7780942],[117.3018321,31.777479],[117.3001624,31.7768135],[117.2985209,31.7760986],[117.2969096,31.7753352],[117.2953305,31.7745243],[117.2937856,31.7736667],[117.2922767,31.7727635],[117.2908056,31.7718159],[117.2893741,31.7708251],[117.2879841,31.7697921],[117.2866371,31.7687183],[117.2853348,31.7676049],[117.2840788,31.7664534],[117.2828707,31.7652652],[117.2817118,31.7640416],[117.2806037,31.7627842],[117.2795477,31.7614946],[117.278545,31.7601742],[117.2775969,31.7588247],[117.2767045,31.7574478],[117.2758689,31.7560451],[117.2750911,31.7546183],[117.2743721,31.7531692],[117.2737128,31.7516995],[117.2731139,31.7502111],[117.2725762,31.7487057],[117.2721003,31.7471852],[117.2716868,31.7456514],[117.2713362,31.7441062],[117.2710489,31.7425515],[117.2708254,31.7409892],[117.2706657,31.7394212],[117.2705702,31.7378493],[117.270539,31.7362756],[117.270572,31.7347019],[117.2706693,31.7331301],[117.2708307,31.7315622],[117.271056,31.7300001],[117.2713449,31.7284456],[117.2716972,31.7269007],[117.2721123,31.7253673],[117.2725897,31.7238471],[117.2731289,31.7223421],[117.2737292,31.7208542],[117.2743899,31.719385],[117.2751101,31.7179364],[117.275889,31.7165102],[117.2767256,31.7151081],[117.277619,31.7137318],[117.278568,31.712383],[117.2795714,31.7110633],[117.280628,31.7097744],[117.2817366,31.7085177],[117.2828958,31.7072949],[117.2841042,31.7061074],[117.2853603,31.7049566],[117.2866626,31.703844],[117.2880095,31.702771],[117.2893993,31.7017387],[117.2908304,31.7007486],[117.292301,31.6998017],[117.2938093,31.6988993],[117.2953535,31.6980424],[117.2969317,31.6972321],[117.2985421,31.6964693],[117.3001825,31.695755],[117.3018511,31.6950901],[117.3035457,31.6944754],[117.3052645,31.6939116],[117.3070051,31.6933994],[117.3087656,31.6929394],[117.3105438,31.6925323],[117.3123375,31.6921784],[117.3141445,31.6918782],[117.3159627,31.6916321],[117.3177898,31.6914403],[117.3196236,31.6913032],[117.3214619,31.6912209],[117.3233024,31.6911934],[117.3251429,31.6912209],[117.3269812,31.6913032],[117.328815,31.6914403],[117.3306421,31.6916321],[117.3324603,31.6918782],[117.3342673,31.6921784],[117.336061,31.6925323],[117.3378392,31.6929394],[117.3395997,31.6933994],[117.3413403,31.6939116],[117.3430591,31.6944754],[117.3447537,31.6950901],[117.3464223,31.695755],[117.3480627,31.6964693],[117.3496731,31.6972321],[117.3512513,31.6980424],[117.3527955,31.6988993],[117.3543038,31.6998017],[117.3557744,31.7007486],[117.3572055,31.7017387],[117.3585953,31.702771],[117.3599422,31.703844],[117.3612445,31.7049566],[117.3625006,31.7061074],[117.363709,31.7072949],[117.3648682,31.7085177],[117.3659768,31.7097744],[117.3670334,31.7110633],[117.3680368,31.712383],[117.3689858,31.7137318],[117.3698792,31.7151081],[117.3707158,31.7165102],[117.3714947,31.7179364],[117.3722149,31.719385],[117.3728756,31.7208542],[117.3734759,31.7223421],[117.3740151,31.7238471],[117.3744925,31.7253673],[117.3749076,31.7269007],[117.3752599,31.7284456],[117.3755488,31.7300001],[117.3757741,31.7315622],[117.3759355,31.7331301],[117.3760328,31.7347019],[117.3760658,31.7362756],[117.3760346,31.7378493],[117.3759391,31.7394212],[117.3757794,31.7409892],[117.3755559,31.7425515],[117.3752686,31.7441062],[117.374918,31.7456514],[117.3745045,31.7471852],[117.3740286,31.7487057],[117.3734909,31.7502111],[117.372892,31.7516995],[117.3722327,31.7531692],[117.3715137,31.7546183],[117.3707359,31.7560451],[117.3699003,31.7574478],[117.3690079,31.7588247],[117.3680598,31.7601742],[117.3670571,31.7614946],[117.3660011,31.7627842],[117.364893,31.7640416],[117.3637341,31.7652652],[117.362526,31.7664534],[117.36127,31.7676049],[117.3599677,31.7687183],[117.3586207,31.7697921],[117.3572307,31.7708251],[117.3557992,31.7718159],[117.3543281,31.7727635],[117.3528192,31.7736667],[117.3512743,31.7745243],[117.3496952,31.7753352],[117.3480839,31.7760986],[117.3464424,31.7768135],[117.3447727,31.777479],[117.3430768,31.7780942],[117.3413568,31.7786585],[117.3396147,31.7791712],[117.3378528,31.7796316],[117.336073,31.7800392],[117.3342777,31.7803934],[117.332469,31.7806939],[117.3306492,31.7809402],[117.3288203,31.7811321],[117.3269848,31.7812693],[117.3251447,31.7813518],[117.3233024,31.7813792]]]}},{"type":"Feature","properties":{"id":"CN-BJ","subdivision":"Beijing"},"geometry":{"type":"Point","coordinates":[116.7185035,39.9039959]}},{"type":"Feature","properties":{"id":"CN-BJ","radiusMeters":5000},"geometry":{"type":"Polygon","coordinates":[[[116.7185035,39.9490275],[116.7164616,39.949],[116.7144221,39.9489177],[116.7123877,39.9487806],[116.7103607,39.9485889],[116.7083437,39.9483429],[116.706339,39.9480428],[116.7043492,39.947689],[116.7023767,39.9472819],[116.7004239,39.9468221],[116.6984931,39.94631],[116.6965868,39.9457464],[116.6947072,39.9451319],[116.6928567,39.9444672],[116.6910374,39.9437532],[116.6892517,39.9429907],[116.6875017,39.9421807],[116.6857895,39.9413242],[116.6841172,39.9404221],[116.6824869,39.9394757],[116.6809006,39.938486],[116.6793601,39.9374543],[116.6778674,39.9363818],[116.6764243,39.9352699],[116.6750325,39.9341198],[116.6736937,39.932933],[116.6724096,39.931711],[116.6711817,39.9304552],[116.6700116,39.9291671],[116.6689006,39.9278484],[116.6678501,39.9265007],[116.6668613,39.9251255],[116.6659356,39.9237246],[116.6650739,39.9222996],[116.6642774,39.9208524],[116.663547,39.9193846],[116.6628836,39.9178981],[116.662288,39.9163947],[116.6617609,39.9148762],[116.661303,39.9133444],[116.6609148,39.9118013],[116.6605968,39.9102486],[116.6603494,39.9086884],[116.6601729,39.9071225],[116.6600674,39.9055528],[116.6600331,39.9039812],[116.66007,39.9024096],[116.6601782,39.90084],[116.6603574,39.8992742],[116.6606074,39.8977142],[116.6609279,39.8961619],[116.6613186,39.8946192],[116.6617789,39.8930879],[116.6623083,39.8915698],[116.6629061,39.890067],[116.6635716,39.8885811],[116.664304,39.887114],[116.6651023,39.8856675],[116.6659657,39.8842433],[116.666893,39.8828433],[116.6678832,39.8814689],[116.668935,39.8801221],[116.6700471,39.8788043],[116.6712181,39.8775172],[116.6724467,39.8762624],[116.6737314,39.8750413],[116.6750705,39.8738556],[116.6764625,39.8727065],[116.6779057,39.8715956],[116.6793982,39.8705241],[116.6809383,39.8694934],[116.6825241,39.8685047],[116.6841536,39.8675593],[116.685825,39.8666582],[116.6875361,39.8658026],[116.6892849,39.8649935],[116.6910692,39.8642318],[116.6928868,39.8635187],[116.6947356,39.8628548],[116.6966134,39.862241],[116.6985177,39.861678],[116.7004464,39.8611666],[116.702397,39.8607073],[116.7043672,39.8603008],[116.7063546,39.8599474],[116.7083568,39.8596477],[116.7103713,39.8594019],[116.7123957,39.8592105],[116.7144275,39.8590736],[116.7164642,39.8589914],[116.7185035,39.858964],[116.7205428,39.8589914],[116.7225795,39.8590736],[116.7246113,39.8592105],[116.7266357,39.8594019],[116.7286502,39.8596477],[116.7306524,39.8599474],[116.7326398,39.8603008],[116.73461,39.8607073],[116.7365606,39.8611666],[116.7384893,39.861678],[116.7403936,39.862241],[116.7422714,39.8628548],[116.7441202,39.8635187],[116.7459378,39.8642318],[116.7477221,39.8649935],[116.7494709,39.8658026],[116.751182,39.8666582],[116.7528534,39.8675593],[116.7544829,39.8685047],[116.7560687,39.8694934],[116.7576088,39.8705241],[116.7591013,39.8715956],[116.7605445,39.8727065],[116.7619365,39.8738556],[116.7632756,39.8750413],[116.7645603,39.8762624],[116.7657889,39.8775172],[116.7669599,39.8788043],[116.768072,39.8801221],[116.7691238,39.8814689],[116.770114,39.8828433],[116.7710413,39.8842433],[116.7719047,39.8856675],[116.772703,39.887114],[116.7734354,39.8885811],[116.7741009,39.890067],[116.7746987,39.8915698],[116.7752281,39.8930879],[116.7756884,39.8946192],[116.7760791,39.8961619],[116.7763996,39.8977142],[116.7766496,39.8992742],[116.7768288,39.90084],[116.776937,39.9024096],[116.7769739,39.9039812],[116.7769396,39.9055528],[116.7768341,39.9071225],[116.7766576,39.9086884],[116.7764102,39.9102486],[116.7760922,39.9118013],[116.775704,39.9133444],[116.7752461,39.9148762],[116.774719,39.9163947],[116.7741234,39.9178981],[116.77346,39.9193846],[116.7727296,39.9208524],[116.7719331,39.9222996],[116.7710714,39.9237246],[116.7701457,39.9251255],[116.7691569,39.9265007],[116.7681064,39.9278484],[116.7669954,39.9291671],[116.7658253,39.9304552],[116.7645974,39.931711],[116.7633133,39.932933],[116.7619745,39.9341198],[116.7605827,39.9352699],[116.7591396,39.9363818],[116.7576469,39.9374543],[116.7561064,39.938486],[116.7545201,39.9394757],[116.7528898,39.9404221],[116.7512175,39.9413242],[116.7495053,39.9421807],[116.7477553,39.9429907],[116.7459696,39.9437532],[116.7441503,39.9444672],[116.7422998,39.9451319],[116.7404202,39.9457464],[116.7385139,39.94631],[116.7365831,39.9468221],[116.7346303,39.9472819],[116.7326578,39.947689],[116.730668,39.9480428],[116.7286633,39.9483429],[116.7266463,39.9485889],[116.7246193,39.9487806],[116.7225849,39.9489177],[116.7205454,39.949],[116.7185035,39.9490275]]]}},{"type":"Feature","properties":{"id":"CN-CQ","subdivision":"Chongqing"},"geometry":{"type":"Point","coordinates":[106.5466009,29.5664478]}},{"type":"Feature","properties":{"id":"CN-CQ","radiusMeters":5000},"geometry":{"type":"Polygon","coordinates":[[[106.5466009,29.6115556],[106.5447994,29.6115281],[106.543,29.6114457],[106.5412051,29.6113084],[106.5394167,29.6111164],[106.5376371,29.61087],[106.5358684,29.6105695],[106.5341128,29.6102151],[106.5323725,29.6098075],[106.5306495,29.6093469],[106.528946,29.6088341],[106.527264,29.6082696],[106.5256056,29.6076542],[106.5239728,29.6069885],[106.5223676,29.6062734],[106.5207919,29.6055098],[106.5192478,29.6046986],[106.517737,29.6038408],[106.5162614,29.6029373],[106.5148228,29.6019895],[106.513423,29.6009983],[106.5120637,29.599965],[106.5107464,29.5988908],[106.5094729,29.5977772],[106.5082447,29.5966253],[106.5070632,29.5954367],[106.50593,29.5942128],[106.5048463,29.592955],[106.5038136,29.5916649],[106.502833,29.5903441],[106.5019058,29.5889942],[106.501033,29.5876169],[106.5002159,29.5862137],[106.4994552,29.5847865],[106.4987521,29.5833369],[106.4981072,29.5818668],[106.4975215,29.5803778],[106.4969956,29.578872],[106.4965302,29.577351],[106.4961257,29.5758167],[106.4957828,29.574271],[106.4955019,29.5727158],[106.4952831,29.571153],[106.495127,29.5695844],[106.4950335,29.568012],[106.4950029,29.5664378],[106.4950351,29.5648635],[106.4951302,29.5632913],[106.4952879,29.5617228],[106.4955082,29.5601602],[106.4957907,29.5586052],[106.4961351,29.5570597],[106.4965409,29.5555258],[106.4970078,29.5540051],[106.497535,29.5524996],[106.498122,29.5510111],[106.498768,29.5495414],[106.4994723,29.5480924],[106.5002339,29.5466656],[106.501052,29.545263],[106.5019256,29.5438863],[106.5028536,29.542537],[106.5038348,29.5412168],[106.5048681,29.5399274],[106.5059522,29.5386703],[106.5070858,29.537447],[106.5082675,29.5362591],[106.5094958,29.5351079],[106.5107693,29.5339949],[106.5120865,29.5329215],[106.5134456,29.5318889],[106.5148451,29.5308983],[106.5162832,29.5299511],[106.5177583,29.5290484],[106.5192684,29.5281912],[106.5208118,29.5273805],[106.5223866,29.5266175],[106.5239908,29.525903],[106.5256226,29.5252378],[106.5272799,29.5246229],[106.5289607,29.5240589],[106.530663,29.5235465],[106.5323846,29.5230863],[106.5341236,29.522679],[106.5358777,29.522325],[106.5376449,29.5220247],[106.539423,29.5217785],[106.5412098,29.5215867],[106.5430032,29.5214495],[106.544801,29.5213671],[106.5466009,29.5213397],[106.5484008,29.5213671],[106.5501986,29.5214495],[106.551992,29.5215867],[106.5537788,29.5217785],[106.5555569,29.5220247],[106.5573241,29.522325],[106.5590782,29.522679],[106.5608172,29.5230863],[106.5625388,29.5235465],[106.5642411,29.5240589],[106.5659219,29.5246229],[106.5675792,29.5252378],[106.569211,29.525903],[106.5708152,29.5266175],[106.57239,29.5273805],[106.5739334,29.5281912],[106.5754435,29.5290484],[106.5769186,29.5299511],[106.5783567,29.5308983],[106.5797562,29.5318889],[106.5811153,29.5329215],[106.5824325,29.5339949],[106.583706,29.5351079],[106.5849343,29.5362591],[106.586116,29.537447],[106.5872496,29.5386703],[106.5883337,29.5399274],[106.589367,29.5412168],[106.5903482,29.542537],[106.5912762,29.5438863],[106.5921498,29.545263],[106.5929679,29.5466656],[106.5937295,29.5480924],[106.5944338,29.5495414],[106.5950798,29.5510111],[106.5956668,29.5524996],[106.596194,29.5540051],[106.5966609,29.5555258],[106.5970667,29.5570597],[106.5974111,29.5586052],[106.5976936,29.5601602],[106.5979139,29.5617228],[106.5980716,29.5632913],[106.5981667,29.5648635],[106.5981989,29.5664378],[106.5981683,29.568012],[106.5980748,29.5695844],[106.5979187,29.571153],[106.5976999,29.5727158],[106.597419,29.574271],[106.5970761,29.5758167],[106.5966716,29.577351],[106.5962062,29.578872],[106.5956803,29.5803778],[106.5950946,29.5818668],[106.5944497,29.5833369],[106.5937466,29.5847865],[106.5929859,29.5862137],[106.5921688,29.5876169],[106.591296,29.5889942],[106.5903688,29.5903441],[106.5893882,29.5916649],[106.5883555,29.592955],[106.5872718,29.5942128],[106.5861386,29.5954367],[106.5849571,29.5966253],[106.5837289,29.5977772],[106.5824554,29.5988908],[106.5811381,29.599965],[106.5797788,29.6009983],[106.578379,29.6019895],[106.5769404,29.6029373],[106.5754648,29.6038408],[106.573954,29.6046986],[106.5724099,29.6055098],[106.5708342,29.6062734],[106.569229,29.6069885],[106.5675962,29.6076542],[106.5659378,29.6082696],[106.5642558,29.6088341],[106.5625523,29.6093469],[106.5608293,29.6098075],[106.559089,29.6102151],[106.5573334,29.6105695],[106.5555647,29.61087],[106.5537851,29.6111164],[106.5519967,29.6113084],[106.5502018,29.6114457],[106.5484024,29.6115281],[106.5466009,29.6115556]]]}},{"type":"Feature","properties":{"id":"CN-FJ","subdivision":"Fujian"},"geometry":{"type":"Point","coordinates":[119.2900833,26.1035419]}},{"type":"Feature","properties":{"id":"CN-FJ","radiusMeters":5000},"geometry":{"type":"Polygon","coordinates":[[[119.2900833,26.1486724],[119.2883382,26.1486449],[119.2865952,26.1485624],[119.2848564,26.148425],[119.2831241,26.148233],[119.2814002,26.1479865],[119.2796869,26.1476858],[119.2779863,26.1473313],[119.2763004,26.1469234],[119.2746314,26.1464627],[119.2729812,26.1459497],[119.2713519,26.1453849],[119.2697454,26.1447692],[119.2681637,26.1441032],[119.2666088,26.1433878],[119.2650824,26.1426239],[119.2635866,26.1418123],[119.2621231,26.1409541],[119.2606937,26.1400502],[119.2593001,26.1391019],[119.257944,26.1381103],[119.2566272,26.1370765],[119.2553511,26.1360019],[119.2541174,26.1348877],[119.2529276,26.1337353],[119.251783,26.1325461],[119.2506852,26.1313216],[119.2496354,26.1300633],[119.2486349,26.1287726],[119.2476849,26.1274512],[119.2467866,26.1261007],[119.2459411,26.1247226],[119.2451494,26.1233188],[119.2444125,26.1218909],[119.2437312,26.1204407],[119.2431065,26.1189698],[119.242539,26.1174802],[119.2420294,26.1159736],[119.2415785,26.1144518],[119.2411866,26.1129168],[119.2408543,26.1113703],[119.240582,26.1098144],[119.24037,26.1082508],[119.2402186,26.1066814],[119.240128,26.1051083],[119.2400982,26.1035332],[119.2401293,26.1019582],[119.2402213,26.1003851],[119.240374,26.0988159],[119.2405873,26.0972524],[119.2408609,26.0956967],[119.2411944,26.0941504],[119.2415875,26.0926157],[119.2420396,26.0910942],[119.2425503,26.0895879],[119.2431188,26.0880987],[119.2437446,26.0866282],[119.2444268,26.0851784],[119.2451645,26.0837509],[119.245957,26.0823476],[119.2468032,26.0809701],[119.2477021,26.0796201],[119.2486527,26.0782992],[119.2496536,26.0770091],[119.2507038,26.0757513],[119.2518019,26.0745274],[119.2529467,26.0733388],[119.2541366,26.072187],[119.2553703,26.0710734],[119.2566463,26.0699994],[119.2579629,26.0689662],[119.2593187,26.0679751],[119.2607119,26.0670274],[119.2621409,26.0661241],[119.2636038,26.0652665],[119.265099,26.0644554],[119.2666247,26.0636919],[119.2681788,26.062977],[119.2697596,26.0623115],[119.2713652,26.0616962],[119.2729935,26.0611319],[119.2746427,26.0606192],[119.2763106,26.0601588],[119.2779953,26.0597512],[119.2796947,26.059397],[119.2814068,26.0590965],[119.2831294,26.0588502],[119.2848604,26.0586583],[119.2865978,26.0585211],[119.2883395,26.0584386],[119.2900833,26.0584112],[119.2918271,26.0584386],[119.2935688,26.0585211],[119.2953062,26.0586583],[119.2970372,26.0588502],[119.2987598,26.0590965],[119.3004719,26.059397],[119.3021713,26.0597512],[119.303856,26.0601588],[119.3055239,26.0606192],[119.3071731,26.0611319],[119.3088014,26.0616962],[119.310407,26.0623115],[119.3119878,26.062977],[119.3135419,26.0636919],[119.3150676,26.0644554],[119.3165628,26.0652665],[119.3180257,26.0661241],[119.3194547,26.0670274],[119.3208479,26.0679751],[119.3222037,26.0689662],[119.3235203,26.0699994],[119.3247963,26.0710734],[119.32603,26.072187],[119.3272199,26.0733388],[119.3283647,26.0745274],[119.3294628,26.0757513],[119.330513,26.0770091],[119.3315139,26.0782992],[119.3324645,26.0796201],[119.3333634,26.0809701],[119.3342096,26.0823476],[119.3350021,26.0837509],[119.3357398,26.0851784],[119.336422,26.0866282],[119.3370478,26.0880987],[119.3376163,26.0895879],[119.338127,26.0910942],[119.3385791,26.0926157],[119.3389722,26.0941504],[119.3393057,26.0956967],[119.3395793,26.0972524],[119.3397926,26.0988159],[119.3399453,26.1003851],[119.3400373,26.1019582],[119.3400684,26.1035332],[119.3400386,26.1051083],[119.339948,26.1066814],[119.3397966,26.1082508],[119.3395846,26.1098144],[119.3393123,26.1113703],[119.33898,26.1129168],[119.3385881,26.1144518],[119.3381372,26.1159736],[119.3376276,26.1174802],[119.3370601,26.1189698],[119.3364354,26.1204407],[119.3357541,26.1218909],[119.3350172,26.1233188],[119.3342255,26.1247226],[119.33338,26.1261007],[119.3324817,26.1274512],[119.3315317,26.1287726],[119.3305312,26.1300633],[119.3294814,26.1313216],[119.3283836,26.1325461],[119.327239,26.1337353],[119.3260492,26.1348877],[119.3248155,26.1360019],[119.3235394,26.1370765],[119.3222226,26.1381103],[119.3208665,26.1391019],[119.3194729,26.1400502],[119.3180435,26.1409541],[119.31658,26.1418123],[119.3150842,26.1426239],[119.3135578,26.1433878],[119.3120029,26.1441032],[119.3104212,26.1447692],[119.3088147,26.1453849],[119.3071854,26.1459497],[119.3055352,26.1464627],[119.3038662,26.1469234],[119.3021803,26.1473313],[119.3004797,26.1476858],[119.2987664,26.1479865],[119.2970425,26.148233],[119.2953102,26.148425],[119.2935714,26.1485624],[119.2918284,26.1486449],[119.2900833,26.1486724]]]}},{"type":"Feature","properties":{"id":"CN-GS","subdivision":"Gansu"},"geometry":{"type":"Point","coordinates":[103.8240141,36.0613814]}},{"type":"Feature","properties":{"id":"CN-GS","radiusMeters":5000},"geometry":{"type":"Polygon","coordinates":[[[103.8240141,36.1064425],[103.8220762,36.106415],[103.8201406,36.1063326],[103.8182097,36.1061955],[103.8162859,36.1060037],[103.8143716,36.1057575],[103.812469,36.1054572],[103.8105805,36.1051032],[103.8087085,36.1046959],[103.806855,36.1042358],[103.8050226,36.1037234],[103.8032133,36.1031595],[103.8014294,36.1025446],[103.799673,36.1018796],[103.7979464,36.1011651],[103.7962515,36.1004022],[103.7945905,36.0995918],[103.7929655,36.0987347],[103.7913783,36.0978321],[103.7898309,36.0968852],[103.7883253,36.0958949],[103.7868631,36.0948626],[103.7854463,36.0937894],[103.7840765,36.0926768],[103.7827555,36.0915261],[103.7814848,36.0903386],[103.7802659,36.0891158],[103.7791004,36.0878593],[103.7779897,36.0865704],[103.7769351,36.0852509],[103.7759379,36.0839023],[103.7749994,36.0825263],[103.7741206,36.0811245],[103.7733026,36.0796987],[103.7725465,36.0782506],[103.7718531,36.0767819],[103.7712233,36.0752944],[103.7706579,36.0737901],[103.7701575,36.0722706],[103.7697227,36.0707379],[103.7693541,36.0691937],[103.7690521,36.0676401],[103.7688171,36.0660789],[103.7686494,36.0645119],[103.7685491,36.0629412],[103.7685164,36.0613686],[103.7685513,36.059796],[103.7686538,36.0582253],[103.7688237,36.0566585],[103.7690608,36.0550975],[103.7693649,36.0535441],[103.7697356,36.0520003],[103.7701723,36.050468],[103.7706746,36.048949],[103.7712419,36.0474451],[103.7718735,36.0459582],[103.7725685,36.0444901],[103.7733262,36.0430426],[103.7741455,36.0416175],[103.7750256,36.0402164],[103.7759654,36.0388411],[103.7769636,36.0374933],[103.7780191,36.0361746],[103.7791305,36.0348866],[103.7802966,36.0336309],[103.7815159,36.032409],[103.782787,36.0312224],[103.7841082,36.0300725],[103.7854779,36.0289608],[103.7868946,36.0278885],[103.7883564,36.0268571],[103.7898616,36.0258677],[103.7914084,36.0249216],[103.7929948,36.0240198],[103.794619,36.0231636],[103.7962789,36.0223539],[103.7979726,36.0215917],[103.799698,36.020878],[103.8014529,36.0202137],[103.8032353,36.0195994],[103.8050429,36.019036],[103.8068736,36.0185242],[103.8087252,36.0180646],[103.8105954,36.0176578],[103.8124819,36.0173042],[103.8143824,36.0170042],[103.8162947,36.0167583],[103.8182163,36.0165667],[103.820145,36.0164297],[103.8220784,36.0163474],[103.8240141,36.01632],[103.8259498,36.0163474],[103.8278832,36.0164297],[103.8298119,36.0165667],[103.8317335,36.0167583],[103.8336458,36.0170042],[103.8355463,36.0173042],[103.8374328,36.0176578],[103.839303,36.0180646],[103.8411546,36.0185242],[103.8429853,36.019036],[103.8447929,36.0195994],[103.8465753,36.0202137],[103.8483302,36.020878],[103.8500556,36.0215917],[103.8517493,36.0223539],[103.8534092,36.0231636],[103.8550334,36.0240198],[103.8566198,36.0249216],[103.8581666,36.0258677],[103.8596718,36.0268571],[103.8611336,36.0278885],[103.8625503,36.0289608],[103.86392,36.0300725],[103.8652412,36.0312224],[103.8665123,36.032409],[103.8677316,36.0336309],[103.8688977,36.0348866],[103.8700091,36.0361746],[103.8710646,36.0374933],[103.8720628,36.0388411],[103.8730026,36.0402164],[103.8738827,36.0416175],[103.874702,36.0430426],[103.8754597,36.0444901],[103.8761547,36.0459582],[103.8767863,36.0474451],[103.8773536,36.048949],[103.8778559,36.050468],[103.8782926,36.0520003],[103.8786633,36.0535441],[103.8789674,36.0550975],[103.8792045,36.0566585],[103.8793744,36.0582253],[103.8794769,36.059796],[103.8795118,36.0613686],[103.8794791,36.0629412],[103.8793788,36.0645119],[103.8792111,36.0660789],[103.8789761,36.0676401],[103.8786741,36.0691937],[103.8783055,36.0707379],[103.8778707,36.0722706],[103.8773703,36.0737901],[103.8768049,36.0752944],[103.8761751,36.0767819],[103.8754817,36.0782506],[103.8747256,36.0796987],[103.8739076,36.0811245],[103.8730288,36.0825263],[103.8720903,36.0839023],[103.8710931,36.0852509],[103.8700385,36.0865704],[103.8689278,36.0878593],[103.8677623,36.0891158],[103.8665434,36.0903386],[103.8652727,36.0915261],[103.8639517,36.0926768],[103.8625819,36.0937894],[103.8611651,36.0948626],[103.8597029,36.0958949],[103.8581973,36.0968852],[103.8566499,36.0978321],[103.8550627,36.0987347],[103.8534377,36.0995918],[103.8517767,36.1004022],[103.8500818,36.1011651],[103.8483552,36.1018796],[103.8465988,36.1025446],[103.8448149,36.1031595],[103.8430056,36.1037234],[103.8411732,36.1042358],[103.8393197,36.1046959],[103.8374477,36.1051032],[103.8355592,36.1054572],[103.8336566,36.1057575],[103.8317423,36.1060037],[103.8298185,36.1061955],[103.8278876,36.1063326],[103.825952,36.106415],[103.8240141,36.1064425]]]}},{"type":"Feature","properties":{"id":"CN-GD","subdivision":"Guangdong"},"geometry":{"type":"Point","coordinates":[113.2610687,23.13579]}},{"type":"Feature","properties":{"id":"CN-GD","radiusMeters":5000},"geometry":{"type":"Polygon","coordinates":[[[113.2610687,23.1809383],[113.2593644,23.1809108],[113.2576621,23.1808282],[113.2559641,23.1806909],[113.2542722,23.1804987],[113.2525886,23.1802521],[113.2509154,23.1799513],[113.2492545,23.1795967],[113.2476081,23.1791887],[113.2459781,23.1787278],[113.2443665,23.1782146],[113.2427752,23.1776497],[113.2412063,23.1770338],[113.2396615,23.1763675],[113.2381429,23.1756519],[113.2366523,23.1748877],[113.2351914,23.1740758],[113.233762,23.1732173],[113.232366,23.1723131],[113.231005,23.1713645],[113.2296806,23.1703725],[113.2283945,23.1693383],[113.2271482,23.1682633],[113.2259433,23.1671487],[113.2247812,23.1659959],[113.2236633,23.1648063],[113.2225911,23.1635814],[113.2215657,23.1623226],[113.2205886,23.1610314],[113.2196607,23.1597095],[113.2187834,23.1583585],[113.2179575,23.15698],[113.2171843,23.1555756],[113.2164645,23.1541472],[113.2157991,23.1526964],[113.2151888,23.151225],[113.2146345,23.1497348],[113.2141368,23.1482276],[113.2136963,23.1467053],[113.2133134,23.1451696],[113.2129888,23.1436226],[113.2127228,23.142066],[113.2125157,23.1405018],[113.2123677,23.1389319],[113.2122791,23.1373581],[113.21225,23.1357824],[113.2122803,23.1342068],[113.21237,23.1326331],[113.2125191,23.1310632],[113.2127273,23.1294991],[113.2129944,23.1279427],[113.2133201,23.1263959],[113.2137039,23.1248605],[113.2141455,23.1233384],[113.2146441,23.1218315],[113.2151993,23.1203417],[113.2158104,23.1188706],[113.2164766,23.1174202],[113.2171972,23.1159921],[113.2179711,23.1145882],[113.2187975,23.1132101],[113.2196754,23.1118595],[113.2206037,23.1105381],[113.2215813,23.1092475],[113.2226069,23.1079891],[113.2236794,23.1067647],[113.2247974,23.1055756],[113.2259596,23.1044233],[113.2271645,23.1033093],[113.2284107,23.1022348],[113.2296967,23.1012011],[113.2310208,23.1002096],[113.2323815,23.0992615],[113.2337772,23.0983578],[113.2352061,23.0974998],[113.2366664,23.0966884],[113.2381565,23.0959246],[113.2396744,23.0952093],[113.2412184,23.0945435],[113.2427866,23.093928],[113.244377,23.0933634],[113.2459877,23.0928505],[113.2476168,23.0923899],[113.2492622,23.0919821],[113.250922,23.0916278],[113.2525942,23.0913272],[113.2542767,23.0910807],[113.2559675,23.0908887],[113.2576644,23.0907514],[113.2593655,23.090669],[113.2610687,23.0906415],[113.2627719,23.090669],[113.264473,23.0907514],[113.2661699,23.0908887],[113.2678607,23.0910807],[113.2695432,23.0913272],[113.2712154,23.0916278],[113.2728752,23.0919821],[113.2745206,23.0923899],[113.2761497,23.0928505],[113.2777604,23.0933634],[113.2793508,23.093928],[113.280919,23.0945435],[113.282463,23.0952093],[113.2839809,23.0959246],[113.285471,23.0966884],[113.2869313,23.0974998],[113.2883602,23.0983578],[113.2897559,23.0992615],[113.2911166,23.1002096],[113.2924407,23.1012011],[113.2937267,23.1022348],[113.2949729,23.1033093],[113.2961778,23.1044233],[113.29734,23.1055756],[113.298458,23.1067647],[113.2995305,23.1079891],[113.3005561,23.1092475],[113.3015337,23.1105381],[113.302462,23.1118595],[113.3033399,23.1132101],[113.3041663,23.1145882],[113.3049402,23.1159921],[113.3056608,23.1174202],[113.306327,23.1188706],[113.3069381,23.1203417],[113.3074933,23.1218315],[113.3079919,23.1233384],[113.3084335,23.1248605],[113.3088173,23.1263959],[113.309143,23.1279427],[113.3094101,23.1294991],[113.3096183,23.1310632],[113.3097674,23.1326331],[113.3098571,23.1342068],[113.3098874,23.1357824],[113.3098583,23.1373581],[113.3097697,23.1389319],[113.3096217,23.1405018],[113.3094146,23.142066],[113.3091486,23.1436226],[113.308824,23.1451696],[113.3084411,23.1467053],[113.3080006,23.1482276],[113.3075029,23.1497348],[113.3069486,23.151225],[113.3063383,23.1526964],[113.3056729,23.1541472],[113.3049531,23.1555756],[113.3041799,23.15698],[113.303354,23.1583585],[113.3024767,23.1597095],[113.3015488,23.1610314],[113.3005717,23.1623226],[113.2995463,23.1635814],[113.2984741,23.1648063],[113.2973562,23.1659959],[113.2961941,23.1671487],[113.2949892,23.1682633],[113.2937429,23.1693383],[113.2924568,23.1703725],[113.2911324,23.1713645],[113.2897714,23.1723131],[113.2883754,23.1732173],[113.286946,23.1740758],[113.2854851,23.1748877],[113.2839945,23.1756519],[113.2824759,23.1763675],[113.2809311,23.1770338],[113.2793622,23.1776497],[113.2777709,23.1782146],[113.2761593,23.1787278],[113.2745293,23.1791887],[113.2728829,23.1795967],[113.271222,23.1799513],[113.2695488,23.1802521],[113.2678652,23.1804987],[113.2661733,23.1806909],[113.2644753,23.1808282],[113.262773,23.1809108],[113.2610687,23.1809383]]]}},{"type":"Feature","properties":{"id":"CN-GX","subdivision":"Guangxi"},"geometry":{"type":"Point","coordinates":[108.3236815,22.8192963]}},{"type":"Feature","properties":{"id":"CN-GX","radiusMeters":5000},"geometry":{"type":"Polygon","coordinates":[[[108.3236815,22.8644464],[108.3219812,22.8644189],[108.3202829,22.8643363],[108.3185888,22.864199],[108.3169008,22.8640068],[108.3152212,22.8637602],[108.3135519,22.8634594],[108.3118949,22.8631048],[108.3102523,22.8626968],[108.3086261,22.8622359],[108.3070182,22.8617226],[108.3054306,22.8611577],[108.3038653,22.8605417],[108.3023242,22.8598755],[108.3008091,22.8591598],[108.299322,22.8583956],[108.2978645,22.8575837],[108.2964385,22.8567251],[108.2950457,22.8558209],[108.2936878,22.8548722],[108.2923665,22.8538802],[108.2910834,22.852846],[108.28984,22.851771],[108.2886379,22.8506563],[108.2874785,22.8495035],[108.2863633,22.8483139],[108.2852935,22.8470889],[108.2842705,22.84583],[108.2832956,22.8445388],[108.28237,22.8432169],[108.2814946,22.8418658],[108.2806707,22.8404872],[108.2798993,22.8390828],[108.2791811,22.8376543],[108.2785173,22.8362034],[108.2779084,22.834732],[108.2773554,22.8332417],[108.2768588,22.8317345],[108.2764193,22.8302121],[108.2760374,22.8286764],[108.2757135,22.8271293],[108.2754481,22.8255727],[108.2752415,22.8240084],[108.2750939,22.8224384],[108.2750054,22.8208646],[108.2749763,22.8192889],[108.2750066,22.8177131],[108.2750961,22.8161394],[108.2752448,22.8145695],[108.2754525,22.8130053],[108.275719,22.8114488],[108.2760439,22.8099019],[108.2764268,22.8083665],[108.2768673,22.8068443],[108.2773648,22.8053374],[108.2779188,22.8038474],[108.2785284,22.8023763],[108.2791931,22.8009258],[108.2799119,22.7994977],[108.280684,22.7980937],[108.2815085,22.7967156],[108.2823844,22.795365],[108.2833105,22.7940435],[108.2842858,22.7927528],[108.2853091,22.7914944],[108.2863791,22.7902699],[108.2874945,22.7890808],[108.2886539,22.7879284],[108.2898561,22.7868143],[108.2910994,22.7857398],[108.2923823,22.7847061],[108.2937034,22.7837146],[108.2950609,22.7827664],[108.2964534,22.7818627],[108.2978789,22.7810046],[108.2993359,22.7801931],[108.3008225,22.7794293],[108.3023369,22.778714],[108.3038773,22.7780482],[108.3054418,22.7774326],[108.3070285,22.776868],[108.3086355,22.7763551],[108.3102608,22.7758945],[108.3119024,22.7754867],[108.3135584,22.7751323],[108.3152267,22.7748317],[108.3169053,22.7745852],[108.3185921,22.7743932],[108.3202851,22.7742559],[108.3219823,22.7741735],[108.3236815,22.774146],[108.3253807,22.7741735],[108.3270779,22.7742559],[108.3287709,22.7743932],[108.3304577,22.7745852],[108.3321363,22.7748317],[108.3338046,22.7751323],[108.3354606,22.7754867],[108.3371022,22.7758945],[108.3387275,22.7763551],[108.3403345,22.776868],[108.3419212,22.7774326],[108.3434857,22.7780482],[108.3450261,22.778714],[108.3465405,22.7794293],[108.3480271,22.7801931],[108.3494841,22.7810046],[108.3509096,22.7818627],[108.3523021,22.7827664],[108.3536596,22.7837146],[108.3549807,22.7847061],[108.3562636,22.7857398],[108.3575069,22.7868143],[108.3587091,22.7879284],[108.3598685,22.7890808],[108.3609839,22.7902699],[108.3620539,22.7914944],[108.3630772,22.7927528],[108.3640525,22.7940435],[108.3649786,22.795365],[108.3658545,22.7967156],[108.366679,22.7980937],[108.3674511,22.7994977],[108.3681699,22.8009258],[108.3688346,22.8023763],[108.3694442,22.8038474],[108.3699982,22.8053374],[108.3704957,22.8068443],[108.3709362,22.8083665],[108.3713191,22.8099019],[108.371644,22.8114488],[108.3719105,22.8130053],[108.3721182,22.8145695],[108.3722669,22.8161394],[108.3723564,22.8177131],[108.3723867,22.8192889],[108.3723576,22.8208646],[108.3722691,22.8224384],[108.3721215,22.8240084],[108.3719149,22.8255727],[108.3716495,22.8271293],[108.3713256,22.8286764],[108.3709437,22.8302121],[108.3705042,22.8317345],[108.3700076,22.8332417],[108.3694546,22.834732],[108.3688457,22.8362034],[108.3681819,22.8376543],[108.3674637,22.8390828],[108.3666923,22.8404872],[108.3658684,22.8418658],[108.364993,22.8432169],[108.3640674,22.8445388],[108.3630925,22.84583],[108.3620695,22.8470889],[108.3609997,22.8483139],[108.3598845,22.8495035],[108.3587251,22.8506563],[108.357523,22.851771],[108.3562796,22.852846],[108.3549965,22.8538802],[108.3536752,22.8548722],[108.3523173,22.8558209],[108.3509245,22.8567251],[108.3494985,22.8575837],[108.348041,22.8583956],[108.3465539,22.8591598],[108.3450388,22.8598755],[108.3434977,22.8605417],[108.3419324,22.8611577],[108.3403448,22.8617226],[108.3387369,22.8622359],[108.3371107,22.8626968],[108.3354681,22.8631048],[108.3338111,22.8634594],[108.3321418,22.8637602],[108.3304622,22.8640068],[108.3287742,22.864199],[108.3270801,22.8643363],[108.3253818,22.8644189],[108.3236815,22.8644464]]]}},{"type":"Feature","properties":{"id":"CN-GZ","subdivision":"Guizhou"},"geometry":{"type":"Point","coordinates":[106.7015722,26.6039807]}},{"type":"Feature","properties":{"id":"CN-GZ","radiusMeters":5000},"geometry":{"type":"Polygon","coordinates":[[[106.7015722,26.649108],[106.6998195,26.6490805],[106.698069,26.648998],[106.6963227,26.6488607],[106.6945829,26.6486687],[106.6928516,26.6484222],[106.6911309,26.6481215],[106.6894229,26.647767],[106.6877298,26.6473592],[106.6860535,26.6468985],[106.6843962,26.6463855],[106.6827598,26.6458208],[106.6811464,26.6452051],[106.6795579,26.6445392],[106.6779962,26.6438238],[106.6764633,26.6430599],[106.674961,26.6422484],[106.6734912,26.6413902],[106.6720556,26.6404864],[106.670656,26.6395382],[106.6692941,26.6385466],[106.6679716,26.6375129],[106.66669,26.6364383],[106.665451,26.6353242],[106.664256,26.6341719],[106.6631065,26.6329828],[106.662004,26.6317584],[106.6609496,26.6305001],[106.6599448,26.6292095],[106.6589907,26.6278882],[106.6580886,26.6265377],[106.6572394,26.6251598],[106.6564444,26.6237561],[106.6557043,26.6223283],[106.6550201,26.6208781],[106.6543926,26.6194074],[106.6538227,26.6179178],[106.653311,26.6164113],[106.6528581,26.6148897],[106.6524645,26.6133547],[106.6521308,26.6118084],[106.6518573,26.6102525],[106.6516445,26.608689],[106.6514924,26.6071198],[106.6514014,26.6055468],[106.6513715,26.6039718],[106.6514028,26.6023969],[106.6514952,26.600824],[106.6516486,26.5992548],[106.6518628,26.5976915],[106.6521375,26.5961358],[106.6524725,26.5945897],[106.6528673,26.593055],[106.6533214,26.5915337],[106.6538343,26.5900275],[106.6544053,26.5885384],[106.6550338,26.587068],[106.6557189,26.5856183],[106.6564599,26.584191],[106.6572558,26.5827877],[106.6581056,26.5814103],[106.6590084,26.5800604],[106.6599631,26.5787396],[106.6609683,26.5774496],[106.6620231,26.5761919],[106.6631259,26.5749681],[106.6642756,26.5737796],[106.6654707,26.5726279],[106.6667097,26.5715144],[106.6679912,26.5704404],[106.6693135,26.5694073],[106.6706751,26.5684163],[106.6720743,26.5674687],[106.6735095,26.5665655],[106.6749787,26.5657079],[106.6764804,26.5648969],[106.6780126,26.5641335],[106.6795734,26.5634186],[106.6811611,26.5627531],[106.6827735,26.5621379],[106.6844089,26.5615736],[106.6860651,26.561061],[106.6877402,26.5606006],[106.6894322,26.5601931],[106.6911389,26.5598389],[106.6928583,26.5595384],[106.6945883,26.5592921],[106.6963268,26.5591002],[106.6980717,26.558963],[106.6998209,26.5588806],[106.7015722,26.5588531],[106.7033235,26.5588806],[106.7050727,26.558963],[106.7068176,26.5591002],[106.7085561,26.5592921],[106.7102861,26.5595384],[106.7120055,26.5598389],[106.7137122,26.5601931],[106.7154042,26.5606006],[106.7170793,26.561061],[106.7187355,26.5615736],[106.7203709,26.5621379],[106.7219833,26.5627531],[106.723571,26.5634186],[106.7251318,26.5641335],[106.726664,26.5648969],[106.7281657,26.5657079],[106.7296349,26.5665655],[106.7310701,26.5674687],[106.7324693,26.5684163],[106.7338309,26.5694073],[106.7351532,26.5704404],[106.7364347,26.5715144],[106.7376737,26.5726279],[106.7388688,26.5737796],[106.7400185,26.5749681],[106.7411213,26.5761919],[106.7421761,26.5774496],[106.7431813,26.5787396],[106.744136,26.5800604],[106.7450388,26.5814103],[106.7458886,26.5827877],[106.7466845,26.584191],[106.7474255,26.5856183],[106.7481106,26.587068],[106.7487391,26.5885384],[106.7493101,26.5900275],[106.749823,26.5915337],[106.7502771,26.593055],[106.7506719,26.5945897],[106.7510069,26.5961358],[106.7512816,26.5976915],[106.7514958,26.5992548],[106.7516492,26.600824],[106.7517416,26.6023969],[106.7517729,26.6039718],[106.751743,26.6055468],[106.751652,26.6071198],[106.7514999,26.608689],[106.7512871,26.6102525],[106.7510136,26.6118084],[106.7506799,26.6133547],[106.7502863,26.6148897],[106.7498334,26.6164113],[106.7493217,26.6179178],[106.7487518,26.6194074],[106.7481243,26.6208781],[106.7474401,26.6223283],[106.7467,26.6237561],[106.745905,26.6251598],[106.7450558,26.6265377],[106.7441537,26.6278882],[106.7431996,26.6292095],[106.7421948,26.6305001],[106.7411404,26.6317584],[106.7400379,26.6329828],[106.7388884,26.6341719],[106.7376934,26.6353242],[106.7364544,26.6364383],[106.7351728,26.6375129],[106.7338503,26.6385466],[106.7324884,26.6395382],[106.7310888,26.6404864],[106.7296532,26.6413902],[106.7281834,26.6422484],[106.7266811,26.6430599],[106.7251482,26.6438238],[106.7235865,26.6445392],[106.721998,26.6452051],[106.7203846,26.6458208],[106.7187482,26.6463855],[106.7170909,26.6468985],[106.7154146,26.6473592],[106.7137215,26.647767],[106.7120135,26.6481215],[106.7102928,26.6484222],[106.7085615,26.6486687],[106.7068217,26.6488607],[106.7050754,26.648998],[106.7033249,26.6490805],[106.7015722,26.649108]]]}},{"type":"Feature","properties":{"id":"CN-HI","subdivision":"Hainan"},"geometry":{"type":"Point","coordinates":[110.3444534,20.0211828]}},{"type":"Feature","properties":{"id":"CN-HI","radiusMeters":5000},"geometry":{"type":"Polygon","coordinates":[[[110.3444534,20.0663479],[110.3427852,20.0663204],[110.3411191,20.0662379],[110.339457,20.0661005],[110.337801,20.0659083],[110.3361531,20.0656616],[110.3345153,20.0653607],[110.3328897,20.065006],[110.3312782,20.0645978],[110.3296827,20.0641368],[110.3281052,20.0636234],[110.3265477,20.0630583],[110.325012,20.0624422],[110.3235,20.0617757],[110.3220136,20.0610598],[110.3205545,20.0602954],[110.3191245,20.0594832],[110.3177255,20.0586244],[110.316359,20.05772],[110.3150268,20.056771],[110.3137304,20.0557787],[110.3124715,20.0547442],[110.3112516,20.0536688],[110.3100722,20.0525538],[110.3089347,20.0514006],[110.3078405,20.0502106],[110.3067909,20.0489853],[110.3057872,20.047726],[110.3048307,20.0464344],[110.3039224,20.0451121],[110.3030636,20.0437606],[110.3022552,20.0423816],[110.3014982,20.0409767],[110.3007936,20.0395478],[110.3001422,20.0380964],[110.2995448,20.0366245],[110.2990022,20.0351338],[110.2985149,20.0336261],[110.2980836,20.0321032],[110.2977088,20.030567],[110.297391,20.0290194],[110.2971305,20.0274623],[110.2969277,20.0258975],[110.2967828,20.024327],[110.296696,20.0227526],[110.2966674,20.0211764],[110.296697,20.0196001],[110.2967847,20.0180258],[110.2969306,20.0164554],[110.2971343,20.0148907],[110.2973957,20.0133337],[110.2977144,20.0117862],[110.29809,20.0102503],[110.2985221,20.0087276],[110.2990102,20.0072201],[110.2995536,20.0057297],[110.3001517,20.004258],[110.3008038,20.002807],[110.301509,20.0013784],[110.3022665,19.9999739],[110.3030754,19.9985953],[110.3039347,19.9972442],[110.3048433,19.9959222],[110.3058002,19.9946311],[110.3068041,19.9933722],[110.3078539,19.9921473],[110.3089482,19.9909577],[110.3100858,19.989805],[110.3112652,19.9886905],[110.3124851,19.9876155],[110.3137438,19.9865815],[110.31504,19.9855896],[110.316372,19.984641],[110.3177381,19.983737],[110.3191368,19.9828786],[110.3205663,19.9820668],[110.3220249,19.9813027],[110.3235108,19.9805872],[110.3250221,19.9799211],[110.3265572,19.9793053],[110.328114,19.9787405],[110.3296907,19.9782274],[110.3312854,19.9777666],[110.3328961,19.9773587],[110.3345209,19.9770041],[110.3361578,19.9767034],[110.3378047,19.9764568],[110.3394598,19.9762648],[110.341121,19.9761274],[110.3427862,19.9760449],[110.3444534,19.9760174],[110.3461206,19.9760449],[110.3477858,19.9761274],[110.349447,19.9762648],[110.3511021,19.9764568],[110.352749,19.9767034],[110.3543859,19.9770041],[110.3560107,19.9773587],[110.3576214,19.9777666],[110.3592161,19.9782274],[110.3607928,19.9787405],[110.3623496,19.9793053],[110.3638847,19.9799211],[110.365396,19.9805872],[110.3668819,19.9813027],[110.3683405,19.9820668],[110.36977,19.9828786],[110.3711687,19.983737],[110.3725348,19.984641],[110.3738668,19.9855896],[110.375163,19.9865815],[110.3764217,19.9876155],[110.3776416,19.9886905],[110.378821,19.989805],[110.3799586,19.9909577],[110.3810529,19.9921473],[110.3821027,19.9933722],[110.3831066,19.9946311],[110.3840635,19.9959222],[110.3849721,19.9972442],[110.3858314,19.9985953],[110.3866403,19.9999739],[110.3873978,20.0013784],[110.388103,20.002807],[110.3887551,20.004258],[110.3893532,20.0057297],[110.3898966,20.0072201],[110.3903847,20.0087276],[110.3908168,20.0102503],[110.3911924,20.0117862],[110.3915111,20.0133337],[110.3917725,20.0148907],[110.3919762,20.0164554],[110.3921221,20.0180258],[110.3922098,20.0196001],[110.3922394,20.0211764],[110.3922108,20.0227526],[110.392124,20.024327],[110.3919791,20.0258975],[110.3917763,20.0274623],[110.3915158,20.0290194],[110.391198,20.030567],[110.3908232,20.0321032],[110.3903919,20.0336261],[110.3899046,20.0351338],[110.389362,20.0366245],[110.3887646,20.0380964],[110.3881132,20.0395478],[110.3874086,20.0409767],[110.3866516,20.0423816],[110.3858432,20.0437606],[110.3849844,20.0451121],[110.3840761,20.0464344],[110.3831196,20.047726],[110.3821159,20.0489853],[110.3810663,20.0502106],[110.3799721,20.0514006],[110.3788346,20.0525538],[110.3776552,20.0536688],[110.3764353,20.0547442],[110.3751764,20.0557787],[110.37388,20.056771],[110.3725478,20.05772],[110.3711813,20.0586244],[110.3697823,20.0594832],[110.3683523,20.0602954],[110.3668932,20.0610598],[110.3654068,20.0617757],[110.3638948,20.0624422],[110.3623591,20.0630583],[110.3608016,20.0636234],[110.3592241,20.0641368],[110.3576286,20.0645978],[110.3560171,20.065006],[110.3543915,20.0653607],[110.3527537,20.0656616],[110.3511058,20.0659083],[110.3494498,20.0661005],[110.3477877,20.0662379],[110.3461216,20.0663204],[110.3444534,20.0663479]]]}},{"type":"Feature","properties":{"id":"CN-HE","subdivision":"Hebei"},"geometry":{"type":"Point","coordinates":[114.5244415,38.0365198]}},{"type":"Feature","properties":{"id":"CN-HE","radiusMeters":5000},"geometry":{"type":"Polygon","coordinates":[[[114.5244415,38.0815658],[114.5224526,38.0815384],[114.5204661,38.081456],[114.5184845,38.0813189],[114.5165101,38.0811272],[114.5145454,38.0808811],[114.5125928,38.0805809],[114.5106547,38.080227],[114.5087334,38.0798198],[114.5068312,38.0793598],[114.5049506,38.0788476],[114.5030937,38.0782838],[114.5012629,38.0776691],[114.4994604,38.0770043],[114.4976884,38.0762901],[114.495949,38.0755274],[114.4942444,38.0747171],[114.4925766,38.0738604],[114.4909477,38.0729581],[114.4893597,38.0720113],[114.4878145,38.0710214],[114.4863139,38.0699894],[114.4848599,38.0689166],[114.4834542,38.0678043],[114.4820985,38.0666539],[114.4807944,38.0654668],[114.4795436,38.0642444],[114.4783475,38.0629882],[114.4772076,38.0616998],[114.4761254,38.0603807],[114.4751021,38.0590325],[114.4741389,38.0576569],[114.4732371,38.0562556],[114.4723977,38.0548302],[114.4716218,38.0533825],[114.4709103,38.0519143],[114.470264,38.0504273],[114.4696838,38.0489235],[114.4691703,38.0474045],[114.4687242,38.0458722],[114.468346,38.0443286],[114.4680362,38.0427755],[114.4677951,38.0412148],[114.467623,38.0396483],[114.4675202,38.0380781],[114.4674867,38.036506],[114.4675226,38.0349339],[114.4676279,38.0333638],[114.4678023,38.0317975],[114.4680458,38.0302371],[114.4683579,38.0286842],[114.4687384,38.027141],[114.4691867,38.0256091],[114.4697023,38.0240906],[114.4702845,38.0225873],[114.4709327,38.0211009],[114.471646,38.0196333],[114.4724236,38.0181863],[114.4732646,38.0167617],[114.4741678,38.0153611],[114.4751323,38.0139863],[114.4761567,38.012639],[114.47724,38.0113208],[114.4783807,38.0100332],[114.4795774,38.008778],[114.4808287,38.0075565],[114.4821332,38.0063703],[114.4834891,38.0052209],[114.4848948,38.0041095],[114.4863486,38.0030377],[114.4878488,38.0020066],[114.4893935,38.0010176],[114.4909809,38.0000718],[114.4926089,37.9991704],[114.4942757,37.9983145],[114.4959792,37.9975051],[114.4977173,37.9967432],[114.4994879,37.9960298],[114.5012888,37.9953656],[114.503118,37.9947516],[114.504973,37.9941885],[114.5068517,37.9936769],[114.5087519,37.9932174],[114.5106711,37.9928107],[114.512607,37.9924572],[114.5145574,37.9921574],[114.5165197,37.9919116],[114.5184917,37.9917201],[114.520471,37.9915831],[114.522455,37.9915009],[114.5244415,37.9914734],[114.526428,37.9915009],[114.528412,37.9915831],[114.5303913,37.9917201],[114.5323633,37.9919116],[114.5343256,37.9921574],[114.536276,37.9924572],[114.5382119,37.9928107],[114.5401311,37.9932174],[114.5420313,37.9936769],[114.54391,37.9941885],[114.545765,37.9947516],[114.5475942,37.9953656],[114.5493951,37.9960298],[114.5511657,37.9967432],[114.5529038,37.9975051],[114.5546073,37.9983145],[114.5562741,37.9991704],[114.5579021,38.0000718],[114.5594895,38.0010176],[114.5610342,38.0020066],[114.5625344,38.0030377],[114.5639882,38.0041095],[114.5653939,38.0052209],[114.5667498,38.0063703],[114.5680543,38.0075565],[114.5693056,38.008778],[114.5705023,38.0100332],[114.571643,38.0113208],[114.5727263,38.012639],[114.5737507,38.0139863],[114.5747152,38.0153611],[114.5756184,38.0167617],[114.5764594,38.0181863],[114.577237,38.0196333],[114.5779503,38.0211009],[114.5785985,38.0225873],[114.5791807,38.0240906],[114.5796963,38.0256091],[114.5801446,38.027141],[114.5805251,38.0286842],[114.5808372,38.0302371],[114.5810807,38.0317975],[114.5812551,38.0333638],[114.5813604,38.0349339],[114.5813963,38.036506],[114.5813628,38.0380781],[114.58126,38.0396483],[114.5810879,38.0412148],[114.5808468,38.0427755],[114.580537,38.0443286],[114.5801588,38.0458722],[114.5797127,38.0474045],[114.5791992,38.0489235],[114.578619,38.0504273],[114.5779727,38.0519143],[114.5772612,38.0533825],[114.5764853,38.0548302],[114.5756459,38.0562556],[114.5747441,38.0576569],[114.5737809,38.0590325],[114.5727576,38.0603807],[114.5716754,38.0616998],[114.5705355,38.0629882],[114.5693394,38.0642444],[114.5680886,38.0654668],[114.5667845,38.0666539],[114.5654288,38.0678043],[114.5640231,38.0689166],[114.5625691,38.0699894],[114.5610685,38.0710214],[114.5595233,38.0720113],[114.5579353,38.0729581],[114.5563064,38.0738604],[114.5546386,38.0747171],[114.552934,38.0755274],[114.5511946,38.0762901],[114.5494226,38.0770043],[114.5476201,38.0776691],[114.5457893,38.0782838],[114.5439324,38.0788476],[114.5420518,38.0793598],[114.5401496,38.0798198],[114.5382283,38.080227],[114.5362902,38.0805809],[114.5343376,38.0808811],[114.5323729,38.0811272],[114.5303985,38.0813189],[114.5284169,38.081456],[114.5264304,38.0815384],[114.5244415,38.0815658]]]}},{"type":"Feature","properties":{"id":"CN-HL","subdivision":"Heilongjiang"},"geometry":{"type":"Point","coordinates":[126.6561874,45.7403114]}},{"type":"Feature","properties":{"id":"CN-HL","radiusMeters":5000},"geometry":{"type":"Polygon","coordinates":[[[126.6561874,45.785297],[126.6539434,45.7852696],[126.6517022,45.7851873],[126.6494664,45.7850504],[126.6472389,45.7848589],[126.6450222,45.784613],[126.6428192,45.7843132],[126.6406326,45.7839597],[126.6384649,45.783553],[126.6363189,45.7830935],[126.6341971,45.7825819],[126.6321022,45.7820188],[126.6300367,45.7814048],[126.6280031,45.7807407],[126.6260039,45.7800274],[126.6240416,45.7792656],[126.6221186,45.7784563],[126.6202371,45.7776005],[126.6183995,45.7766993],[126.6166081,45.7757537],[126.6148649,45.7747649],[126.6131722,45.7737342],[126.611532,45.7726626],[126.6099463,45.7715517],[126.6084171,45.7704027],[126.6069461,45.769217],[126.6055352,45.7679961],[126.6041861,45.7667415],[126.6029005,45.7654546],[126.6016798,45.7641372],[126.6005257,45.7627907],[126.5994395,45.7614168],[126.5984224,45.7600172],[126.5974759,45.7585937],[126.5966009,45.7571478],[126.5957986,45.7556815],[126.5950699,45.7541964],[126.5944158,45.7526945],[126.5938369,45.7511774],[126.5933341,45.7496472],[126.5929078,45.7481056],[126.5925587,45.7465545],[126.5922872,45.7449958],[126.5920935,45.7434315],[126.591978,45.7418633],[126.5919406,45.7402933],[126.5919816,45.7387234],[126.5921007,45.7371554],[126.5922979,45.7355912],[126.592573,45.7340329],[126.5929255,45.7324822],[126.5933551,45.730941],[126.5938611,45.7294113],[126.5944431,45.7278949],[126.5951002,45.7263937],[126.5958317,45.7249094],[126.5966367,45.7234439],[126.5975142,45.7219989],[126.5984631,45.7205763],[126.5994822,45.7191777],[126.6005704,45.7178049],[126.6017262,45.7164595],[126.6029483,45.7151432],[126.6042352,45.7138575],[126.6055853,45.7126041],[126.6069969,45.7113844],[126.6084684,45.7102],[126.6099979,45.7090522],[126.6115836,45.7079425],[126.6132235,45.7068723],[126.6149157,45.7058427],[126.6166581,45.7048552],[126.6184486,45.7039108],[126.6202849,45.7030107],[126.622165,45.7021561],[126.6240863,45.7013479],[126.6260467,45.7005872],[126.6280438,45.6998748],[126.630075,45.6992117],[126.632138,45.6985986],[126.6342303,45.6980363],[126.6363492,45.6975255],[126.6384922,45.6970668],[126.6406568,45.6966607],[126.6428402,45.6963077],[126.6450399,45.6960083],[126.6472531,45.6957629],[126.6494771,45.6955717],[126.6517094,45.6954349],[126.653947,45.6953528],[126.6561874,45.6953254],[126.6584278,45.6953528],[126.6606654,45.6954349],[126.6628977,45.6955717],[126.6651217,45.6957629],[126.6673349,45.6960083],[126.6695346,45.6963077],[126.671718,45.6966607],[126.6738826,45.6970668],[126.6760256,45.6975255],[126.6781445,45.6980363],[126.6802368,45.6985986],[126.6822998,45.6992117],[126.684331,45.6998748],[126.6863281,45.7005872],[126.6882885,45.7013479],[126.6902098,45.7021561],[126.6920899,45.7030107],[126.6939262,45.7039108],[126.6957167,45.7048552],[126.6974591,45.7058427],[126.6991513,45.7068723],[126.7007912,45.7079425],[126.7023769,45.7090522],[126.7039064,45.7102],[126.7053779,45.7113844],[126.7067895,45.7126041],[126.7081396,45.7138575],[126.7094265,45.7151432],[126.7106486,45.7164595],[126.7118044,45.7178049],[126.7128926,45.7191777],[126.7139117,45.7205763],[126.7148606,45.7219989],[126.7157381,45.7234439],[126.7165431,45.7249094],[126.7172746,45.7263937],[126.7179317,45.7278949],[126.7185137,45.7294113],[126.7190197,45.730941],[126.7194493,45.7324822],[126.7198018,45.7340329],[126.7200769,45.7355912],[126.7202741,45.7371554],[126.7203932,45.7387234],[126.7204342,45.7402933],[126.7203968,45.7418633],[126.7202813,45.7434315],[126.7200876,45.7449958],[126.7198161,45.7465545],[126.719467,45.7481056],[126.7190407,45.7496472],[126.7185379,45.7511774],[126.717959,45.7526945],[126.7173049,45.7541964],[126.7165762,45.7556815],[126.7157739,45.7571478],[126.7148989,45.7585937],[126.7139524,45.7600172],[126.7129353,45.7614168],[126.7118491,45.7627907],[126.710695,45.7641372],[126.7094743,45.7654546],[126.7081887,45.7667415],[126.7068396,45.7679961],[126.7054287,45.769217],[126.7039577,45.7704027],[126.7024285,45.7715517],[126.7008428,45.7726626],[126.6992026,45.7737342],[126.6975099,45.7747649],[126.6957667,45.7757537],[126.6939753,45.7766993],[126.6921377,45.7776005],[126.6902562,45.7784563],[126.6883332,45.7792656],[126.6863709,45.7800274],[126.6843717,45.7807407],[126.6823381,45.7814048],[126.6802726,45.7820188],[126.6781777,45.7825819],[126.6760559,45.7830935],[126.6739099,45.783553],[126.6717422,45.7839597],[126.6695556,45.7843132],[126.6673526,45.784613],[126.6651359,45.7848589],[126.6629084,45.7850504],[126.6606726,45.7851873],[126.6584314,45.7852696],[126.6561874,45.785297]]]}},{"type":"Feature","properties":{"id":"CN-HA","subdivision":"Henan"},"geometry":{"type":"Point","coordinates":[113.7468615,34.7679182]}},{"type":"Feature","properties":{"id":"CN-HA","radiusMeters":5000},"geometry":{"type":"Polygon","coordinates":[[[113.7468615,34.8129889],[113.7449543,34.8129615],[113.7430495,34.8128791],[113.7411493,34.8127419],[113.7392561,34.8125501],[113.7373721,34.8123038],[113.7354998,34.8120035],[113.7336413,34.8116494],[113.7317989,34.811242],[113.7299749,34.8107818],[113.7281715,34.8102694],[113.726391,34.8097053],[113.7246354,34.8090903],[113.7229069,34.8084252],[113.7212077,34.8077106],[113.7195397,34.8069476],[113.7179051,34.8061369],[113.7163058,34.8052797],[113.7147438,34.804377],[113.713221,34.8034298],[113.7117392,34.8024393],[113.7103003,34.8014068],[113.7089059,34.8003335],[113.7075579,34.7992207],[113.7062578,34.7980697],[113.7050072,34.796882],[113.7038076,34.7956589],[113.7026606,34.7944021],[113.7015675,34.793113],[113.7005296,34.7917933],[113.6995482,34.7904444],[113.6986245,34.7890681],[113.6977596,34.787666],[113.6969546,34.7862399],[113.6962104,34.7847915],[113.695528,34.7833225],[113.6949081,34.7818348],[113.6943516,34.7803301],[113.6938591,34.7788103],[113.6934312,34.7772772],[113.6930683,34.7757328],[113.6927711,34.7741788],[113.6925398,34.7726173],[113.6923746,34.77105],[113.6922759,34.7694789],[113.6922437,34.7679059],[113.692278,34.766333],[113.6923788,34.764762],[113.6925459,34.7631949],[113.6927793,34.7616335],[113.6930785,34.7600798],[113.6934432,34.7585357],[113.693873,34.757003],[113.6943673,34.7554836],[113.6949256,34.7539794],[113.6955471,34.7524922],[113.696231,34.7510238],[113.6969766,34.749576],[113.697783,34.7481505],[113.6986491,34.7467491],[113.6995739,34.7453735],[113.7005563,34.7440254],[113.701595,34.7427064],[113.7026888,34.7414181],[113.7038364,34.7401621],[113.7050364,34.7389399],[113.7062873,34.737753],[113.7075875,34.7366029],[113.7089356,34.7354909],[113.7103298,34.7344184],[113.7117684,34.7333867],[113.7132498,34.7323971],[113.714772,34.7314507],[113.7163333,34.7305488],[113.7179318,34.7296924],[113.7195654,34.7288825],[113.7212323,34.7281201],[113.7229303,34.7274063],[113.7246574,34.7267417],[113.7264116,34.7261273],[113.7281906,34.7255638],[113.7299924,34.7250519],[113.7318146,34.7245922],[113.7336552,34.7241852],[113.7355118,34.7238315],[113.7373823,34.7235315],[113.7392643,34.7232855],[113.7411555,34.7230939],[113.7430536,34.7229569],[113.7449564,34.7228746],[113.7468615,34.7228471],[113.7487666,34.7228746],[113.7506694,34.7229569],[113.7525675,34.7230939],[113.7544587,34.7232855],[113.7563407,34.7235315],[113.7582112,34.7238315],[113.7600678,34.7241852],[113.7619084,34.7245922],[113.7637306,34.7250519],[113.7655324,34.7255638],[113.7673114,34.7261273],[113.7690656,34.7267417],[113.7707927,34.7274063],[113.7724907,34.7281201],[113.7741576,34.7288825],[113.7757912,34.7296924],[113.7773897,34.7305488],[113.778951,34.7314507],[113.7804732,34.7323971],[113.7819546,34.7333867],[113.7833932,34.7344184],[113.7847874,34.7354909],[113.7861355,34.7366029],[113.7874357,34.737753],[113.7886866,34.7389399],[113.7898866,34.7401621],[113.7910342,34.7414181],[113.792128,34.7427064],[113.7931667,34.7440254],[113.7941491,34.7453735],[113.7950739,34.7467491],[113.79594,34.7481505],[113.7967464,34.749576],[113.797492,34.7510238],[113.7981759,34.7524922],[113.7987974,34.7539794],[113.7993557,34.7554836],[113.79985,34.757003],[113.8002798,34.7585357],[113.8006445,34.7600798],[113.8009437,34.7616335],[113.8011771,34.7631949],[113.8013442,34.764762],[113.801445,34.766333],[113.8014793,34.7679059],[113.8014471,34.7694789],[113.8013484,34.77105],[113.8011832,34.7726173],[113.8009519,34.7741788],[113.8006547,34.7757328],[113.8002918,34.7772772],[113.7998639,34.7788103],[113.7993714,34.7803301],[113.7988149,34.7818348],[113.798195,34.7833225],[113.7975126,34.7847915],[113.7967684,34.7862399],[113.7959634,34.787666],[113.7950985,34.7890681],[113.7941748,34.7904444],[113.7931934,34.7917933],[113.7921555,34.793113],[113.7910624,34.7944021],[113.7899154,34.7956589],[113.7887158,34.796882],[113.7874652,34.7980697],[113.7861651,34.7992207],[113.7848171,34.8003335],[113.7834227,34.8014068],[113.7819838,34.8024393],[113.780502,34.8034298],[113.7789792,34.804377],[113.7774172,34.8052797],[113.7758179,34.8061369],[113.7741833,34.8069476],[113.7725153,34.8077106],[113.7708161,34.8084252],[113.7690876,34.8090903],[113.767332,34.8097053],[113.7655515,34.8102694],[113.7637481,34.8107818],[113.7619241,34.811242],[113.7600817,34.8116494],[113.7582232,34.8120035],[113.7563509,34.8123038],[113.7544669,34.8125501],[113.7525737,34.8127419],[113.7506735,34.8128791],[113.7487687,34.8129615],[113.7468615,34.8129889]]]}},{"type":"Feature","properties":{"id":"CN-HK","subdivision":"Hong Kong"},"geometry":{"type":"Point","coordinates":[114.1655778,22.2807917]}},{"type":"Feature","properties":{"id":"CN-HK","radiusMeters":5000},"geometry":{"type":"Polygon","coordinates":[[[114.1655778,22.3259448],[114.1638841,22.3259173],[114.1621924,22.3258348],[114.1605048,22.3256974],[114.1588235,22.3255052],[114.1571503,22.3252586],[114.1554875,22.3249578],[114.1538369,22.3246031],[114.1522007,22.3241951],[114.1505808,22.3237342],[114.1489792,22.3232209],[114.1473978,22.3226559],[114.1458386,22.3220399],[114.1443034,22.3213736],[114.1427942,22.3206579],[114.1413128,22.3198936],[114.1398609,22.3190817],[114.1384405,22.3182231],[114.1370531,22.3173188],[114.1357005,22.3163701],[114.1343843,22.315378],[114.1331061,22.3143438],[114.1318676,22.3132686],[114.1306701,22.3121539],[114.1295152,22.311001],[114.1284043,22.3098113],[114.1273387,22.3085862],[114.1263197,22.3073273],[114.1253485,22.306036],[114.1244264,22.304714],[114.1235545,22.3033628],[114.1227338,22.3019842],[114.1219653,22.3005797],[114.1212499,22.2991511],[114.1205886,22.2977001],[114.1199822,22.2962286],[114.1194312,22.2947382],[114.1189366,22.2932309],[114.1184987,22.2917084],[114.1181183,22.2901726],[114.1177957,22.2886254],[114.1175313,22.2870687],[114.1173254,22.2855043],[114.1171784,22.2839342],[114.1170903,22.2823603],[114.1170613,22.2807845],[114.1170914,22.2792086],[114.1171805,22.2776348],[114.1173287,22.2760647],[114.1175356,22.2745005],[114.117801,22.2729439],[114.1181246,22.2713969],[114.1185061,22.2698613],[114.1189448,22.2683391],[114.1194404,22.266832],[114.1199922,22.265342],[114.1205995,22.2638708],[114.1212615,22.2624202],[114.1219776,22.260992],[114.1227467,22.2595879],[114.123568,22.2582096],[114.1244404,22.2568589],[114.125363,22.2555373],[114.1263345,22.2542465],[114.1273538,22.2529881],[114.1284196,22.2517635],[114.1295307,22.2505742],[114.1306857,22.2494218],[114.1318832,22.2483076],[114.1331216,22.247233],[114.1343996,22.2461993],[114.1357156,22.2452077],[114.1370679,22.2442594],[114.1384549,22.2433556],[114.1398749,22.2424975],[114.1413263,22.241686],[114.1428071,22.2409221],[114.1443157,22.2402068],[114.1458501,22.2395409],[114.1474086,22.2389252],[114.1489892,22.2383606],[114.1505899,22.2378476],[114.152209,22.237387],[114.1538442,22.2369792],[114.1554938,22.2366248],[114.1571557,22.2363241],[114.1588277,22.2360776],[114.1605081,22.2358856],[114.1621945,22.2357483],[114.1638851,22.2356659],[114.1655778,22.2356384],[114.1672705,22.2356659],[114.1689611,22.2357483],[114.1706475,22.2358856],[114.1723279,22.2360776],[114.1739999,22.2363241],[114.1756618,22.2366248],[114.1773114,22.2369792],[114.1789466,22.237387],[114.1805657,22.2378476],[114.1821664,22.2383606],[114.183747,22.2389252],[114.1853055,22.2395409],[114.1868399,22.2402068],[114.1883485,22.2409221],[114.1898293,22.241686],[114.1912807,22.2424975],[114.1927007,22.2433556],[114.1940877,22.2442594],[114.19544,22.2452077],[114.196756,22.2461993],[114.198034,22.247233],[114.1992724,22.2483076],[114.2004699,22.2494218],[114.2016249,22.2505742],[114.202736,22.2517635],[114.2038018,22.2529881],[114.2048211,22.2542465],[114.2057926,22.2555373],[114.2067152,22.2568589],[114.2075876,22.2582096],[114.2084089,22.2595879],[114.209178,22.260992],[114.2098941,22.2624202],[114.2105561,22.2638708],[114.2111634,22.265342],[114.2117152,22.266832],[114.2122108,22.2683391],[114.2126495,22.2698613],[114.213031,22.2713969],[114.2133546,22.2729439],[114.21362,22.2745005],[114.2138269,22.2760647],[114.2139751,22.2776348],[114.2140642,22.2792086],[114.2140943,22.2807845],[114.2140653,22.2823603],[114.2139772,22.2839342],[114.2138302,22.2855043],[114.2136243,22.2870687],[114.2133599,22.2886254],[114.2130373,22.2901726],[114.2126569,22.2917084],[114.212219,22.2932309],[114.2117244,22.2947382],[114.2111734,22.2962286],[114.210567,22.2977001],[114.2099057,22.2991511],[114.2091903,22.3005797],[114.2084218,22.3019842],[114.2076011,22.3033628],[114.2067292,22.304714],[114.2058071,22.306036],[114.2048359,22.3073273],[114.2038169,22.3085862],[114.2027513,22.3098113],[114.2016404,22.311001],[114.2004855,22.3121539],[114.199288,22.3132686],[114.1980495,22.3143438],[114.1967713,22.315378],[114.1954551,22.3163701],[114.1941025,22.3173188],[114.1927151,22.3182231],[114.1912947,22.3190817],[114.1898428,22.3198936],[114.1883614,22.3206579],[114.1868522,22.3213736],[114.185317,22.3220399],[114.1837578,22.3226559],[114.1821764,22.3232209],[114.1805748,22.3237342],[114.1789549,22.3241951],[114.1773187,22.3246031],[114.1756681,22.3249578],[114.1740053,22.3252586],[114.1723321,22.3255052],[114.1706508,22.3256974],[114.1689632,22.3258348],[114.1672715,22.3259173],[114.1655778,22.3259448]]]}},{"type":"Feature","properties":{"id":"CN-HB","subdivision":"Hubei"},"geometry":{"type":"Point","coordinates":[114.3364211,30.5489695]}},{"type":"Feature","properties":{"id":"CN-HB","radiusMeters":5000},"geometry":{"type":"Polygon","coordinates":[[[114.3364211,30.5940706],[114.3346016,30.5940431],[114.3327844,30.5939606],[114.3309716,30.5938234],[114.3291655,30.5936314],[114.3273682,30.5933851],[114.3255819,30.5930845],[114.3238089,30.5927303],[114.3220512,30.5923226],[114.3203111,30.5918622],[114.3185907,30.5913494],[114.316892,30.590785],[114.3152171,30.5901697],[114.3135681,30.5895041],[114.3119469,30.5887891],[114.3103556,30.5880256],[114.3087962,30.5872145],[114.3072704,30.5863567],[114.3057801,30.5854534],[114.3043273,30.5845057],[114.3029135,30.5835146],[114.3015407,30.5824815],[114.3002104,30.5814075],[114.2989242,30.580294],[114.2976838,30.5791423],[114.2964906,30.5779538],[114.2953461,30.57673],[114.2942517,30.5754725],[114.2932087,30.5741826],[114.2922185,30.572862],[114.291282,30.5715122],[114.2904007,30.5701351],[114.2895754,30.5687321],[114.2888073,30.5673051],[114.2880971,30.5658557],[114.2874459,30.5643858],[114.2868544,30.5628971],[114.2863233,30.5613914],[114.2858533,30.5598706],[114.2854449,30.5583366],[114.2850986,30.5567911],[114.2848149,30.5552361],[114.284594,30.5536735],[114.2844363,30.5521052],[114.284342,30.5505331],[114.2843111,30.5489591],[114.2843436,30.5473851],[114.2844397,30.545813],[114.284599,30.5442448],[114.2848215,30.5426824],[114.2851069,30.5411276],[114.2854547,30.5395825],[114.2858646,30.5380487],[114.2863361,30.5365283],[114.2868686,30.535023],[114.2874614,30.5335348],[114.2881139,30.5320653],[114.2888252,30.5306165],[114.2895944,30.52919],[114.2904207,30.5277876],[114.2913029,30.526411],[114.2922401,30.525062],[114.2932311,30.523742],[114.2942746,30.5224528],[114.2953695,30.5211959],[114.2965144,30.5199728],[114.2977078,30.5187851],[114.2989483,30.5176341],[114.3002345,30.5165213],[114.3015647,30.515448],[114.3029373,30.5144156],[114.3043506,30.5134252],[114.305803,30.5124781],[114.3072927,30.5115755],[114.3088178,30.5107185],[114.3103765,30.509908],[114.3119669,30.5091451],[114.313587,30.5084307],[114.315235,30.5077656],[114.3169087,30.5071508],[114.3186062,30.5065869],[114.3203253,30.5060746],[114.322064,30.5056145],[114.3238202,30.5052072],[114.3255917,30.5048532],[114.3273764,30.504553],[114.3291721,30.5043068],[114.3309766,30.5041151],[114.3327878,30.5039779],[114.3346033,30.5038956],[114.3364211,30.5038681],[114.3382389,30.5038956],[114.3400544,30.5039779],[114.3418656,30.5041151],[114.3436701,30.5043068],[114.3454658,30.504553],[114.3472505,30.5048532],[114.349022,30.5052072],[114.3507782,30.5056145],[114.3525169,30.5060746],[114.354236,30.5065869],[114.3559335,30.5071508],[114.3576072,30.5077656],[114.3592552,30.5084307],[114.3608753,30.5091451],[114.3624657,30.509908],[114.3640244,30.5107185],[114.3655495,30.5115755],[114.3670392,30.5124781],[114.3684916,30.5134252],[114.3699049,30.5144156],[114.3712775,30.515448],[114.3726077,30.5165213],[114.3738939,30.5176341],[114.3751344,30.5187851],[114.3763278,30.5199728],[114.3774727,30.5211959],[114.3785676,30.5224528],[114.3796111,30.523742],[114.3806021,30.525062],[114.3815393,30.526411],[114.3824215,30.5277876],[114.3832478,30.52919],[114.384017,30.5306165],[114.3847283,30.5320653],[114.3853808,30.5335348],[114.3859736,30.535023],[114.3865061,30.5365283],[114.3869776,30.5380487],[114.3873875,30.5395825],[114.3877353,30.5411276],[114.3880207,30.5426824],[114.3882432,30.5442448],[114.3884025,30.545813],[114.3884986,30.5473851],[114.3885311,30.5489591],[114.3885002,30.5505331],[114.3884059,30.5521052],[114.3882482,30.5536735],[114.3880273,30.5552361],[114.3877436,30.5567911],[114.3873973,30.5583366],[114.3869889,30.5598706],[114.3865189,30.5613914],[114.3859878,30.5628971],[114.3853963,30.5643858],[114.3847451,30.5658557],[114.3840349,30.5673051],[114.3832668,30.5687321],[114.3824415,30.5701351],[114.3815602,30.5715122],[114.3806237,30.572862],[114.3796335,30.5741826],[114.3785905,30.5754725],[114.3774961,30.57673],[114.3763516,30.5779538],[114.3751584,30.5791423],[114.373918,30.580294],[114.3726318,30.5814075],[114.3713015,30.5824815],[114.3699287,30.5835146],[114.3685149,30.5845057],[114.3670621,30.5854534],[114.3655718,30.5863567],[114.364046,30.5872145],[114.3624866,30.5880256],[114.3608953,30.5887891],[114.3592741,30.5895041],[114.3576251,30.5901697],[114.3559502,30.590785],[114.3542515,30.5913494],[114.3525311,30.5918622],[114.350791,30.5923226],[114.3490333,30.5927303],[114.3472603,30.5930845],[114.345474,30.5933851],[114.3436767,30.5936314],[114.3418706,30.5938234],[114.3400578,30.5939606],[114.3382406,30.5940431],[114.3364211,30.5940706]]]}},{"type":"Feature","properties":{"id":"CN-HN","subdivision":"Hunan"},"geometry":{"type":"Point","coordinates":[112.9778175,28.1176515]}},{"type":"Feature","properties":{"id":"CN-HN","radiusMeters":5000},"geometry":{"type":"Polygon","coordinates":[[[112.9778175,28.162769],[112.9760408,28.1627415],[112.9742662,28.1626591],[112.972496,28.1625218],[112.9707323,28.1623297],[112.9689772,28.1620833],[112.9672329,28.1617827],[112.9655016,28.1614283],[112.9637852,28.1610205],[112.962086,28.1605599],[112.9604059,28.160047],[112.9587471,28.1594824],[112.9571115,28.1588668],[112.9555012,28.158201],[112.9539182,28.1574858],[112.9523642,28.1567221],[112.9508413,28.1559107],[112.9493514,28.1550527],[112.9478961,28.1541491],[112.9464773,28.153201],[112.9450968,28.1522096],[112.9437561,28.1511761],[112.942457,28.1501018],[112.941201,28.1489879],[112.9399897,28.1478358],[112.9388245,28.146647],[112.9377068,28.1454228],[112.936638,28.1441648],[112.9356195,28.1428744],[112.9346524,28.1415534],[112.9337379,28.1402032],[112.9328772,28.1388256],[112.9320712,28.1374221],[112.931321,28.1359946],[112.9306275,28.1345447],[112.9299915,28.1330743],[112.9294138,28.1315851],[112.9288951,28.1300789],[112.928436,28.1285575],[112.9280371,28.1270229],[112.9276989,28.1254769],[112.9274217,28.1239214],[112.927206,28.1223582],[112.9270519,28.1207894],[112.9269597,28.1192167],[112.9269294,28.1176421],[112.9269612,28.1160675],[112.9270549,28.1144949],[112.9272104,28.1129261],[112.9274276,28.1113631],[112.9277062,28.1098077],[112.9280458,28.108262],[112.928446,28.1067277],[112.9289064,28.1052067],[112.9294263,28.1037008],[112.9300052,28.102212],[112.9306423,28.100742],[112.9313368,28.0992926],[112.932088,28.0978656],[112.9328948,28.0964627],[112.9337563,28.0950856],[112.9346715,28.093736],[112.9356392,28.0924155],[112.9366583,28.0911258],[112.9377275,28.0898684],[112.9388454,28.0886448],[112.9400109,28.0874566],[112.9412223,28.0863052],[112.9424783,28.0851919],[112.9437773,28.0841182],[112.9451178,28.0830854],[112.946498,28.0820946],[112.9479164,28.0811472],[112.9493711,28.0802442],[112.9508605,28.0793868],[112.9523827,28.078576],[112.9539358,28.0778128],[112.955518,28.0770981],[112.9571274,28.0764328],[112.9587619,28.0758177],[112.9604196,28.0752535],[112.9620985,28.074741],[112.9637965,28.0742808],[112.9655116,28.0738733],[112.9672416,28.0735192],[112.9689845,28.0732189],[112.9707382,28.0729726],[112.9725005,28.0727807],[112.9742692,28.0726436],[112.9760423,28.0725612],[112.9778175,28.0725337],[112.9795927,28.0725612],[112.9813658,28.0726436],[112.9831345,28.0727807],[112.9848968,28.0729726],[112.9866505,28.0732189],[112.9883934,28.0735192],[112.9901234,28.0738733],[112.9918385,28.0742808],[112.9935365,28.074741],[112.9952154,28.0752535],[112.9968731,28.0758177],[112.9985076,28.0764328],[113.000117,28.0770981],[113.0016992,28.0778128],[113.0032523,28.078576],[113.0047745,28.0793868],[113.0062639,28.0802442],[113.0077186,28.0811472],[113.009137,28.0820946],[113.0105172,28.0830854],[113.0118577,28.0841182],[113.0131567,28.0851919],[113.0144127,28.0863052],[113.0156241,28.0874566],[113.0167896,28.0886448],[113.0179075,28.0898684],[113.0189767,28.0911258],[113.0199958,28.0924155],[113.0209635,28.093736],[113.0218787,28.0950856],[113.0227402,28.0964627],[113.023547,28.0978656],[113.0242982,28.0992926],[113.0249927,28.100742],[113.0256298,28.102212],[113.0262087,28.1037008],[113.0267286,28.1052067],[113.027189,28.1067277],[113.0275892,28.108262],[113.0279288,28.1098077],[113.0282074,28.1113631],[113.0284246,28.1129261],[113.0285801,28.1144949],[113.0286738,28.1160675],[113.0287056,28.1176421],[113.0286753,28.1192167],[113.0285831,28.1207894],[113.028429,28.1223582],[113.0282133,28.1239214],[113.0279361,28.1254769],[113.0275979,28.1270229],[113.027199,28.1285575],[113.0267399,28.1300789],[113.0262212,28.1315851],[113.0256435,28.1330743],[113.0250075,28.1345447],[113.024314,28.1359946],[113.0235638,28.1374221],[113.0227578,28.1388256],[113.0218971,28.1402032],[113.0209826,28.1415534],[113.0200155,28.1428744],[113.018997,28.1441648],[113.0179282,28.1454228],[113.0168105,28.146647],[113.0156453,28.1478358],[113.014434,28.1489879],[113.013178,28.1501018],[113.0118789,28.1511761],[113.0105382,28.1522096],[113.0091577,28.153201],[113.0077389,28.1541491],[113.0062836,28.1550527],[113.0047937,28.1559107],[113.0032708,28.1567221],[113.0017168,28.1574858],[113.0001338,28.158201],[112.9985235,28.1588668],[112.9968879,28.1594824],[112.9952291,28.160047],[112.993549,28.1605599],[112.9918498,28.1610205],[112.9901334,28.1614283],[112.9884021,28.1617827],[112.9866578,28.1620833],[112.9849027,28.1623297],[112.983139,28.1625218],[112.9813688,28.1626591],[112.9795942,28.1627415],[112.9778175,28.162769]]]}},{"type":"Feature","properties":{"id":"CN-NM","subdivision":"Inner Mongolia"},"geometry":{"type":"Point","coordinates":[111.7579732,40.8171293]}},{"type":"Feature","properties":{"id":"CN-NM","radiusMeters":5000},"geometry":{"type":"Polygon","coordinates":[[[111.7579732,40.8621537],[111.7559035,40.8621263],[111.7538363,40.862044],[111.7517742,40.8619069],[111.7497196,40.8617153],[111.7476751,40.8614693],[111.7456432,40.8611692],[111.7436264,40.8608154],[111.741627,40.8604084],[111.7396476,40.8599486],[111.7376906,40.8594367],[111.7357583,40.8588731],[111.7338532,40.8582587],[111.7319775,40.8575941],[111.7301335,40.8568802],[111.7283235,40.8561178],[111.7265497,40.8553079],[111.7248142,40.8544515],[111.7231192,40.8535496],[111.7214668,40.8526033],[111.7198589,40.8516138],[111.7182975,40.8505822],[111.7167845,40.8495099],[111.7153217,40.8483981],[111.713911,40.8472482],[111.7125541,40.8460616],[111.7112526,40.8448397],[111.710008,40.8435841],[111.708822,40.8422962],[111.7076959,40.8409777],[111.7066311,40.8396301],[111.705629,40.8382552],[111.7046907,40.8368545],[111.7038173,40.8354297],[111.70301,40.8339827],[111.7022698,40.8325152],[111.7015974,40.8310289],[111.7009937,40.8295257],[111.7004595,40.8280074],[111.6999955,40.8264759],[111.699602,40.824933],[111.6992798,40.8233806],[111.699029,40.8218206],[111.6988501,40.8202549],[111.6987432,40.8186854],[111.6987085,40.8171141],[111.698746,40.8155428],[111.6988557,40.8139734],[111.6990374,40.8124079],[111.6992908,40.8108482],[111.6996158,40.8092961],[111.7000118,40.8077536],[111.7004784,40.8062225],[111.701015,40.8047048],[111.7016209,40.8032021],[111.7022955,40.8017165],[111.7030379,40.8002497],[111.7038471,40.7988034],[111.7047223,40.7973795],[111.7056622,40.7959796],[111.7066658,40.7946055],[111.7077319,40.7932589],[111.7088591,40.7919413],[111.7100461,40.7906545],[111.7112914,40.7893999],[111.7125935,40.788179],[111.7139509,40.7869935],[111.7153618,40.7858446],[111.7168245,40.7847339],[111.7183373,40.7836626],[111.7198983,40.7826321],[111.7215057,40.7816435],[111.7231573,40.7806983],[111.7248514,40.7797973],[111.7265857,40.7789419],[111.7283582,40.7781329],[111.7301667,40.7773714],[111.7320091,40.7766584],[111.733883,40.7759946],[111.7357862,40.7753809],[111.7377164,40.7748181],[111.7396712,40.7743067],[111.7416482,40.7738475],[111.7436452,40.7734411],[111.7456595,40.7730878],[111.7476888,40.7727881],[111.7497307,40.7725424],[111.7517825,40.772351],[111.7538419,40.7722141],[111.7559063,40.7721319],[111.7579732,40.7721045],[111.7600401,40.7721319],[111.7621045,40.7722141],[111.7641639,40.772351],[111.7662157,40.7725424],[111.7682576,40.7727881],[111.7702869,40.7730878],[111.7723012,40.7734411],[111.7742982,40.7738475],[111.7762752,40.7743067],[111.77823,40.7748181],[111.7801602,40.7753809],[111.7820634,40.7759946],[111.7839373,40.7766584],[111.7857797,40.7773714],[111.7875882,40.7781329],[111.7893607,40.7789419],[111.791095,40.7797973],[111.7927891,40.7806983],[111.7944407,40.7816435],[111.7960481,40.7826321],[111.7976091,40.7836626],[111.7991219,40.7847339],[111.8005846,40.7858446],[111.8019955,40.7869935],[111.8033529,40.788179],[111.804655,40.7893999],[111.8059003,40.7906545],[111.8070873,40.7919413],[111.8082145,40.7932589],[111.8092806,40.7946055],[111.8102842,40.7959796],[111.8112241,40.7973795],[111.8120993,40.7988034],[111.8129085,40.8002497],[111.8136509,40.8017165],[111.8143255,40.8032021],[111.8149314,40.8047048],[111.815468,40.8062225],[111.8159346,40.8077536],[111.8163306,40.8092961],[111.8166556,40.8108482],[111.816909,40.8124079],[111.8170907,40.8139734],[111.8172004,40.8155428],[111.8172379,40.8171141],[111.8172032,40.8186854],[111.8170963,40.8202549],[111.8169174,40.8218206],[111.8166666,40.8233806],[111.8163444,40.824933],[111.8159509,40.8264759],[111.8154869,40.8280074],[111.8149527,40.8295257],[111.814349,40.8310289],[111.8136766,40.8325152],[111.8129364,40.8339827],[111.8121291,40.8354297],[111.8112557,40.8368545],[111.8103174,40.8382552],[111.8093153,40.8396301],[111.8082505,40.8409777],[111.8071244,40.8422962],[111.8059384,40.8435841],[111.8046938,40.8448397],[111.8033923,40.8460616],[111.8020354,40.8472482],[111.8006247,40.8483981],[111.7991619,40.8495099],[111.7976489,40.8505822],[111.7960875,40.8516138],[111.7944796,40.8526033],[111.7928272,40.8535496],[111.7911322,40.8544515],[111.7893967,40.8553079],[111.7876229,40.8561178],[111.7858129,40.8568802],[111.7839689,40.8575941],[111.7820932,40.8582587],[111.7801881,40.8588731],[111.7782558,40.8594367],[111.7762988,40.8599486],[111.7743194,40.8604084],[111.77232,40.8608154],[111.7703032,40.8611692],[111.7682713,40.8614693],[111.7662268,40.8617153],[111.7641722,40.8619069],[111.7621101,40.862044],[111.7600429,40.8621263],[111.7579732,40.8621537]]]}},{"type":"Feature","properties":{"id":"CN-JS","subdivision":"Jiangsu"},"geometry":{"type":"Point","coordinates":[118.7583286,32.063518]}},{"type":"Feature","properties":{"id":"CN-JS","radiusMeters":5000},"geometry":{"type":"Polygon","coordinates":[[[118.7583286,32.1086084],[118.7564797,32.1085809],[118.7546332,32.1084985],[118.7527911,32.1083613],[118.7509557,32.1081694],[118.7491294,32.1079231],[118.7473143,32.1076226],[118.7455126,32.1072684],[118.7437266,32.1068609],[118.7419584,32.1064005],[118.7402101,32.1058878],[118.738484,32.1053236],[118.7367821,32.1047083],[118.7351064,32.1040429],[118.7334591,32.103328],[118.7318421,32.1025647],[118.7302575,32.1017538],[118.728707,32.1008962],[118.7271928,32.0999931],[118.7257164,32.0990456],[118.7242799,32.0980547],[118.7228849,32.0970218],[118.7215332,32.095948],[118.7202263,32.0948347],[118.7189658,32.0936833],[118.7177534,32.0924951],[118.7165905,32.0912716],[118.7154784,32.0900143],[118.7144187,32.0887247],[118.7134124,32.0874044],[118.7124609,32.0860549],[118.7115654,32.0846781],[118.7107268,32.0832754],[118.7099463,32.0818487],[118.7092248,32.0803997],[118.7085631,32.0789301],[118.7079621,32.0774417],[118.7074225,32.0759364],[118.7069449,32.074416],[118.70653,32.0728823],[118.7061782,32.0713372],[118.7058899,32.0697825],[118.7056655,32.0682203],[118.7055054,32.0666524],[118.7054095,32.0650806],[118.7053782,32.0635069],[118.7054113,32.0619333],[118.705509,32.0603616],[118.7056709,32.0587938],[118.7058971,32.0572318],[118.7061871,32.0556774],[118.7065406,32.0541326],[118.7069571,32.0525992],[118.7074363,32.0510791],[118.7079774,32.0495742],[118.7085798,32.0480863],[118.7092428,32.0466172],[118.7099656,32.0451688],[118.7107473,32.0437426],[118.7115869,32.0423406],[118.7124834,32.0409644],[118.7134358,32.0396156],[118.7144427,32.038296],[118.7155032,32.0370071],[118.7166157,32.0357505],[118.717779,32.0345278],[118.7189917,32.0333403],[118.7202522,32.0321897],[118.7215591,32.0310771],[118.7229108,32.0300041],[118.7243055,32.028972],[118.7257417,32.0279819],[118.7272175,32.027035],[118.7287311,32.0261327],[118.7302808,32.0252758],[118.7318646,32.0244655],[118.7334806,32.0237028],[118.7351269,32.0229886],[118.7368014,32.0223237],[118.738502,32.0217091],[118.7402268,32.0211453],[118.7419736,32.0206331],[118.7437404,32.0201732],[118.7455248,32.019766],[118.7473249,32.0194121],[118.7491383,32.019112],[118.7509629,32.0188659],[118.7527965,32.0186742],[118.7546368,32.0185371],[118.7564816,32.0184547],[118.7583286,32.0184273],[118.7601756,32.0184547],[118.7620204,32.0185371],[118.7638607,32.0186742],[118.7656943,32.0188659],[118.7675189,32.019112],[118.7693323,32.0194121],[118.7711324,32.019766],[118.7729168,32.0201732],[118.7746836,32.0206331],[118.7764304,32.0211453],[118.7781552,32.0217091],[118.7798558,32.0223237],[118.7815303,32.0229886],[118.7831766,32.0237028],[118.7847926,32.0244655],[118.7863764,32.0252758],[118.7879261,32.0261327],[118.7894397,32.027035],[118.7909155,32.0279819],[118.7923517,32.028972],[118.7937464,32.0300041],[118.7950981,32.0310771],[118.796405,32.0321897],[118.7976655,32.0333403],[118.7988782,32.0345278],[118.8000415,32.0357505],[118.801154,32.0370071],[118.8022145,32.038296],[118.8032214,32.0396156],[118.8041738,32.0409644],[118.8050703,32.0423406],[118.8059099,32.0437426],[118.8066916,32.0451688],[118.8074144,32.0466172],[118.8080774,32.0480863],[118.8086798,32.0495742],[118.8092209,32.0510791],[118.8097001,32.0525992],[118.8101166,32.0541326],[118.8104701,32.0556774],[118.8107601,32.0572318],[118.8109863,32.0587938],[118.8111482,32.0603616],[118.8112459,32.0619333],[118.811279,32.0635069],[118.8112477,32.0650806],[118.8111518,32.0666524],[118.8109917,32.0682203],[118.8107673,32.0697825],[118.810479,32.0713372],[118.8101272,32.0728823],[118.8097123,32.074416],[118.8092347,32.0759364],[118.8086951,32.0774417],[118.8080941,32.0789301],[118.8074324,32.0803997],[118.8067109,32.0818487],[118.8059304,32.0832754],[118.8050918,32.0846781],[118.8041963,32.0860549],[118.8032448,32.0874044],[118.8022385,32.0887247],[118.8011788,32.0900143],[118.8000667,32.0912716],[118.7989038,32.0924951],[118.7976914,32.0936833],[118.7964309,32.0948347],[118.795124,32.095948],[118.7937723,32.0970218],[118.7923773,32.0980547],[118.7909408,32.0990456],[118.7894644,32.0999931],[118.7879502,32.1008962],[118.7863997,32.1017538],[118.7848151,32.1025647],[118.7831981,32.103328],[118.7815508,32.1040429],[118.7798751,32.1047083],[118.7781732,32.1053236],[118.7764471,32.1058878],[118.7746988,32.1064005],[118.7729306,32.1068609],[118.7711446,32.1072684],[118.7693429,32.1076226],[118.7675278,32.1079231],[118.7657015,32.1081694],[118.7638661,32.1083613],[118.762024,32.1084985],[118.7601775,32.1085809],[118.7583286,32.1086084]]]}},{"type":"Feature","properties":{"id":"CN-JX","subdivision":"Jiangxi"},"geometry":{"type":"Point","coordinates":[115.8081313,28.6411015]}},{"type":"Feature","properties":{"id":"CN-JX","radiusMeters":5000},"geometry":{"type":"Polygon","coordinates":[[[115.8081313,28.6862155],[115.8063458,28.686188],[115.8045625,28.6861056],[115.8027836,28.6859683],[115.8010112,28.6857763],[115.7992474,28.6855299],[115.7974945,28.6852293],[115.7957546,28.6848749],[115.7940298,28.6844672],[115.7923222,28.6840066],[115.7906338,28.6834937],[115.7889669,28.6829292],[115.7873232,28.6823136],[115.785705,28.6816479],[115.7841141,28.6809327],[115.7825525,28.680169],[115.7810222,28.6793577],[115.7795248,28.6784997],[115.7780624,28.6775962],[115.7766366,28.6766482],[115.7752493,28.6756569],[115.773902,28.6746235],[115.7725965,28.6735492],[115.7713344,28.6724354],[115.7701171,28.6712834],[115.7689461,28.6700946],[115.7678229,28.6688705],[115.7667489,28.6676126],[115.7657254,28.6663224],[115.7647535,28.6650014],[115.7638345,28.6636513],[115.7629696,28.6622738],[115.7621596,28.6608704],[115.7614058,28.659443],[115.7607089,28.6579933],[115.7600697,28.6565229],[115.7594892,28.6550338],[115.758968,28.6535277],[115.7585066,28.6520065],[115.7581058,28.650472],[115.7577659,28.6489261],[115.7574874,28.6473707],[115.7572706,28.6458077],[115.7571158,28.6442389],[115.7570231,28.6426663],[115.7569927,28.6410918],[115.7570247,28.6395174],[115.7571188,28.6379449],[115.7572752,28.6363762],[115.7574934,28.6348134],[115.7577734,28.6332581],[115.7581147,28.6317125],[115.7585169,28.6301783],[115.7589796,28.6286574],[115.7595021,28.6271517],[115.7600838,28.625663],[115.7607241,28.6241931],[115.761422,28.6227438],[115.7621769,28.6213169],[115.7629877,28.6199141],[115.7638535,28.6185371],[115.7647732,28.6171876],[115.7657457,28.6158673],[115.7667697,28.6145777],[115.7678442,28.6133204],[115.7689677,28.6120969],[115.7701388,28.6109088],[115.7713562,28.6097575],[115.7726184,28.6086443],[115.7739238,28.6075707],[115.7752708,28.606538],[115.7766579,28.6055473],[115.7780832,28.6045999],[115.7795451,28.603697],[115.7810418,28.6028397],[115.7825715,28.6020289],[115.7841323,28.6012658],[115.7857222,28.6005512],[115.7873395,28.5998859],[115.7889821,28.5992709],[115.7906479,28.5987068],[115.792335,28.5981943],[115.7940414,28.5977341],[115.7957649,28.5973267],[115.7975034,28.5969726],[115.7992549,28.5966723],[115.8010172,28.596426],[115.8027881,28.5962342],[115.8045656,28.596097],[115.8063474,28.5960146],[115.8081313,28.5959872],[115.8099152,28.5960146],[115.811697,28.596097],[115.8134745,28.5962342],[115.8152454,28.596426],[115.8170077,28.5966723],[115.8187592,28.5969726],[115.8204977,28.5973267],[115.8222212,28.5977341],[115.8239276,28.5981943],[115.8256147,28.5987068],[115.8272805,28.5992709],[115.8289231,28.5998859],[115.8305404,28.6005512],[115.8321303,28.6012658],[115.8336911,28.6020289],[115.8352208,28.6028397],[115.8367175,28.603697],[115.8381794,28.6045999],[115.8396047,28.6055473],[115.8409918,28.606538],[115.8423388,28.6075707],[115.8436442,28.6086443],[115.8449064,28.6097575],[115.8461238,28.6109088],[115.8472949,28.6120969],[115.8484184,28.6133204],[115.8494929,28.6145777],[115.8505169,28.6158673],[115.8514894,28.6171876],[115.8524091,28.6185371],[115.8532749,28.6199141],[115.8540857,28.6213169],[115.8548406,28.6227438],[115.8555385,28.6241931],[115.8561788,28.625663],[115.8567605,28.6271517],[115.857283,28.6286574],[115.8577457,28.6301783],[115.8581479,28.6317125],[115.8584892,28.6332581],[115.8587692,28.6348134],[115.8589874,28.6363762],[115.8591438,28.6379449],[115.8592379,28.6395174],[115.8592699,28.6410918],[115.8592395,28.6426663],[115.8591468,28.6442389],[115.858992,28.6458077],[115.8587752,28.6473707],[115.8584967,28.6489261],[115.8581568,28.650472],[115.857756,28.6520065],[115.8572946,28.6535277],[115.8567734,28.6550338],[115.8561929,28.6565229],[115.8555537,28.6579933],[115.8548568,28.659443],[115.854103,28.6608704],[115.853293,28.6622738],[115.8524281,28.6636513],[115.8515091,28.6650014],[115.8505372,28.6663224],[115.8495137,28.6676126],[115.8484397,28.6688705],[115.8473165,28.6700946],[115.8461455,28.6712834],[115.8449282,28.6724354],[115.8436661,28.6735492],[115.8423606,28.6746235],[115.8410133,28.6756569],[115.839626,28.6766482],[115.8382002,28.6775962],[115.8367378,28.6784997],[115.8352404,28.6793577],[115.8337101,28.680169],[115.8321485,28.6809327],[115.8305576,28.6816479],[115.8289394,28.6823136],[115.8272957,28.6829292],[115.8256288,28.6834937],[115.8239404,28.6840066],[115.8222328,28.6844672],[115.820508,28.6848749],[115.8187681,28.6852293],[115.8170152,28.6855299],[115.8152514,28.6857763],[115.813479,28.6859683],[115.8117001,28.6861056],[115.8099168,28.686188],[115.8081313,28.6862155]]]}},{"type":"Feature","properties":{"id":"CN-JL","subdivision":"Jilin"},"geometry":{"type":"Point","coordinates":[125.3198337,43.8943502]}},{"type":"Feature","properties":{"id":"CN-JL","radiusMeters":5000},"geometry":{"type":"Polygon","coordinates":[[[125.3198337,43.9393504],[125.3176603,43.939323],[125.3154896,43.9392407],[125.3133241,43.9391037],[125.3111666,43.9389121],[125.3090197,43.9386662],[125.306886,43.9383663],[125.3047681,43.9380127],[125.3026686,43.9376059],[125.3005901,43.9371463],[125.2985351,43.9366346],[125.296506,43.9360713],[125.2945055,43.9354571],[125.2925358,43.9347929],[125.2905995,43.9340793],[125.2886989,43.9333173],[125.2868363,43.9325078],[125.2850139,43.9316518],[125.2832341,43.9307503],[125.2814989,43.9298044],[125.2798106,43.9288154],[125.2781711,43.9277843],[125.2765824,43.9267125],[125.2750465,43.9256012],[125.2735652,43.9244519],[125.2721404,43.9232659],[125.2707738,43.9220446],[125.2694671,43.9207896],[125.2682218,43.9195024],[125.2670394,43.9181845],[125.2659215,43.9168376],[125.2648693,43.9154633],[125.2638842,43.9140633],[125.2629673,43.9126393],[125.2621197,43.911193],[125.2613425,43.9097262],[125.2606366,43.9082407],[125.2600029,43.9067383],[125.2594422,43.9052208],[125.258955,43.9036901],[125.2585421,43.902148],[125.2582039,43.9005964],[125.2579407,43.8990373],[125.257753,43.8974724],[125.257641,43.8959038],[125.2576047,43.8943333],[125.2576442,43.8927628],[125.2577596,43.8911943],[125.2579505,43.8896296],[125.2582168,43.8880707],[125.2585581,43.8865195],[125.2589741,43.8849779],[125.2594642,43.8834477],[125.2600278,43.8819307],[125.2606642,43.880429],[125.2613726,43.8789442],[125.2621522,43.8774782],[125.2630021,43.8760327],[125.2639211,43.8746096],[125.2649082,43.8732106],[125.2659621,43.8718373],[125.2670816,43.8704914],[125.2682652,43.8691746],[125.2695117,43.8678885],[125.2708193,43.8666346],[125.2721866,43.8654145],[125.2736118,43.8642296],[125.2750933,43.8630815],[125.2766292,43.8619714],[125.2782177,43.8609007],[125.2798567,43.8598708],[125.2815444,43.8588829],[125.2832787,43.8579382],[125.2850574,43.8570378],[125.2868784,43.8561828],[125.2887395,43.8553744],[125.2906384,43.8546134],[125.2925727,43.8539007],[125.2945403,43.8532374],[125.2965386,43.852624],[125.2985652,43.8520615],[125.3006176,43.8515505],[125.3026935,43.8510916],[125.3047901,43.8506854],[125.3069051,43.8503323],[125.3090358,43.8500328],[125.3111795,43.8497873],[125.3133339,43.849596],[125.3154961,43.8494592],[125.3176636,43.849377],[125.3198337,43.8493496],[125.3220038,43.849377],[125.3241713,43.8494592],[125.3263335,43.849596],[125.3284879,43.8497873],[125.3306316,43.8500328],[125.3327623,43.8503323],[125.3348773,43.8506854],[125.3369739,43.8510916],[125.3390498,43.8515505],[125.3411022,43.8520615],[125.3431288,43.852624],[125.3451271,43.8532374],[125.3470947,43.8539007],[125.349029,43.8546134],[125.3509279,43.8553744],[125.352789,43.8561828],[125.35461,43.8570378],[125.3563887,43.8579382],[125.358123,43.8588829],[125.3598107,43.8598708],[125.3614497,43.8609007],[125.3630382,43.8619714],[125.3645741,43.8630815],[125.3660556,43.8642296],[125.3674808,43.8654145],[125.3688481,43.8666346],[125.3701557,43.8678885],[125.3714022,43.8691746],[125.3725858,43.8704914],[125.3737053,43.8718373],[125.3747592,43.8732106],[125.3757463,43.8746096],[125.3766653,43.8760327],[125.3775152,43.8774782],[125.3782948,43.8789442],[125.3790032,43.880429],[125.3796396,43.8819307],[125.3802032,43.8834477],[125.3806933,43.8849779],[125.3811093,43.8865195],[125.3814506,43.8880707],[125.3817169,43.8896296],[125.3819078,43.8911943],[125.3820232,43.8927628],[125.3820627,43.8943333],[125.3820264,43.8959038],[125.3819144,43.8974724],[125.3817267,43.8990373],[125.3814635,43.9005964],[125.3811253,43.902148],[125.3807124,43.9036901],[125.3802252,43.9052208],[125.3796645,43.9067383],[125.3790308,43.9082407],[125.3783249,43.9097262],[125.3775477,43.911193],[125.3767001,43.9126393],[125.3757832,43.9140633],[125.3747981,43.9154633],[125.3737459,43.9168376],[125.372628,43.9181845],[125.3714456,43.9195024],[125.3702003,43.9207896],[125.3688936,43.9220446],[125.367527,43.9232659],[125.3661022,43.9244519],[125.3646209,43.9256012],[125.363085,43.9267125],[125.3614963,43.9277843],[125.3598568,43.9288154],[125.3581685,43.9298044],[125.3564333,43.9307503],[125.3546535,43.9316518],[125.3528311,43.9325078],[125.3509685,43.9333173],[125.3490679,43.9340793],[125.3471316,43.9347929],[125.3451619,43.9354571],[125.3431614,43.9360713],[125.3411323,43.9366346],[125.3390773,43.9371463],[125.3369988,43.9376059],[125.3348993,43.9380127],[125.3327814,43.9383663],[125.3306477,43.9386662],[125.3285008,43.9389121],[125.3263433,43.9391037],[125.3241778,43.9392407],[125.3220071,43.939323],[125.3198337,43.9393504]]]}},{"type":"Feature","properties":{"id":"CN-LN","subdivision":"Liaoning"},"geometry":{"type":"Point","coordinates":[123.4278094,41.8343028]}},{"type":"Feature","properties":{"id":"CN-LN","radiusMeters":5000},"geometry":{"type":"Polygon","coordinates":[[[123.4278094,41.8793193],[123.4257072,41.8792918],[123.4236076,41.8792095],[123.4215131,41.8790725],[123.4194263,41.8788809],[123.4173497,41.8786349],[123.4152859,41.8783349],[123.4132373,41.8779812],[123.4112066,41.8775742],[123.4091962,41.8771145],[123.4072084,41.8766026],[123.4052458,41.8760391],[123.4033108,41.8754248],[123.4014056,41.8747603],[123.3995327,41.8740465],[123.3976943,41.8732843],[123.3958927,41.8724745],[123.39413,41.8716182],[123.3924084,41.8707164],[123.3907301,41.8697703],[123.3890969,41.8687809],[123.3875111,41.8677495],[123.3859743,41.8666773],[123.3844887,41.8655657],[123.3830559,41.864416],[123.3816777,41.8632296],[123.3803557,41.8620079],[123.3790917,41.8607525],[123.3778871,41.8594649],[123.3767434,41.8581466],[123.375662,41.8567992],[123.3746441,41.8554245],[123.3736912,41.854024],[123.3728042,41.8525995],[123.3719842,41.8511527],[123.3712324,41.8496854],[123.3705495,41.8481994],[123.3699365,41.8466965],[123.3693939,41.8451784],[123.3689226,41.8436472],[123.3685231,41.8421046],[123.3681958,41.8405524],[123.3679412,41.8389927],[123.3677595,41.8374273],[123.367651,41.8358581],[123.3676158,41.834287],[123.367654,41.832716],[123.3677654,41.8311469],[123.36795,41.8295817],[123.3682075,41.8280222],[123.3685375,41.8264704],[123.3689398,41.8249282],[123.3694137,41.8233974],[123.3699588,41.82188],[123.3705743,41.8203776],[123.3712595,41.8188923],[123.3720135,41.8174257],[123.3728355,41.8159797],[123.3737244,41.814556],[123.3746791,41.8131564],[123.3756985,41.8117826],[123.3767813,41.8104362],[123.3779262,41.8091189],[123.3791318,41.8078323],[123.3803967,41.8065779],[123.3817192,41.8053573],[123.3830978,41.804172],[123.3845308,41.8030234],[123.3860165,41.8019129],[123.387553,41.8008418],[123.3891385,41.7998114],[123.390771,41.7988231],[123.3924486,41.797878],[123.3941691,41.7969773],[123.3959306,41.796122],[123.3977309,41.7953132],[123.3995677,41.7945519],[123.4014389,41.793839],[123.4033421,41.7931753],[123.4052751,41.7925617],[123.4072355,41.791999],[123.4092209,41.7914878],[123.411229,41.7910287],[123.4132571,41.7906223],[123.415303,41.790269],[123.4173641,41.7899694],[123.4194379,41.7897238],[123.4215218,41.7895324],[123.4236134,41.7893956],[123.4257101,41.7893134],[123.4278094,41.789286],[123.4299087,41.7893134],[123.4320054,41.7893956],[123.434097,41.7895324],[123.4361809,41.7897238],[123.4382547,41.7899694],[123.4403158,41.790269],[123.4423617,41.7906223],[123.4443898,41.7910287],[123.4463979,41.7914878],[123.4483833,41.791999],[123.4503437,41.7925617],[123.4522767,41.7931753],[123.4541799,41.793839],[123.4560511,41.7945519],[123.4578879,41.7953132],[123.4596882,41.796122],[123.4614497,41.7969773],[123.4631702,41.797878],[123.4648478,41.7988231],[123.4664803,41.7998114],[123.4680658,41.8008418],[123.4696023,41.8019129],[123.471088,41.8030234],[123.472521,41.804172],[123.4738996,41.8053573],[123.4752221,41.8065779],[123.476487,41.8078323],[123.4776926,41.8091189],[123.4788375,41.8104362],[123.4799203,41.8117826],[123.4809397,41.8131564],[123.4818944,41.814556],[123.4827833,41.8159797],[123.4836053,41.8174257],[123.4843593,41.8188923],[123.4850445,41.8203776],[123.48566,41.82188],[123.4862051,41.8233974],[123.486679,41.8249282],[123.4870813,41.8264704],[123.4874113,41.8280222],[123.4876688,41.8295817],[123.4878534,41.8311469],[123.4879648,41.832716],[123.488003,41.834287],[123.4879678,41.8358581],[123.4878593,41.8374273],[123.4876776,41.8389927],[123.487423,41.8405524],[123.4870957,41.8421046],[123.4866962,41.8436472],[123.4862249,41.8451784],[123.4856823,41.8466965],[123.4850693,41.8481994],[123.4843864,41.8496854],[123.4836346,41.8511527],[123.4828146,41.8525995],[123.4819276,41.854024],[123.4809747,41.8554245],[123.4799568,41.8567992],[123.4788754,41.8581466],[123.4777317,41.8594649],[123.4765271,41.8607525],[123.4752631,41.8620079],[123.4739411,41.8632296],[123.4725629,41.864416],[123.4711301,41.8655657],[123.4696445,41.8666773],[123.4681077,41.8677495],[123.4665219,41.8687809],[123.4648887,41.8697703],[123.4632104,41.8707164],[123.4614888,41.8716182],[123.4597261,41.8724745],[123.4579245,41.8732843],[123.4560861,41.8740465],[123.4542132,41.8747603],[123.452308,41.8754248],[123.450373,41.8760391],[123.4484104,41.8766026],[123.4464226,41.8771145],[123.4444122,41.8775742],[123.4423815,41.8779812],[123.4403329,41.8783349],[123.4382691,41.8786349],[123.4361925,41.8788809],[123.4341057,41.8790725],[123.4320112,41.8792095],[123.4299116,41.8792918],[123.4278094,41.8793193]]]}},{"type":"Feature","properties":{"id":"CN-MO","subdivision":"Macao"},"geometry":{"type":"Point","coordinates":[113.53786,22.1898539]}},{"type":"Feature","properties":{"id":"CN-MO","radiusMeters":5000},"geometry":{"type":"Polygon","coordinates":[[[113.53786,22.2350075],[113.5361673,22.23498],[113.5344768,22.2348975],[113.5327903,22.2347601],[113.53111,22.2345679],[113.529438,22.2343213],[113.5277762,22.2340205],[113.5261267,22.2336658],[113.5244915,22.2332578],[113.5228727,22.2327968],[113.5212721,22.2322836],[113.5196917,22.2317186],[113.5181335,22.2311026],[113.5165994,22.2304363],[113.5150911,22.2297206],[113.5136107,22.2289563],[113.5121598,22.2281443],[113.5107402,22.2272857],[113.5093537,22.2263815],[113.508002,22.2254327],[113.5066866,22.2244406],[113.5054093,22.2234064],[113.5041716,22.2223312],[113.5029749,22.2212165],[113.5018207,22.2200636],[113.5007105,22.2188739],[113.4996456,22.2176488],[113.4986272,22.2163898],[113.4976567,22.2150985],[113.4967352,22.2137765],[113.4958638,22.2124253],[113.4950436,22.2110466],[113.4942756,22.2096421],[113.4935608,22.2082135],[113.4928999,22.2067626],[113.4922938,22.205291],[113.4917432,22.2038006],[113.4912489,22.2022933],[113.4908113,22.2007708],[113.4904311,22.199235],[113.4901087,22.1976878],[113.4898445,22.196131],[113.4896387,22.1945666],[113.4894918,22.1929965],[113.4894037,22.1914225],[113.4893747,22.1898467],[113.4894048,22.1882709],[113.4894939,22.186697],[113.489642,22.1851269],[113.4898487,22.1835626],[113.490114,22.182006],[113.4904374,22.180459],[113.4908186,22.1789234],[113.4912571,22.1774012],[113.4917523,22.1758941],[113.4923037,22.174404],[113.4929106,22.1729328],[113.4935723,22.1714822],[113.4942878,22.170054],[113.4950565,22.1686499],[113.4958772,22.1672716],[113.4967491,22.1659209],[113.4976711,22.1645993],[113.498642,22.1633084],[113.4996606,22.16205],[113.5007258,22.1608254],[113.5018361,22.1596361],[113.5029904,22.1584837],[113.5041871,22.1573695],[113.5054247,22.1562948],[113.5067019,22.1552611],[113.508017,22.1542695],[113.5093684,22.1533212],[113.5107546,22.1524174],[113.5121737,22.1515593],[113.5136241,22.1507477],[113.515104,22.1499838],[113.5166116,22.1492685],[113.518145,22.1486026],[113.5197025,22.147987],[113.521282,22.1474223],[113.5228818,22.1469094],[113.5244998,22.1464487],[113.526134,22.1460409],[113.5277825,22.1456865],[113.5294433,22.1453858],[113.5311143,22.1451393],[113.5327935,22.1449473],[113.5344789,22.14481],[113.5361684,22.1447276],[113.53786,22.1447001],[113.5395516,22.1447276],[113.5412411,22.14481],[113.5429265,22.1449473],[113.5446057,22.1451393],[113.5462767,22.1453858],[113.5479375,22.1456865],[113.549586,22.1460409],[113.5512202,22.1464487],[113.5528382,22.1469094],[113.554438,22.1474223],[113.5560175,22.147987],[113.557575,22.1486026],[113.5591084,22.1492685],[113.560616,22.1499838],[113.5620959,22.1507477],[113.5635463,22.1515593],[113.5649654,22.1524174],[113.5663516,22.1533212],[113.567703,22.1542695],[113.5690181,22.1552611],[113.5702953,22.1562948],[113.5715329,22.1573695],[113.5727296,22.1584837],[113.5738839,22.1596361],[113.5749942,22.1608254],[113.5760594,22.16205],[113.577078,22.1633084],[113.5780489,22.1645993],[113.5789709,22.1659209],[113.5798428,22.1672716],[113.5806635,22.1686499],[113.5814322,22.170054],[113.5821477,22.1714822],[113.5828094,22.1729328],[113.5834163,22.174404],[113.5839677,22.1758941],[113.5844629,22.1774012],[113.5849014,22.1789234],[113.5852826,22.180459],[113.585606,22.182006],[113.5858713,22.1835626],[113.586078,22.1851269],[113.5862261,22.186697],[113.5863152,22.1882709],[113.5863453,22.1898467],[113.5863163,22.1914225],[113.5862282,22.1929965],[113.5860813,22.1945666],[113.5858755,22.196131],[113.5856113,22.1976878],[113.5852889,22.199235],[113.5849087,22.2007708],[113.5844711,22.2022933],[113.5839768,22.2038006],[113.5834262,22.205291],[113.5828201,22.2067626],[113.5821592,22.2082135],[113.5814444,22.2096421],[113.5806764,22.2110466],[113.5798562,22.2124253],[113.5789848,22.2137765],[113.5780633,22.2150985],[113.5770928,22.2163898],[113.5760744,22.2176488],[113.5750095,22.2188739],[113.5738993,22.2200636],[113.5727451,22.2212165],[113.5715484,22.2223312],[113.5703107,22.2234064],[113.5690334,22.2244406],[113.567718,22.2254327],[113.5663663,22.2263815],[113.5649798,22.2272857],[113.5635602,22.2281443],[113.5621093,22.2289563],[113.5606289,22.2297206],[113.5591206,22.2304363],[113.5575865,22.2311026],[113.5560283,22.2317186],[113.5544479,22.2322836],[113.5528473,22.2327968],[113.5512285,22.2332578],[113.5495933,22.2336658],[113.5479438,22.2340205],[113.546282,22.2343213],[113.54461,22.2345679],[113.5429297,22.2347601],[113.5412432,22.2348975],[113.5395527,22.23498],[113.53786,22.2350075]]]}},{"type":"Feature","properties":{"id":"CN-NX","subdivision":"Ningxia"},"geometry":{"type":"Point","coordinates":[106.2551424,38.4715607]}},{"type":"Feature","properties":{"id":"CN-NX","radiusMeters":5000},"geometry":{"type":"Polygon","coordinates":[[[106.2551424,38.5166034],[106.2531416,38.5165759],[106.2511432,38.5164936],[106.2491497,38.5163565],[106.2471635,38.5161648],[106.2451871,38.5159187],[106.2432228,38.5156185],[106.241273,38.5152646],[106.2393402,38.5148574],[106.2374267,38.5143975],[106.2355348,38.5138853],[106.2336668,38.5133216],[106.231825,38.5127069],[106.2300117,38.5120421],[106.2282291,38.5113279],[106.2264793,38.5105653],[106.2247644,38.5097551],[106.2230867,38.5088984],[106.2214481,38.5079962],[106.2198505,38.5070495],[106.2182961,38.5060596],[106.2167866,38.5050277],[106.2153239,38.503955],[106.2139097,38.5028428],[106.2125459,38.5016924],[106.211234,38.5005054],[106.2099757,38.4992831],[106.2087725,38.498027],[106.2076258,38.4967387],[106.2065371,38.4954196],[106.2055077,38.4940716],[106.2045388,38.4926961],[106.2036316,38.4912948],[106.2027872,38.4898695],[106.2020067,38.488422],[106.2012909,38.4869539],[106.2006408,38.485467],[106.2000571,38.4839632],[106.1995406,38.4824443],[106.1990918,38.4809122],[106.1987114,38.4793687],[106.1983997,38.4778157],[106.1981572,38.4762551],[106.1979841,38.4746888],[106.1978807,38.4731187],[106.197847,38.4715467],[106.1978832,38.4699747],[106.1979891,38.4684047],[106.1981646,38.4668386],[106.1984095,38.4652782],[106.1987236,38.4637255],[106.1991063,38.4621824],[106.1995573,38.4606507],[106.200076,38.4591323],[106.2006617,38.457629],[106.2013138,38.4561428],[106.2020314,38.4546753],[106.2028137,38.4532284],[106.2036597,38.4518039],[106.2045683,38.4504034],[106.2055386,38.4490287],[106.2065692,38.4476815],[106.2076589,38.4463634],[106.2088064,38.445076],[106.2100103,38.4438208],[106.2112691,38.4425994],[106.2125813,38.4414133],[106.2139453,38.440264],[106.2153595,38.4391527],[106.216822,38.438081],[106.2183312,38.43705],[106.2198851,38.436061],[106.221482,38.4351153],[106.2231197,38.434214],[106.2247965,38.4333581],[106.2265101,38.4325488],[106.2282586,38.431787],[106.2300398,38.4310736],[106.2318515,38.4304096],[106.2336915,38.4297956],[106.2355577,38.4292325],[106.2374476,38.4287209],[106.2393591,38.4282615],[106.2412898,38.4278548],[106.2432373,38.4275014],[106.2451992,38.4272016],[106.2471733,38.4269558],[106.2491571,38.4267643],[106.2511482,38.4266273],[106.2531441,38.4265451],[106.2551424,38.4265177],[106.2571407,38.4265451],[106.2591366,38.4266273],[106.2611277,38.4267643],[106.2631115,38.4269558],[106.2650856,38.4272016],[106.2670475,38.4275014],[106.268995,38.4278548],[106.2709257,38.4282615],[106.2728372,38.4287209],[106.2747271,38.4292325],[106.2765933,38.4297956],[106.2784333,38.4304096],[106.280245,38.4310736],[106.2820262,38.431787],[106.2837747,38.4325488],[106.2854883,38.4333581],[106.2871651,38.434214],[106.2888028,38.4351153],[106.2903997,38.436061],[106.2919536,38.43705],[106.2934628,38.438081],[106.2949253,38.4391527],[106.2963395,38.440264],[106.2977035,38.4414133],[106.2990157,38.4425994],[106.3002745,38.4438208],[106.3014784,38.445076],[106.3026259,38.4463634],[106.3037156,38.4476815],[106.3047462,38.4490287],[106.3057165,38.4504034],[106.3066251,38.4518039],[106.3074711,38.4532284],[106.3082534,38.4546753],[106.308971,38.4561428],[106.3096231,38.457629],[106.3102088,38.4591323],[106.3107275,38.4606507],[106.3111785,38.4621824],[106.3115612,38.4637255],[106.3118753,38.4652782],[106.3121202,38.4668386],[106.3122957,38.4684047],[106.3124016,38.4699747],[106.3124378,38.4715467],[106.3124041,38.4731187],[106.3123007,38.4746888],[106.3121276,38.4762551],[106.3118851,38.4778157],[106.3115734,38.4793687],[106.311193,38.4809122],[106.3107442,38.4824443],[106.3102277,38.4839632],[106.309644,38.485467],[106.3089939,38.4869539],[106.3082781,38.488422],[106.3074976,38.4898695],[106.3066532,38.4912948],[106.305746,38.4926961],[106.3047771,38.4940716],[106.3037477,38.4954196],[106.302659,38.4967387],[106.3015123,38.498027],[106.3003091,38.4992831],[106.2990508,38.5005054],[106.2977389,38.5016924],[106.2963751,38.5028428],[106.2949609,38.503955],[106.2934982,38.5050277],[106.2919887,38.5060596],[106.2904343,38.5070495],[106.2888367,38.5079962],[106.2871981,38.5088984],[106.2855204,38.5097551],[106.2838055,38.5105653],[106.2820557,38.5113279],[106.2802731,38.5120421],[106.2784598,38.5127069],[106.276618,38.5133216],[106.27475,38.5138853],[106.2728581,38.5143975],[106.2709446,38.5148574],[106.2690118,38.5152646],[106.267062,38.5156185],[106.2650977,38.5159187],[106.2631213,38.5161648],[106.2611351,38.5163565],[106.2591416,38.5164936],[106.2571432,38.5165759],[106.2551424,38.5166034]]]}},{"type":"Feature","properties":{"id":"CN-QH","subdivision":"Qinghai"},"geometry":{"type":"Point","coordinates":[101.7785005,36.6224067]}},{"type":"Feature","properties":{"id":"CN-QH","radiusMeters":5000},"geometry":{"type":"Polygon","coordinates":[[[101.7785005,36.6674635],[101.7765486,36.6674361],[101.774599,36.6673537],[101.7726543,36.6672165],[101.7707166,36.6670248],[101.7687885,36.6667786],[101.7668722,36.6664784],[101.7649701,36.6661244],[101.7630845,36.6657171],[101.7612177,36.665257],[101.7593721,36.6647447],[101.7575497,36.6641808],[101.755753,36.663566],[101.7539839,36.662901],[101.7522448,36.6621866],[101.7505378,36.6614238],[101.7488649,36.6606134],[101.7472281,36.6597564],[101.7456295,36.6588539],[101.7440709,36.657907],[101.7425544,36.6569168],[101.7410818,36.6558846],[101.7396548,36.6548116],[101.7382751,36.653699],[101.7369446,36.6525484],[101.7356647,36.651361],[101.7344371,36.6501383],[101.7332632,36.6488819],[101.7321445,36.6475932],[101.7310823,36.6462738],[101.730078,36.6449253],[101.7291327,36.6435494],[101.7282476,36.6421478],[101.7274238,36.6407221],[101.7266622,36.639274],[101.7259638,36.6378055],[101.7253295,36.6363182],[101.72476,36.634814],[101.724256,36.6332946],[101.7238182,36.631762],[101.7234469,36.630218],[101.7231428,36.6286646],[101.7229061,36.6271035],[101.7227372,36.6255367],[101.7226362,36.6239661],[101.7226033,36.6223936],[101.7226385,36.6208211],[101.7227417,36.6192506],[101.7229129,36.617684],[101.7231518,36.6161231],[101.723458,36.6145699],[101.7238314,36.6130263],[101.7242713,36.6114941],[101.7247773,36.6099752],[101.7253486,36.6084715],[101.7259847,36.6069847],[101.7266848,36.6055168],[101.7274479,36.6040694],[101.7282732,36.6026444],[101.7291597,36.6012435],[101.7301062,36.5998683],[101.7311116,36.5985207],[101.7321747,36.5972021],[101.7332942,36.5959142],[101.7344687,36.5946586],[101.7356968,36.5934369],[101.7369769,36.5922504],[101.7383076,36.5911006],[101.7396873,36.589989],[101.7411141,36.5889169],[101.7425865,36.5878855],[101.7441025,36.5868962],[101.7456604,36.5859502],[101.7472582,36.5850486],[101.7488941,36.5841924],[101.750566,36.5833828],[101.7522718,36.5826207],[101.7540096,36.5819071],[101.7557771,36.5812428],[101.7575723,36.5806286],[101.759393,36.5800653],[101.7612369,36.5795536],[101.7631017,36.579094],[101.7649854,36.5786872],[101.7668854,36.5783336],[101.7687996,36.5780337],[101.7707256,36.5777878],[101.772661,36.5775962],[101.7746036,36.5774592],[101.7765508,36.577377],[101.7785005,36.5773495],[101.7804502,36.577377],[101.7823974,36.5774592],[101.78434,36.5775962],[101.7862754,36.5777878],[101.7882014,36.5780337],[101.7901156,36.5783336],[101.7920156,36.5786872],[101.7938993,36.579094],[101.7957641,36.5795536],[101.797608,36.5800653],[101.7994287,36.5806286],[101.8012239,36.5812428],[101.8029914,36.5819071],[101.8047292,36.5826207],[101.806435,36.5833828],[101.8081069,36.5841924],[101.8097428,36.5850486],[101.8113406,36.5859502],[101.8128985,36.5868962],[101.8144145,36.5878855],[101.8158869,36.5889169],[101.8173137,36.589989],[101.8186934,36.5911006],[101.8200241,36.5922504],[101.8213042,36.5934369],[101.8225323,36.5946586],[101.8237068,36.5959142],[101.8248263,36.5972021],[101.8258894,36.5985207],[101.8268948,36.5998683],[101.8278413,36.6012435],[101.8287278,36.6026444],[101.8295531,36.6040694],[101.8303162,36.6055168],[101.8310163,36.6069847],[101.8316524,36.6084715],[101.8322237,36.6099752],[101.8327297,36.6114941],[101.8331696,36.6130263],[101.833543,36.6145699],[101.8338492,36.6161231],[101.8340881,36.617684],[101.8342593,36.6192506],[101.8343625,36.6208211],[101.8343977,36.6223936],[101.8343648,36.6239661],[101.8342638,36.6255367],[101.8340949,36.6271035],[101.8338582,36.6286646],[101.8335541,36.630218],[101.8331828,36.631762],[101.832745,36.6332946],[101.832241,36.634814],[101.8316715,36.6363182],[101.8310372,36.6378055],[101.8303388,36.639274],[101.8295772,36.6407221],[101.8287534,36.6421478],[101.8278683,36.6435494],[101.826923,36.6449253],[101.8259187,36.6462738],[101.8248565,36.6475932],[101.8237378,36.6488819],[101.8225639,36.6501383],[101.8213363,36.651361],[101.8200564,36.6525484],[101.8187259,36.653699],[101.8173462,36.6548116],[101.8159192,36.6558846],[101.8144466,36.6569168],[101.8129301,36.657907],[101.8113715,36.6588539],[101.8097729,36.6597564],[101.8081361,36.6606134],[101.8064632,36.6614238],[101.8047562,36.6621866],[101.8030171,36.662901],[101.801248,36.663566],[101.7994513,36.6641808],[101.7976289,36.6647447],[101.7957833,36.665257],[101.7939165,36.6657171],[101.7920309,36.6661244],[101.7901288,36.6664784],[101.7882125,36.6667786],[101.7862844,36.6670248],[101.7843467,36.6672165],[101.782402,36.6673537],[101.7804524,36.6674361],[101.7785005,36.6674635]]]}},{"type":"Feature","properties":{"id":"CN-SN","subdivision":"Shaanxi"},"geometry":{"type":"Point","coordinates":[108.9495345,34.2670693]}},{"type":"Feature","properties":{"id":"CN-SN","radiusMeters":5000},"geometry":{"type":"Polygon","coordinates":[[[108.9495345,34.3121437],[108.9476387,34.3121163],[108.9457453,34.3120339],[108.9438564,34.3118967],[108.9419745,34.3117048],[108.9401018,34.3114586],[108.9382407,34.3111582],[108.9363933,34.3108041],[108.9345619,34.3103967],[108.9327488,34.3099365],[108.9309562,34.309424],[108.9291863,34.3088599],[108.9274412,34.3082449],[108.925723,34.3075796],[108.924034,34.306865],[108.922376,34.3061019],[108.9207511,34.3052912],[108.9191614,34.304434],[108.9176087,34.3035312],[108.916095,34.3025839],[108.914622,34.3015934],[108.9131917,34.3005608],[108.9118056,34.2994874],[108.9104656,34.2983744],[108.9091733,34.2972234],[108.9079302,34.2960356],[108.9067378,34.2948125],[108.9055976,34.2935556],[108.904511,34.2922664],[108.9034793,34.2909465],[108.9025037,34.2895975],[108.9015855,34.2882211],[108.9007258,34.286819],[108.8999256,34.2853927],[108.8991858,34.2839442],[108.8985074,34.2824751],[108.8978913,34.2809872],[108.897338,34.2794824],[108.8968484,34.2779625],[108.8964231,34.2764293],[108.8960624,34.2748848],[108.8957669,34.2733307],[108.8955369,34.271769],[108.8953728,34.2702016],[108.8952746,34.2686304],[108.8952425,34.2670573],[108.8952766,34.2654842],[108.8953768,34.2639131],[108.895543,34.2623458],[108.8957749,34.2607843],[108.8960723,34.2592305],[108.8964348,34.2576863],[108.896862,34.2561534],[108.8973534,34.2546339],[108.8979083,34.2531296],[108.8985261,34.2516422],[108.8992059,34.2501737],[108.8999471,34.2487257],[108.9007486,34.2473002],[108.9016095,34.2458987],[108.9025288,34.2445229],[108.9035053,34.2431747],[108.9045378,34.2418556],[108.9056251,34.2405672],[108.9067659,34.2393111],[108.9079587,34.2380888],[108.9092021,34.2369018],[108.9104946,34.2357516],[108.9118346,34.2346395],[108.9132205,34.2335669],[108.9146506,34.2325351],[108.9161231,34.2315454],[108.9176362,34.2305989],[108.9191882,34.2296969],[108.9207772,34.2288404],[108.9224011,34.2280304],[108.924058,34.227268],[108.9257459,34.2265541],[108.9274627,34.2258895],[108.9292064,34.225275],[108.9309749,34.2247115],[108.9327659,34.2241995],[108.9345773,34.2237397],[108.9364069,34.2233327],[108.9382525,34.222979],[108.9401117,34.222679],[108.9419825,34.222433],[108.9438625,34.2222413],[108.9457493,34.2221043],[108.9476407,34.222022],[108.9495345,34.2219945],[108.9514283,34.222022],[108.9533197,34.2221043],[108.9552065,34.2222413],[108.9570865,34.222433],[108.9589573,34.222679],[108.9608165,34.222979],[108.9626621,34.2233327],[108.9644917,34.2237397],[108.9663031,34.2241995],[108.9680941,34.2247115],[108.9698626,34.225275],[108.9716063,34.2258895],[108.9733231,34.2265541],[108.975011,34.227268],[108.9766679,34.2280304],[108.9782918,34.2288404],[108.9798808,34.2296969],[108.9814328,34.2305989],[108.9829459,34.2315454],[108.9844184,34.2325351],[108.9858485,34.2335669],[108.9872344,34.2346395],[108.9885744,34.2357516],[108.9898669,34.2369018],[108.9911103,34.2380888],[108.9923031,34.2393111],[108.9934439,34.2405672],[108.9945312,34.2418556],[108.9955637,34.2431747],[108.9965402,34.2445229],[108.9974595,34.2458987],[108.9983204,34.2473002],[108.9991219,34.2487257],[108.9998631,34.2501737],[109.0005429,34.2516422],[109.0011607,34.2531296],[109.0017156,34.2546339],[109.002207,34.2561534],[109.0026342,34.2576863],[109.0029967,34.2592305],[109.0032941,34.2607843],[109.003526,34.2623458],[109.0036922,34.2639131],[109.0037924,34.2654842],[109.0038265,34.2670573],[109.0037944,34.2686304],[109.0036962,34.2702016],[109.0035321,34.271769],[109.0033021,34.2733307],[109.0030066,34.2748848],[109.0026459,34.2764293],[109.0022206,34.2779625],[109.001731,34.2794824],[109.0011777,34.2809872],[109.0005616,34.2824751],[108.9998832,34.2839442],[108.9991434,34.2853927],[108.9983432,34.286819],[108.9974835,34.2882211],[108.9965653,34.2895975],[108.9955897,34.2909465],[108.994558,34.2922664],[108.9934714,34.2935556],[108.9923312,34.2948125],[108.9911388,34.2960356],[108.9898957,34.2972234],[108.9886034,34.2983744],[108.9872634,34.2994874],[108.9858773,34.3005608],[108.984447,34.3015934],[108.982974,34.3025839],[108.9814603,34.3035312],[108.9799076,34.304434],[108.9783179,34.3052912],[108.976693,34.3061019],[108.975035,34.306865],[108.973346,34.3075796],[108.9716278,34.3082449],[108.9698827,34.3088599],[108.9681128,34.309424],[108.9663202,34.3099365],[108.9645071,34.3103967],[108.9626757,34.3108041],[108.9608283,34.3111582],[108.9589672,34.3114586],[108.9570945,34.3117048],[108.9552126,34.3118967],[108.9533237,34.3120339],[108.9514303,34.3121163],[108.9495345,34.3121437]]]}},{"type":"Feature","properties":{"id":"CN-SD","subdivision":"Shandong"},"geometry":{"type":"Point","coordinates":[117.0147297,36.6699668]}},{"type":"Feature","properties":{"id":"CN-SD","radiusMeters":5000},"geometry":{"type":"Polygon","coordinates":[[[117.0147297,36.7150233],[117.0127766,36.7149958],[117.0108258,36.7149134],[117.0088799,36.7147763],[117.006941,36.7145845],[117.0050117,36.7143384],[117.0030942,36.7140381],[117.001191,36.7136841],[116.9993042,36.7132769],[116.9974363,36.7128168],[116.9955895,36.7123045],[116.993766,36.7117406],[116.9919681,36.7111258],[116.990198,36.7104608],[116.9884579,36.7097464],[116.9867498,36.7089836],[116.9850758,36.7081732],[116.983438,36.7073162],[116.9818384,36.7064137],[116.9802789,36.7054668],[116.9787615,36.7044766],[116.9772879,36.7034444],[116.97586,36.7023714],[116.9744796,36.7012589],[116.9731482,36.7001082],[116.9718675,36.6989209],[116.9706392,36.6976982],[116.9694646,36.6964418],[116.9683452,36.6951531],[116.9672824,36.6938337],[116.9662774,36.6924852],[116.9653315,36.6911093],[116.9644459,36.6897077],[116.9636215,36.688282],[116.9628595,36.686834],[116.9621607,36.6853655],[116.961526,36.6838782],[116.9609562,36.6823739],[116.9604519,36.6808546],[116.9600137,36.679322],[116.9596423,36.6777781],[116.9593379,36.6762246],[116.9591011,36.6746635],[116.9589321,36.6730967],[116.958831,36.6715261],[116.9587981,36.6699537],[116.9588333,36.6683812],[116.9589366,36.6668107],[116.9591079,36.6652441],[116.9593469,36.6636832],[116.9596534,36.6621301],[116.960027,36.6605864],[116.9604672,36.6590542],[116.9609734,36.6575354],[116.9615452,36.6560316],[116.9621817,36.6545449],[116.9628821,36.653077],[116.9636458,36.6516296],[116.9644716,36.6502046],[116.9653585,36.6488037],[116.9663056,36.6474286],[116.9673117,36.6460809],[116.9683754,36.6447624],[116.9694956,36.6434745],[116.9706708,36.642219],[116.9718997,36.6409972],[116.9731806,36.6398107],[116.9745122,36.638661],[116.9758926,36.6375494],[116.9773204,36.6364772],[116.9787936,36.6354459],[116.9803106,36.6344566],[116.9818694,36.6335106],[116.9834683,36.6326089],[116.9851051,36.6317528],[116.986778,36.6309432],[116.9884849,36.6301811],[116.9902237,36.6294675],[116.9919924,36.6288032],[116.9937887,36.628189],[116.9956104,36.6276257],[116.9974555,36.627114],[116.9993215,36.6266544],[117.0012063,36.6262476],[117.0031075,36.625894],[117.0050229,36.6255941],[117.00695,36.6253482],[117.0088866,36.6251567],[117.0108304,36.6250197],[117.0127789,36.6249374],[117.0147297,36.62491],[117.0166805,36.6249374],[117.018629,36.6250197],[117.0205728,36.6251567],[117.0225094,36.6253482],[117.0244365,36.6255941],[117.0263519,36.625894],[117.0282531,36.6262476],[117.0301379,36.6266544],[117.0320039,36.627114],[117.033849,36.6276257],[117.0356707,36.628189],[117.037467,36.6288032],[117.0392357,36.6294675],[117.0409745,36.6301811],[117.0426814,36.6309432],[117.0443543,36.6317528],[117.0459911,36.6326089],[117.04759,36.6335106],[117.0491488,36.6344566],[117.0506658,36.6354459],[117.052139,36.6364772],[117.0535668,36.6375494],[117.0549472,36.638661],[117.0562788,36.6398107],[117.0575597,36.6409972],[117.0587886,36.642219],[117.0599638,36.6434745],[117.061084,36.6447624],[117.0621477,36.6460809],[117.0631538,36.6474286],[117.0641009,36.6488037],[117.0649878,36.6502046],[117.0658136,36.6516296],[117.0665773,36.653077],[117.0672777,36.6545449],[117.0679142,36.6560316],[117.068486,36.6575354],[117.0689922,36.6590542],[117.0694324,36.6605864],[117.069806,36.6621301],[117.0701125,36.6636832],[117.0703515,36.6652441],[117.0705228,36.6668107],[117.0706261,36.6683812],[117.0706613,36.6699537],[117.0706284,36.6715261],[117.0705273,36.6730967],[117.0703583,36.6746635],[117.0701215,36.6762246],[117.0698171,36.6777781],[117.0694457,36.679322],[117.0690075,36.6808546],[117.0685032,36.6823739],[117.0679334,36.6838782],[117.0672987,36.6853655],[117.0665999,36.686834],[117.0658379,36.688282],[117.0650135,36.6897077],[117.0641279,36.6911093],[117.063182,36.6924852],[117.062177,36.6938337],[117.0611142,36.6951531],[117.0599948,36.6964418],[117.0588202,36.6976982],[117.0575919,36.6989209],[117.0563112,36.7001082],[117.0549798,36.7012589],[117.0535994,36.7023714],[117.0521715,36.7034444],[117.0506979,36.7044766],[117.0491805,36.7054668],[117.047621,36.7064137],[117.0460214,36.7073162],[117.0443836,36.7081732],[117.0427096,36.7089836],[117.0410015,36.7097464],[117.0392614,36.7104608],[117.0374913,36.7111258],[117.0356934,36.7117406],[117.0338699,36.7123045],[117.0320231,36.7128168],[117.0301552,36.7132769],[117.0282684,36.7136841],[117.0263652,36.7140381],[117.0244477,36.7143384],[117.0225184,36.7145845],[117.0205795,36.7147763],[117.0186336,36.7149134],[117.0166828,36.7149958],[117.0147297,36.7150233]]]}},{"type":"Feature","properties":{"id":"CN-SH","subdivision":"Shanghai"},"geometry":{"type":"Point","coordinates":[121.46903,31.23243]}},{"type":"Feature","properties":{"id":"CN-SH","radiusMeters":5000},"geometry":{"type":"Polygon","coordinates":[[[121.46903,31.2775263],[121.4671976,31.2774988],[121.4653673,31.2774164],[121.4635416,31.2772791],[121.4617226,31.2770872],[121.4599124,31.2768409],[121.4581134,31.2765404],[121.4563277,31.2761861],[121.4545576,31.2757785],[121.452805,31.2753181],[121.4510723,31.2748054],[121.4493615,31.2742411],[121.4476746,31.2736258],[121.4460138,31.2729602],[121.4443811,31.2722453],[121.4427785,31.2714819],[121.4412079,31.2706708],[121.4396712,31.2698132],[121.4381703,31.26891],[121.4367071,31.2679623],[121.4352833,31.2669714],[121.4339007,31.2659383],[121.4325609,31.2648644],[121.4312656,31.263751],[121.4300163,31.2625994],[121.4288146,31.2614111],[121.427662,31.2601874],[121.4265598,31.25893],[121.4255094,31.2576402],[121.424512,31.2563197],[121.423569,31.2549702],[121.4226813,31.2535931],[121.4218502,31.2521903],[121.4210766,31.2507634],[121.4203614,31.2493142],[121.4197056,31.2478444],[121.4191099,31.2463559],[121.418575,31.2448504],[121.4181017,31.2433297],[121.4176904,31.2417958],[121.4173416,31.2402505],[121.4170559,31.2386957],[121.4168335,31.2371333],[121.4166747,31.2355651],[121.4165797,31.2339931],[121.4165486,31.2324193],[121.4165814,31.2308455],[121.4166782,31.2292736],[121.4168387,31.2277055],[121.4170628,31.2261433],[121.4173502,31.2245887],[121.4177005,31.2230437],[121.4181134,31.2215101],[121.4185882,31.2199898],[121.4191245,31.2184847],[121.4197216,31.2169966],[121.4203787,31.2155273],[121.4210951,31.2140787],[121.4218698,31.2126523],[121.422702,31.2112501],[121.4235906,31.2098737],[121.4245344,31.2085248],[121.4255325,31.207205],[121.4265835,31.2059159],[121.4276862,31.2046591],[121.4288392,31.2034362],[121.4300411,31.2022486],[121.4312905,31.2010978],[121.4325858,31.1999851],[121.4339255,31.1989119],[121.4353079,31.1978796],[121.4367313,31.1968894],[121.438194,31.1959424],[121.4396943,31.1950399],[121.4412303,31.1941829],[121.4428001,31.1933725],[121.4444018,31.1926097],[121.4460335,31.1918954],[121.4476931,31.1912304],[121.4493788,31.1906157],[121.4510883,31.1900518],[121.4528197,31.1895396],[121.4545708,31.1890795],[121.4563394,31.1886723],[121.4581236,31.1883184],[121.459921,31.1880182],[121.4617294,31.1877721],[121.4635468,31.1875803],[121.4653708,31.1874432],[121.4671993,31.1873608],[121.46903,31.1873334],[121.4708607,31.1873608],[121.4726892,31.1874432],[121.4745132,31.1875803],[121.4763306,31.1877721],[121.478139,31.1880182],[121.4799364,31.1883184],[121.4817206,31.1886723],[121.4834892,31.1890795],[121.4852403,31.1895396],[121.4869717,31.1900518],[121.4886812,31.1906157],[121.4903669,31.1912304],[121.4920265,31.1918954],[121.4936582,31.1926097],[121.4952599,31.1933725],[121.4968297,31.1941829],[121.4983657,31.1950399],[121.499866,31.1959424],[121.5013287,31.1968894],[121.5027521,31.1978796],[121.5041345,31.1989119],[121.5054742,31.1999851],[121.5067695,31.2010978],[121.5080189,31.2022486],[121.5092208,31.2034362],[121.5103738,31.2046591],[121.5114765,31.2059159],[121.5125275,31.207205],[121.5135256,31.2085248],[121.5144694,31.2098737],[121.515358,31.2112501],[121.5161902,31.2126523],[121.5169649,31.2140787],[121.5176813,31.2155273],[121.5183384,31.2169966],[121.5189355,31.2184847],[121.5194718,31.2199898],[121.5199466,31.2215101],[121.5203595,31.2230437],[121.5207098,31.2245887],[121.5209972,31.2261433],[121.5212213,31.2277055],[121.5213818,31.2292736],[121.5214786,31.2308455],[121.5215114,31.2324193],[121.5214803,31.2339931],[121.5213853,31.2355651],[121.5212265,31.2371333],[121.5210041,31.2386957],[121.5207184,31.2402505],[121.5203696,31.2417958],[121.5199583,31.2433297],[121.519485,31.2448504],[121.5189501,31.2463559],[121.5183544,31.2478444],[121.5176986,31.2493142],[121.5169834,31.2507634],[121.5162098,31.2521903],[121.5153787,31.2535931],[121.514491,31.2549702],[121.513548,31.2563197],[121.5125506,31.2576402],[121.5115002,31.25893],[121.510398,31.2601874],[121.5092454,31.2614111],[121.5080437,31.2625994],[121.5067944,31.263751],[121.5054991,31.2648644],[121.5041593,31.2659383],[121.5027767,31.2669714],[121.5013529,31.2679623],[121.4998897,31.26891],[121.4983888,31.2698132],[121.4968521,31.2706708],[121.4952815,31.2714819],[121.4936789,31.2722453],[121.4920462,31.2729602],[121.4903854,31.2736258],[121.4886985,31.2742411],[121.4869877,31.2748054],[121.485255,31.2753181],[121.4835024,31.2757785],[121.4817323,31.2761861],[121.4799466,31.2765404],[121.4781476,31.2768409],[121.4763374,31.2770872],[121.4745184,31.2772791],[121.4726927,31.2774164],[121.4708624,31.2774988],[121.46903,31.2775263]]]}},{"type":"Feature","properties":{"id":"CN-SX","subdivision":"Shanxi"},"geometry":{"type":"Point","coordinates":[112.572335,37.8138469]}},{"type":"Feature","properties":{"id":"CN-SX","radiusMeters":5000},"geometry":{"type":"Polygon","coordinates":[[[112.572335,37.8588946],[112.5703521,37.8588672],[112.5683716,37.8587848],[112.5663959,37.8586477],[112.5644275,37.858456],[112.5624688,37.8582098],[112.5605221,37.8579096],[112.5585898,37.8575557],[112.5566742,37.8571485],[112.5547778,37.8566885],[112.5529029,37.8561763],[112.5510516,37.8556125],[112.5492263,37.8549978],[112.5474292,37.8543329],[112.5456625,37.8536187],[112.5439284,37.852856],[112.5422289,37.8520457],[112.5405662,37.8511889],[112.5389422,37.8502866],[112.5373589,37.8493398],[112.5358184,37.8483498],[112.5343224,37.8473178],[112.5328727,37.846245],[112.5314712,37.8451326],[112.5301196,37.8439822],[112.5288195,37.842795],[112.5275724,37.8415726],[112.5263799,37.8403164],[112.5252435,37.8390279],[112.5241645,37.8377088],[112.5231443,37.8363605],[112.522184,37.8349849],[112.5212849,37.8335835],[112.520448,37.8321581],[112.5196744,37.8307103],[112.518965,37.8292421],[112.5183207,37.8277551],[112.5177422,37.8262511],[112.5172303,37.8247321],[112.5167855,37.8231998],[112.5164084,37.8216561],[112.5160995,37.8201029],[112.5158592,37.8185421],[112.5156876,37.8169757],[112.5155851,37.8154054],[112.5155517,37.8138332],[112.5155875,37.8122611],[112.5156924,37.8106909],[112.5158663,37.8091246],[112.516109,37.807564],[112.5164202,37.8060111],[112.5167995,37.8044678],[112.5172465,37.8029359],[112.5177605,37.8014174],[112.518341,37.7999139],[112.5189872,37.7984275],[112.5196984,37.7969599],[112.5204737,37.7955128],[112.5213121,37.7940881],[112.5222126,37.7926875],[112.5231741,37.7913126],[112.5241955,37.7899653],[112.5252755,37.788647],[112.5264127,37.7873594],[112.5276059,37.7861041],[112.5288534,37.7848826],[112.5301539,37.7836963],[112.5315057,37.7825468],[112.5329072,37.7814355],[112.5343567,37.7803636],[112.5358524,37.7793325],[112.5373924,37.7783434],[112.538975,37.7773975],[112.5405982,37.7764961],[112.5422599,37.7756401],[112.5439583,37.7748307],[112.5456911,37.7740688],[112.5474564,37.7733553],[112.549252,37.7726912],[112.5510756,37.7720771],[112.552925,37.771514],[112.5547981,37.7710023],[112.5566925,37.7705429],[112.558606,37.7701361],[112.5605361,37.7697826],[112.5624806,37.7694828],[112.564437,37.769237],[112.5664031,37.7690455],[112.5683764,37.7689085],[112.5703545,37.7688262],[112.572335,37.7687988],[112.5743155,37.7688262],[112.5762936,37.7689085],[112.5782669,37.7690455],[112.580233,37.769237],[112.5821894,37.7694828],[112.5841339,37.7697826],[112.586064,37.7701361],[112.5879775,37.7705429],[112.5898719,37.7710023],[112.591745,37.771514],[112.5935944,37.7720771],[112.595418,37.7726912],[112.5972136,37.7733553],[112.5989789,37.7740688],[112.6007117,37.7748307],[112.6024101,37.7756401],[112.6040718,37.7764961],[112.605695,37.7773975],[112.6072776,37.7783434],[112.6088176,37.7793325],[112.6103133,37.7803636],[112.6117628,37.7814355],[112.6131643,37.7825468],[112.6145161,37.7836963],[112.6158166,37.7848826],[112.6170641,37.7861041],[112.6182573,37.7873594],[112.6193945,37.788647],[112.6204745,37.7899653],[112.6214959,37.7913126],[112.6224574,37.7926875],[112.6233579,37.7940881],[112.6241963,37.7955128],[112.6249716,37.7969599],[112.6256828,37.7984275],[112.626329,37.7999139],[112.6269095,37.8014174],[112.6274235,37.8029359],[112.6278705,37.8044678],[112.6282498,37.8060111],[112.628561,37.807564],[112.6288037,37.8091246],[112.6289776,37.8106909],[112.6290825,37.8122611],[112.6291183,37.8138332],[112.6290849,37.8154054],[112.6289824,37.8169757],[112.6288108,37.8185421],[112.6285705,37.8201029],[112.6282616,37.8216561],[112.6278845,37.8231998],[112.6274397,37.8247321],[112.6269278,37.8262511],[112.6263493,37.8277551],[112.625705,37.8292421],[112.6249956,37.8307103],[112.624222,37.8321581],[112.6233851,37.8335835],[112.622486,37.8349849],[112.6215257,37.8363605],[112.6205055,37.8377088],[112.6194265,37.8390279],[112.6182901,37.8403164],[112.6170976,37.8415726],[112.6158505,37.842795],[112.6145504,37.8439822],[112.6131988,37.8451326],[112.6117973,37.846245],[112.6103476,37.8473178],[112.6088516,37.8483498],[112.6073111,37.8493398],[112.6057278,37.8502866],[112.6041038,37.8511889],[112.6024411,37.8520457],[112.6007416,37.852856],[112.5990075,37.8536187],[112.5972408,37.8543329],[112.5954437,37.8549978],[112.5936184,37.8556125],[112.5917671,37.8561763],[112.5898922,37.8566885],[112.5879958,37.8571485],[112.5860802,37.8575557],[112.5841479,37.8579096],[112.5822012,37.8582098],[112.5802425,37.858456],[112.5782741,37.8586477],[112.5762984,37.8587848],[112.5743179,37.8588672],[112.572335,37.8588946]]]}},{"type":"Feature","properties":{"id":"CN-SC","subdivision":"Sichuan"},"geometry":{"type":"Point","coordinates":[104.0739761,30.6538778]}},{"type":"Feature","properties":{"id":"CN-SC","radiusMeters":5000},"geometry":{"type":"Polygon","coordinates":[[[104.0739761,30.6989781],[104.0721547,30.6989506],[104.0703355,30.6988682],[104.0685207,30.698731],[104.0667126,30.698539],[104.0649134,30.6982926],[104.0631252,30.6979921],[104.0613503,30.6976379],[104.0595907,30.6972302],[104.0578487,30.6967698],[104.0561264,30.696257],[104.0544259,30.6956926],[104.0527492,30.6950773],[104.0510984,30.6944117],[104.0494755,30.6936967],[104.0478825,30.6929332],[104.0463213,30.6921221],[104.0447939,30.6912644],[104.043302,30.6903611],[104.0418476,30.6894134],[104.0404324,30.6884224],[104.039058,30.6873892],[104.0377263,30.6863152],[104.0364388,30.6852017],[104.035197,30.6840501],[104.0340025,30.6828616],[104.0328568,30.6816379],[104.0317612,30.6803803],[104.0307171,30.6790904],[104.0297258,30.6777698],[104.0287883,30.6764202],[104.027906,30.675043],[104.0270799,30.6736401],[104.0263109,30.6722131],[104.0256,30.6707637],[104.0249481,30.6692938],[104.024356,30.6678051],[104.0238243,30.6662995],[104.0233538,30.6647787],[104.0229449,30.6632447],[104.0225983,30.6616993],[104.0223142,30.6601443],[104.0220931,30.6585817],[104.0219353,30.6570134],[104.0218408,30.6554413],[104.0218099,30.6538673],[104.0218425,30.6522934],[104.0219386,30.6507213],[104.0220982,30.6491532],[104.0223209,30.6475908],[104.0226065,30.646036],[104.0229548,30.6444909],[104.0233651,30.6429571],[104.0238371,30.6414367],[104.0243702,30.6399315],[104.0249637,30.6384433],[104.0256168,30.6369738],[104.0263289,30.635525],[104.027099,30.6340986],[104.0279261,30.6326962],[104.0288093,30.6313197],[104.0297475,30.6299706],[104.0307396,30.6286507],[104.0317843,30.6273615],[104.0328803,30.6261046],[104.0340264,30.6248816],[104.0352211,30.6236938],[104.036463,30.6225429],[104.0377505,30.6214301],[104.0390821,30.6203568],[104.0404562,30.6193244],[104.0418711,30.6183341],[104.0433251,30.617387],[104.0448163,30.6164844],[104.0463431,30.6156274],[104.0479035,30.6148169],[104.0494956,30.614054],[104.0511175,30.6133396],[104.0527672,30.6126746],[104.0544427,30.6120597],[104.056142,30.6114958],[104.057863,30.6109835],[104.0596036,30.6105235],[104.0613616,30.6101162],[104.0631351,30.6097623],[104.0649217,30.609462],[104.0667193,30.6092159],[104.0685258,30.6090241],[104.0703389,30.608887],[104.0721564,30.6088046],[104.0739761,30.6087772],[104.0757958,30.6088046],[104.0776133,30.608887],[104.0794264,30.6090241],[104.0812329,30.6092159],[104.0830305,30.609462],[104.0848171,30.6097623],[104.0865906,30.6101162],[104.0883486,30.6105235],[104.0900892,30.6109835],[104.0918102,30.6114958],[104.0935095,30.6120597],[104.095185,30.6126746],[104.0968347,30.6133396],[104.0984566,30.614054],[104.1000487,30.6148169],[104.1016091,30.6156274],[104.1031359,30.6164844],[104.1046271,30.617387],[104.1060811,30.6183341],[104.107496,30.6193244],[104.1088701,30.6203568],[104.1102017,30.6214301],[104.1114892,30.6225429],[104.1127311,30.6236938],[104.1139258,30.6248816],[104.1150719,30.6261046],[104.1161679,30.6273615],[104.1172126,30.6286507],[104.1182047,30.6299706],[104.1191429,30.6313197],[104.1200261,30.6326962],[104.1208532,30.6340986],[104.1216233,30.635525],[104.1223354,30.6369738],[104.1229885,30.6384433],[104.123582,30.6399315],[104.1241151,30.6414367],[104.1245871,30.6429571],[104.1249974,30.6444909],[104.1253457,30.646036],[104.1256313,30.6475908],[104.125854,30.6491532],[104.1260136,30.6507213],[104.1261097,30.6522934],[104.1261423,30.6538673],[104.1261114,30.6554413],[104.1260169,30.6570134],[104.1258591,30.6585817],[104.125638,30.6601443],[104.1253539,30.6616993],[104.1250073,30.6632447],[104.1245984,30.6647787],[104.1241279,30.6662995],[104.1235962,30.6678051],[104.1230041,30.6692938],[104.1223522,30.6707637],[104.1216413,30.6722131],[104.1208723,30.6736401],[104.1200462,30.675043],[104.1191639,30.6764202],[104.1182264,30.6777698],[104.1172351,30.6790904],[104.116191,30.6803803],[104.1150954,30.6816379],[104.1139497,30.6828616],[104.1127552,30.6840501],[104.1115134,30.6852017],[104.1102259,30.6863152],[104.1088942,30.6873892],[104.1075198,30.6884224],[104.1061046,30.6894134],[104.1046502,30.6903611],[104.1031583,30.6912644],[104.1016309,30.6921221],[104.1000697,30.6929332],[104.0984767,30.6936967],[104.0968538,30.6944117],[104.095203,30.6950773],[104.0935263,30.6956926],[104.0918258,30.696257],[104.0901035,30.6967698],[104.0883615,30.6972302],[104.0866019,30.6976379],[104.084827,30.6979921],[104.0830388,30.6982926],[104.0812396,30.698539],[104.0794315,30.698731],[104.0776167,30.6988682],[104.0757975,30.6989506],[104.0739761,30.6989781]]]}},{"type":"Feature","properties":{"id":"CN-TJ","subdivision":"Tianjin"},"geometry":{"type":"Point","coordinates":[117.1963073,39.0849197]}},{"type":"Feature","properties":{"id":"CN-TJ","radiusMeters":5000},"geometry":{"type":"Polygon","coordinates":[[[117.1963073,39.1299576],[117.1942892,39.1299302],[117.1922736,39.1298479],[117.190263,39.1297108],[117.1882597,39.129519],[117.1862662,39.129273],[117.184285,39.1289728],[117.1823184,39.128619],[117.180369,39.1282119],[117.1784389,39.127752],[117.1765307,39.1272398],[117.1746467,39.1266761],[117.172789,39.1260615],[117.1709601,39.1253968],[117.1691621,39.1246827],[117.1673972,39.1239201],[117.1656677,39.12311],[117.1639755,39.1222534],[117.1623227,39.1213512],[117.1607115,39.1204047],[117.1591436,39.1194149],[117.1576211,39.118383],[117.1561458,39.1173104],[117.1547195,39.1161983],[117.153344,39.1150481],[117.1520208,39.1138612],[117.1507517,39.112639],[117.1495381,39.111383],[117.1483816,39.1100948],[117.1472836,39.1087759],[117.1462453,39.107428],[117.1452681,39.1060526],[117.1443531,39.1046515],[117.1435014,39.1032264],[117.1427142,39.1017789],[117.1419923,39.100311],[117.1413366,39.0988243],[117.1407479,39.0973206],[117.140227,39.0958019],[117.1397744,39.0942699],[117.1393907,39.0927266],[117.1390764,39.0911737],[117.1388318,39.0896133],[117.1386573,39.0880471],[117.138553,39.0864772],[117.138519,39.0849054],[117.1385555,39.0833336],[117.1386624,39.0817638],[117.1388394,39.0801978],[117.1390865,39.0786376],[117.1394033,39.077085],[117.1397893,39.075542],[117.1402442,39.0740105],[117.1407674,39.0724923],[117.1413582,39.0709892],[117.1420159,39.0695031],[117.1427397,39.0680358],[117.1435288,39.0665891],[117.144382,39.0651647],[117.1452985,39.0637644],[117.1462771,39.0623899],[117.1473166,39.0610428],[117.1484157,39.0597248],[117.1495731,39.0584375],[117.1507873,39.0571825],[117.152057,39.0559613],[117.1533805,39.0547753],[117.1547563,39.0536261],[117.1561826,39.052515],[117.1576577,39.0514434],[117.1591798,39.0504125],[117.1607471,39.0494237],[117.1623577,39.048478],[117.1640095,39.0475768],[117.1657007,39.0467211],[117.1674291,39.0459118],[117.1691926,39.0451501],[117.1709891,39.0444368],[117.1728163,39.0437728],[117.1746722,39.0431589],[117.1765544,39.0425959],[117.1784605,39.0420844],[117.1803884,39.041625],[117.1823357,39.0412184],[117.1842999,39.040865],[117.1862788,39.0405652],[117.1882698,39.0403195],[117.1902706,39.040128],[117.1922787,39.0399911],[117.1942918,39.0399088],[117.1963073,39.0398814],[117.1983228,39.0399088],[117.2003359,39.0399911],[117.202344,39.040128],[117.2043448,39.0403195],[117.2063358,39.0405652],[117.2083147,39.040865],[117.2102789,39.0412184],[117.2122262,39.041625],[117.2141541,39.0420844],[117.2160602,39.0425959],[117.2179424,39.0431589],[117.2197983,39.0437728],[117.2216255,39.0444368],[117.223422,39.0451501],[117.2251855,39.0459118],[117.2269139,39.0467211],[117.2286051,39.0475768],[117.2302569,39.048478],[117.2318675,39.0494237],[117.2334348,39.0504125],[117.2349569,39.0514434],[117.236432,39.052515],[117.2378583,39.0536261],[117.2392341,39.0547753],[117.2405576,39.0559613],[117.2418273,39.0571825],[117.2430415,39.0584375],[117.2441989,39.0597248],[117.245298,39.0610428],[117.2463375,39.0623899],[117.2473161,39.0637644],[117.2482326,39.0651647],[117.2490858,39.0665891],[117.2498749,39.0680358],[117.2505987,39.0695031],[117.2512564,39.0709892],[117.2518472,39.0724923],[117.2523704,39.0740105],[117.2528253,39.075542],[117.2532113,39.077085],[117.2535281,39.0786376],[117.2537752,39.0801978],[117.2539522,39.0817638],[117.2540591,39.0833336],[117.2540956,39.0849054],[117.2540616,39.0864772],[117.2539573,39.0880471],[117.2537828,39.0896133],[117.2535382,39.0911737],[117.2532239,39.0927266],[117.2528402,39.0942699],[117.2523876,39.0958019],[117.2518667,39.0973206],[117.251278,39.0988243],[117.2506223,39.100311],[117.2499004,39.1017789],[117.2491132,39.1032264],[117.2482615,39.1046515],[117.2473465,39.1060526],[117.2463693,39.107428],[117.245331,39.1087759],[117.244233,39.1100948],[117.2430765,39.111383],[117.2418629,39.112639],[117.2405938,39.1138612],[117.2392706,39.1150481],[117.2378951,39.1161983],[117.2364688,39.1173104],[117.2349935,39.118383],[117.233471,39.1194149],[117.2319031,39.1204047],[117.2302919,39.1213512],[117.2286391,39.1222534],[117.2269469,39.12311],[117.2252174,39.1239201],[117.2234525,39.1246827],[117.2216545,39.1253968],[117.2198256,39.1260615],[117.2179679,39.1266761],[117.2160839,39.1272398],[117.2141757,39.127752],[117.2122456,39.1282119],[117.2102962,39.128619],[117.2083296,39.1289728],[117.2063484,39.129273],[117.2043549,39.129519],[117.2023516,39.1297108],[117.200341,39.1298479],[117.1983254,39.1299302],[117.1963073,39.1299576]]]}},{"type":"Feature","properties":{"id":"CN-XZ","subdivision":"Tibet"},"geometry":{"type":"Point","coordinates":[91.1163814,29.6517414]}},{"type":"Feature","properties":{"id":"CN-XZ","radiusMeters":5000},"geometry":{"type":"Polygon","coordinates":[[[91.1163814,29.6968486],[91.1145783,29.6968211],[91.1127775,29.6967387],[91.110981,29.6966014],[91.1091911,29.6964095],[91.10741,29.696163],[91.1056398,29.6958625],[91.1038828,29.6955082],[91.102141,29.6951005],[91.1004165,29.69464],[91.0987116,29.6941272],[91.0970282,29.6935627],[91.0953684,29.6929473],[91.0937342,29.6922816],[91.0921276,29.6915665],[91.0905507,29.6908029],[91.0890052,29.6899917],[91.0874932,29.6891339],[91.0860163,29.6882305],[91.0845766,29.6872826],[91.0831756,29.6862914],[91.081815,29.6852581],[91.0804967,29.684184],[91.0792221,29.6830703],[91.0779928,29.6819185],[91.0768104,29.6807299],[91.0756762,29.679506],[91.0745916,29.6782482],[91.073558,29.6769582],[91.0725766,29.6756374],[91.0716486,29.6742875],[91.0707751,29.6729102],[91.0699573,29.671507],[91.069196,29.6700798],[91.0684923,29.6686303],[91.0678469,29.6671601],[91.0672607,29.6656712],[91.0667343,29.6641654],[91.0662685,29.6626444],[91.0658637,29.6611101],[91.0655205,29.6595645],[91.0652393,29.6580093],[91.0650204,29.6564465],[91.0648641,29.6548779],[91.0647706,29.6533056],[91.0647399,29.6517313],[91.0647722,29.6501571],[91.0648673,29.6485849],[91.0650252,29.6470164],[91.0652457,29.6454538],[91.0655284,29.6438988],[91.0658731,29.6423534],[91.0662793,29.6408195],[91.0667465,29.6392988],[91.0672742,29.6377933],[91.0678617,29.6363049],[91.0685083,29.6348352],[91.0692131,29.6333862],[91.0699754,29.6319595],[91.0707942,29.6305569],[91.0716685,29.6291801],[91.0725973,29.6278309],[91.0735793,29.6265107],[91.0746135,29.6252213],[91.0756985,29.6239642],[91.0768331,29.622741],[91.0780157,29.621553],[91.0792451,29.6204019],[91.0805197,29.6192889],[91.0818379,29.6182155],[91.0831982,29.6171829],[91.0845989,29.6161924],[91.0860382,29.6152452],[91.0875145,29.6143424],[91.0890259,29.6134852],[91.0905706,29.6126746],[91.0921467,29.6119116],[91.0937523,29.6111971],[91.0953855,29.610532],[91.0970442,29.609917],[91.0987264,29.609353],[91.1004301,29.6088406],[91.1021532,29.6083805],[91.1038936,29.6079732],[91.1056492,29.6076191],[91.1074179,29.6073188],[91.1091975,29.6070727],[91.1109858,29.6068809],[91.1127807,29.6067437],[91.1145799,29.6066613],[91.1163814,29.6066339],[91.1181829,29.6066613],[91.1199821,29.6067437],[91.121777,29.6068809],[91.1235653,29.6070727],[91.1253449,29.6073188],[91.1271136,29.6076191],[91.1288692,29.6079732],[91.1306096,29.6083805],[91.1323327,29.6088406],[91.1340364,29.609353],[91.1357186,29.609917],[91.1373773,29.610532],[91.1390105,29.6111971],[91.1406161,29.6119116],[91.1421922,29.6126746],[91.1437369,29.6134852],[91.1452483,29.6143424],[91.1467246,29.6152452],[91.1481639,29.6161924],[91.1495646,29.6171829],[91.1509249,29.6182155],[91.1522431,29.6192889],[91.1535177,29.6204019],[91.1547471,29.621553],[91.1559297,29.622741],[91.1570643,29.6239642],[91.1581493,29.6252213],[91.1591835,29.6265107],[91.1601655,29.6278309],[91.1610943,29.6291801],[91.1619686,29.6305569],[91.1627874,29.6319595],[91.1635497,29.6333862],[91.1642545,29.6348352],[91.1649011,29.6363049],[91.1654886,29.6377933],[91.1660163,29.6392988],[91.1664835,29.6408195],[91.1668897,29.6423534],[91.1672344,29.6438988],[91.1675171,29.6454538],[91.1677376,29.6470164],[91.1678955,29.6485849],[91.1679906,29.6501571],[91.1680229,29.6517313],[91.1679922,29.6533056],[91.1678987,29.6548779],[91.1677424,29.6564465],[91.1675235,29.6580093],[91.1672423,29.6595645],[91.1668991,29.6611101],[91.1664943,29.6626444],[91.1660285,29.6641654],[91.1655021,29.6656712],[91.1649159,29.6671601],[91.1642705,29.6686303],[91.1635668,29.6700798],[91.1628055,29.671507],[91.1619877,29.6729102],[91.1611142,29.6742875],[91.1601862,29.6756374],[91.1592048,29.6769582],[91.1581712,29.6782482],[91.1570866,29.679506],[91.1559524,29.6807299],[91.15477,29.6819185],[91.1535407,29.6830703],[91.1522661,29.684184],[91.1509478,29.6852581],[91.1495872,29.6862914],[91.1481862,29.6872826],[91.1467465,29.6882305],[91.1452696,29.6891339],[91.1437576,29.6899917],[91.1422121,29.6908029],[91.1406352,29.6915665],[91.1390286,29.6922816],[91.1373944,29.6929473],[91.1357346,29.6935627],[91.1340512,29.6941272],[91.1323463,29.69464],[91.1306218,29.6951005],[91.12888,29.6955082],[91.127123,29.6958625],[91.1253528,29.696163],[91.1235717,29.6964095],[91.1217818,29.6966014],[91.1199853,29.6967387],[91.1181845,29.6968211],[91.1163814,29.6968486]]]}},{"type":"Feature","properties":{"id":"CN-XJ","subdivision":"Xinjiang"},"geometry":{"type":"Point","coordinates":[87.6256525,43.792174]}},{"type":"Feature","properties":{"id":"CN-XJ","radiusMeters":5000},"geometry":{"type":"Polygon","coordinates":[[[87.6256525,43.837175],[87.6234828,43.8371476],[87.6213158,43.8370653],[87.619154,43.8369283],[87.6170002,43.8367367],[87.614857,43.8364908],[87.6127269,43.8361909],[87.6106127,43.8358373],[87.6085167,43.8354305],[87.6064418,43.8349709],[87.6043902,43.8344591],[87.6023647,43.8338958],[87.6003675,43.8332817],[87.5984012,43.8326174],[87.5964682,43.8319038],[87.5945709,43.8311418],[87.5927114,43.8303323],[87.5908922,43.8294763],[87.5891154,43.8285748],[87.5873832,43.8276289],[87.5856977,43.8266398],[87.584061,43.8256087],[87.582475,43.8245369],[87.5809417,43.8234256],[87.579463,43.8222763],[87.5780406,43.8210902],[87.5766764,43.8198689],[87.5753719,43.8186139],[87.5741287,43.8173267],[87.5729483,43.8160088],[87.5718323,43.8146619],[87.5707819,43.8132876],[87.5697985,43.8118875],[87.5688831,43.8104635],[87.568037,43.8090172],[87.5672611,43.8075504],[87.5665564,43.8060648],[87.5659238,43.8045624],[87.565364,43.8030449],[87.5648777,43.8015141],[87.5644654,43.799972],[87.5641278,43.7984204],[87.5638651,43.7968612],[87.5636777,43.7952963],[87.5635658,43.7937277],[87.5635296,43.7921571],[87.5635691,43.7905866],[87.5636842,43.7890181],[87.5638748,43.7874534],[87.5641406,43.7858945],[87.5644814,43.7843432],[87.5648966,43.7828016],[87.5653859,43.7812713],[87.5659485,43.7797544],[87.5665838,43.7782526],[87.5672911,43.7767678],[87.5680694,43.7753017],[87.5689177,43.7738563],[87.5698352,43.7724331],[87.5708206,43.771034],[87.5718727,43.7696607],[87.5729902,43.7683148],[87.5741719,43.766998],[87.5754162,43.7657119],[87.5767216,43.764458],[87.5780865,43.7632378],[87.5795094,43.7620529],[87.5809883,43.7609047],[87.5825216,43.7597946],[87.5841073,43.758724],[87.5857436,43.757694],[87.5874284,43.7567061],[87.5891597,43.7557613],[87.5909354,43.7548609],[87.5927533,43.754006],[87.5946112,43.7531975],[87.5965069,43.7524365],[87.598438,43.7517238],[87.6004021,43.7510604],[87.602397,43.7504471],[87.6044202,43.7498846],[87.6064692,43.7493736],[87.6085414,43.7489146],[87.6106345,43.7485084],[87.6127459,43.7481553],[87.6148729,43.7478558],[87.6170131,43.7476103],[87.6191637,43.747419],[87.6213223,43.7472822],[87.6234861,43.7472],[87.6256525,43.7471726],[87.6278189,43.7472],[87.6299827,43.7472822],[87.6321413,43.747419],[87.6342919,43.7476103],[87.6364321,43.7478558],[87.6385591,43.7481553],[87.6406705,43.7485084],[87.6427636,43.7489146],[87.6448358,43.7493736],[87.6468848,43.7498846],[87.648908,43.7504471],[87.6509029,43.7510604],[87.652867,43.7517238],[87.6547981,43.7524365],[87.6566938,43.7531975],[87.6585517,43.754006],[87.6603696,43.7548609],[87.6621453,43.7557613],[87.6638766,43.7567061],[87.6655614,43.757694],[87.6671977,43.758724],[87.6687834,43.7597946],[87.6703167,43.7609047],[87.6717956,43.7620529],[87.6732185,43.7632378],[87.6745834,43.764458],[87.6758888,43.7657119],[87.6771331,43.766998],[87.6783148,43.7683148],[87.6794323,43.7696607],[87.6804844,43.771034],[87.6814698,43.7724331],[87.6823873,43.7738563],[87.6832356,43.7753017],[87.6840139,43.7767678],[87.6847212,43.7782526],[87.6853565,43.7797544],[87.6859191,43.7812713],[87.6864084,43.7828016],[87.6868236,43.7843432],[87.6871644,43.7858945],[87.6874302,43.7874534],[87.6876208,43.7890181],[87.6877359,43.7905866],[87.6877754,43.7921571],[87.6877392,43.7937277],[87.6876273,43.7952963],[87.6874399,43.7968612],[87.6871772,43.7984204],[87.6868396,43.799972],[87.6864273,43.8015141],[87.685941,43.8030449],[87.6853812,43.8045624],[87.6847486,43.8060648],[87.6840439,43.8075504],[87.683268,43.8090172],[87.6824219,43.8104635],[87.6815065,43.8118875],[87.6805231,43.8132876],[87.6794727,43.8146619],[87.6783567,43.8160088],[87.6771763,43.8173267],[87.6759331,43.8186139],[87.6746286,43.8198689],[87.6732644,43.8210902],[87.671842,43.8222763],[87.6703633,43.8234256],[87.66883,43.8245369],[87.667244,43.8256087],[87.6656073,43.8266398],[87.6639218,43.8276289],[87.6621896,43.8285748],[87.6604128,43.8294763],[87.6585936,43.8303323],[87.6567341,43.8311418],[87.6548368,43.8319038],[87.6529038,43.8326174],[87.6509375,43.8332817],[87.6489403,43.8338958],[87.6469148,43.8344591],[87.6448632,43.8349709],[87.6427883,43.8354305],[87.6406923,43.8358373],[87.6385781,43.8361909],[87.636448,43.8364908],[87.6343048,43.8367367],[87.632151,43.8369283],[87.6299892,43.8370653],[87.6278222,43.8371476],[87.6256525,43.837175]]]}},{"type":"Feature","properties":{"id":"CN-YN","subdivision":"Yunnan"},"geometry":{"type":"Point","coordinates":[102.7071685,25.0493451]}},{"type":"Feature","properties":{"id":"CN-YN","radiusMeters":5000},"geometry":{"type":"Polygon","coordinates":[[[102.7071685,25.0944821],[102.7054386,25.0944546],[102.7037109,25.0943721],[102.7019873,25.0942347],[102.7002701,25.0940426],[102.6985613,25.0937961],[102.6968629,25.0934954],[102.6951772,25.0931408],[102.6935061,25.0927329],[102.6918516,25.0922721],[102.6902158,25.091759],[102.6886007,25.0911942],[102.6870083,25.0905784],[102.6854404,25.0899124],[102.683899,25.0891969],[102.682386,25.0884328],[102.6809032,25.0876211],[102.6794525,25.0867628],[102.6780356,25.0858588],[102.6766541,25.0849104],[102.6753099,25.0839186],[102.6740046,25.0828847],[102.6727396,25.08181],[102.6715167,25.0806956],[102.6703372,25.0795431],[102.6692026,25.0783538],[102.6681144,25.0771291],[102.6670737,25.0758706],[102.6660819,25.0745797],[102.6651402,25.0732581],[102.6642497,25.0719074],[102.6634116,25.0705292],[102.6626268,25.0691252],[102.6618963,25.0676971],[102.6612209,25.0662466],[102.6606016,25.0647756],[102.660039,25.0632857],[102.6595339,25.0617789],[102.6590868,25.060257],[102.6586983,25.0587217],[102.6583689,25.0571751],[102.658099,25.0556189],[102.6578888,25.054055],[102.6577387,25.0524855],[102.6576488,25.0509121],[102.6576193,25.0493368],[102.6576501,25.0477616],[102.6577412,25.0461883],[102.6578926,25.0446188],[102.658104,25.0430551],[102.6583751,25.0414991],[102.6587057,25.0399527],[102.6590954,25.0384177],[102.6595435,25.036896],[102.6600497,25.0353895],[102.6606133,25.0339],[102.6612336,25.0324293],[102.6619098,25.0309793],[102.6626411,25.0295516],[102.6634266,25.028148],[102.6642655,25.0267703],[102.6651565,25.0254201],[102.6660987,25.024099],[102.667091,25.0228087],[102.668132,25.0215507],[102.6692205,25.0203266],[102.6703553,25.0191379],[102.6715348,25.0179859],[102.6727578,25.0168721],[102.6740226,25.0157979],[102.6753278,25.0147646],[102.6766717,25.0137734],[102.6780528,25.0128255],[102.6794693,25.0119221],[102.6809196,25.0110643],[102.6824017,25.0102531],[102.6839141,25.0094895],[102.6854547,25.0087744],[102.6870217,25.0081088],[102.6886133,25.0074934],[102.6902275,25.006929],[102.6918623,25.0064163],[102.6935157,25.0059558],[102.6951857,25.0055482],[102.6968703,25.0051939],[102.6985675,25.0048934],[102.7002751,25.004647],[102.7019911,25.004455],[102.7037134,25.0043178],[102.7054399,25.0042353],[102.7071685,25.0042079],[102.7088971,25.0042353],[102.7106236,25.0043178],[102.7123459,25.004455],[102.7140619,25.004647],[102.7157695,25.0048934],[102.7174667,25.0051939],[102.7191513,25.0055482],[102.7208213,25.0059558],[102.7224747,25.0064163],[102.7241095,25.006929],[102.7257237,25.0074934],[102.7273153,25.0081088],[102.7288823,25.0087744],[102.7304229,25.0094895],[102.7319353,25.0102531],[102.7334174,25.0110643],[102.7348677,25.0119221],[102.7362842,25.0128255],[102.7376653,25.0137734],[102.7390092,25.0147646],[102.7403144,25.0157979],[102.7415792,25.0168721],[102.7428022,25.0179859],[102.7439817,25.0191379],[102.7451165,25.0203266],[102.746205,25.0215507],[102.747246,25.0228087],[102.7482383,25.024099],[102.7491805,25.0254201],[102.7500715,25.0267703],[102.7509104,25.028148],[102.7516959,25.0295516],[102.7524272,25.0309793],[102.7531034,25.0324293],[102.7537237,25.0339],[102.7542873,25.0353895],[102.7547935,25.036896],[102.7552416,25.0384177],[102.7556313,25.0399527],[102.7559619,25.0414991],[102.756233,25.0430551],[102.7564444,25.0446188],[102.7565958,25.0461883],[102.7566869,25.0477616],[102.7567177,25.0493368],[102.7566882,25.0509121],[102.7565983,25.0524855],[102.7564482,25.054055],[102.756238,25.0556189],[102.7559681,25.0571751],[102.7556387,25.0587217],[102.7552502,25.060257],[102.7548031,25.0617789],[102.754298,25.0632857],[102.7537354,25.0647756],[102.7531161,25.0662466],[102.7524407,25.0676971],[102.7517102,25.0691252],[102.7509254,25.0705292],[102.7500873,25.0719074],[102.7491968,25.0732581],[102.7482551,25.0745797],[102.7472633,25.0758706],[102.7462226,25.0771291],[102.7451344,25.0783538],[102.7439998,25.0795431],[102.7428203,25.0806956],[102.7415974,25.08181],[102.7403324,25.0828847],[102.7390271,25.0839186],[102.7376829,25.0849104],[102.7363014,25.0858588],[102.7348845,25.0867628],[102.7334338,25.0876211],[102.731951,25.0884328],[102.730438,25.0891969],[102.7288966,25.0899124],[102.7273287,25.0905784],[102.7257363,25.0911942],[102.7241212,25.091759],[102.7224854,25.0922721],[102.7208309,25.0927329],[102.7191598,25.0931408],[102.7174741,25.0934954],[102.7157757,25.0937961],[102.7140669,25.0940426],[102.7123497,25.0942347],[102.7106261,25.0943721],[102.7088984,25.0944546],[102.7071685,25.0944821]]]}},{"type":"Feature","properties":{"id":"CN-ZJ","subdivision":"Zhejiang"},"geometry":{"type":"Point","coordinates":[120.1485902,30.2696455]}},{"type":"Feature","properties":{"id":"CN-ZJ","radiusMeters":5000},"geometry":{"type":"Polygon","coordinates":[[[120.1485902,30.3147485],[120.1467759,30.314721],[120.1449639,30.3146386],[120.1431562,30.3145013],[120.1413552,30.3143094],[120.139563,30.314063],[120.1377819,30.3137624],[120.1360139,30.3134081],[120.1342613,30.3130005],[120.1325261,30.31254],[120.1308105,30.3120273],[120.1291167,30.3114628],[120.1274466,30.3108474],[120.1258022,30.3101818],[120.1241857,30.3094668],[120.122599,30.3087033],[120.1210439,30.3078921],[120.1195225,30.3070344],[120.1180365,30.306131],[120.1165877,30.3051833],[120.115178,30.3041922],[120.1138091,30.303159],[120.1124826,30.3020849],[120.1112001,30.3009714],[120.1099632,30.2998196],[120.1087734,30.2986311],[120.1076321,30.2974073],[120.1065408,30.2961497],[120.1055008,30.2948597],[120.1045133,30.2935391],[120.1035796,30.2921893],[120.1027007,30.2908121],[120.1018778,30.2894091],[120.1011118,30.287982],[120.1004037,30.2865326],[120.0997544,30.2850626],[120.0991645,30.2835738],[120.0986349,30.2820681],[120.0981662,30.2805472],[120.097759,30.2790131],[120.0974137,30.2774676],[120.0971307,30.2759125],[120.0969105,30.2743499],[120.0967532,30.2727815],[120.0966591,30.2712093],[120.0966283,30.2696352],[120.0966608,30.2680611],[120.0967565,30.266489],[120.0969154,30.2649207],[120.0971373,30.2633582],[120.0974218,30.2618034],[120.0977686,30.2602582],[120.0981774,30.2587243],[120.0986475,30.2572039],[120.0991785,30.2556985],[120.0997696,30.2542102],[120.1004202,30.2527407],[120.1011295,30.2512918],[120.1018965,30.2498652],[120.1027204,30.2484628],[120.1036002,30.2470862],[120.1045347,30.245737],[120.1055228,30.244417],[120.1065634,30.2431277],[120.1076552,30.2418708],[120.1087968,30.2406476],[120.1099868,30.2394598],[120.1112238,30.2383088],[120.1125063,30.237196],[120.1138327,30.2361226],[120.1152014,30.2350901],[120.1166108,30.2340997],[120.1180591,30.2331526],[120.1195445,30.23225],[120.1210653,30.2313929],[120.1226195,30.2305823],[120.1242054,30.2298194],[120.125821,30.229105],[120.1274642,30.2284399],[120.1291332,30.227825],[120.1308258,30.2272611],[120.1325401,30.2267487],[120.1342739,30.2262886],[120.1360251,30.2258814],[120.1377915,30.2255274],[120.1395712,30.2252271],[120.1413618,30.2249809],[120.1431612,30.2247892],[120.1449672,30.224652],[120.1467776,30.2245697],[120.1485902,30.2245422],[120.1504028,30.2245697],[120.1522132,30.224652],[120.1540192,30.2247892],[120.1558186,30.2249809],[120.1576092,30.2252271],[120.1593889,30.2255274],[120.1611553,30.2258814],[120.1629065,30.2262886],[120.1646403,30.2267487],[120.1663546,30.2272611],[120.1680472,30.227825],[120.1697162,30.2284399],[120.1713594,30.229105],[120.172975,30.2298194],[120.1745609,30.2305823],[120.1761151,30.2313929],[120.1776359,30.23225],[120.1791213,30.2331526],[120.1805696,30.2340997],[120.181979,30.2350901],[120.1833477,30.2361226],[120.1846741,30.237196],[120.1859566,30.2383088],[120.1871936,30.2394598],[120.1883836,30.2406476],[120.1895252,30.2418708],[120.190617,30.2431277],[120.1916576,30.244417],[120.1926457,30.245737],[120.1935802,30.2470862],[120.19446,30.2484628],[120.1952839,30.2498652],[120.1960509,30.2512918],[120.1967602,30.2527407],[120.1974108,30.2542102],[120.1980019,30.2556985],[120.1985329,30.2572039],[120.199003,30.2587243],[120.1994118,30.2602582],[120.1997586,30.2618034],[120.2000431,30.2633582],[120.200265,30.2649207],[120.2004239,30.266489],[120.2005196,30.2680611],[120.2005521,30.2696352],[120.2005213,30.2712093],[120.2004272,30.2727815],[120.2002699,30.2743499],[120.2000497,30.2759125],[120.1997667,30.2774676],[120.1994214,30.2790131],[120.1990142,30.2805472],[120.1985455,30.2820681],[120.1980159,30.2835738],[120.197426,30.2850626],[120.1967767,30.2865326],[120.1960686,30.287982],[120.1953026,30.2894091],[120.1944797,30.2908121],[120.1936008,30.2921893],[120.1926671,30.2935391],[120.1916796,30.2948597],[120.1906396,30.2961497],[120.1895483,30.2974073],[120.188407,30.2986311],[120.1872172,30.2998196],[120.1859803,30.3009714],[120.1846978,30.3020849],[120.1833713,30.303159],[120.1820024,30.3041922],[120.1805927,30.3051833],[120.1791439,30.306131],[120.1776579,30.3070344],[120.1761365,30.3078921],[120.1745814,30.3087033],[120.1729947,30.3094668],[120.1713782,30.3101818],[120.1697338,30.3108474],[120.1680637,30.3114628],[120.1663699,30.3120273],[120.1646543,30.31254],[120.1629191,30.3130005],[120.1611665,30.3134081],[120.1593985,30.3137624],[120.1576174,30.314063],[120.1558252,30.3143094],[120.1540242,30.3145013],[120.1522165,30.3146386],[120.1504045,30.314721],[120.1485902,30.3147485]]]}}]}
